Traffic Volume,Average Speed,Travel Time Index,Congestion Level,Road Capacity Utilization,Incident Reports,Environmental Impact,Pedestrian and Cyclist Count,IsWeekend,Weather Conditions_Fog,Weather Conditions_Overcast,Weather Conditions_Rain,Weather Conditions_Windy,Roadwork and Construction Activity_Yes
50590.0,50.23029856408026,1.5,100.0,100.0,0.0,151.18,111.0,1.0,0.0,0.0,0.0,0.0,0.0
30825.0,29.377124707590276,1.5,100.0,100.0,1.0,111.65,100.0,1.0,0.0,0.0,0.0,0.0,0.0
7399.0,54.47439821046639,1.0390688456025536,28.34799386357647,36.39652493739601,0.0,64.798,189.0,1.0,0.0,0.0,0.0,0.0,0.0
60874.0,43.817610389486106,1.5,100.0,100.0,1.0,171.748,111.0,1.0,0.0,0.0,0.0,0.0,0.0
57292.0,41.11676288840868,1.5,100.0,100.0,3.0,164.584,104.0,1.0,0.0,0.0,0.0,0.0,0.0
47848.0,34.241962549718146,1.5,100.0,100.0,3.0,145.696,94.0,1.0,0.0,1.0,0.0,0.0,0.0
36574.0,29.98242956415464,1.5,100.0,100.0,3.0,123.148,115.0,1.0,0.0,0.0,0.0,0.0,0.0
25379.0,38.45517943888766,1.5,79.03882287608127,100.0,2.0,100.758,92.0,1.0,0.0,0.0,0.0,0.0,0.0
25022.0,35.039373044314026,1.5,78.97959595139889,100.0,1.0,100.044,105.0,1.0,0.0,0.0,0.0,0.0,0.0
31760.0,56.90455625809979,1.5,97.67246206775482,100.0,1.0,113.52,91.0,1.0,0.0,0.0,0.0,0.0,0.0
38446.0,26.144876261711516,1.5,100.0,100.0,3.0,126.892,84.0,1.0,0.0,1.0,0.0,0.0,0.0
15043.0,47.96984673233186,1.3548345697060469,55.74084425048581,76.63531646154289,0.0,80.086,105.0,1.0,0.0,0.0,0.0,0.0,0.0
22050.0,52.87084603742452,1.130159879263707,78.42982810236049,100.0,3.0,94.1,115.0,1.0,1.0,0.0,0.0,0.0,0.0
37877.0,26.42842443583717,1.5,100.0,100.0,1.0,125.754,96.0,1.0,0.0,1.0,0.0,0.0,0.0
29106.0,43.56398794323472,1.5,90.40985493372185,100.0,3.0,108.212,100.0,1.0,1.0,0.0,0.0,0.0,0.0
53217.0,37.57207490980107,1.5,100.0,100.0,5.0,156.434,102.0,1.0,0.0,0.0,0.0,0.0,0.0
37584.0,45.889505969673664,1.5,100.0,100.0,2.0,125.168,101.0,1.0,1.0,0.0,0.0,0.0,0.0
16676.0,53.52433334796224,1.1755885682822544,47.15579429351197,78.63350743415457,2.0,83.352,92.0,1.0,1.0,0.0,0.0,0.0,0.0
37509.0,51.5135098647949,1.5,100.0,100.0,1.0,125.018,76.0,1.0,0.0,1.0,0.0,0.0,0.0
6758.0,34.756123586657104,1.069280747964006,21.203699651426128,32.77504734397373,1.0,63.516,200.0,1.0,0.0,0.0,1.0,0.0,0.0
30209.0,31.1468640313824,1.5,100.0,100.0,2.0,110.418,90.0,1.0,0.0,0.0,0.0,0.0,1.0
20375.0,40.06999065341167,1.3379501243877818,58.38210538138319,100.0,0.0,90.75,113.0,1.0,0.0,1.0,0.0,0.0,0.0
15636.0,32.794298957181454,1.3105651842967987,48.93607080506035,82.48757325603566,1.0,81.27199999999999,115.0,1.0,0.0,1.0,0.0,0.0,0.0
23457.0,38.86905317091622,1.380024786820322,87.20214293875112,100.0,2.0,96.914,109.0,0.0,0.0,0.0,0.0,0.0,0.0
38925.0,33.52942618497861,1.5,100.0,100.0,1.0,127.85,106.0,0.0,0.0,1.0,0.0,0.0,0.0
9154.0,40.2261826942468,1.3788994309535434,40.23335460979075,48.30378185258941,0.0,68.30799999999999,197.0,0.0,0.0,0.0,0.0,0.0,0.0
24968.0,36.72769056447677,1.2984179517061691,84.89404196860987,100.0,1.0,99.936,82.0,0.0,0.0,0.0,0.0,1.0,0.0
51459.0,27.326524371119504,1.5,100.0,100.0,0.0,152.918,99.0,0.0,0.0,0.0,0.0,0.0,0.0
28481.0,36.50393786476208,1.5,100.0,100.0,2.0,106.962,116.0,0.0,0.0,1.0,0.0,0.0,0.0
10179.0,40.30824347895295,1.3949104517259778,26.938337822070565,51.83630715352135,0.0,70.358,199.0,0.0,0.0,0.0,0.0,0.0,1.0
46199.0,41.228499323474985,1.5,100.0,100.0,2.0,142.398,86.0,0.0,0.0,0.0,0.0,0.0,0.0
56242.0,52.55340842443204,1.5,100.0,100.0,0.0,162.48399999999998,106.0,0.0,0.0,0.0,0.0,0.0,1.0
20450.0,24.607678222398995,1.3616634777974994,65.13177600713266,100.0,1.0,90.9,100.0,0.0,0.0,0.0,0.0,0.0,0.0
13391.0,51.69672548830039,1.0303453312434656,37.21426110487965,63.23545838957772,0.0,76.782,194.0,0.0,0.0,0.0,0.0,0.0,0.0
28369.0,29.409745067661436,1.5,86.33738400847444,100.0,1.0,106.738,104.0,0.0,0.0,1.0,0.0,0.0,0.0
31228.0,42.57507710047305,1.5,97.78375372046088,100.0,2.0,112.456,73.0,0.0,1.0,0.0,0.0,0.0,0.0
34180.0,37.03463635867223,1.5,100.0,100.0,0.0,118.36,103.0,0.0,1.0,0.0,0.0,0.0,0.0
43569.0,40.38910043684659,1.5,100.0,100.0,1.0,137.138,92.0,0.0,0.0,0.0,0.0,0.0,0.0
16342.0,39.54830800668156,1.35870616985057,46.07800824656617,81.95511389570255,0.0,82.684,110.0,0.0,0.0,0.0,0.0,0.0,0.0
19306.0,34.979532763712655,1.170174575446567,64.50554090702242,93.9540973241508,0.0,88.612,88.0,0.0,0.0,0.0,0.0,0.0,1.0
16012.0,39.23108130476851,1.1018562619055057,57.00338777781191,82.66227859889686,0.0,82.024,118.0,0.0,0.0,0.0,0.0,1.0,0.0
49952.0,50.80134095075202,1.5,100.0,100.0,2.0,149.904,101.0,0.0,0.0,1.0,0.0,0.0,0.0
33970.0,20.0,1.5,100.0,100.0,1.0,117.94,116.0,0.0,0.0,0.0,0.0,0.0,0.0
17018.0,57.473270552317246,1.2133844367905289,64.60451832768582,87.97597211224532,0.0,84.036,108.0,0.0,0.0,0.0,0.0,0.0,0.0
58920.0,25.21236284217693,1.5,100.0,100.0,2.0,167.84,92.0,0.0,0.0,0.0,0.0,0.0,0.0
46963.0,34.44415329089545,1.5,100.0,100.0,2.0,143.926,106.0,0.0,0.0,0.0,0.0,0.0,0.0
18111.0,55.94191518470949,1.2365101742979716,58.35005407740261,86.10261638822031,0.0,86.22200000000001,97.0,0.0,0.0,1.0,0.0,0.0,0.0
22491.0,42.39264835108181,1.180975806453077,67.787140407596,100.0,0.0,94.982,102.0,0.0,0.0,0.0,0.0,0.0,0.0
38924.0,23.934740912583298,1.5,100.0,100.0,2.0,127.848,90.0,0.0,0.0,0.0,0.0,0.0,0.0
25165.0,20.0,1.5,82.6985882720979,100.0,1.0,100.33,96.0,0.0,0.0,0.0,1.0,0.0,0.0
15871.0,57.71555094994159,1.0108383970013934,47.34277657199232,76.66574796588071,1.0,81.742,104.0,0.0,0.0,0.0,0.0,0.0,0.0
46556.0,46.59329803364248,1.5,100.0,100.0,2.0,143.112,89.0,0.0,0.0,0.0,0.0,0.0,0.0
22591.0,30.915387036364404,1.236117977005923,70.66460614979086,100.0,2.0,95.182,100.0,0.0,1.0,0.0,0.0,0.0,0.0
20310.0,51.72257284413772,1.103155074173281,60.48712148145648,100.0,1.0,90.62,117.0,0.0,0.0,0.0,0.0,0.0,0.0
61024.0,44.82690983945514,1.5,100.0,100.0,2.0,172.048,89.0,0.0,0.0,0.0,0.0,0.0,0.0
28153.0,21.483153943836665,1.5,98.22425143701824,100.0,4.0,106.306,103.0,0.0,0.0,0.0,0.0,0.0,0.0
12965.0,62.7080063563551,1.2753609585710943,41.91321343874159,62.28902033239107,2.0,75.93,198.0,0.0,0.0,0.0,0.0,0.0,0.0
57145.0,45.62209850913712,1.5,100.0,100.0,1.0,164.29000000000002,89.0,0.0,0.0,1.0,0.0,0.0,1.0
40516.0,34.19584226291008,1.5,100.0,100.0,1.0,131.03199999999998,82.0,0.0,0.0,0.0,0.0,0.0,0.0
22893.0,46.965547765115744,1.127501001172828,78.82782752874019,100.0,2.0,95.786,101.0,0.0,1.0,0.0,0.0,0.0,0.0
28470.0,20.0,1.5,97.4501092643674,100.0,3.0,106.94,96.0,0.0,0.0,0.0,0.0,0.0,0.0
6965.0,47.3421473253652,1.1537306588638727,26.80961232052806,32.00753887865064,2.0,63.93,199.0,0.0,0.0,0.0,0.0,0.0,0.0
32668.0,51.21108557787716,1.5,100.0,100.0,1.0,115.336,97.0,0.0,0.0,0.0,1.0,0.0,0.0
24405.0,29.84255885002768,1.2371759739366812,82.95172415675621,100.0,2.0,98.81,110.0,0.0,0.0,0.0,0.0,0.0,1.0
25768.0,25.49316208594673,1.5,85.81084803490874,100.0,2.0,101.536,103.0,0.0,0.0,0.0,0.0,0.0,0.0
34362.0,46.08703580582908,1.5,100.0,100.0,5.0,118.724,87.0,0.0,1.0,0.0,0.0,0.0,0.0
12382.0,45.46436548156149,1.2527254108066672,36.46940495461653,63.25005703099611,0.0,74.764,202.0,0.0,0.0,0.0,0.0,0.0,0.0
50214.0,36.94089992898308,1.5,100.0,100.0,0.0,150.428,108.0,0.0,1.0,0.0,0.0,0.0,1.0
21131.0,44.34249738927012,1.273318150642602,69.35472079420164,100.0,1.0,92.262,106.0,0.0,0.0,0.0,0.0,0.0,0.0
39110.0,23.53041371266561,1.5,100.0,100.0,2.0,128.22,91.0,0.0,0.0,0.0,0.0,0.0,0.0
42022.0,34.7107511582513,1.5,100.0,100.0,5.0,134.04399999999998,109.0,0.0,0.0,0.0,0.0,0.0,0.0
36384.0,28.18948342525119,1.5,100.0,100.0,2.0,122.768,103.0,1.0,0.0,0.0,1.0,0.0,0.0
11033.0,44.5228864385802,1.096818006345011,46.5099185320096,51.589955429015134,0.0,72.066,201.0,1.0,0.0,0.0,0.0,0.0,1.0
16390.0,34.37367222583899,1.2757859876549065,60.64506731551499,78.9515024424481,0.0,82.78,78.0,1.0,1.0,0.0,0.0,0.0,0.0
65269.0,36.975996046924,1.5,100.0,100.0,2.0,180.538,113.0,1.0,0.0,0.0,0.0,1.0,0.0
17926.0,66.42270358611864,1.2221454203750524,64.13736889877862,86.91454741331299,3.0,85.852,92.0,1.0,0.0,1.0,0.0,0.0,0.0
22876.0,65.01737102530136,1.2901030641660545,75.98671216182738,100.0,2.0,95.752,104.0,1.0,1.0,0.0,0.0,0.0,0.0
49798.0,28.283766320619485,1.5,100.0,100.0,2.0,149.596,96.0,1.0,0.0,0.0,0.0,0.0,0.0
30323.0,27.919211338058588,1.5,93.69413988103364,100.0,1.0,110.646,95.0,1.0,0.0,0.0,0.0,0.0,0.0
13356.0,65.76747983560841,1.3376681795876788,50.63340305900106,67.63354364396753,1.0,76.712,201.0,1.0,0.0,0.0,0.0,0.0,0.0
38748.0,38.46488475897993,1.5,100.0,100.0,2.0,127.496,90.0,1.0,0.0,0.0,0.0,1.0,1.0
34188.0,25.82840194803964,1.5,100.0,100.0,4.0,118.376,105.0,1.0,0.0,0.0,1.0,0.0,0.0
32010.0,32.4761995653555,1.5,100.0,100.0,3.0,114.02,109.0,1.0,0.0,1.0,0.0,0.0,0.0
13903.0,30.599491174057057,1.1584690766437022,50.25267746713058,68.40058101270346,0.0,77.806,174.0,1.0,0.0,0.0,1.0,0.0,0.0
34831.0,20.0,1.5,100.0,100.0,5.0,119.662,115.0,1.0,0.0,1.0,0.0,0.0,1.0
14614.0,44.0166037320525,1.1139491607847691,44.85913263185906,76.10025897832664,0.0,79.22800000000001,190.0,1.0,0.0,0.0,0.0,0.0,0.0
28195.0,38.19781934142537,1.5,95.3295777259114,100.0,4.0,106.39,110.0,1.0,0.0,0.0,0.0,0.0,0.0
43024.0,28.070948022040927,1.5,100.0,100.0,3.0,136.048,89.0,0.0,0.0,1.0,0.0,0.0,0.0
13224.0,61.23396562299045,1.218678965085628,38.71894192231952,65.02905995905515,0.0,76.44800000000001,208.0,0.0,0.0,0.0,0.0,0.0,0.0
31137.0,51.283966231285376,1.5,99.27321333119612,100.0,0.0,112.274,91.0,0.0,0.0,0.0,0.0,0.0,0.0
60935.0,20.0,1.5,100.0,100.0,2.0,171.87,102.0,0.0,0.0,0.0,0.0,0.0,1.0
39508.0,20.8628550309502,1.5,100.0,100.0,4.0,129.01600000000002,101.0,0.0,0.0,0.0,0.0,0.0,0.0
39400.0,33.47530163619456,1.5,100.0,100.0,0.0,128.8,84.0,0.0,0.0,0.0,0.0,0.0,0.0
28165.0,59.92999517432791,1.5,100.0,100.0,4.0,106.33,113.0,0.0,1.0,0.0,0.0,0.0,0.0
28609.0,26.015320182089628,1.5,92.28532786408904,100.0,2.0,107.218,103.0,0.0,0.0,0.0,0.0,0.0,0.0
18780.0,43.13028697014554,1.0103247627797949,55.30332578309645,98.53115111589172,0.0,87.56,100.0,0.0,0.0,0.0,0.0,0.0,0.0
27100.0,39.17190464382564,1.5,81.5603258755467,100.0,1.0,104.2,88.0,0.0,0.0,0.0,0.0,0.0,0.0
16397.0,54.12435249259166,1.2495583345166552,55.1974959448997,81.2458338389037,0.0,82.794,96.0,0.0,0.0,1.0,0.0,0.0,0.0
11423.0,20.0,1.0076769107292227,33.272930841567344,59.71789823122136,0.0,72.846,199.0,0.0,0.0,0.0,0.0,0.0,0.0
10806.0,44.59911487343447,1.129870370756024,40.767141547756,53.79018129368767,0.0,71.612,213.0,0.0,0.0,0.0,1.0,0.0,0.0
40629.0,28.94285076996661,1.5,100.0,100.0,2.0,131.25799999999998,100.0,0.0,0.0,0.0,0.0,0.0,1.0
14197.0,57.98811324847052,1.118614232515062,44.31739792825032,73.73153531181183,1.0,78.394,212.0,0.0,0.0,0.0,0.0,0.0,1.0
13734.0,60.01333651955487,1.082274904878222,38.20772836318813,69.82012968038867,1.0,77.468,213.0,0.0,0.0,0.0,0.0,1.0,0.0
48585.0,38.592094004578406,1.5,100.0,100.0,1.0,147.17000000000002,121.0,0.0,0.0,0.0,0.0,0.0,0.0
35331.0,37.825799504882994,1.5,100.0,100.0,4.0,120.662,75.0,0.0,0.0,0.0,0.0,0.0,0.0
31483.0,42.2361361917778,1.5,100.0,100.0,2.0,112.966,108.0,0.0,0.0,0.0,0.0,0.0,1.0
24863.0,40.77188038914457,1.0816142538515594,83.9783656527124,100.0,1.0,99.726,96.0,0.0,0.0,0.0,0.0,0.0,0.0
37767.0,38.38720502869636,1.5,100.0,100.0,2.0,125.534,84.0,0.0,0.0,0.0,0.0,0.0,0.0
29583.0,53.8661464608941,1.5,100.0,100.0,3.0,109.166,109.0,0.0,1.0,0.0,0.0,0.0,0.0
14566.0,26.3346338292694,1.035440171871847,42.96557238755756,73.81225294063739,3.0,79.132,180.0,0.0,0.0,1.0,0.0,0.0,0.0
43533.0,23.803825667109887,1.5,100.0,100.0,0.0,137.066,94.0,0.0,0.0,0.0,0.0,0.0,0.0
19320.0,20.0,1.0533919889663774,56.0120302751425,98.87939306973765,0.0,88.64,88.0,0.0,0.0,0.0,0.0,0.0,0.0
48094.0,26.075441606430964,1.5,100.0,100.0,1.0,146.188,81.0,0.0,0.0,0.0,0.0,0.0,1.0
21711.0,34.73359265264269,1.3599333382749088,62.806467935509794,100.0,1.0,93.422,93.0,0.0,0.0,0.0,0.0,1.0,0.0
31399.0,34.643585177025166,1.5,100.0,100.0,0.0,112.798,112.0,0.0,0.0,0.0,0.0,0.0,0.0
18517.0,45.86143883046375,1.1833202566114625,61.41725907593427,89.24274540163275,2.0,87.03399999999999,101.0,0.0,0.0,0.0,0.0,0.0,0.0
11371.0,51.02477209439482,1.1034483339552157,31.197460401979253,55.157150648714975,1.0,72.742,218.0,0.0,0.0,0.0,0.0,0.0,0.0
11938.0,37.64141550677165,1.363688082344624,40.56736929238761,59.6681250803429,0.0,73.876,187.0,0.0,0.0,0.0,0.0,0.0,0.0
55123.0,36.1772121738091,1.5,100.0,100.0,3.0,160.24599999999998,90.0,0.0,0.0,0.0,1.0,0.0,0.0
52096.0,49.12220555415429,1.5,100.0,100.0,3.0,154.192,101.0,0.0,0.0,1.0,0.0,0.0,1.0
26541.0,38.041929195534216,1.5,89.28587509971089,100.0,2.0,103.082,111.0,0.0,0.0,0.0,0.0,0.0,0.0
17216.0,35.77589815501497,1.180140391562165,62.36319340593279,87.59147584881674,1.0,84.432,104.0,0.0,0.0,0.0,1.0,0.0,0.0
19195.0,50.24264677643169,1.334816450097176,59.56885510242154,97.40381910058709,1.0,88.39,94.0,0.0,0.0,1.0,0.0,0.0,0.0
24545.0,51.50381788721268,1.224176252392176,74.0364560509363,100.0,3.0,99.09,117.0,0.0,0.0,1.0,0.0,0.0,0.0
56258.0,45.85982116175032,1.5,100.0,100.0,1.0,162.51600000000002,92.0,0.0,0.0,0.0,0.0,0.0,0.0
32100.0,26.36048778579194,1.5,97.96285671956709,100.0,4.0,114.2,101.0,0.0,0.0,1.0,0.0,0.0,0.0
6265.0,51.41930534961551,1.331714719726702,28.46291133897868,32.04272352048322,0.0,62.53,212.0,0.0,0.0,1.0,0.0,0.0,0.0
35956.0,42.82870243581346,1.5,100.0,100.0,2.0,121.912,100.0,0.0,0.0,0.0,0.0,0.0,0.0
38339.0,20.0,1.5,100.0,100.0,1.0,126.678,91.0,0.0,0.0,0.0,0.0,0.0,0.0
28132.0,33.19510211068366,1.5,91.71363415807716,100.0,1.0,106.264,100.0,0.0,0.0,0.0,0.0,1.0,0.0
16393.0,29.158640569945103,1.363044401022622,58.92398622267046,83.04405214090704,0.0,82.786,78.0,0.0,0.0,0.0,0.0,0.0,0.0
9696.0,37.8084668075758,1.0484100001940773,30.69895580374951,50.99178047808419,0.0,69.392,207.0,0.0,0.0,0.0,0.0,0.0,0.0
21620.0,52.58938600121948,1.349479437386538,76.54612777598854,100.0,1.0,93.24,98.0,0.0,0.0,0.0,0.0,0.0,0.0
20081.0,52.32649360729083,1.291669395019779,69.98249963850546,100.0,1.0,90.162,109.0,1.0,1.0,0.0,0.0,0.0,0.0
40722.0,28.06813172763581,1.5,100.0,100.0,3.0,131.44400000000002,114.0,1.0,0.0,0.0,0.0,0.0,1.0
13316.0,36.94129933503811,1.2708482558940035,46.50225165572048,65.2259372819754,0.0,76.632,182.0,1.0,0.0,0.0,0.0,0.0,0.0
4901.0,41.381886607674325,1.0093408385312743,21.4609389456702,24.090230088818902,0.0,59.802,192.0,1.0,0.0,0.0,1.0,0.0,0.0
45841.0,20.13722970049706,1.5,100.0,100.0,1.0,141.68200000000002,98.0,1.0,0.0,0.0,0.0,0.0,0.0
14041.0,52.47910256117534,1.2321870403974784,39.587267360247246,69.64543749202203,1.0,78.082,205.0,1.0,0.0,0.0,1.0,0.0,0.0
11644.0,29.970296716048463,1.0910998944412835,48.09391027664361,62.31454610937243,1.0,73.288,181.0,1.0,0.0,0.0,0.0,0.0,0.0
29959.0,38.90522897565001,1.5,100.0,100.0,1.0,109.918,100.0,1.0,0.0,0.0,0.0,0.0,0.0
37666.0,35.895806812552486,1.5,100.0,100.0,4.0,125.332,104.0,1.0,0.0,0.0,0.0,0.0,0.0
33681.0,39.07052287124535,1.5,100.0,100.0,2.0,117.362,105.0,1.0,0.0,0.0,0.0,0.0,1.0
47091.0,46.82453826605304,1.5,100.0,100.0,1.0,144.18200000000002,97.0,1.0,0.0,0.0,0.0,0.0,0.0
44425.0,37.13293707372939,1.5,100.0,100.0,2.0,138.85,92.0,1.0,0.0,1.0,0.0,0.0,0.0
50941.0,20.0,1.5,100.0,100.0,4.0,151.882,102.0,1.0,0.0,0.0,0.0,0.0,0.0
28429.0,40.054701591666266,1.5,95.81335268149112,100.0,1.0,106.858,87.0,1.0,0.0,0.0,0.0,0.0,0.0
8373.0,45.153789813721055,1.1104678231283598,32.04952974911433,37.49189621621866,1.0,66.746,179.0,1.0,0.0,0.0,0.0,0.0,0.0
29521.0,44.44971665388732,1.5,100.0,100.0,1.0,109.042,104.0,1.0,0.0,0.0,0.0,0.0,0.0
43778.0,45.58484543530325,1.5,100.0,100.0,1.0,137.55599999999998,98.0,0.0,0.0,0.0,0.0,0.0,0.0
11546.0,59.524675344707454,1.3288719547265693,45.49362668906458,54.84994054698659,1.0,73.092,204.0,0.0,0.0,0.0,0.0,0.0,0.0
28643.0,27.38592456715195,1.5,89.46097216454773,100.0,1.0,107.286,93.0,0.0,0.0,0.0,0.0,0.0,0.0
14771.0,35.05650625391488,1.1971458337789789,47.32246161176405,74.16437678412095,0.0,79.542,201.0,0.0,0.0,0.0,0.0,0.0,0.0
13672.0,50.91814133741378,1.0480828916482303,40.88498999250545,63.53552363366629,0.0,77.344,195.0,0.0,0.0,0.0,0.0,0.0,0.0
38680.0,41.76966387339537,1.5,100.0,100.0,1.0,127.36,108.0,0.0,0.0,0.0,0.0,0.0,0.0
22675.0,39.021916135146405,1.0563211795570704,78.03160616465328,100.0,1.0,95.35,105.0,0.0,0.0,0.0,0.0,0.0,0.0
24990.0,51.19926332395805,1.024881290465881,76.2460608855794,100.0,2.0,99.98,100.0,0.0,0.0,0.0,0.0,0.0,0.0
43308.0,34.16966396507227,1.5,100.0,100.0,1.0,136.616,112.0,0.0,0.0,0.0,0.0,1.0,0.0
30048.0,21.368259954071892,1.5,91.62163124054032,100.0,3.0,110.096,89.0,0.0,1.0,0.0,0.0,0.0,0.0
29980.0,50.62255131950422,1.5,90.17539566885549,100.0,2.0,109.96,112.0,0.0,0.0,0.0,0.0,0.0,0.0
27611.0,38.38993685309247,1.5,87.81436544484997,100.0,2.0,105.222,123.0,0.0,0.0,0.0,0.0,0.0,0.0
25136.0,22.55168761781843,1.5,78.5946449245368,100.0,1.0,100.272,72.0,0.0,0.0,1.0,0.0,0.0,0.0
37647.0,61.34222043649959,1.5,100.0,100.0,4.0,125.294,90.0,0.0,0.0,0.0,0.0,0.0,0.0
24022.0,52.09641290505808,1.1637648287268072,86.29090495349169,100.0,3.0,98.044,93.0,0.0,0.0,0.0,0.0,0.0,0.0
21972.0,45.34152417488025,1.3892312651889331,67.76250662499345,100.0,0.0,93.944,129.0,0.0,0.0,0.0,1.0,0.0,0.0
32388.0,25.188344688603184,1.5,100.0,100.0,5.0,114.776,101.0,0.0,0.0,0.0,0.0,0.0,0.0
22823.0,52.92934853493107,1.285769665628497,81.25677231710529,100.0,2.0,95.646,106.0,0.0,0.0,1.0,0.0,0.0,0.0
55355.0,28.82746813453077,1.5,100.0,100.0,5.0,160.70999999999998,89.0,0.0,1.0,0.0,0.0,0.0,0.0
35758.0,39.54795169642381,1.5,100.0,100.0,3.0,121.516,89.0,0.0,0.0,0.0,0.0,0.0,0.0
34084.0,26.372242359568794,1.5,100.0,100.0,2.0,118.168,116.0,0.0,0.0,0.0,1.0,0.0,1.0
22499.0,29.849046570443495,1.1336199862675076,79.65064767847228,100.0,0.0,94.998,105.0,0.0,0.0,0.0,0.0,0.0,0.0
34920.0,21.739523139179617,1.5,100.0,100.0,1.0,119.84,100.0,0.0,0.0,0.0,0.0,1.0,0.0
34071.0,52.01521070420735,1.5,100.0,100.0,1.0,118.142,103.0,0.0,0.0,0.0,0.0,0.0,0.0
9673.0,58.40461051790348,1.2594019280474753,27.59137389048416,43.51610684214475,1.0,69.346,192.0,0.0,0.0,0.0,0.0,0.0,0.0
29570.0,37.76793449325288,1.5,100.0,100.0,2.0,109.14,125.0,0.0,0.0,1.0,0.0,0.0,0.0
56542.0,33.5907208572238,1.5,100.0,100.0,1.0,163.084,103.0,0.0,0.0,0.0,1.0,0.0,0.0
12718.0,50.67941743075132,1.005498221604538,37.36085854072934,60.73406482993165,0.0,75.436,210.0,0.0,0.0,0.0,1.0,0.0,1.0
23607.0,53.87290837266743,1.208579609666752,70.05917438667156,100.0,3.0,97.214,109.0,0.0,0.0,0.0,1.0,0.0,0.0
37614.0,36.84247913944103,1.5,100.0,100.0,1.0,125.228,79.0,0.0,0.0,1.0,0.0,0.0,0.0
32230.0,43.132051867479774,1.5,100.0,100.0,0.0,114.46,110.0,0.0,0.0,0.0,0.0,0.0,0.0
21898.0,57.44679580736786,1.142754390068444,70.06911650806205,100.0,4.0,93.796,113.0,0.0,0.0,0.0,0.0,0.0,0.0
63687.0,39.82687887209213,1.5,100.0,100.0,2.0,177.374,91.0,0.0,0.0,0.0,0.0,0.0,1.0
12718.0,49.249661162475455,1.1417085308868862,34.50024302295999,60.81361304748171,0.0,75.436,195.0,0.0,0.0,0.0,0.0,0.0,0.0
34242.0,20.0,1.5,100.0,100.0,1.0,118.484,104.0,0.0,0.0,0.0,0.0,0.0,0.0
18866.0,36.93932441250195,1.0825008455344611,60.72385413042719,98.28674777618778,0.0,87.732,109.0,0.0,0.0,0.0,0.0,0.0,0.0
10280.0,62.586204841951336,1.3344470812828997,40.69443392468055,54.83326167787883,0.0,70.56,185.0,0.0,0.0,1.0,0.0,0.0,0.0
13448.0,54.40696143822682,1.2167043857070252,54.18798290768184,62.90564727914222,1.0,76.896,192.0,0.0,0.0,0.0,0.0,0.0,0.0
17523.0,42.17153453822207,1.262691793888643,62.58531310458308,82.69863681876856,0.0,85.04599999999999,110.0,0.0,0.0,0.0,0.0,0.0,1.0
38113.0,42.89056687375519,1.5,100.0,100.0,1.0,126.226,90.0,1.0,1.0,0.0,0.0,0.0,0.0
38352.0,38.10591258872703,1.5,100.0,100.0,1.0,126.704,94.0,1.0,0.0,0.0,0.0,0.0,0.0
14092.0,60.19283923641769,1.3287323786341436,50.16354870614874,73.42241450541368,0.0,78.184,206.0,1.0,0.0,0.0,0.0,0.0,0.0
26948.0,41.17874800464568,1.5,93.06604556254403,100.0,2.0,103.896,98.0,1.0,0.0,0.0,0.0,0.0,1.0
18286.0,42.36551783917751,1.1292109383016375,68.91171707248665,95.31118188934036,0.0,86.572,112.0,1.0,0.0,0.0,0.0,0.0,1.0
56645.0,26.88742880862808,1.5,100.0,100.0,2.0,163.29000000000002,96.0,1.0,0.0,0.0,0.0,0.0,0.0
28669.0,41.29749878398674,1.5,86.34209366708664,100.0,4.0,107.338,98.0,1.0,0.0,0.0,0.0,0.0,0.0
35174.0,40.60481398804936,1.5,100.0,100.0,6.0,120.348,96.0,1.0,0.0,0.0,0.0,0.0,0.0
16461.0,61.85014278708509,1.0717424041156964,58.97278291141127,81.85671991733656,1.0,82.922,103.0,1.0,0.0,1.0,0.0,0.0,0.0
32690.0,31.874572628998354,1.5,100.0,100.0,3.0,115.38,83.0,1.0,0.0,1.0,0.0,0.0,0.0
25259.0,26.956842403400078,1.5,79.92705764520912,100.0,1.0,100.518,99.0,1.0,0.0,0.0,0.0,0.0,0.0
33372.0,38.084501083315146,1.5,100.0,100.0,1.0,116.744,93.0,1.0,0.0,0.0,0.0,0.0,0.0
14390.0,34.57955587756897,1.0930023968831324,40.560246231151375,69.51463061016766,0.0,78.78,214.0,1.0,0.0,0.0,0.0,0.0,0.0
11081.0,43.49895778414495,1.2253633457935416,43.01276447633617,51.77648488152743,0.0,72.162,190.0,1.0,0.0,0.0,0.0,0.0,0.0
51532.0,28.644421585955968,1.5,100.0,100.0,4.0,153.064,114.0,1.0,0.0,0.0,0.0,0.0,0.0
25726.0,45.358252384175685,1.5,92.94922682956624,100.0,2.0,101.452,89.0,1.0,0.0,0.0,0.0,0.0,0.0
34430.0,23.32220448732065,1.5,100.0,100.0,1.0,118.86,88.0,1.0,1.0,0.0,0.0,0.0,0.0
22204.0,49.68315584939138,1.0700492560521413,77.46862562158267,100.0,2.0,94.408,109.0,1.0,1.0,0.0,0.0,0.0,0.0
12829.0,44.72668065893907,1.0160236476202775,38.5925516032092,61.22040936205703,0.0,75.658,211.0,0.0,0.0,0.0,0.0,0.0,0.0
45895.0,48.88337778208448,1.5,100.0,100.0,0.0,141.79000000000002,103.0,0.0,0.0,0.0,0.0,0.0,0.0
5915.0,62.24696649761108,1.3356721579921194,12.930258360903569,24.8247166211705,0.0,61.83,180.0,0.0,0.0,0.0,0.0,0.0,0.0
37716.0,28.850495618516643,1.5,100.0,100.0,2.0,125.432,101.0,0.0,0.0,0.0,0.0,0.0,0.0
62021.0,36.958452470106856,1.5,100.0,100.0,5.0,174.042,106.0,0.0,0.0,0.0,0.0,1.0,0.0
13360.0,41.07528893939127,1.1373546808710575,51.22476913844589,71.15484513527495,0.0,76.72,177.0,0.0,0.0,0.0,0.0,0.0,0.0
30151.0,31.277275157144008,1.5,100.0,100.0,4.0,110.302,97.0,0.0,0.0,1.0,0.0,0.0,0.0
24526.0,38.914102767603,1.0738529829389476,78.5954857506052,100.0,1.0,99.052,100.0,0.0,0.0,0.0,0.0,0.0,0.0
19822.0,46.05753791271481,1.1375830746230742,70.73333547778579,100.0,5.0,89.644,110.0,0.0,0.0,0.0,0.0,0.0,0.0
46065.0,41.02118320392484,1.5,100.0,100.0,1.0,142.13,120.0,0.0,0.0,0.0,0.0,1.0,0.0
7129.0,41.983661164647394,1.183171597773611,18.293765854055444,36.78470306325232,0.0,64.258,215.0,0.0,0.0,0.0,0.0,0.0,0.0
20961.0,20.0,1.336363484161163,64.29477392892129,100.0,2.0,91.922,105.0,0.0,0.0,0.0,0.0,0.0,0.0
24321.0,45.5330742059876,1.22487552442581,85.36506552887892,100.0,1.0,98.642,82.0,0.0,0.0,0.0,0.0,0.0,0.0
29069.0,32.112046973005135,1.5,93.99462033639774,100.0,2.0,108.138,111.0,0.0,0.0,0.0,0.0,0.0,0.0
19060.0,42.440694383302464,1.373721645666996,71.86174422397465,96.65414356861908,3.0,88.12,111.0,0.0,0.0,1.0,0.0,0.0,0.0
25628.0,38.09998983165555,1.5,92.31091317238952,100.0,2.0,101.256,128.0,0.0,1.0,0.0,0.0,0.0,0.0
30220.0,31.63621336889596,1.5,100.0,100.0,0.0,110.44,91.0,0.0,0.0,0.0,0.0,0.0,0.0
16992.0,40.24011397613632,1.3591858587391157,48.322553245187656,83.89103907559402,0.0,83.98400000000001,89.0,0.0,0.0,0.0,0.0,0.0,0.0
22812.0,43.93778506157989,1.0157567334771278,77.5189973213802,100.0,0.0,95.624,94.0,0.0,0.0,0.0,0.0,0.0,0.0
25420.0,32.32358909101207,1.5,82.22777274348087,100.0,0.0,100.84,91.0,0.0,0.0,1.0,0.0,0.0,0.0
47525.0,31.30792799552554,1.5,100.0,100.0,1.0,145.05,97.0,0.0,0.0,0.0,0.0,0.0,0.0
10387.0,31.54416599895034,1.163382232563393,38.21727767000024,47.50180432165835,0.0,70.774,206.0,0.0,0.0,1.0,0.0,0.0,0.0
23066.0,39.98597853114363,1.2689535373166814,83.40796035763238,100.0,2.0,96.132,93.0,0.0,0.0,0.0,0.0,1.0,0.0
17057.0,62.66655489291436,1.1709945816361071,53.46236001670836,85.92731816684535,1.0,84.114,102.0,0.0,0.0,0.0,0.0,0.0,0.0
50653.0,27.757534679416597,1.5,100.0,100.0,0.0,151.30599999999998,112.0,0.0,0.0,0.0,1.0,0.0,0.0
30838.0,53.27680982949696,1.5,98.31178722094428,100.0,2.0,111.676,80.0,0.0,0.0,0.0,1.0,0.0,0.0
23141.0,23.851337049830093,1.3715438199382262,73.77609676138358,100.0,0.0,96.282,104.0,0.0,0.0,0.0,0.0,0.0,0.0
24554.0,54.37915537510655,1.2255678267022494,81.85223737082187,100.0,0.0,99.108,97.0,0.0,1.0,0.0,0.0,0.0,0.0
45333.0,36.52434766874186,1.5,100.0,100.0,2.0,140.666,104.0,0.0,0.0,0.0,0.0,0.0,0.0
39089.0,42.08718673517932,1.5,100.0,100.0,3.0,128.178,86.0,0.0,1.0,0.0,0.0,0.0,0.0
7170.0,46.34296497247793,1.383052658509035,25.214899012265786,35.99461327739894,0.0,64.34,195.0,0.0,0.0,0.0,0.0,0.0,0.0
11936.0,47.74741902746345,1.2127487066020066,47.259037241410965,64.63568900490688,0.0,73.872,196.0,0.0,0.0,0.0,1.0,0.0,0.0
39649.0,24.742473163597225,1.5,100.0,100.0,5.0,129.298,103.0,0.0,0.0,0.0,0.0,0.0,0.0
30365.0,58.20040722017259,1.5,92.93730980732552,100.0,0.0,110.73,104.0,0.0,0.0,0.0,0.0,0.0,0.0
21672.0,47.38829386186414,1.3239697681211595,73.90260438199168,100.0,2.0,93.344,96.0,0.0,0.0,0.0,0.0,0.0,0.0
26920.0,47.300005727191504,1.5,93.2465913774748,100.0,3.0,103.84,80.0,0.0,0.0,0.0,0.0,0.0,0.0
22144.0,42.60623148491085,1.3533094405704895,72.10984644376038,100.0,3.0,94.288,124.0,0.0,0.0,0.0,0.0,0.0,0.0
33499.0,31.38411419424407,1.5,100.0,100.0,2.0,116.998,102.0,0.0,0.0,1.0,0.0,0.0,0.0
23387.0,53.03919330880721,1.11853032075992,70.82605580702706,100.0,2.0,96.774,111.0,0.0,0.0,0.0,0.0,0.0,0.0
61743.0,20.0,1.5,100.0,100.0,4.0,173.486,93.0,0.0,0.0,0.0,0.0,0.0,0.0
17296.0,53.07444718008352,1.0865331110523309,56.50488025198965,81.9636271104878,2.0,84.592,111.0,0.0,1.0,0.0,0.0,0.0,0.0
61089.0,43.89037122279892,1.5,100.0,100.0,1.0,172.178,101.0,0.0,0.0,0.0,1.0,0.0,1.0
24965.0,39.518336440307536,1.1546828228175912,74.23967077907463,100.0,2.0,99.93,80.0,0.0,0.0,0.0,0.0,0.0,0.0
44414.0,40.96397069117653,1.5,100.0,100.0,2.0,138.828,100.0,0.0,0.0,0.0,0.0,0.0,0.0
12421.0,46.02074916247384,1.001674977451183,44.81202000927168,63.523195168014354,0.0,74.842,193.0,0.0,0.0,0.0,0.0,0.0,0.0
21212.0,39.33871411392432,1.03878626838617,64.28729941549834,100.0,1.0,92.424,93.0,1.0,1.0,0.0,0.0,0.0,0.0
46015.0,40.9564405756972,1.5,100.0,100.0,3.0,142.03,111.0,1.0,0.0,1.0,0.0,0.0,1.0
17369.0,56.0407060928205,1.207844670321203,67.82719284263905,83.19717313712854,1.0,84.738,96.0,1.0,0.0,0.0,0.0,0.0,0.0
41459.0,37.63546740578169,1.5,100.0,100.0,1.0,132.918,109.0,1.0,0.0,0.0,0.0,0.0,0.0
47061.0,49.66540859278603,1.5,100.0,100.0,1.0,144.122,93.0,1.0,0.0,0.0,0.0,0.0,0.0
18698.0,37.43236022984074,1.2202126722384905,60.4739771509233,93.7037702147374,1.0,87.396,114.0,1.0,0.0,1.0,0.0,0.0,0.0
46919.0,37.869558543017085,1.5,100.0,100.0,1.0,143.838,103.0,1.0,0.0,0.0,0.0,0.0,0.0
24561.0,29.369105018395857,1.324746449604152,72.1472427182572,100.0,3.0,99.122,102.0,1.0,0.0,0.0,1.0,0.0,0.0
38893.0,39.508913752125146,1.5,100.0,100.0,3.0,127.786,97.0,1.0,0.0,0.0,0.0,1.0,0.0
23280.0,55.54412112219411,1.3862555901067202,75.47110672212632,100.0,3.0,96.56,104.0,1.0,0.0,0.0,0.0,0.0,0.0
14218.0,45.7575934319838,1.1480928742738308,52.41891182080867,75.05995289364411,1.0,78.436,172.0,1.0,0.0,0.0,0.0,0.0,0.0
46490.0,42.17283581158776,1.5,100.0,100.0,1.0,142.98000000000002,95.0,1.0,0.0,0.0,1.0,0.0,0.0
24746.0,48.12378210466572,1.0549200130862282,91.53440171464116,100.0,4.0,99.492,107.0,1.0,0.0,0.0,0.0,0.0,0.0
7796.0,63.06516210662009,1.3396392079834705,23.65460948783185,35.66278588507713,1.0,65.592,204.0,1.0,0.0,1.0,0.0,0.0,0.0
64872.0,45.57368305378225,1.5,100.0,100.0,1.0,179.744,104.0,1.0,0.0,0.0,0.0,0.0,0.0
41932.0,31.970386231256988,1.5,100.0,100.0,2.0,133.864,114.0,1.0,0.0,0.0,0.0,0.0,0.0
6995.0,62.031726099180375,1.1660582615970982,21.76051134428023,37.82563921046432,0.0,63.99,198.0,1.0,1.0,0.0,0.0,0.0,0.0
38991.0,35.21060198364359,1.5,100.0,100.0,0.0,127.982,112.0,1.0,0.0,0.0,0.0,0.0,0.0
38640.0,42.40407122377237,1.5,100.0,100.0,1.0,127.28,92.0,1.0,0.0,0.0,0.0,0.0,1.0
33230.0,20.0,1.5,100.0,100.0,2.0,116.46,108.0,1.0,0.0,0.0,0.0,0.0,0.0
25736.0,29.828629195512377,1.5,92.1640520770761,100.0,1.0,101.472,81.0,1.0,0.0,0.0,0.0,0.0,0.0
15848.0,44.13930307209107,1.0427202816009455,61.89472425430857,74.84226944900297,0.0,81.696,109.0,1.0,0.0,0.0,1.0,0.0,0.0
29940.0,30.321778171677337,1.5,100.0,100.0,3.0,109.88,116.0,1.0,0.0,1.0,0.0,0.0,0.0
11222.0,28.9972889549629,1.21782212986187,30.60426193399549,58.0224666378599,0.0,72.444,210.0,1.0,0.0,0.0,0.0,0.0,0.0
22992.0,44.05376207350711,1.109595239787989,85.75298934532978,100.0,1.0,95.984,88.0,0.0,0.0,0.0,0.0,0.0,0.0
39591.0,20.239329082282783,1.5,100.0,100.0,5.0,129.18200000000002,96.0,0.0,0.0,0.0,0.0,0.0,0.0
14771.0,37.90211007766465,1.1199590371978143,52.09256807679285,74.8644548453772,1.0,79.542,214.0,0.0,0.0,0.0,0.0,0.0,0.0
22903.0,43.48700779767478,1.2439251046192468,71.1594096547968,100.0,0.0,95.806,116.0,0.0,0.0,0.0,0.0,0.0,0.0
62650.0,26.92860017020664,1.5,100.0,100.0,2.0,175.3,96.0,0.0,0.0,0.0,0.0,0.0,0.0
22934.0,43.03719348612063,1.2975620749208607,84.83082728774116,100.0,3.0,95.868,108.0,0.0,0.0,0.0,0.0,0.0,0.0
27478.0,40.71408387718781,1.5,96.42587908237113,100.0,2.0,104.956,108.0,0.0,0.0,0.0,1.0,0.0,0.0
19766.0,61.64801829240452,1.0864125761572287,75.23209047407262,100.0,4.0,89.532,86.0,0.0,0.0,0.0,0.0,0.0,1.0
21544.0,57.14973511292237,1.0612578000335824,76.37566208005666,100.0,4.0,93.088,86.0,0.0,0.0,1.0,0.0,0.0,0.0
34763.0,44.13473732017407,1.5,100.0,100.0,2.0,119.526,101.0,0.0,0.0,0.0,0.0,0.0,0.0
26233.0,36.86416169744047,1.5,90.78188228250694,100.0,4.0,102.466,94.0,0.0,0.0,0.0,0.0,0.0,0.0
16695.0,45.86697699414397,1.2910524550798754,64.10207514187915,86.09712058314176,0.0,83.39,103.0,0.0,0.0,0.0,0.0,0.0,0.0
67693.0,27.253850299814182,1.5,100.0,100.0,4.0,185.386,99.0,0.0,0.0,1.0,0.0,0.0,1.0
42409.0,34.68796511060916,1.5,100.0,100.0,2.0,134.81799999999998,111.0,0.0,0.0,0.0,0.0,0.0,0.0
21532.0,42.87421372011432,1.1049633505957208,70.20758568385168,100.0,3.0,93.064,85.0,0.0,0.0,0.0,0.0,1.0,0.0
41586.0,20.837729442073545,1.5,100.0,100.0,2.0,133.172,116.0,0.0,0.0,0.0,0.0,0.0,0.0
38802.0,63.14654444472553,1.5,100.0,100.0,3.0,127.604,87.0,0.0,1.0,0.0,0.0,0.0,0.0
15527.0,56.27374010445556,1.1203865278526486,45.43756210767093,80.19951087988912,0.0,81.054,95.0,0.0,0.0,0.0,0.0,0.0,0.0
25267.0,28.018003253889503,1.5,82.73344651877018,100.0,0.0,100.534,114.0,0.0,0.0,0.0,0.0,0.0,0.0
43605.0,49.20504287271064,1.5,100.0,100.0,4.0,137.20999999999998,97.0,0.0,0.0,0.0,0.0,0.0,0.0
64219.0,33.13114169619349,1.5,100.0,100.0,1.0,178.438,98.0,0.0,0.0,0.0,0.0,0.0,1.0
16635.0,34.60193468973116,1.1599932073174273,46.59783687376547,84.00807248184205,1.0,83.27000000000001,106.0,0.0,0.0,0.0,0.0,0.0,1.0
13154.0,44.57631589458328,1.1682946250274466,43.8855747693035,69.86930158159718,1.0,76.30799999999999,199.0,0.0,0.0,0.0,0.0,1.0,0.0
48936.0,34.65478200168689,1.5,100.0,100.0,3.0,147.872,94.0,0.0,0.0,1.0,0.0,0.0,0.0
19972.0,37.880267727410775,1.1886505460781047,61.12296540720412,96.52184999609749,0.0,89.944,100.0,0.0,0.0,1.0,0.0,0.0,0.0
9027.0,54.82319482755443,1.0737205587800396,20.87723759639459,40.35346711986202,1.0,68.054,221.0,0.0,0.0,0.0,0.0,0.0,0.0
26775.0,42.34598128302996,1.5,91.55139508029396,100.0,3.0,103.55,93.0,0.0,0.0,0.0,0.0,0.0,0.0
22482.0,20.0,1.1035169633458095,71.26914261748833,100.0,3.0,94.964,84.0,0.0,0.0,0.0,0.0,1.0,0.0
27713.0,30.182340289065248,1.5,97.03987422940266,100.0,2.0,105.426,112.0,0.0,0.0,0.0,1.0,0.0,0.0
36829.0,35.0855608082435,1.5,100.0,100.0,1.0,123.658,109.0,0.0,1.0,0.0,0.0,0.0,0.0
28961.0,27.788154431485445,1.5,96.6267251477634,100.0,0.0,107.922,113.0,0.0,0.0,0.0,0.0,0.0,0.0
12738.0,35.97809559527834,1.3468240729515788,37.339906047049446,68.35734227535109,1.0,75.476,198.0,0.0,0.0,0.0,0.0,0.0,0.0
13279.0,32.78922535911933,1.1262532861468608,44.08372858671154,64.60233582311572,0.0,76.55799999999999,198.0,0.0,0.0,0.0,0.0,1.0,0.0
39786.0,28.900637055533394,1.5,100.0,100.0,2.0,129.572,91.0,0.0,0.0,0.0,0.0,1.0,1.0
27628.0,56.85711664614154,1.5,84.60620318157962,100.0,1.0,105.256,96.0,0.0,0.0,0.0,0.0,1.0,0.0
7862.0,36.071704026819205,1.2023703200585576,31.76122486802253,42.89322938878858,1.0,65.724,208.0,0.0,0.0,0.0,0.0,0.0,0.0
26137.0,20.0,1.5,91.66370387361602,100.0,3.0,102.274,102.0,0.0,0.0,0.0,0.0,0.0,0.0
36972.0,57.78243070582276,1.5,100.0,100.0,2.0,123.944,99.0,0.0,0.0,1.0,0.0,0.0,0.0
25298.0,40.81778959718889,1.5,89.68195902095343,100.0,4.0,100.596,83.0,0.0,0.0,0.0,0.0,0.0,0.0
22498.0,49.385017695657375,1.0417252349407529,67.90364298908052,100.0,0.0,94.996,113.0,0.0,0.0,0.0,1.0,0.0,1.0
7392.0,40.95638007309977,1.1040192161009736,22.341161114379236,41.38982784071136,1.0,64.784,190.0,0.0,0.0,0.0,0.0,0.0,0.0
32160.0,44.42788514140076,1.5,100.0,100.0,1.0,114.32,87.0,0.0,0.0,0.0,0.0,1.0,0.0
16081.0,40.436135386625246,1.2805996405860665,52.79020644521247,75.9560153515883,0.0,82.162,94.0,0.0,0.0,0.0,0.0,0.0,0.0
42766.0,44.45869643684146,1.5,100.0,100.0,0.0,135.53199999999998,98.0,0.0,0.0,0.0,0.0,0.0,0.0
27932.0,20.0,1.5,86.95652967938321,100.0,3.0,105.864,101.0,0.0,1.0,0.0,0.0,0.0,0.0
20299.0,47.96576938530305,1.0069992855949554,58.6434262327588,100.0,1.0,90.598,104.0,0.0,1.0,0.0,0.0,0.0,0.0
21700.0,49.17680752239401,1.3850930335444556,74.90027568432222,100.0,0.0,93.4,109.0,0.0,0.0,1.0,0.0,0.0,1.0
21598.0,44.190517937561566,1.0133694289742017,73.58919020999242,100.0,1.0,93.196,91.0,0.0,1.0,0.0,0.0,0.0,0.0
34232.0,30.413613638989155,1.5,100.0,100.0,2.0,118.464,94.0,1.0,0.0,0.0,0.0,0.0,0.0
33173.0,27.572251554712903,1.5,100.0,100.0,4.0,116.346,88.0,1.0,0.0,0.0,0.0,0.0,0.0
27712.0,40.416456878505926,1.5,84.32553409551316,100.0,4.0,105.424,93.0,1.0,0.0,0.0,0.0,0.0,0.0
64361.0,46.99875483780683,1.5,100.0,100.0,2.0,178.722,96.0,1.0,0.0,0.0,0.0,0.0,0.0
32454.0,43.51477237555699,1.5,99.5256922584303,100.0,3.0,114.908,104.0,1.0,0.0,1.0,0.0,0.0,0.0
29267.0,39.3429607599536,1.5,100.0,100.0,1.0,108.534,100.0,1.0,0.0,0.0,0.0,0.0,0.0
13430.0,40.012348128063685,1.3263823157660826,42.332978809971856,63.03396967146759,0.0,76.86,215.0,1.0,0.0,0.0,0.0,0.0,1.0
20982.0,52.84002779310748,1.3371781929824789,68.85773239719616,100.0,1.0,91.964,96.0,1.0,0.0,0.0,0.0,1.0,0.0
37265.0,48.10191908080897,1.5,100.0,100.0,3.0,124.53,92.0,1.0,1.0,0.0,0.0,0.0,0.0
23468.0,55.36515583504435,1.3049444854828691,71.10418977446227,100.0,0.0,96.936,107.0,1.0,1.0,0.0,0.0,0.0,0.0
32192.0,39.25321308330111,1.5,100.0,100.0,3.0,114.384,100.0,1.0,0.0,1.0,0.0,0.0,0.0
44299.0,61.38175256620599,1.5,100.0,100.0,2.0,138.598,101.0,1.0,0.0,0.0,0.0,0.0,1.0
25353.0,23.4158682742721,1.5,93.0417076643676,100.0,2.0,100.706,102.0,1.0,0.0,0.0,0.0,1.0,0.0
27862.0,42.31909906172367,1.5,96.341727911562,100.0,1.0,105.724,97.0,1.0,0.0,0.0,1.0,0.0,0.0
15112.0,40.170901605394825,1.0078605930987392,57.96119446947725,80.21609831380884,0.0,80.224,111.0,1.0,0.0,0.0,0.0,0.0,0.0
27021.0,20.547947355877746,1.5,95.4646283659376,100.0,3.0,104.042,84.0,1.0,0.0,1.0,0.0,0.0,0.0
38147.0,42.69245639559975,1.5,100.0,100.0,1.0,126.294,126.0,1.0,0.0,0.0,0.0,0.0,1.0
48104.0,31.96435674734085,1.5,100.0,100.0,0.0,146.208,100.0,0.0,0.0,0.0,1.0,0.0,0.0
33627.0,35.34008096228147,1.5,100.0,100.0,5.0,117.254,84.0,0.0,0.0,1.0,0.0,0.0,0.0
8584.0,41.29774408133645,1.0515610340293997,33.01326938588226,38.93165619613104,1.0,67.168,188.0,0.0,0.0,1.0,0.0,0.0,0.0
27633.0,32.472367449038146,1.5,96.1169577773314,100.0,0.0,105.266,100.0,0.0,0.0,0.0,0.0,0.0,0.0
50643.0,46.66784993203208,1.5,100.0,100.0,2.0,151.286,94.0,0.0,0.0,0.0,0.0,0.0,0.0
30299.0,53.33484577176981,1.5,98.12784509020445,100.0,2.0,110.598,91.0,0.0,0.0,0.0,0.0,0.0,0.0
28978.0,26.960515852725187,1.5,87.63891539870852,100.0,2.0,107.956,87.0,0.0,0.0,0.0,0.0,0.0,1.0
39749.0,37.41240248406729,1.5,100.0,100.0,2.0,129.498,78.0,0.0,0.0,0.0,0.0,0.0,0.0
22330.0,30.50849476887113,1.3025240387921175,75.22656911139637,100.0,0.0,94.66,104.0,0.0,0.0,0.0,0.0,0.0,0.0
45752.0,39.79360953429422,1.5,100.0,100.0,4.0,141.50400000000002,107.0,0.0,0.0,0.0,0.0,0.0,0.0
14625.0,31.494440356570166,1.1018655063559848,48.52901852876904,72.19907881354685,1.0,79.25,200.0,0.0,0.0,0.0,0.0,0.0,0.0
13319.0,49.32216690759254,1.0465326908533046,53.79900439503531,61.81481814809623,2.0,76.638,206.0,0.0,0.0,1.0,0.0,0.0,0.0
29150.0,39.99966692259849,1.5,88.6171130057563,100.0,3.0,108.3,97.0,0.0,0.0,0.0,0.0,0.0,0.0
31341.0,41.037905202778944,1.5,97.53825764778176,100.0,1.0,112.682,96.0,0.0,0.0,0.0,1.0,0.0,0.0
39337.0,43.565884418863504,1.5,100.0,100.0,6.0,128.674,103.0,0.0,1.0,0.0,0.0,0.0,0.0
37493.0,24.927501415440386,1.5,100.0,100.0,4.0,124.986,84.0,0.0,0.0,0.0,1.0,0.0,0.0
32244.0,45.40061819902576,1.5,100.0,100.0,3.0,114.488,102.0,0.0,0.0,0.0,0.0,0.0,0.0
21046.0,43.71973132016762,1.1278883397359416,77.51529653067459,100.0,1.0,92.092,98.0,0.0,1.0,0.0,0.0,0.0,0.0
20878.0,22.551332261072723,1.3235197778004602,66.82869957178465,100.0,1.0,91.756,102.0,0.0,0.0,0.0,0.0,0.0,0.0
11122.0,20.954504741496105,1.0210839159413756,27.82465792421295,57.78181447046758,0.0,72.244,184.0,0.0,0.0,0.0,0.0,0.0,0.0
39145.0,39.87774821084338,1.5,100.0,100.0,3.0,128.29000000000002,102.0,0.0,0.0,0.0,0.0,1.0,0.0
30103.0,36.892033034742354,1.5,99.65784488668328,100.0,2.0,110.206,111.0,0.0,0.0,0.0,0.0,0.0,0.0
15731.0,50.38434957216453,1.387145826380542,60.23339454843288,79.66034768206416,0.0,81.462,104.0,0.0,1.0,0.0,0.0,0.0,0.0
16508.0,39.79561014607889,1.2773603413716177,64.83952141011025,80.31891125987757,0.0,83.01599999999999,105.0,0.0,0.0,0.0,0.0,0.0,0.0
19133.0,33.784698525749725,1.2048354306794655,72.5904704211313,91.14281364681406,2.0,88.26599999999999,117.0,0.0,0.0,0.0,0.0,0.0,0.0
23642.0,42.8033054764904,1.379026050529617,84.14364462302214,100.0,6.0,97.284,101.0,0.0,0.0,0.0,0.0,0.0,0.0
40475.0,35.41125068641877,1.5,100.0,100.0,4.0,130.95,97.0,0.0,0.0,0.0,0.0,0.0,0.0
40230.0,28.28132589116172,1.5,100.0,100.0,7.0,130.45999999999998,103.0,0.0,0.0,0.0,1.0,0.0,1.0
29597.0,40.19358745637888,1.5,97.14410718773937,100.0,2.0,109.194,96.0,0.0,0.0,0.0,0.0,0.0,0.0
6726.0,44.857296470506114,1.0339064617705334,28.572517391259503,36.34473344859606,2.0,63.452,213.0,0.0,0.0,0.0,0.0,0.0,0.0
25264.0,28.77252439998093,1.5,77.95147926233568,100.0,1.0,100.528,102.0,0.0,0.0,1.0,0.0,0.0,1.0
17493.0,48.2557781678707,1.1839767805175851,60.4494623254853,84.34999852795562,2.0,84.98599999999999,100.0,0.0,0.0,0.0,0.0,0.0,0.0
15794.0,54.73622249427847,1.146514554482609,43.70538537804303,81.51932539785051,1.0,81.588,88.0,0.0,0.0,0.0,1.0,0.0,0.0
44625.0,35.15697795957758,1.5,100.0,100.0,0.0,139.25,96.0,0.0,0.0,1.0,0.0,0.0,0.0
15594.0,20.45026458726053,1.019659356138071,45.80124278692717,80.87513607533647,0.0,81.188,108.0,0.0,0.0,0.0,0.0,0.0,0.0
33872.0,47.2975513055798,1.5,100.0,100.0,0.0,117.744,94.0,0.0,1.0,0.0,0.0,0.0,0.0
16311.0,51.42372591641568,1.1485083682021575,54.403983320128496,83.80968168450164,0.0,82.622,110.0,0.0,0.0,1.0,0.0,0.0,0.0
23831.0,42.430548748782186,1.2663060961061468,79.9301128003791,100.0,3.0,97.662,100.0,0.0,0.0,0.0,0.0,0.0,0.0
44136.0,29.61426326703376,1.5,100.0,100.0,1.0,138.272,98.0,0.0,1.0,0.0,0.0,0.0,0.0
22683.0,49.62453986127127,1.0521271952365163,72.52254074072317,100.0,1.0,95.366,92.0,0.0,0.0,0.0,0.0,0.0,0.0
36452.0,24.068924393998785,1.5,100.0,100.0,2.0,122.904,110.0,0.0,1.0,0.0,0.0,0.0,0.0
34393.0,20.0,1.5,100.0,100.0,2.0,118.786,115.0,0.0,0.0,0.0,0.0,0.0,0.0
15723.0,35.21259163690234,1.3089070227350024,43.92054172051774,81.89081217480701,0.0,81.446,110.0,0.0,0.0,0.0,0.0,0.0,0.0
27309.0,35.931587799176526,1.5,81.10660581000646,100.0,2.0,104.618,97.0,0.0,0.0,0.0,0.0,0.0,0.0
14225.0,43.16590012707957,1.2289260742520305,57.40081264553549,68.99346645647199,0.0,78.45,219.0,0.0,0.0,0.0,0.0,0.0,0.0
29999.0,26.01830616847885,1.5,99.06499127915204,100.0,0.0,109.998,94.0,0.0,0.0,1.0,0.0,0.0,0.0
23302.0,25.418245711169877,1.1142318464954546,86.90556217842227,100.0,0.0,96.604,91.0,1.0,0.0,0.0,0.0,0.0,0.0
32273.0,23.74412885968031,1.5,100.0,100.0,0.0,114.546,92.0,1.0,0.0,1.0,0.0,0.0,0.0
25826.0,29.42869427427769,1.5,80.03151999000701,100.0,3.0,101.652,88.0,1.0,0.0,0.0,1.0,0.0,0.0
29289.0,22.00362330137584,1.5,96.60702731304004,100.0,0.0,108.578,109.0,1.0,0.0,0.0,0.0,0.0,0.0
21483.0,46.96742323765706,1.3636022355342812,80.76533316352445,100.0,2.0,92.966,100.0,1.0,0.0,0.0,1.0,0.0,0.0
27173.0,28.25585685589873,1.5,85.88841863281387,100.0,1.0,104.346,91.0,1.0,0.0,0.0,0.0,0.0,0.0
51289.0,41.55892137787583,1.5,100.0,100.0,1.0,152.578,90.0,1.0,0.0,0.0,1.0,0.0,0.0
18837.0,48.595359435178686,1.193226498077321,61.111413408173725,98.9635369350178,0.0,87.674,96.0,1.0,0.0,0.0,1.0,0.0,0.0
23998.0,56.3997511450051,1.0158230026250452,78.05410849147599,100.0,3.0,97.996,99.0,1.0,1.0,0.0,0.0,0.0,0.0
41557.0,43.26249422672824,1.5,100.0,100.0,1.0,133.114,108.0,1.0,0.0,0.0,0.0,0.0,1.0
24552.0,55.36157261138504,1.3823920235304288,82.46679906473219,100.0,3.0,99.104,99.0,1.0,0.0,0.0,1.0,0.0,1.0
40743.0,30.9333155812308,1.5,100.0,100.0,0.0,131.486,111.0,1.0,0.0,0.0,0.0,0.0,0.0
22426.0,37.15503927610465,1.0333516215075038,83.32348837220891,100.0,3.0,94.852,108.0,1.0,0.0,0.0,0.0,0.0,0.0
14663.0,37.18727500305606,1.3223623370133764,44.470143797595526,70.23021322050148,0.0,79.326,194.0,1.0,0.0,0.0,0.0,0.0,0.0
41833.0,31.46314240432994,1.5,100.0,100.0,3.0,133.666,105.0,1.0,0.0,0.0,0.0,0.0,0.0
29805.0,27.605855683973097,1.5,89.75682163764355,100.0,4.0,109.61,92.0,1.0,0.0,1.0,0.0,0.0,0.0
39819.0,25.017877414885948,1.5,100.0,100.0,1.0,129.638,82.0,1.0,0.0,0.0,0.0,0.0,0.0
36481.0,47.169688626813205,1.5,100.0,100.0,2.0,122.962,83.0,1.0,0.0,1.0,0.0,0.0,0.0
20320.0,48.19789994556033,1.0174643714852034,62.46599596273352,100.0,0.0,90.64,93.0,1.0,0.0,0.0,0.0,0.0,0.0
29493.0,42.68648087968198,1.5,92.13554742074794,100.0,2.0,108.986,86.0,1.0,0.0,1.0,0.0,0.0,0.0
9063.0,33.16157358948331,1.378048979497955,25.86334721082318,44.92368735269652,1.0,68.126,205.0,1.0,0.0,0.0,0.0,0.0,0.0
21614.0,43.88986537868239,1.2879838157477916,77.12294092623405,100.0,3.0,93.228,111.0,1.0,0.0,0.0,0.0,0.0,0.0
40343.0,44.38640022678945,1.5,100.0,100.0,2.0,130.686,96.0,0.0,0.0,0.0,0.0,0.0,0.0
22537.0,30.637461350718823,1.312033609493986,80.54782963914141,100.0,3.0,95.074,100.0,0.0,0.0,1.0,0.0,0.0,0.0
42146.0,31.58178179753865,1.5,100.0,100.0,2.0,134.292,99.0,0.0,0.0,0.0,0.0,0.0,0.0
50133.0,40.23960512076735,1.5,100.0,100.0,2.0,150.26600000000002,112.0,0.0,0.0,1.0,0.0,0.0,0.0
18175.0,38.961410687630455,1.1354216109748203,60.05203200521432,92.00670360743118,1.0,86.35,86.0,0.0,0.0,0.0,0.0,0.0,1.0
53801.0,32.38241709778905,1.5,100.0,100.0,0.0,157.602,92.0,0.0,0.0,0.0,1.0,0.0,1.0
17359.0,20.949304500897902,1.1419980463255768,54.27757663301921,91.43416012073187,1.0,84.718,84.0,0.0,0.0,0.0,1.0,0.0,0.0
17508.0,50.22510070210512,1.2016280318993695,59.25763372058787,85.37507190270938,2.0,85.01599999999999,88.0,0.0,0.0,0.0,0.0,0.0,0.0
31711.0,31.68568628718497,1.5,96.51504757602724,100.0,3.0,113.422,96.0,0.0,0.0,0.0,0.0,1.0,1.0
41665.0,33.357580149679684,1.5,100.0,100.0,2.0,133.32999999999998,121.0,0.0,0.0,0.0,0.0,0.0,0.0
16914.0,65.98221474546747,1.3776165113123708,54.305545249834005,86.50863342328395,0.0,83.828,99.0,0.0,0.0,1.0,0.0,0.0,0.0
20230.0,46.68513402333429,1.304185842510427,77.13191550216317,100.0,2.0,90.46,99.0,0.0,0.0,0.0,0.0,0.0,0.0
64412.0,49.419424019526005,1.5,100.0,100.0,0.0,178.824,103.0,0.0,0.0,0.0,0.0,0.0,0.0
14861.0,35.537243682699696,1.0098789190744446,55.741849277012406,74.6707819002862,0.0,79.72200000000001,208.0,0.0,0.0,0.0,0.0,0.0,0.0
35316.0,29.08721990630294,1.5,100.0,100.0,1.0,120.632,111.0,0.0,0.0,0.0,0.0,0.0,0.0
8109.0,51.276112125924506,1.276030141675519,24.837528920939075,39.70274800989651,0.0,66.218,207.0,0.0,0.0,0.0,0.0,0.0,0.0
16685.0,38.02281096101756,1.1118405730580527,48.16482810057525,84.81762883181364,0.0,83.37,106.0,0.0,0.0,0.0,0.0,0.0,0.0
25045.0,30.528006069300165,1.5,85.56343328812333,100.0,3.0,100.09,116.0,0.0,0.0,0.0,0.0,0.0,0.0
38008.0,38.12996304534828,1.5,100.0,100.0,0.0,126.016,87.0,0.0,0.0,0.0,0.0,0.0,0.0
36303.0,39.69578896898392,1.5,100.0,100.0,1.0,122.606,82.0,0.0,0.0,0.0,0.0,0.0,0.0
31288.0,35.819888138247194,1.5,100.0,100.0,4.0,112.576,93.0,0.0,1.0,0.0,0.0,0.0,1.0
50020.0,39.41746736377557,1.5,100.0,100.0,3.0,150.04000000000002,100.0,0.0,1.0,0.0,0.0,0.0,0.0
26268.0,28.516996726556155,1.5,97.34433366841172,100.0,0.0,102.536,97.0,0.0,0.0,0.0,0.0,0.0,0.0
32480.0,43.95205235018625,1.5,100.0,100.0,1.0,114.96,117.0,0.0,0.0,1.0,0.0,0.0,1.0
28340.0,28.6141417485497,1.5,84.63376075010945,100.0,5.0,106.68,105.0,0.0,1.0,0.0,0.0,0.0,0.0
18997.0,52.53735637178448,1.3579047948049978,55.67447831575206,99.88722534615074,0.0,87.994,105.0,0.0,0.0,0.0,0.0,0.0,0.0
31403.0,23.297192936032253,1.5,100.0,100.0,1.0,112.806,98.0,0.0,1.0,0.0,0.0,0.0,0.0
35289.0,37.26263316568808,1.5,100.0,100.0,5.0,120.578,105.0,0.0,0.0,0.0,0.0,0.0,0.0
5034.0,39.12884729379852,1.1753194432132663,12.033866197600103,21.817177469429808,1.0,60.068,174.0,0.0,0.0,0.0,0.0,0.0,0.0
35163.0,55.53140183741208,1.5,100.0,100.0,3.0,120.326,113.0,0.0,1.0,0.0,0.0,0.0,0.0
43926.0,40.98099155047466,1.5,100.0,100.0,0.0,137.852,103.0,0.0,0.0,0.0,0.0,0.0,0.0
15317.0,50.34543613456191,1.2371938991021976,59.776550246702215,78.36622501536647,0.0,80.634,104.0,0.0,0.0,0.0,0.0,0.0,1.0
48663.0,36.33958380580236,1.5,100.0,100.0,1.0,147.326,117.0,0.0,0.0,0.0,0.0,1.0,0.0
17511.0,36.288069699923696,1.373471562453174,59.21773120380877,87.82956463721733,0.0,85.02199999999999,104.0,0.0,0.0,0.0,0.0,0.0,0.0
19529.0,37.736406920228525,1.120492517917563,64.36448684275959,98.63930542027624,0.0,89.05799999999999,88.0,0.0,0.0,0.0,0.0,0.0,0.0
40655.0,31.55901971737667,1.5,100.0,100.0,1.0,131.31,104.0,0.0,0.0,0.0,0.0,0.0,0.0
35988.0,43.34749722643302,1.5,100.0,100.0,0.0,121.976,100.0,0.0,0.0,0.0,0.0,0.0,0.0
27443.0,33.540625638866985,1.5,99.96103536351988,100.0,2.0,104.886,89.0,0.0,0.0,0.0,0.0,0.0,1.0
33130.0,31.554134642653665,1.5,100.0,100.0,2.0,116.26,98.0,0.0,0.0,0.0,0.0,0.0,0.0
17158.0,38.88240360495415,1.180655598207535,64.32793226345127,90.23094785930364,0.0,84.316,97.0,0.0,0.0,1.0,0.0,0.0,0.0
33207.0,50.27429386880181,1.5,100.0,100.0,1.0,116.414,111.0,0.0,0.0,0.0,0.0,0.0,1.0
33978.0,44.57537163279768,1.5,100.0,100.0,1.0,117.956,90.0,0.0,0.0,0.0,1.0,0.0,0.0
20583.0,63.67462004161351,1.2615111691824623,66.35100023869774,100.0,0.0,91.166,114.0,0.0,0.0,1.0,0.0,0.0,0.0
27828.0,31.897789927502654,1.5,92.8314014880711,100.0,3.0,105.656,102.0,0.0,0.0,0.0,0.0,0.0,0.0
61164.0,31.36426705084971,1.5,100.0,100.0,3.0,172.328,86.0,0.0,0.0,0.0,0.0,0.0,0.0
5395.0,49.97788309417778,1.32872058370168,23.368344518165067,27.94222990106217,0.0,60.79,203.0,0.0,0.0,0.0,0.0,0.0,0.0
50451.0,24.02560423465041,1.5,100.0,100.0,4.0,150.902,101.0,0.0,0.0,1.0,0.0,0.0,0.0
48902.0,31.136955015220934,1.5,100.0,100.0,0.0,147.804,104.0,0.0,0.0,1.0,0.0,0.0,0.0
39242.0,44.00707719041996,1.5,100.0,100.0,2.0,128.48399999999998,99.0,0.0,0.0,1.0,0.0,0.0,0.0
16554.0,41.507045317947785,1.109263848147978,49.37038448625064,82.32328749808602,1.0,83.108,117.0,0.0,0.0,0.0,0.0,0.0,0.0
36221.0,27.136959468616716,1.5,100.0,100.0,3.0,122.442,110.0,0.0,0.0,0.0,0.0,0.0,0.0
19387.0,56.230392976314654,1.256883854801079,59.53596481430962,93.0277944536816,1.0,88.774,93.0,0.0,1.0,0.0,0.0,0.0,0.0
23920.0,51.23895943076577,1.1590539942931013,76.45958788343245,100.0,3.0,97.84,95.0,0.0,0.0,0.0,0.0,0.0,0.0
38723.0,40.06420774997031,1.5,100.0,100.0,2.0,127.446,85.0,1.0,0.0,0.0,1.0,0.0,0.0
14098.0,31.14590608181871,1.3904313329890077,47.63942061029665,74.5432182837609,0.0,78.196,195.0,1.0,0.0,1.0,0.0,0.0,0.0
26527.0,42.54958766141964,1.5,88.41570157330857,100.0,3.0,103.054,101.0,1.0,0.0,0.0,1.0,0.0,0.0
14634.0,50.04270748038384,1.3113487618181965,50.951431863479485,77.87904711449869,0.0,79.268,191.0,1.0,1.0,0.0,0.0,0.0,0.0
59067.0,40.4812632872729,1.5,100.0,100.0,1.0,168.134,106.0,1.0,0.0,0.0,0.0,0.0,0.0
11020.0,41.415444931631896,1.14527564948649,27.778706684565265,56.95538620562623,0.0,72.03999999999999,199.0,1.0,0.0,0.0,1.0,0.0,0.0
36701.0,30.387329495016928,1.5,100.0,100.0,3.0,123.402,94.0,1.0,0.0,0.0,0.0,0.0,0.0
27314.0,33.607312933324145,1.5,88.59170638098058,100.0,1.0,104.628,89.0,1.0,0.0,0.0,0.0,0.0,0.0
21510.0,51.15967006046838,1.1180435440737142,76.36803698669812,100.0,1.0,93.02,96.0,1.0,0.0,0.0,0.0,0.0,0.0
28206.0,48.2099578954071,1.5,85.9583465413399,100.0,3.0,106.412,97.0,1.0,0.0,0.0,1.0,0.0,0.0
39196.0,32.41954484388839,1.5,100.0,100.0,2.0,128.392,110.0,1.0,0.0,0.0,1.0,0.0,0.0
30290.0,27.962896006685668,1.5,100.0,100.0,2.0,110.58,113.0,1.0,0.0,0.0,0.0,0.0,0.0
15019.0,36.97569960135164,1.3877757502703512,53.92752417771069,70.80416191438569,0.0,80.038,104.0,1.0,0.0,1.0,0.0,0.0,0.0
16413.0,40.08121307950346,1.135099198693939,53.07898994350917,82.15038891497707,0.0,82.826,97.0,1.0,0.0,1.0,0.0,0.0,0.0
24040.0,51.541280021710925,1.176491867636687,71.4333491123111,100.0,0.0,98.08,107.0,1.0,0.0,1.0,0.0,0.0,0.0
38934.0,42.072313738042766,1.5,100.0,100.0,2.0,127.868,110.0,1.0,0.0,0.0,0.0,0.0,0.0
30474.0,37.20897656081387,1.5,97.925104328994,100.0,1.0,110.948,92.0,1.0,0.0,0.0,0.0,0.0,0.0
27359.0,37.6918092025516,1.5,84.32329543452344,100.0,3.0,104.718,98.0,1.0,0.0,0.0,0.0,0.0,0.0
18570.0,46.87800338042522,1.2424060009917772,53.69263546609236,97.44235435323822,1.0,87.14,100.0,1.0,0.0,0.0,0.0,0.0,0.0
12061.0,28.7753466910744,1.151983980903901,39.17303789338601,65.11148219564049,0.0,74.122,212.0,0.0,1.0,0.0,0.0,0.0,0.0
23213.0,37.375820493970856,1.0467515042363755,87.09383547488542,100.0,0.0,96.426,92.0,0.0,0.0,0.0,0.0,0.0,0.0
17194.0,33.63550061339296,1.1664868124129255,50.90651911393158,87.86109081486823,0.0,84.388,105.0,0.0,0.0,0.0,1.0,0.0,0.0
46399.0,33.79491803234104,1.5,100.0,100.0,4.0,142.798,93.0,0.0,0.0,0.0,0.0,0.0,0.0
19107.0,46.2428569485085,1.0012083485424643,58.64864899611615,99.81291479375317,2.0,88.214,89.0,0.0,0.0,0.0,0.0,0.0,0.0
52064.0,36.43306305000004,1.5,100.0,100.0,1.0,154.128,107.0,0.0,0.0,0.0,0.0,0.0,0.0
28624.0,44.36102435196951,1.5,99.17394371237296,100.0,3.0,107.248,88.0,0.0,0.0,0.0,0.0,0.0,1.0
30217.0,49.2876016203677,1.5,100.0,100.0,3.0,110.434,114.0,0.0,0.0,0.0,1.0,0.0,0.0
28502.0,46.97168027247854,1.5,92.7690958020366,100.0,1.0,107.004,105.0,0.0,0.0,0.0,0.0,0.0,0.0
31246.0,38.31918447707887,1.5,100.0,100.0,3.0,112.492,93.0,0.0,0.0,0.0,0.0,0.0,0.0
13816.0,43.24836264221043,1.3073684284468967,53.75363982427851,66.29527151902367,0.0,77.632,200.0,0.0,0.0,1.0,0.0,0.0,1.0
49188.0,51.67256841749534,1.5,100.0,100.0,3.0,148.376,97.0,0.0,0.0,0.0,0.0,0.0,0.0
35250.0,31.31550124633972,1.5,100.0,100.0,0.0,120.5,89.0,0.0,0.0,1.0,0.0,0.0,1.0
35905.0,23.678508592839933,1.5,100.0,100.0,0.0,121.81,110.0,0.0,0.0,0.0,1.0,0.0,0.0
30525.0,20.0,1.5,100.0,100.0,0.0,111.05,97.0,0.0,0.0,0.0,0.0,0.0,0.0
25651.0,45.015304243744005,1.5,83.74520552598412,100.0,3.0,101.302,122.0,0.0,0.0,0.0,0.0,0.0,0.0
26884.0,27.49270392994401,1.5,90.2878416067622,100.0,0.0,103.768,95.0,0.0,0.0,0.0,0.0,0.0,1.0
21742.0,36.49115910961101,1.105522429978543,62.71473203934569,100.0,0.0,93.484,102.0,0.0,0.0,1.0,0.0,0.0,0.0
21386.0,45.30675176070709,1.2012876828731849,62.64259458322891,100.0,1.0,92.772,112.0,0.0,0.0,0.0,1.0,0.0,0.0
18430.0,52.11045304397363,1.1554124592024169,68.7478780754692,94.39422340269316,0.0,86.86,89.0,0.0,0.0,0.0,0.0,0.0,0.0
37084.0,33.10985702317526,1.5,100.0,100.0,2.0,124.168,88.0,0.0,0.0,0.0,0.0,0.0,0.0
13177.0,50.41444099389737,1.1310265175688503,38.12119017943328,65.80375959460824,0.0,76.354,184.0,0.0,1.0,0.0,0.0,0.0,0.0
22280.0,36.094311894089856,1.222494557610309,72.49488530187597,100.0,0.0,94.56,95.0,0.0,0.0,1.0,0.0,0.0,0.0
34513.0,20.0,1.5,100.0,100.0,2.0,119.026,97.0,0.0,0.0,0.0,0.0,0.0,0.0
23595.0,28.04037991622741,1.3968063877587342,82.38300846708074,100.0,2.0,97.19,112.0,0.0,0.0,0.0,1.0,0.0,0.0
43085.0,32.58048475342217,1.5,100.0,100.0,0.0,136.17000000000002,95.0,0.0,0.0,0.0,0.0,0.0,0.0
47072.0,35.1796950721887,1.5,100.0,100.0,2.0,144.144,113.0,0.0,1.0,0.0,0.0,0.0,0.0
50081.0,34.6974733827458,1.5,100.0,100.0,0.0,150.162,104.0,0.0,0.0,1.0,0.0,0.0,0.0
12282.0,62.09207154352963,1.2262229932905548,43.92161204037768,59.912366143270766,1.0,74.564,180.0,0.0,0.0,0.0,0.0,0.0,0.0
25501.0,34.387706247980226,1.5,81.39637457843935,100.0,3.0,101.002,95.0,0.0,0.0,0.0,0.0,0.0,0.0
38829.0,42.76931692354829,1.5,100.0,100.0,5.0,127.658,99.0,0.0,0.0,1.0,0.0,0.0,0.0
20003.0,48.18068162861248,1.2377326935706383,68.54887755559494,96.6568496405636,0.0,90.006,89.0,0.0,0.0,0.0,1.0,0.0,0.0
21714.0,35.67628756818013,1.1849445788990955,70.18132131495256,100.0,5.0,93.428,95.0,0.0,0.0,0.0,1.0,0.0,0.0
48571.0,20.0,1.5,100.0,100.0,4.0,147.142,93.0,0.0,0.0,0.0,0.0,0.0,0.0
31883.0,46.79942130038464,1.5,100.0,100.0,2.0,113.766,110.0,0.0,0.0,0.0,0.0,0.0,0.0
24414.0,26.138712960489737,1.0661481702052744,90.93425625651,100.0,5.0,98.828,100.0,0.0,0.0,0.0,0.0,0.0,0.0
7779.0,43.7259312761004,1.0415098834538965,32.18856810787874,34.2837369701669,1.0,65.55799999999999,201.0,0.0,0.0,0.0,0.0,0.0,0.0
28192.0,48.96021365381482,1.5,100.0,100.0,1.0,106.384,88.0,0.0,0.0,0.0,0.0,1.0,0.0
13160.0,45.913011710596685,1.2066944179760255,50.24881319022042,66.271276425689,0.0,76.32,217.0,0.0,0.0,0.0,0.0,0.0,0.0
22044.0,42.61068178542879,1.2020112184595066,64.08993095705509,100.0,2.0,94.088,109.0,0.0,1.0,0.0,0.0,0.0,0.0
33503.0,27.2495503698376,1.5,100.0,100.0,2.0,117.006,100.0,0.0,0.0,0.0,0.0,0.0,0.0
9831.0,51.036457389607385,1.2305622205814533,38.61006252260391,47.39813663875581,1.0,69.662,188.0,0.0,0.0,1.0,0.0,0.0,0.0
36474.0,35.33443467973151,1.5,100.0,100.0,4.0,122.948,92.0,0.0,0.0,0.0,0.0,0.0,0.0
32188.0,46.5469376671672,1.5,100.0,100.0,1.0,114.376,97.0,0.0,0.0,0.0,0.0,0.0,0.0
27430.0,34.84761953499913,1.5,83.95604905924864,100.0,4.0,104.86,110.0,0.0,0.0,0.0,0.0,0.0,0.0
29623.0,31.473151010044184,1.5,92.7407928263222,100.0,2.0,109.246,105.0,0.0,1.0,0.0,0.0,0.0,0.0
25746.0,39.01207163482995,1.5,77.68574769443936,100.0,5.0,101.492,100.0,0.0,1.0,0.0,0.0,0.0,0.0
41621.0,35.7843924608367,1.5,100.0,100.0,0.0,133.24200000000002,97.0,0.0,0.0,0.0,0.0,0.0,0.0
17834.0,52.69968731335223,1.2937948161289614,56.79014295529252,84.35880878576235,0.0,85.668,106.0,0.0,1.0,0.0,0.0,0.0,0.0
28122.0,25.217450619395223,1.5,84.58668985036606,100.0,1.0,106.244,89.0,0.0,0.0,0.0,0.0,0.0,0.0
10949.0,35.27701755265166,1.0584067622368434,32.28023174379553,52.84265314142903,0.0,71.898,193.0,1.0,0.0,0.0,0.0,0.0,1.0
36263.0,36.75386124539947,1.5,100.0,100.0,4.0,122.526,102.0,1.0,0.0,1.0,0.0,0.0,0.0
32421.0,34.827267619518274,1.5,100.0,100.0,1.0,114.842,93.0,1.0,1.0,0.0,0.0,0.0,0.0
14497.0,56.78865937036939,1.2594136636133368,52.83112536656999,69.581609221117,1.0,78.994,211.0,1.0,0.0,0.0,0.0,0.0,0.0
35142.0,29.945102445554888,1.5,100.0,100.0,2.0,120.284,104.0,1.0,0.0,0.0,0.0,0.0,0.0
9531.0,49.565998486985016,1.0650608872759602,38.85691965565431,49.52267795597169,0.0,69.062,191.0,1.0,0.0,0.0,0.0,0.0,0.0
7816.0,34.41431721743477,1.1637791750509237,33.57961273164351,37.059797946622695,0.0,65.632,201.0,1.0,0.0,1.0,0.0,0.0,0.0
44916.0,49.34408045034828,1.5,100.0,100.0,2.0,139.832,94.0,1.0,0.0,0.0,0.0,0.0,0.0
21542.0,45.30146398782015,1.268389883794314,76.88542035549514,100.0,1.0,93.084,100.0,1.0,0.0,0.0,0.0,0.0,0.0
29081.0,44.42409295034135,1.5,100.0,100.0,2.0,108.162,94.0,1.0,0.0,0.0,0.0,0.0,1.0
28766.0,21.520042156328312,1.5,95.40479321613068,100.0,3.0,107.532,90.0,1.0,0.0,0.0,0.0,0.0,0.0
12904.0,62.30321814857169,1.3252728589137843,52.106086373462695,68.77788549494568,1.0,75.80799999999999,220.0,1.0,0.0,1.0,0.0,0.0,0.0
17324.0,38.72579265573627,1.2456734895938155,63.83307318861012,90.61250306981565,1.0,84.648,100.0,1.0,0.0,0.0,0.0,0.0,0.0
31672.0,34.116000832059264,1.5,99.8680358357646,100.0,4.0,113.344,89.0,1.0,0.0,0.0,0.0,0.0,1.0
36715.0,52.84882399032351,1.5,100.0,100.0,3.0,123.43,96.0,0.0,0.0,0.0,0.0,0.0,0.0
36263.0,30.597253631491967,1.5,100.0,100.0,2.0,122.526,99.0,0.0,0.0,0.0,0.0,0.0,0.0
60047.0,25.19211991586441,1.5,100.0,100.0,1.0,170.094,95.0,0.0,0.0,1.0,0.0,0.0,0.0
5859.0,39.7484146930174,1.1348951003343368,23.888740472451392,31.723215015848652,0.0,61.718,183.0,0.0,0.0,1.0,0.0,0.0,0.0
42529.0,29.162778664373988,1.5,100.0,100.0,2.0,135.058,92.0,0.0,0.0,0.0,0.0,0.0,0.0
14189.0,51.672451474292416,1.3255316526371372,47.16685031987866,67.99868184689986,1.0,78.378,209.0,0.0,0.0,0.0,0.0,0.0,1.0
22281.0,34.4745280812989,1.2381422890041247,81.71409057997789,100.0,1.0,94.562,93.0,0.0,0.0,1.0,0.0,0.0,1.0
9235.0,20.0,1.1286649885578988,23.42656888383381,44.93887537734475,1.0,68.47,191.0,0.0,0.0,0.0,0.0,0.0,0.0
21740.0,57.99176580869636,1.1020014610004305,67.71767126706668,100.0,0.0,93.48,106.0,0.0,0.0,0.0,0.0,0.0,0.0
26871.0,20.0,1.5,98.53106563705782,100.0,2.0,103.742,101.0,0.0,0.0,0.0,0.0,0.0,0.0
47746.0,39.82790124060318,1.5,100.0,100.0,2.0,145.49200000000002,109.0,0.0,1.0,0.0,0.0,0.0,0.0
15991.0,44.58740347349939,1.1409730926155366,54.40153000984152,76.83541092588786,1.0,81.982,91.0,0.0,0.0,0.0,0.0,0.0,0.0
43076.0,39.1818896442891,1.5,100.0,100.0,1.0,136.152,99.0,0.0,1.0,0.0,0.0,0.0,0.0
16031.0,30.910808973094756,1.0037379813944978,44.096205540318536,83.67387982470383,1.0,82.062,95.0,0.0,0.0,0.0,0.0,0.0,0.0
12665.0,31.66851991522791,1.3701058566627855,35.154598044222254,68.033541978677,2.0,75.33,185.0,0.0,0.0,0.0,0.0,0.0,0.0
39495.0,35.12521864329786,1.5,100.0,100.0,2.0,128.99,84.0,0.0,0.0,0.0,0.0,0.0,1.0
47130.0,40.19871018101912,1.5,100.0,100.0,3.0,144.26,109.0,0.0,0.0,0.0,1.0,0.0,0.0
16935.0,52.04129848049276,1.3109208592575672,65.59214192000103,86.6429551396434,0.0,83.87,104.0,0.0,0.0,0.0,1.0,0.0,0.0
34796.0,20.0,1.5,100.0,100.0,2.0,119.592,114.0,0.0,1.0,0.0,0.0,0.0,0.0
20316.0,35.59984067876246,1.339188677325036,65.07316092118216,100.0,0.0,90.632,102.0,0.0,0.0,0.0,0.0,0.0,1.0
24147.0,56.93586535476262,1.3733105649516266,86.61033009206137,100.0,0.0,98.294,89.0,0.0,0.0,0.0,0.0,0.0,0.0
40261.0,26.77664528647276,1.5,100.0,100.0,3.0,130.522,90.0,0.0,1.0,0.0,0.0,0.0,1.0
47806.0,40.08312956162524,1.5,100.0,100.0,1.0,145.612,112.0,0.0,0.0,0.0,0.0,0.0,1.0
41110.0,34.22178563863527,1.5,100.0,100.0,0.0,132.22,103.0,0.0,0.0,0.0,0.0,0.0,1.0
49397.0,31.733524368113883,1.5,100.0,100.0,3.0,148.79399999999998,92.0,0.0,0.0,0.0,0.0,0.0,0.0
23911.0,60.75137321087912,1.1005230748568626,73.02734406950825,100.0,3.0,97.822,101.0,0.0,0.0,0.0,0.0,0.0,0.0
26733.0,28.112758434757268,1.5,82.83489876599549,100.0,4.0,103.466,102.0,0.0,0.0,0.0,0.0,0.0,1.0
22660.0,43.7941281152653,1.0498456830830083,82.68645309816988,100.0,2.0,95.32,103.0,0.0,0.0,1.0,0.0,0.0,1.0
49220.0,36.63286053080133,1.5,100.0,100.0,0.0,148.44,93.0,0.0,0.0,0.0,0.0,0.0,0.0
36902.0,42.6759007694996,1.5,100.0,100.0,6.0,123.804,87.0,0.0,0.0,0.0,0.0,0.0,0.0
7825.0,58.60168130828013,1.3615069045596426,24.28028679570033,39.37434084243468,0.0,65.65,192.0,0.0,0.0,0.0,0.0,0.0,0.0
32629.0,46.16134288738122,1.5,100.0,100.0,4.0,115.258,98.0,0.0,0.0,0.0,0.0,1.0,0.0
43455.0,34.967256209441764,1.5,100.0,100.0,2.0,136.91,96.0,0.0,1.0,0.0,0.0,0.0,0.0
24733.0,45.44802456387939,1.1351023948528915,86.50396733281596,100.0,1.0,99.466,100.0,0.0,0.0,0.0,0.0,0.0,0.0
39974.0,40.80567687035615,1.5,100.0,100.0,5.0,129.94799999999998,104.0,0.0,0.0,0.0,0.0,0.0,1.0
58576.0,21.52213024787491,1.5,100.0,100.0,4.0,167.152,98.0,0.0,0.0,0.0,0.0,0.0,0.0
19844.0,39.34741260789596,1.3661907524873325,58.65892073707271,98.40446789716228,0.0,89.688,87.0,0.0,0.0,0.0,0.0,0.0,0.0
35776.0,23.9674929452966,1.5,100.0,100.0,2.0,121.552,113.0,0.0,0.0,0.0,0.0,0.0,0.0
9739.0,48.70598413980211,1.3717122606743235,36.8120223508984,51.321534899114845,0.0,69.47800000000001,192.0,0.0,0.0,0.0,0.0,0.0,0.0
7225.0,45.61162567850915,1.1324855258492486,16.45644739725838,36.82887325367531,2.0,64.45,207.0,0.0,0.0,0.0,0.0,1.0,0.0
38842.0,41.7469497780862,1.5,100.0,100.0,3.0,127.684,95.0,0.0,0.0,0.0,0.0,0.0,0.0
32571.0,26.091957342553755,1.5,100.0,100.0,2.0,115.142,97.0,0.0,0.0,0.0,0.0,0.0,0.0
48448.0,47.24389286802904,1.5,100.0,100.0,0.0,146.89600000000002,99.0,0.0,0.0,0.0,0.0,0.0,0.0
69293.0,31.289432851996143,1.5,100.0,100.0,2.0,188.586,85.0,0.0,0.0,0.0,0.0,0.0,0.0
17452.0,65.24868940495847,1.3913077943995953,65.65540925465754,85.85070779043151,0.0,84.904,92.0,0.0,0.0,1.0,0.0,0.0,0.0
52401.0,32.8604457081245,1.5,100.0,100.0,2.0,154.80200000000002,92.0,0.0,0.0,0.0,0.0,0.0,0.0
8120.0,50.11730964269908,1.314546954384679,22.06780183686973,39.77048728320901,0.0,66.24,182.0,0.0,0.0,1.0,0.0,0.0,0.0
32927.0,64.92810570060641,1.5,100.0,100.0,0.0,115.854,109.0,0.0,0.0,0.0,0.0,0.0,0.0
13161.0,40.63433948570334,1.1465012023993897,45.90097012759412,66.86816947374533,0.0,76.322,185.0,1.0,0.0,1.0,0.0,0.0,0.0
37812.0,30.89970588461089,1.5,100.0,100.0,0.0,125.624,114.0,1.0,0.0,0.0,1.0,0.0,0.0
30619.0,35.79649582613925,1.5,100.0,100.0,1.0,111.238,88.0,1.0,0.0,0.0,0.0,0.0,0.0
21950.0,52.41808741477769,1.1154665210701842,81.92642397585661,100.0,1.0,93.9,98.0,1.0,0.0,0.0,0.0,0.0,0.0
58269.0,56.857306167225744,1.5,100.0,100.0,2.0,166.538,93.0,1.0,0.0,0.0,0.0,0.0,0.0
51304.0,48.38592138295607,1.5,100.0,100.0,0.0,152.608,89.0,1.0,0.0,0.0,0.0,0.0,0.0
42365.0,37.2909483164638,1.5,100.0,100.0,2.0,134.73000000000002,92.0,1.0,1.0,0.0,0.0,0.0,0.0
30093.0,45.57801007541919,1.5,95.23955819153474,100.0,1.0,110.186,103.0,1.0,0.0,0.0,0.0,0.0,1.0
30081.0,28.691790060925584,1.5,98.904656476857,100.0,2.0,110.162,98.0,1.0,0.0,0.0,0.0,0.0,0.0
40234.0,20.0,1.5,100.0,100.0,0.0,130.46800000000002,78.0,1.0,0.0,0.0,0.0,0.0,0.0
33106.0,34.48882736523361,1.5,100.0,100.0,5.0,116.212,102.0,1.0,1.0,0.0,0.0,0.0,0.0
31359.0,32.56589697432092,1.5,95.46159884173082,100.0,4.0,112.718,87.0,1.0,0.0,0.0,0.0,0.0,0.0
18030.0,48.3237683351961,1.0300088355571673,68.01302460803836,93.17675812526286,0.0,86.06,92.0,1.0,1.0,0.0,0.0,0.0,0.0
13610.0,43.81658376126178,1.0833534716035302,48.592745912404,72.16256151834288,0.0,77.22,211.0,1.0,0.0,0.0,0.0,0.0,0.0
30499.0,20.0,1.5,100.0,100.0,0.0,110.998,103.0,1.0,0.0,0.0,0.0,1.0,0.0
43890.0,38.70340267328846,1.5,100.0,100.0,3.0,137.78,115.0,1.0,0.0,1.0,0.0,0.0,0.0
53773.0,36.82106032057327,1.5,100.0,100.0,3.0,157.546,99.0,1.0,0.0,1.0,0.0,0.0,0.0
16843.0,47.95140979337417,1.363554976154587,50.44378472045703,81.26093614291774,0.0,83.686,103.0,1.0,0.0,0.0,0.0,0.0,0.0
24661.0,39.66995918173666,1.1823663748088455,73.62746768415798,100.0,2.0,99.322,99.0,1.0,0.0,0.0,0.0,0.0,0.0
23539.0,57.48468039422759,1.2152318171496217,81.70705104756999,100.0,3.0,97.078,90.0,1.0,0.0,0.0,0.0,0.0,0.0
22012.0,51.75751881509204,1.1578516279624127,70.8227121115755,100.0,1.0,94.024,103.0,1.0,0.0,0.0,0.0,0.0,0.0
24956.0,39.22771274289429,1.091594874120125,83.71951193717062,100.0,4.0,99.912,104.0,0.0,0.0,0.0,1.0,0.0,0.0
23799.0,45.46478669204788,1.1631440102363653,83.43069044526665,100.0,3.0,97.598,106.0,0.0,0.0,0.0,0.0,0.0,0.0
17558.0,51.59340995069112,1.0809870168383,67.70754660409483,87.81402793480127,2.0,85.116,107.0,0.0,1.0,0.0,0.0,0.0,0.0
28003.0,20.0,1.5,90.3173895501929,100.0,0.0,106.006,84.0,0.0,0.0,0.0,0.0,0.0,0.0
43576.0,38.19811634796178,1.5,100.0,100.0,3.0,137.152,124.0,0.0,0.0,0.0,1.0,0.0,0.0
24325.0,56.78843444025644,1.091576934455778,73.51579114693521,100.0,1.0,98.65,104.0,0.0,0.0,1.0,0.0,0.0,0.0
26533.0,45.85177848172317,1.5,96.22518129831252,100.0,0.0,103.066,109.0,0.0,0.0,0.0,0.0,0.0,0.0
54192.0,36.29367671010812,1.5,100.0,100.0,1.0,158.384,101.0,0.0,0.0,0.0,0.0,0.0,0.0
17468.0,50.568747223681456,1.1798901642368425,59.101915785039786,83.34231878176286,1.0,84.936,100.0,0.0,0.0,0.0,0.0,0.0,0.0
45091.0,20.0,1.5,100.0,100.0,1.0,140.18200000000002,109.0,0.0,0.0,0.0,1.0,0.0,0.0
28622.0,40.81723364970506,1.5,85.52108529750596,100.0,3.0,107.244,93.0,0.0,0.0,0.0,0.0,0.0,0.0
22638.0,40.34297165340926,1.168116104021702,77.00154885263532,100.0,2.0,95.276,116.0,0.0,0.0,0.0,0.0,0.0,1.0
21726.0,32.253887086398265,1.272063418703551,63.58267582053657,100.0,0.0,93.452,91.0,0.0,0.0,1.0,0.0,0.0,0.0
39430.0,36.84858654060365,1.5,100.0,100.0,3.0,128.86,90.0,0.0,0.0,1.0,0.0,0.0,0.0
58801.0,51.85223511479739,1.5,100.0,100.0,3.0,167.602,113.0,0.0,0.0,0.0,1.0,0.0,0.0
47772.0,43.645719724972686,1.5,100.0,100.0,1.0,145.54399999999998,104.0,0.0,0.0,0.0,1.0,0.0,0.0
40531.0,37.01738654796044,1.5,100.0,100.0,1.0,131.062,102.0,0.0,0.0,0.0,0.0,0.0,0.0
19696.0,51.48252656325869,1.3780759044508026,67.82342559274906,96.02626866652896,2.0,89.392,96.0,0.0,0.0,0.0,0.0,0.0,0.0
20215.0,50.66602148392725,1.3952813970907896,64.31060339550321,100.0,1.0,90.43,112.0,0.0,0.0,0.0,0.0,0.0,1.0
26315.0,44.06787272932399,1.5,83.07000186205552,100.0,1.0,102.63,93.0,0.0,0.0,1.0,0.0,0.0,0.0
22944.0,52.95487694954888,1.1568118139214365,84.5785903396363,100.0,4.0,95.888,106.0,0.0,1.0,0.0,0.0,0.0,0.0
25375.0,47.69255671898621,1.5,89.2658242064727,100.0,2.0,100.75,102.0,0.0,0.0,1.0,0.0,0.0,0.0
34407.0,22.847274237731064,1.5,100.0,100.0,3.0,118.814,95.0,0.0,0.0,0.0,0.0,0.0,0.0
50717.0,27.89863393162618,1.5,100.0,100.0,3.0,151.434,97.0,0.0,0.0,0.0,0.0,0.0,0.0
20497.0,53.10863732760524,1.1299002435868808,75.01930318493214,100.0,2.0,90.994,112.0,0.0,0.0,1.0,0.0,0.0,0.0
45116.0,36.30239083849539,1.5,100.0,100.0,5.0,140.232,103.0,0.0,0.0,0.0,0.0,0.0,0.0
29026.0,44.43597776272946,1.5,96.51453645872658,100.0,1.0,108.052,117.0,0.0,0.0,0.0,0.0,0.0,1.0
16968.0,46.214610641995456,1.3346375116523803,51.534865325823645,84.16227075491042,1.0,83.936,97.0,0.0,1.0,0.0,0.0,0.0,0.0
40414.0,47.71899545423943,1.5,100.0,100.0,1.0,130.828,93.0,0.0,0.0,1.0,0.0,0.0,0.0
25710.0,50.41972347838634,1.5,82.72287381113624,100.0,5.0,101.42,115.0,0.0,0.0,0.0,0.0,0.0,0.0
27928.0,42.017100579770926,1.5,87.18266773728485,100.0,1.0,105.856,87.0,0.0,0.0,0.0,0.0,0.0,0.0
13553.0,47.820362104622205,1.378913729235907,42.02281236321706,67.16851773893252,1.0,77.106,165.0,0.0,0.0,0.0,0.0,0.0,0.0
36665.0,21.171040807274625,1.5,100.0,100.0,0.0,123.33,81.0,0.0,0.0,0.0,0.0,0.0,0.0
46429.0,33.467394466006944,1.5,100.0,100.0,1.0,142.858,86.0,0.0,0.0,0.0,0.0,0.0,0.0
56997.0,40.143771366138566,1.5,100.0,100.0,2.0,163.994,113.0,0.0,0.0,0.0,0.0,1.0,0.0
11400.0,55.134019309650405,1.0017495929132036,33.47743639410742,57.97628993195559,1.0,72.8,204.0,0.0,0.0,0.0,0.0,0.0,0.0
39921.0,34.487641644678085,1.5,100.0,100.0,3.0,129.84199999999998,99.0,0.0,0.0,0.0,0.0,0.0,0.0
35632.0,44.72710392922174,1.5,100.0,100.0,3.0,121.264,109.0,0.0,1.0,0.0,0.0,0.0,0.0
26533.0,23.44292425083085,1.5,96.06728012444614,100.0,2.0,103.066,86.0,0.0,0.0,0.0,0.0,0.0,1.0
17611.0,51.6587782370639,1.30314324882884,59.308283860658186,90.09585668642336,0.0,85.22200000000001,96.0,0.0,0.0,0.0,1.0,0.0,1.0
20344.0,45.45722795685445,1.1857611625282585,74.16329846384667,100.0,4.0,90.688,99.0,0.0,0.0,1.0,0.0,0.0,0.0
41689.0,23.713654856207928,1.5,100.0,100.0,1.0,133.378,113.0,0.0,0.0,0.0,0.0,0.0,0.0
17905.0,51.683539678434585,1.3430350703049605,50.85515108753604,86.67981982785575,1.0,85.81,107.0,0.0,0.0,1.0,0.0,0.0,0.0
17412.0,47.74475801577809,1.1610929479467864,54.90861176038987,86.06902722579126,1.0,84.824,109.0,0.0,0.0,0.0,0.0,0.0,1.0
24681.0,52.43715820399812,1.136366563676836,83.14068756748247,100.0,2.0,99.362,112.0,0.0,1.0,0.0,0.0,0.0,0.0
25517.0,39.48078341012892,1.5,88.77375651469652,100.0,1.0,101.034,111.0,0.0,0.0,0.0,1.0,0.0,0.0
30896.0,25.362394016244828,1.5,100.0,100.0,4.0,111.792,98.0,0.0,0.0,1.0,0.0,0.0,0.0
46711.0,44.94414528207584,1.5,100.0,100.0,2.0,143.422,113.0,0.0,0.0,1.0,0.0,0.0,0.0
45746.0,31.088436277471573,1.5,100.0,100.0,0.0,141.49200000000002,104.0,0.0,0.0,0.0,1.0,0.0,0.0
12625.0,50.73767109901901,1.2558215305509244,45.35866805576734,62.26700554304644,0.0,75.25,221.0,0.0,0.0,0.0,0.0,0.0,0.0
27262.0,23.48773342492856,1.5,88.57415809014157,100.0,4.0,104.524,115.0,0.0,0.0,0.0,0.0,0.0,0.0
38486.0,34.33887606047993,1.5,100.0,100.0,2.0,126.972,108.0,0.0,0.0,0.0,0.0,0.0,0.0
17074.0,59.14110390606782,1.1926799352049364,54.9264903020924,90.23180311608697,1.0,84.148,96.0,0.0,0.0,0.0,0.0,0.0,0.0
21741.0,53.865794927576495,1.3801136200681945,82.44500068782634,100.0,4.0,93.482,111.0,0.0,0.0,0.0,0.0,0.0,0.0
22597.0,34.67994343667627,1.246753628786558,76.00536713505065,100.0,1.0,95.194,99.0,1.0,1.0,0.0,0.0,0.0,0.0
26937.0,38.817247448468265,1.5,98.35017483549107,100.0,3.0,103.874,85.0,1.0,0.0,0.0,0.0,0.0,0.0
42580.0,51.77200509966096,1.5,100.0,100.0,0.0,135.16,86.0,1.0,0.0,0.0,0.0,0.0,0.0
46833.0,27.33533568980212,1.5,100.0,100.0,2.0,143.666,104.0,1.0,1.0,0.0,0.0,0.0,0.0
50301.0,38.97637501776279,1.5,100.0,100.0,1.0,150.602,91.0,1.0,0.0,0.0,0.0,0.0,0.0
27486.0,25.35503180010398,1.5,86.5938361894227,100.0,2.0,104.972,86.0,1.0,0.0,0.0,0.0,0.0,0.0
22266.0,46.44221756872669,1.27122415071507,70.141641782709,100.0,6.0,94.532,99.0,1.0,0.0,0.0,0.0,0.0,0.0
19072.0,34.018136162218504,1.1493856867170889,73.4367491253,100.0,0.0,88.144,120.0,1.0,0.0,0.0,0.0,0.0,0.0
37514.0,32.722789969219136,1.5,100.0,100.0,3.0,125.028,99.0,1.0,1.0,0.0,0.0,0.0,0.0
26793.0,39.44968315376176,1.5,81.17656240539654,100.0,0.0,103.586,115.0,1.0,0.0,0.0,0.0,0.0,0.0
33299.0,39.79939741148279,1.5,100.0,100.0,3.0,116.598,120.0,1.0,0.0,0.0,0.0,0.0,1.0
19043.0,34.978960753695695,1.2497699708737569,69.98884011681855,99.58273949523002,1.0,88.086,91.0,1.0,0.0,0.0,0.0,0.0,0.0
31063.0,20.0,1.5,100.0,100.0,0.0,112.126,94.0,1.0,0.0,1.0,0.0,0.0,0.0
16686.0,38.09859162451105,1.3025327145920635,61.21924404777559,83.20877305653059,0.0,83.372,92.0,1.0,0.0,1.0,0.0,0.0,0.0
26860.0,31.06648875177127,1.5,79.61587642682541,100.0,1.0,103.72,89.0,1.0,0.0,0.0,0.0,0.0,0.0
40676.0,30.953614799590536,1.5,100.0,100.0,1.0,131.352,87.0,1.0,0.0,0.0,1.0,0.0,0.0
20041.0,65.26817116042392,1.351103336877093,58.803966754676416,97.7824006131152,1.0,90.082,98.0,0.0,0.0,0.0,0.0,0.0,0.0
11027.0,45.7957954655656,1.1566911054524711,38.5421018914084,52.891858969027,0.0,72.054,192.0,0.0,0.0,0.0,0.0,0.0,0.0
16322.0,60.371378108818,1.3711876247148178,52.98169483349375,85.30812365813924,0.0,82.644,114.0,0.0,0.0,0.0,0.0,0.0,0.0
37734.0,20.0,1.5,100.0,100.0,1.0,125.468,94.0,0.0,0.0,0.0,0.0,0.0,0.0
53718.0,37.61261708605184,1.5,100.0,100.0,1.0,157.436,107.0,0.0,0.0,0.0,0.0,0.0,0.0
14352.0,31.68491700445547,1.302797903795862,52.830532176158194,71.85874056306403,1.0,78.70400000000001,213.0,0.0,0.0,0.0,1.0,0.0,0.0
50385.0,43.29149035059542,1.5,100.0,100.0,2.0,150.76999999999998,102.0,0.0,0.0,0.0,0.0,0.0,0.0
28059.0,54.82470450168928,1.5,95.7729964322678,100.0,1.0,106.118,90.0,0.0,0.0,1.0,0.0,0.0,0.0
19640.0,40.32261316141418,1.3035727794458725,61.40827766422664,97.4655285424164,0.0,89.28,82.0,0.0,0.0,1.0,0.0,0.0,0.0
31082.0,35.72288347124869,1.5,100.0,100.0,3.0,112.164,86.0,0.0,0.0,0.0,0.0,0.0,0.0
29880.0,36.03381996212095,1.5,100.0,100.0,2.0,109.76,98.0,0.0,0.0,0.0,0.0,0.0,0.0
21835.0,41.61330946116242,1.1507278424591882,75.34698542354043,100.0,1.0,93.67,101.0,0.0,0.0,0.0,0.0,0.0,0.0
53009.0,46.36455574324845,1.5,100.0,100.0,1.0,156.018,97.0,0.0,1.0,0.0,0.0,0.0,0.0
39924.0,42.95714447865358,1.5,100.0,100.0,1.0,129.848,87.0,0.0,0.0,0.0,0.0,0.0,1.0
39777.0,35.04743359527588,1.5,100.0,100.0,3.0,129.554,90.0,0.0,1.0,0.0,0.0,0.0,0.0
11298.0,48.740620881310434,1.245973671166859,47.20375478264836,52.6031432147755,0.0,72.596,221.0,0.0,0.0,0.0,0.0,1.0,0.0
35353.0,32.79946492628305,1.5,100.0,100.0,5.0,120.706,108.0,0.0,1.0,0.0,0.0,0.0,0.0
16150.0,47.68775789148641,1.3696137969721018,45.38678159879011,85.05006719833166,1.0,82.3,105.0,0.0,0.0,0.0,0.0,0.0,0.0
32963.0,27.243936385623968,1.5,100.0,100.0,0.0,115.926,92.0,0.0,0.0,0.0,0.0,0.0,0.0
20247.0,51.14961232046775,1.137800742056985,70.00334361263187,100.0,2.0,90.494,105.0,0.0,0.0,0.0,0.0,0.0,0.0
20804.0,49.48317562430157,1.38773984576793,62.153137062023184,100.0,0.0,91.608,116.0,0.0,0.0,0.0,1.0,0.0,0.0
24004.0,31.24914766832915,1.317291871309329,73.01640621701084,100.0,1.0,98.008,88.0,0.0,0.0,0.0,0.0,0.0,0.0
27079.0,36.87941776432756,1.5,96.48645856508344,100.0,1.0,104.158,78.0,0.0,0.0,0.0,0.0,0.0,0.0
26713.0,21.930987710512824,1.5,84.73934081832435,100.0,1.0,103.426,94.0,0.0,0.0,0.0,0.0,0.0,0.0
19698.0,44.39920807103311,1.1043233708771103,69.31487679254082,100.0,1.0,89.396,88.0,0.0,0.0,0.0,0.0,0.0,0.0
38194.0,38.56629616101602,1.5,100.0,100.0,0.0,126.388,96.0,0.0,0.0,0.0,0.0,0.0,0.0
38531.0,47.570848921053454,1.5,100.0,100.0,2.0,127.062,124.0,0.0,0.0,0.0,0.0,0.0,0.0
39022.0,37.09169810688752,1.5,100.0,100.0,0.0,128.04399999999998,94.0,0.0,1.0,0.0,0.0,0.0,1.0
19647.0,29.658753065511483,1.1699471708272045,61.26774598748455,94.95718322207031,2.0,89.294,87.0,0.0,0.0,0.0,1.0,0.0,0.0
11786.0,58.34506133337838,1.0850492758477253,36.77338974060145,56.650841575779786,0.0,73.572,172.0,0.0,0.0,0.0,0.0,0.0,0.0
15183.0,50.69374156823712,1.0828339299550842,47.328276902133794,72.25738419093743,0.0,80.366,108.0,0.0,0.0,1.0,0.0,0.0,1.0
36346.0,34.702335116635986,1.5,100.0,100.0,2.0,122.692,109.0,0.0,0.0,0.0,0.0,0.0,0.0
32671.0,52.127114112762726,1.5,99.22672413242373,100.0,0.0,115.342,90.0,0.0,0.0,0.0,0.0,0.0,0.0
27755.0,44.15823781597605,1.5,87.62129100503797,100.0,0.0,105.51,92.0,0.0,0.0,0.0,1.0,0.0,0.0
31940.0,22.41735370632712,1.5,100.0,100.0,5.0,113.88,109.0,0.0,0.0,0.0,0.0,0.0,0.0
23764.0,45.47034364008504,1.048700799059071,81.10281043158571,100.0,0.0,97.528,108.0,0.0,0.0,0.0,0.0,0.0,0.0
18179.0,46.23754642524277,1.3525867059518224,63.37064856433011,89.771599005588,0.0,86.358,98.0,0.0,0.0,0.0,0.0,0.0,0.0
42525.0,30.9112663159591,1.5,100.0,100.0,4.0,135.05,104.0,0.0,0.0,0.0,0.0,0.0,0.0
37102.0,25.082273539206604,1.5,100.0,100.0,4.0,124.204,91.0,0.0,0.0,1.0,0.0,0.0,0.0
23961.0,27.400411178507497,1.0662480237640686,73.95146116803613,100.0,2.0,97.922,92.0,0.0,0.0,0.0,0.0,0.0,0.0
33582.0,48.01102063024093,1.5,100.0,100.0,3.0,117.164,78.0,0.0,1.0,0.0,0.0,0.0,0.0
34188.0,49.58657522937662,1.5,100.0,100.0,2.0,118.376,107.0,0.0,0.0,1.0,0.0,0.0,0.0
23926.0,33.69955830835635,1.1035554967882018,84.84379948184463,100.0,1.0,97.852,95.0,0.0,0.0,0.0,0.0,0.0,0.0
16247.0,42.832682108435385,1.2847528340917156,45.32528648375817,81.83770075596973,0.0,82.494,118.0,0.0,0.0,1.0,0.0,0.0,0.0
32190.0,20.269801694847363,1.5,100.0,100.0,1.0,114.38,105.0,0.0,0.0,0.0,0.0,0.0,0.0
5292.0,50.45389480924674,1.1487583998164703,8.205698565819596,22.830679425404483,0.0,60.584,195.0,0.0,0.0,0.0,0.0,0.0,0.0
23545.0,31.9235741890656,1.3046699621576734,79.39739365399231,100.0,2.0,97.09,96.0,0.0,0.0,0.0,0.0,0.0,0.0
41019.0,38.05085404706753,1.5,100.0,100.0,2.0,132.038,94.0,0.0,1.0,0.0,0.0,0.0,0.0
35692.0,48.13473161325237,1.5,100.0,100.0,1.0,121.384,111.0,0.0,0.0,0.0,0.0,0.0,0.0
14725.0,52.48821181180778,1.0221962884284244,39.13388432997152,69.63651057918429,2.0,79.45,183.0,0.0,0.0,1.0,0.0,0.0,0.0
19393.0,36.99358835548112,1.0694147678555534,62.10943313579108,96.1402280610753,0.0,88.786,90.0,0.0,0.0,1.0,0.0,0.0,0.0
21513.0,44.14396667687264,1.3536280437662924,63.38805083656396,100.0,0.0,93.026,95.0,0.0,0.0,1.0,0.0,0.0,0.0
24566.0,43.97943609371152,1.2080359750423335,79.90065229153171,100.0,2.0,99.132,114.0,1.0,0.0,0.0,0.0,0.0,0.0
37666.0,54.85944776088007,1.5,100.0,100.0,3.0,125.332,123.0,1.0,0.0,0.0,1.0,0.0,0.0
28655.0,32.34171634353008,1.5,95.39264458098158,100.0,1.0,107.31,103.0,1.0,0.0,1.0,0.0,0.0,0.0
59997.0,46.96627120827242,1.5,100.0,100.0,0.0,169.994,98.0,1.0,0.0,0.0,0.0,0.0,0.0
48562.0,40.212299906445416,1.5,100.0,100.0,2.0,147.124,89.0,1.0,0.0,0.0,0.0,0.0,0.0
15318.0,33.95974366527614,1.2111639311775697,45.37851201877916,80.43471313575527,0.0,80.636,94.0,1.0,1.0,0.0,0.0,0.0,0.0
50085.0,40.15660630083394,1.5,100.0,100.0,3.0,150.17000000000002,106.0,1.0,0.0,0.0,0.0,0.0,0.0
24185.0,45.25627672402025,1.368354463132078,77.49587893833802,100.0,1.0,98.37,100.0,1.0,0.0,0.0,0.0,0.0,0.0
9851.0,50.05261343174202,1.0040361620087526,36.61981130115683,54.06040304031354,1.0,69.702,210.0,1.0,0.0,0.0,0.0,1.0,0.0
52168.0,37.33285041087872,1.5,100.0,100.0,1.0,154.336,92.0,1.0,0.0,0.0,0.0,0.0,0.0
12426.0,64.87806564762086,1.177657680888048,44.10879882336705,65.4067940720354,0.0,74.852,197.0,1.0,0.0,0.0,0.0,0.0,0.0
57861.0,35.92511308982142,1.5,100.0,100.0,0.0,165.72199999999998,94.0,1.0,0.0,0.0,0.0,1.0,0.0
48292.0,51.79637233421262,1.5,100.0,100.0,7.0,146.584,91.0,1.0,0.0,0.0,0.0,0.0,0.0
37416.0,23.7271447629307,1.5,100.0,100.0,3.0,124.832,94.0,1.0,1.0,0.0,0.0,0.0,0.0
36564.0,20.0,1.5,100.0,100.0,2.0,123.128,105.0,1.0,0.0,0.0,0.0,0.0,0.0
10245.0,32.574991630806124,1.281336381807573,28.19957128282761,52.90759437208175,0.0,70.49,191.0,1.0,0.0,0.0,0.0,0.0,0.0
35484.0,33.533682259563975,1.5,100.0,100.0,3.0,120.968,90.0,0.0,0.0,0.0,1.0,0.0,0.0
23109.0,50.418928204759055,1.2936873358115475,82.17964649480238,100.0,2.0,96.218,100.0,0.0,0.0,0.0,0.0,0.0,0.0
16696.0,64.90029513519175,1.339990306843838,65.57315435225544,83.56157306560148,0.0,83.392,102.0,0.0,0.0,0.0,0.0,0.0,0.0
48182.0,40.06915720136311,1.5,100.0,100.0,0.0,146.364,111.0,0.0,0.0,0.0,0.0,0.0,0.0
45933.0,31.507381146520384,1.5,100.0,100.0,0.0,141.866,111.0,0.0,0.0,0.0,1.0,0.0,0.0
25978.0,32.74277368387865,1.5,79.55898409125166,100.0,3.0,101.956,98.0,0.0,0.0,0.0,0.0,0.0,0.0
8704.0,44.02514774022941,1.0745655388665307,33.948742225721915,41.77468988676623,1.0,67.408,218.0,0.0,0.0,0.0,0.0,0.0,0.0
18850.0,62.38991810326853,1.3416062121821837,68.26433203908967,89.8966554385057,1.0,87.7,97.0,0.0,0.0,0.0,0.0,0.0,0.0
18420.0,57.99588477665206,1.0371380346122483,61.73601189381248,89.23447881326044,0.0,86.84,101.0,0.0,0.0,1.0,0.0,0.0,0.0
37476.0,23.68931370065029,1.5,100.0,100.0,1.0,124.952,95.0,0.0,0.0,0.0,0.0,0.0,0.0
32927.0,22.9783163282566,1.5,100.0,100.0,3.0,115.854,97.0,0.0,0.0,1.0,0.0,0.0,1.0
18542.0,63.68527188073091,1.2159792908885536,55.75835838323303,92.01716621608011,0.0,87.084,104.0,0.0,1.0,0.0,0.0,0.0,1.0
26933.0,22.3636593049843,1.5,87.22342303437429,100.0,1.0,103.866,112.0,0.0,0.0,0.0,0.0,0.0,0.0
19040.0,61.29318517441613,1.178386108161762,59.6388202993754,96.27356383477743,0.0,88.08,95.0,0.0,0.0,1.0,0.0,0.0,1.0
28149.0,34.74280927819444,1.5,83.9750485603029,100.0,2.0,106.298,114.0,0.0,0.0,1.0,0.0,0.0,0.0
6193.0,44.22517225668114,1.3838907352155845,28.223179488506336,33.51182520868141,1.0,62.386,213.0,0.0,1.0,0.0,0.0,0.0,0.0
13674.0,48.38583090886362,1.2082489860685808,43.40665672932385,72.96928120583502,0.0,77.348,195.0,0.0,0.0,1.0,0.0,0.0,0.0
53125.0,20.0,1.5,100.0,100.0,3.0,156.25,90.0,0.0,1.0,0.0,0.0,0.0,0.0
34618.0,40.9657234488355,1.5,100.0,100.0,2.0,119.236,106.0,0.0,0.0,1.0,0.0,0.0,0.0
24376.0,43.18441078404768,1.3966030753114007,81.87730921816356,100.0,1.0,98.752,98.0,0.0,0.0,0.0,0.0,0.0,0.0
14059.0,52.3992076024655,1.2625652536918692,40.14767249788026,65.85480284861687,0.0,78.118,193.0,0.0,0.0,0.0,0.0,0.0,0.0
20339.0,44.398455005948726,1.102936795275813,63.19333573248855,100.0,0.0,90.678,112.0,0.0,0.0,0.0,0.0,0.0,0.0
17349.0,30.03011011135701,1.1211021482471812,57.04327489421408,84.26259386545449,0.0,84.69800000000001,99.0,0.0,0.0,0.0,0.0,0.0,0.0
43133.0,56.48706293937052,1.5,100.0,100.0,3.0,136.26600000000002,108.0,0.0,0.0,0.0,0.0,0.0,1.0
32649.0,47.45913848618457,1.5,100.0,100.0,3.0,115.298,101.0,0.0,0.0,0.0,0.0,0.0,0.0
21277.0,37.91511898470909,1.1181508015362465,61.35111026683493,100.0,0.0,92.554,98.0,0.0,0.0,1.0,0.0,0.0,0.0
29613.0,20.897354718260036,1.5,98.5422668968066,100.0,1.0,109.226,102.0,0.0,0.0,0.0,0.0,0.0,0.0
30316.0,33.39961326420656,1.5,100.0,100.0,2.0,110.632,89.0,0.0,0.0,0.0,0.0,0.0,0.0
46720.0,51.00907991888916,1.5,100.0,100.0,3.0,143.44,104.0,0.0,0.0,0.0,1.0,0.0,0.0
10060.0,58.63048321276752,1.3888195859102856,30.762900015218843,49.24133242828312,0.0,70.12,204.0,0.0,0.0,0.0,0.0,0.0,0.0
15482.0,40.02947513164318,1.3889039206966842,52.77698972988317,76.14261732029269,1.0,80.964,112.0,0.0,1.0,0.0,0.0,0.0,0.0
63722.0,28.391588032474196,1.5,100.0,100.0,1.0,177.44400000000002,94.0,0.0,0.0,0.0,0.0,0.0,0.0
22852.0,48.72081478667386,1.3908581331201622,82.10495213363627,100.0,1.0,95.704,102.0,0.0,0.0,0.0,0.0,0.0,1.0
36932.0,28.150038498736077,1.5,100.0,100.0,3.0,123.864,109.0,0.0,0.0,0.0,0.0,0.0,0.0
34475.0,32.928383109059595,1.5,100.0,100.0,0.0,118.95,107.0,0.0,0.0,0.0,0.0,0.0,0.0
20640.0,31.84561734112738,1.1312413903367289,75.20690030095061,100.0,1.0,91.28,109.0,0.0,0.0,0.0,0.0,0.0,0.0
22701.0,51.644533843597536,1.3211968071468612,83.2564684973944,100.0,3.0,95.402,93.0,0.0,0.0,0.0,0.0,0.0,0.0
17783.0,53.32269588574208,1.1011335132660645,61.85387837355671,91.5367110548368,3.0,85.566,99.0,0.0,0.0,0.0,0.0,0.0,0.0
24436.0,42.30900681323532,1.0036969258324313,77.70344247303738,100.0,2.0,98.872,89.0,0.0,0.0,0.0,0.0,1.0,0.0
22399.0,44.820720317502015,1.0138968583689307,74.03800386976255,100.0,1.0,94.798,99.0,0.0,0.0,0.0,0.0,0.0,0.0
13908.0,42.91082042629128,1.279594043269794,45.48480088106671,69.85144632564665,0.0,77.816,178.0,0.0,0.0,1.0,0.0,0.0,1.0
41649.0,24.522250538609008,1.5,100.0,100.0,3.0,133.298,94.0,0.0,0.0,1.0,0.0,0.0,0.0
48929.0,23.28585607906011,1.5,100.0,100.0,2.0,147.858,105.0,0.0,0.0,1.0,0.0,0.0,0.0
37936.0,29.54447397263113,1.5,100.0,100.0,4.0,125.872,87.0,0.0,0.0,1.0,0.0,0.0,0.0
53149.0,36.598460497127945,1.5,100.0,100.0,0.0,156.298,90.0,0.0,0.0,0.0,0.0,0.0,0.0
18101.0,47.09979280757783,1.0733857015875394,63.918048646206046,93.13881259783562,0.0,86.202,84.0,0.0,0.0,0.0,0.0,0.0,0.0
29824.0,35.765180622437114,1.5,100.0,100.0,4.0,109.648,93.0,0.0,0.0,1.0,0.0,0.0,1.0
36650.0,20.8317647205081,1.5,100.0,100.0,2.0,123.3,86.0,1.0,0.0,0.0,0.0,0.0,0.0
7366.0,41.40031578575876,1.0411234246943415,16.103079136048322,37.76259470175377,0.0,64.732,224.0,1.0,0.0,0.0,0.0,0.0,0.0
7813.0,66.71192861062495,1.316166100127684,34.36875008020397,37.94866877671547,0.0,65.626,223.0,1.0,1.0,0.0,0.0,0.0,0.0
61234.0,31.61031949176664,1.5,100.0,100.0,1.0,172.46800000000002,80.0,1.0,0.0,0.0,0.0,0.0,0.0
15708.0,54.705474511521984,1.1636030946945093,52.83948405371427,74.88874846408046,0.0,81.416,90.0,1.0,0.0,0.0,0.0,0.0,0.0
43672.0,24.57302590816714,1.5,100.0,100.0,5.0,137.344,127.0,1.0,1.0,0.0,0.0,0.0,0.0
27123.0,33.01330866177097,1.5,83.33181399546172,100.0,1.0,104.246,91.0,1.0,0.0,0.0,0.0,0.0,0.0
9586.0,45.52961089914612,1.1565107421627785,30.35602441699534,52.61901717114038,1.0,69.172,221.0,1.0,1.0,0.0,0.0,0.0,0.0
28636.0,20.0,1.5,90.44037955146736,100.0,0.0,107.272,101.0,1.0,0.0,0.0,0.0,0.0,0.0
40239.0,33.27448742485132,1.5,100.0,100.0,3.0,130.478,98.0,1.0,1.0,0.0,0.0,0.0,0.0
10655.0,63.05668878116265,1.1397700450775152,39.62044624501376,53.64857749226877,0.0,71.31,191.0,1.0,0.0,0.0,0.0,0.0,0.0
39068.0,38.02895262542931,1.5,100.0,100.0,0.0,128.136,99.0,1.0,0.0,1.0,0.0,0.0,0.0
34896.0,42.66177597621218,1.5,100.0,100.0,1.0,119.792,102.0,1.0,0.0,0.0,0.0,0.0,0.0
22005.0,43.78924567609446,1.1957323326496945,79.61686658090218,100.0,0.0,94.01,102.0,1.0,0.0,1.0,0.0,0.0,0.0
44144.0,44.575177776433264,1.5,100.0,100.0,1.0,138.288,98.0,1.0,0.0,0.0,0.0,0.0,0.0
5055.0,51.558839906913896,1.3578856419022451,25.42212659154039,30.033933378958984,1.0,60.11,220.0,1.0,0.0,0.0,0.0,0.0,0.0
12548.0,60.33068825851305,1.3982197058958277,33.77175098377732,66.29627681535233,0.0,75.096,183.0,1.0,0.0,0.0,0.0,0.0,0.0
48562.0,41.79373170574121,1.5,100.0,100.0,3.0,147.124,90.0,1.0,0.0,0.0,0.0,0.0,0.0
41662.0,45.20979605147626,1.5,100.0,100.0,1.0,133.324,108.0,1.0,0.0,0.0,0.0,0.0,1.0
18575.0,49.803511621244525,1.25991629100505,53.598868652860375,89.68825856104313,0.0,87.15,90.0,1.0,0.0,0.0,0.0,0.0,0.0
34038.0,38.838235638312696,1.5,100.0,100.0,0.0,118.076,114.0,0.0,0.0,0.0,0.0,0.0,0.0
22423.0,34.42063337991091,1.3846315884155662,76.31279835337104,100.0,2.0,94.846,88.0,0.0,0.0,0.0,0.0,0.0,0.0
21453.0,31.91315869010861,1.037725060585099,70.07256101420282,100.0,5.0,92.906,113.0,0.0,1.0,0.0,0.0,0.0,0.0
45322.0,42.12186657627037,1.5,100.0,100.0,4.0,140.644,104.0,0.0,0.0,0.0,0.0,0.0,0.0
36929.0,33.89160462807271,1.5,100.0,100.0,0.0,123.858,98.0,0.0,1.0,0.0,0.0,0.0,0.0
31168.0,42.61348563373434,1.5,100.0,100.0,2.0,112.336,108.0,0.0,0.0,0.0,0.0,0.0,0.0
41320.0,26.125845823031675,1.5,100.0,100.0,1.0,132.64,95.0,0.0,0.0,1.0,0.0,0.0,0.0
20758.0,47.974006913911,1.14862924340648,63.09393796911642,99.93323114119126,1.0,91.516,95.0,0.0,0.0,1.0,0.0,0.0,0.0
46778.0,45.104418828265366,1.5,100.0,100.0,2.0,143.55599999999998,97.0,0.0,0.0,0.0,0.0,0.0,1.0
25636.0,31.20284179785312,1.5,90.37865455997743,100.0,0.0,101.272,98.0,0.0,0.0,0.0,0.0,0.0,0.0
23896.0,39.88740542130473,1.35411313163876,76.88513866173953,100.0,3.0,97.792,100.0,0.0,0.0,0.0,0.0,1.0,0.0
14687.0,28.21277237651473,1.1443227304983004,55.48385087016675,72.95639055122446,0.0,79.374,212.0,0.0,0.0,0.0,1.0,0.0,0.0
23549.0,48.80239595796829,1.1139554555612243,76.8293036690549,100.0,3.0,97.098,112.0,0.0,0.0,0.0,0.0,0.0,0.0
26843.0,27.815767603151563,1.5,96.03008937805056,100.0,2.0,103.686,120.0,0.0,0.0,1.0,0.0,0.0,0.0
31422.0,35.69536323086962,1.5,99.13349355989416,100.0,0.0,112.844,96.0,0.0,0.0,0.0,0.0,0.0,0.0
27671.0,63.33892231937442,1.5,98.9372658920036,100.0,3.0,105.342,108.0,0.0,1.0,0.0,0.0,0.0,0.0
32740.0,45.61509157175844,1.5,100.0,100.0,1.0,115.48,95.0,0.0,0.0,1.0,0.0,0.0,0.0
25784.0,22.22050114678802,1.5,78.34347989749075,100.0,2.0,101.568,97.0,0.0,0.0,0.0,1.0,0.0,0.0
39834.0,40.24867577885309,1.5,100.0,100.0,3.0,129.668,99.0,0.0,0.0,0.0,1.0,0.0,0.0
33720.0,40.08535317627131,1.5,100.0,100.0,1.0,117.44,97.0,0.0,0.0,1.0,0.0,0.0,0.0
15569.0,38.23945633451195,1.162050429334744,59.34707700359031,78.09207541182266,0.0,81.138,89.0,0.0,1.0,0.0,0.0,0.0,0.0
62089.0,29.742550167319536,1.5,100.0,100.0,1.0,174.178,101.0,0.0,0.0,1.0,0.0,0.0,0.0
12409.0,43.79502586100641,1.220196987786367,37.5092061981792,62.38102401525427,0.0,74.818,193.0,0.0,0.0,0.0,0.0,0.0,0.0
53006.0,46.11192411454277,1.5,100.0,100.0,2.0,156.012,114.0,0.0,0.0,0.0,0.0,0.0,0.0
32148.0,33.1927770981822,1.5,100.0,100.0,1.0,114.296,101.0,0.0,0.0,0.0,0.0,0.0,0.0
29931.0,36.79695381106207,1.5,90.11777485850868,100.0,4.0,109.862,99.0,0.0,0.0,1.0,0.0,0.0,0.0
11146.0,44.35128558946639,1.3583338706760648,46.277857274856416,59.52563237612782,0.0,72.292,201.0,0.0,0.0,1.0,0.0,0.0,0.0
26775.0,41.457378503779054,1.5,95.98877689619913,100.0,1.0,103.55,120.0,0.0,0.0,0.0,0.0,0.0,0.0
27609.0,20.0,1.5,92.05480954850708,100.0,2.0,105.218,95.0,0.0,0.0,0.0,0.0,0.0,0.0
17903.0,45.7793729655821,1.2520742276218289,65.75176561805048,89.03508287987081,0.0,85.806,98.0,0.0,1.0,0.0,0.0,0.0,0.0
21501.0,38.47098014821551,1.231762252434662,77.6334160523569,100.0,3.0,93.002,90.0,0.0,0.0,1.0,0.0,0.0,0.0
34528.0,42.79300472732236,1.5,100.0,100.0,2.0,119.056,98.0,0.0,0.0,0.0,0.0,0.0,0.0
15198.0,49.60328390011182,1.0136781799684755,57.03665798428236,72.99266154717998,0.0,80.396,98.0,0.0,0.0,1.0,0.0,0.0,0.0
41323.0,36.34801423290203,1.5,100.0,100.0,1.0,132.64600000000002,110.0,0.0,0.0,0.0,0.0,0.0,1.0
15336.0,48.057533090340605,1.2420012245352132,48.96255709973576,72.8632407300314,1.0,80.672,101.0,0.0,0.0,0.0,0.0,0.0,0.0
39022.0,24.171594711316565,1.5,100.0,100.0,0.0,128.04399999999998,96.0,0.0,0.0,0.0,0.0,0.0,0.0
25840.0,28.883948537954154,1.5,85.17520378114101,100.0,1.0,101.68,106.0,0.0,0.0,1.0,0.0,0.0,0.0
28347.0,38.19672612576052,1.5,86.56563856353343,100.0,2.0,106.694,100.0,0.0,0.0,0.0,0.0,0.0,1.0
28950.0,25.1875405139933,1.5,100.0,100.0,2.0,107.9,108.0,0.0,0.0,1.0,0.0,0.0,0.0
21445.0,57.37738105749225,1.0711193354260995,62.50812415626183,100.0,0.0,92.89,83.0,0.0,0.0,0.0,0.0,0.0,0.0
13099.0,44.05825215270701,1.3395009866675371,43.89372448259081,67.56187708460544,0.0,76.19800000000001,176.0,0.0,0.0,0.0,0.0,0.0,0.0
29150.0,32.86567302912076,1.5,100.0,100.0,0.0,108.3,97.0,0.0,0.0,1.0,0.0,0.0,0.0
18715.0,53.86508802075525,1.2330403747137997,55.24953405884555,93.02905428577836,0.0,87.43,99.0,0.0,0.0,0.0,0.0,0.0,0.0
44415.0,31.946908464814356,1.5,100.0,100.0,0.0,138.82999999999998,119.0,0.0,0.0,0.0,1.0,0.0,1.0
11638.0,37.85335883159007,1.267970536864529,38.19113149416213,57.02722174719455,0.0,73.276,182.0,0.0,0.0,0.0,0.0,0.0,0.0
43657.0,20.0,1.5,100.0,100.0,2.0,137.314,102.0,0.0,0.0,1.0,0.0,0.0,1.0
40270.0,29.36702332454117,1.5,100.0,100.0,0.0,130.54000000000002,115.0,0.0,0.0,0.0,0.0,0.0,0.0
23322.0,49.348863403635846,1.1093318332498652,80.54694692595473,100.0,2.0,96.644,108.0,0.0,0.0,0.0,0.0,0.0,0.0
33435.0,51.5886969445533,1.5,100.0,100.0,3.0,116.87,91.0,0.0,0.0,0.0,1.0,0.0,0.0
22548.0,20.0,1.17974634865006,75.02391039575859,100.0,1.0,95.096,89.0,0.0,1.0,0.0,0.0,0.0,0.0
22349.0,45.4646127315419,1.0470706050581196,68.01382429299052,100.0,0.0,94.698,100.0,1.0,0.0,0.0,0.0,0.0,0.0
22393.0,36.7908684182716,1.1514825430261508,81.00552902821669,100.0,1.0,94.786,90.0,1.0,0.0,0.0,0.0,0.0,0.0
8077.0,53.89263424758976,1.3431203749130365,18.086355744661358,40.6501561652163,0.0,66.154,196.0,1.0,0.0,1.0,0.0,0.0,0.0
14593.0,35.53017234382652,1.3319672123947834,56.49645724004294,69.83334406294583,1.0,79.186,195.0,1.0,0.0,0.0,0.0,0.0,1.0
50527.0,30.924106553403043,1.5,100.0,100.0,2.0,151.054,104.0,1.0,1.0,0.0,0.0,0.0,0.0
21300.0,50.91214784616692,1.0319660437386426,61.01108369170508,100.0,0.0,92.6,97.0,1.0,0.0,0.0,0.0,0.0,0.0
47597.0,45.68687353658907,1.5,100.0,100.0,5.0,145.19400000000002,104.0,1.0,0.0,0.0,0.0,1.0,0.0
28791.0,37.192041876335885,1.5,98.04203840442474,100.0,1.0,107.582,111.0,1.0,0.0,0.0,0.0,0.0,0.0
12758.0,48.475180359052686,1.2213569760919054,45.412429797222245,60.47628210885095,1.0,75.51599999999999,208.0,1.0,0.0,1.0,0.0,0.0,1.0
39643.0,30.588748008038927,1.5,100.0,100.0,0.0,129.286,102.0,1.0,0.0,0.0,1.0,0.0,1.0
26387.0,42.19776519477698,1.5,93.26047072628728,100.0,2.0,102.774,83.0,1.0,0.0,0.0,0.0,0.0,0.0
7762.0,41.1132160654636,1.2497601949888653,29.460509131766266,38.68527570405,0.0,65.524,215.0,1.0,0.0,1.0,0.0,0.0,0.0
40678.0,39.819678270528925,1.5,100.0,100.0,2.0,131.356,117.0,1.0,0.0,0.0,0.0,0.0,0.0
51373.0,26.00632720162744,1.5,100.0,100.0,2.0,152.74599999999998,108.0,0.0,0.0,0.0,0.0,0.0,0.0
21921.0,51.81783181834629,1.283756298100451,81.77088392781462,100.0,1.0,93.842,107.0,0.0,0.0,0.0,0.0,0.0,0.0
24153.0,32.71651234762096,1.2388602817932588,79.66090814746825,100.0,2.0,98.306,90.0,0.0,0.0,1.0,0.0,0.0,1.0
29064.0,46.32702173216112,1.5,92.75604057631014,100.0,5.0,108.128,100.0,0.0,1.0,0.0,0.0,0.0,0.0
19524.0,32.147772131457906,1.2890598809443423,69.52608658659076,100.0,1.0,89.048,90.0,0.0,0.0,0.0,0.0,0.0,0.0
13052.0,46.27173919194286,1.145747317640032,52.27867298256122,66.88803086375735,2.0,76.104,212.0,0.0,1.0,0.0,0.0,0.0,0.0
12359.0,22.7426666261111,1.2436482488853189,31.32645709440661,66.69222890466307,0.0,74.718,213.0,0.0,0.0,0.0,0.0,0.0,0.0
28358.0,32.337870495935086,1.5,90.21354486306254,100.0,2.0,106.716,108.0,0.0,0.0,0.0,1.0,0.0,0.0
28210.0,34.10664134528954,1.5,86.07197146894474,100.0,6.0,106.42,93.0,0.0,0.0,0.0,0.0,0.0,0.0
30581.0,45.270703006441394,1.5,100.0,100.0,1.0,111.162,97.0,0.0,0.0,0.0,0.0,0.0,0.0
18197.0,42.6024667523586,1.0127366978192391,63.7925467592673,92.08748978289805,1.0,86.394,112.0,0.0,0.0,0.0,0.0,0.0,0.0
25278.0,28.471289640963946,1.5,87.9774491046288,100.0,3.0,100.556,101.0,0.0,0.0,0.0,0.0,1.0,0.0
50491.0,43.23356829477173,1.5,100.0,100.0,3.0,150.982,105.0,0.0,0.0,0.0,0.0,0.0,0.0
30987.0,51.186680462086265,1.5,100.0,100.0,1.0,111.974,90.0,0.0,0.0,0.0,0.0,0.0,0.0
43164.0,20.504764792945387,1.5,100.0,100.0,1.0,136.328,106.0,0.0,0.0,0.0,0.0,0.0,1.0
16540.0,54.68498802624876,1.079107051047007,61.520256307768754,86.81085131574048,1.0,83.08,110.0,0.0,0.0,0.0,0.0,0.0,0.0
26658.0,54.682444551617735,1.5,80.52387353703014,100.0,4.0,103.316,98.0,0.0,0.0,0.0,0.0,0.0,0.0
8307.0,57.90180638778603,1.295286720054528,25.724904108499565,37.244079223318415,1.0,66.614,209.0,0.0,0.0,0.0,0.0,0.0,0.0
26005.0,27.49711330825961,1.5,91.70399256408552,100.0,2.0,102.01,109.0,0.0,0.0,0.0,0.0,0.0,1.0
19403.0,54.27664911372537,1.1536640732369927,72.86620883402449,100.0,2.0,88.806,101.0,0.0,0.0,0.0,0.0,0.0,0.0
33908.0,21.50356265137496,1.5,100.0,100.0,5.0,117.816,92.0,0.0,0.0,0.0,1.0,0.0,0.0
24639.0,43.8963524070814,1.3194452063693802,81.30097542958801,100.0,1.0,99.278,87.0,0.0,0.0,0.0,0.0,0.0,0.0
22745.0,42.12870143770129,1.0213666687738043,77.9826189415046,100.0,4.0,95.49,109.0,0.0,0.0,0.0,0.0,0.0,0.0
44289.0,33.65802310714547,1.5,100.0,100.0,1.0,138.578,100.0,0.0,0.0,1.0,0.0,0.0,0.0
41757.0,42.45856518098577,1.5,100.0,100.0,1.0,133.514,94.0,0.0,0.0,0.0,0.0,0.0,1.0
13041.0,47.28940215164548,1.1026130470443911,44.74435359095236,60.973671033817546,3.0,76.082,201.0,0.0,0.0,1.0,0.0,0.0,0.0
7011.0,45.30423680042477,1.072193203227253,28.37168149897324,32.0995132623253,1.0,64.022,200.0,0.0,0.0,0.0,0.0,0.0,0.0
26369.0,29.85176103639272,1.5,82.55226035541624,100.0,1.0,102.738,90.0,0.0,0.0,1.0,0.0,0.0,0.0
33865.0,29.064096406094357,1.5,100.0,100.0,4.0,117.73,113.0,0.0,0.0,0.0,0.0,0.0,1.0
27717.0,31.41802008712224,1.5,83.01799259625483,100.0,1.0,105.434,103.0,0.0,0.0,0.0,0.0,0.0,0.0
25677.0,34.51223735499383,1.5,94.55489071444936,100.0,1.0,101.354,99.0,0.0,0.0,0.0,0.0,0.0,0.0
38586.0,22.92395492433539,1.5,100.0,100.0,2.0,127.172,100.0,0.0,0.0,1.0,0.0,0.0,0.0
24897.0,35.28231942260106,1.3480572022206947,90.83852355072078,100.0,3.0,99.794,97.0,0.0,0.0,0.0,0.0,0.0,0.0
26921.0,43.62939711242224,1.5,97.83620430230027,100.0,0.0,103.842,91.0,0.0,0.0,0.0,0.0,0.0,0.0
6939.0,28.8970184448884,1.395968596509976,17.28771743838751,35.142796153701,4.0,63.878,214.0,0.0,1.0,0.0,0.0,0.0,0.0
54199.0,32.98961228133365,1.5,100.0,100.0,3.0,158.398,115.0,0.0,0.0,1.0,0.0,0.0,0.0
60884.0,23.490288378262623,1.5,100.0,100.0,5.0,171.768,96.0,0.0,0.0,0.0,0.0,0.0,0.0
19506.0,28.776793867062345,1.3858742225787366,72.53113308699213,100.0,1.0,89.012,102.0,0.0,0.0,0.0,0.0,0.0,0.0
53914.0,36.56090738456852,1.5,100.0,100.0,4.0,157.828,104.0,0.0,0.0,0.0,0.0,0.0,1.0
26000.0,23.849151929247004,1.5,81.26516993757788,100.0,5.0,102.0,92.0,0.0,0.0,0.0,0.0,0.0,0.0
46418.0,31.18111356540671,1.5,100.0,100.0,0.0,142.836,104.0,0.0,0.0,0.0,0.0,0.0,0.0
27901.0,40.37670118201897,1.5,85.08353928789616,100.0,4.0,105.802,98.0,0.0,0.0,0.0,0.0,0.0,0.0
25822.0,50.052386894064135,1.5,83.83695335424692,100.0,4.0,101.644,93.0,0.0,0.0,0.0,0.0,0.0,0.0
47572.0,43.69825681396013,1.5,100.0,100.0,3.0,145.144,119.0,0.0,0.0,0.0,0.0,1.0,0.0
13297.0,51.46083241211854,1.3114057179410228,49.72556637793904,63.74782627293668,2.0,76.594,179.0,0.0,0.0,0.0,0.0,0.0,0.0
22893.0,54.45940960639437,1.1299546425924871,76.65096709380266,100.0,2.0,95.786,93.0,0.0,0.0,0.0,0.0,0.0,0.0
52509.0,35.24479669851911,1.5,100.0,100.0,2.0,155.018,95.0,0.0,0.0,0.0,0.0,0.0,0.0
22446.0,47.22716062600965,1.0080997519160368,79.2057560030456,100.0,3.0,94.892,105.0,0.0,0.0,0.0,0.0,0.0,0.0
37545.0,29.472852713920847,1.5,100.0,100.0,3.0,125.09,72.0,0.0,0.0,0.0,0.0,0.0,0.0
18563.0,43.18139934209838,1.2010597338489128,64.99940754830706,91.96982086699605,1.0,87.126,94.0,0.0,0.0,0.0,0.0,0.0,0.0
14020.0,30.999434628366203,1.1718803228172638,51.3140858097371,67.52415912544863,0.0,78.03999999999999,188.0,0.0,0.0,0.0,0.0,0.0,0.0
36592.0,36.13757683480277,1.5,100.0,100.0,1.0,123.184,107.0,1.0,1.0,0.0,0.0,0.0,0.0
24079.0,41.905289253005606,1.0495042664336045,71.86415981516214,100.0,0.0,98.158,79.0,1.0,0.0,0.0,0.0,0.0,0.0
15303.0,54.94002788368847,1.0067333279442243,48.81578201678667,78.06022269010941,0.0,80.606,108.0,1.0,0.0,0.0,0.0,0.0,1.0
21543.0,27.650243030541247,1.379576052513704,63.27463008554468,100.0,0.0,93.086,95.0,1.0,0.0,0.0,0.0,0.0,0.0
28960.0,20.0,1.5,95.71808116061516,100.0,0.0,107.92,98.0,1.0,0.0,1.0,0.0,0.0,0.0
31886.0,34.91129067710427,1.5,100.0,100.0,3.0,113.772,95.0,1.0,0.0,0.0,0.0,0.0,0.0
23594.0,66.17519401731036,1.238784114738211,74.46426131155104,100.0,2.0,97.188,105.0,1.0,0.0,0.0,0.0,0.0,0.0
39791.0,37.41076078803295,1.5,100.0,100.0,1.0,129.582,108.0,1.0,0.0,0.0,1.0,0.0,1.0
23155.0,44.28293653715031,1.29177759533062,71.93465020100304,100.0,2.0,96.31,95.0,1.0,0.0,0.0,0.0,0.0,0.0
34628.0,22.690215031947403,1.5,100.0,100.0,2.0,119.256,84.0,1.0,0.0,0.0,0.0,0.0,0.0
32313.0,25.02242217340645,1.5,100.0,100.0,1.0,114.626,86.0,1.0,0.0,0.0,0.0,0.0,0.0
38415.0,34.63552679741962,1.5,100.0,100.0,2.0,126.83,98.0,1.0,0.0,0.0,0.0,0.0,0.0
33311.0,30.144098879549908,1.5,100.0,100.0,3.0,116.622,101.0,1.0,0.0,0.0,0.0,0.0,0.0
20795.0,41.373380286439215,1.3854748663826604,78.25246220116986,100.0,4.0,91.59,115.0,1.0,0.0,0.0,0.0,0.0,0.0
29070.0,37.88090521987325,1.5,100.0,100.0,1.0,108.14,105.0,1.0,0.0,0.0,0.0,0.0,0.0
29749.0,30.7799410329092,1.5,96.76152422981576,100.0,3.0,109.498,109.0,1.0,1.0,0.0,0.0,0.0,0.0
18332.0,30.735360885762542,1.1384741230854556,61.62452603824666,88.98128602103105,0.0,86.664,95.0,1.0,0.0,0.0,0.0,1.0,0.0
62718.0,28.95486139440205,1.5,100.0,100.0,2.0,175.436,97.0,1.0,0.0,1.0,0.0,0.0,1.0
30673.0,44.41066551451931,1.5,100.0,100.0,4.0,111.346,97.0,1.0,0.0,1.0,0.0,0.0,0.0
8400.0,49.30739933981851,1.3476188409907266,30.86648627351577,39.294186765157136,0.0,66.8,194.0,1.0,0.0,0.0,0.0,0.0,0.0
12675.0,43.35370902471812,1.2505204379095465,33.92911406141803,67.22493613395025,0.0,75.35,202.0,0.0,1.0,0.0,0.0,0.0,0.0
25308.0,46.28956735182948,1.5,88.02416619095173,100.0,1.0,100.616,102.0,0.0,0.0,0.0,0.0,0.0,0.0
44756.0,20.0,1.5,100.0,100.0,2.0,139.512,96.0,0.0,1.0,0.0,0.0,0.0,0.0
6166.0,59.606803321291366,1.231256269504848,11.605070537620875,28.38313801171271,1.0,62.332,216.0,0.0,0.0,0.0,0.0,0.0,0.0
37330.0,40.172102161589606,1.5,100.0,100.0,1.0,124.66,115.0,0.0,0.0,0.0,0.0,0.0,1.0
25241.0,41.25476000304051,1.5,84.6841324660835,100.0,6.0,100.482,98.0,0.0,0.0,0.0,0.0,0.0,0.0
37875.0,33.312280605620906,1.5,100.0,100.0,3.0,125.75,88.0,0.0,0.0,0.0,0.0,0.0,1.0
37837.0,34.17113016125135,1.5,100.0,100.0,4.0,125.674,101.0,0.0,0.0,0.0,0.0,0.0,0.0
22341.0,45.21665411703564,1.2349418524551956,65.09674921353452,100.0,0.0,94.682,111.0,0.0,0.0,0.0,0.0,0.0,0.0
34190.0,42.25590175482321,1.5,100.0,100.0,3.0,118.38,93.0,0.0,0.0,0.0,0.0,0.0,0.0
32282.0,39.85918339459116,1.5,100.0,100.0,3.0,114.564,84.0,0.0,0.0,0.0,0.0,0.0,0.0
62260.0,50.14247599980887,1.5,100.0,100.0,3.0,174.51999999999998,111.0,0.0,0.0,0.0,1.0,0.0,1.0
21894.0,37.750806571083984,1.2728905506823964,82.30869620168639,100.0,0.0,93.788,90.0,0.0,0.0,0.0,0.0,0.0,0.0
38046.0,45.21494986407439,1.5,100.0,100.0,3.0,126.092,104.0,0.0,0.0,0.0,0.0,0.0,1.0
24520.0,36.33026543567448,1.3502305466670856,82.03608680255535,100.0,0.0,99.04,86.0,0.0,0.0,1.0,0.0,0.0,1.0
40924.0,28.293237635949016,1.5,100.0,100.0,1.0,131.848,103.0,0.0,1.0,0.0,0.0,0.0,0.0
30410.0,32.58847507738347,1.5,100.0,100.0,2.0,110.82,105.0,0.0,0.0,0.0,0.0,0.0,0.0
25166.0,31.728629533617276,1.5,93.22909023176162,100.0,2.0,100.332,105.0,0.0,0.0,0.0,0.0,0.0,0.0
59274.0,45.77737417692207,1.5,100.0,100.0,4.0,168.548,84.0,0.0,1.0,0.0,0.0,0.0,0.0
47542.0,30.618484943792133,1.5,100.0,100.0,2.0,145.084,111.0,0.0,0.0,0.0,0.0,0.0,0.0
25109.0,37.34637995941334,1.5,85.16314092872712,100.0,2.0,100.218,83.0,0.0,0.0,1.0,0.0,0.0,0.0
27408.0,38.09859944367681,1.5,82.01837173527908,100.0,5.0,104.816,102.0,0.0,0.0,0.0,0.0,0.0,0.0
34320.0,38.52422914384314,1.5,100.0,100.0,2.0,118.64,108.0,0.0,0.0,0.0,0.0,0.0,1.0
12829.0,54.26708473009714,1.3650410086955604,47.37397375344057,67.43194942244001,1.0,75.658,196.0,0.0,0.0,0.0,0.0,0.0,0.0
21442.0,46.06082710258342,1.3201640253300413,71.16069636018649,100.0,1.0,92.884,91.0,0.0,0.0,0.0,0.0,0.0,0.0
63860.0,45.673798415063,1.5,100.0,100.0,4.0,177.72,103.0,0.0,0.0,0.0,0.0,0.0,0.0
46282.0,20.0,1.5,100.0,100.0,6.0,142.564,90.0,0.0,1.0,0.0,0.0,0.0,0.0
16637.0,38.40940309485459,1.1636757498879196,65.29239377242526,78.19353697437404,0.0,83.274,99.0,0.0,0.0,0.0,0.0,0.0,0.0
35016.0,39.97217980453193,1.5,100.0,100.0,0.0,120.032,107.0,0.0,1.0,0.0,0.0,0.0,0.0
18094.0,41.88630758729006,1.344820342790451,62.59350011411208,89.01724967947527,0.0,86.188,132.0,0.0,0.0,0.0,0.0,0.0,0.0
13816.0,58.47678085512624,1.2914836993901408,51.27756363664281,71.78772688210607,1.0,77.632,175.0,0.0,0.0,0.0,0.0,0.0,0.0
37085.0,22.77637192995746,1.5,100.0,100.0,2.0,124.17,108.0,0.0,1.0,0.0,0.0,0.0,0.0
12193.0,50.40424002530429,1.1696948981181092,40.49178712130522,64.52853348813508,0.0,74.386,201.0,0.0,0.0,0.0,0.0,0.0,0.0
32569.0,30.26117130214281,1.5,100.0,100.0,2.0,115.138,92.0,0.0,0.0,0.0,0.0,0.0,0.0
36876.0,35.76579931203467,1.5,100.0,100.0,0.0,123.752,93.0,0.0,0.0,0.0,0.0,0.0,0.0
38967.0,52.85586702476073,1.5,100.0,100.0,2.0,127.934,110.0,0.0,0.0,0.0,0.0,0.0,0.0
23573.0,48.816370677020345,1.3620535499376742,72.58954032581059,100.0,0.0,97.146,107.0,0.0,1.0,0.0,0.0,0.0,0.0
32399.0,29.506499087986697,1.5,100.0,100.0,3.0,114.798,91.0,0.0,0.0,0.0,1.0,0.0,0.0
42194.0,29.25597529395004,1.5,100.0,100.0,3.0,134.388,93.0,0.0,0.0,0.0,0.0,0.0,0.0
18658.0,52.13597488557311,1.200398734644878,59.19737183959271,96.00906243400088,1.0,87.316,109.0,0.0,0.0,0.0,0.0,1.0,0.0
52085.0,43.22342298687552,1.5,100.0,100.0,3.0,154.17000000000002,95.0,1.0,0.0,0.0,0.0,0.0,1.0
26034.0,37.06276405844901,1.5,80.35385904572627,100.0,2.0,102.068,93.0,1.0,0.0,0.0,0.0,1.0,0.0
12475.0,40.04696757396584,1.242470922312707,40.36028952756061,66.71576849271484,0.0,74.95,188.0,1.0,0.0,0.0,0.0,0.0,0.0
42231.0,35.9390648166045,1.5,100.0,100.0,2.0,134.462,103.0,1.0,0.0,0.0,0.0,0.0,0.0
29015.0,29.01936676351172,1.5,93.22959651041572,100.0,1.0,108.03,106.0,1.0,0.0,0.0,0.0,0.0,0.0
25195.0,42.45186881893828,1.5,83.06485621958016,100.0,3.0,100.39,100.0,1.0,0.0,0.0,1.0,0.0,0.0
21171.0,54.559380601783104,1.2022166893718955,74.45463757646274,100.0,1.0,92.342,107.0,1.0,0.0,1.0,0.0,0.0,0.0
30459.0,31.933117844795,1.5,95.2335187769012,100.0,5.0,110.918,115.0,1.0,0.0,1.0,0.0,0.0,0.0
30973.0,49.59538174877942,1.5,100.0,100.0,4.0,111.946,92.0,1.0,0.0,0.0,0.0,0.0,0.0
12674.0,60.16347465799197,1.264590707542515,50.22288852721509,66.20960787061018,3.0,75.348,154.0,1.0,0.0,0.0,0.0,0.0,0.0
24603.0,39.87506609119098,1.12840792422036,77.31648140129334,100.0,2.0,99.206,88.0,1.0,1.0,0.0,0.0,0.0,0.0
29229.0,46.08980238527103,1.5,100.0,100.0,1.0,108.458,98.0,1.0,0.0,0.0,0.0,0.0,0.0
41675.0,20.0,1.5,100.0,100.0,0.0,133.35,99.0,1.0,0.0,0.0,0.0,0.0,0.0
33000.0,20.0,1.5,100.0,100.0,2.0,116.0,83.0,1.0,0.0,0.0,0.0,0.0,0.0
28416.0,37.447846196035,1.5,88.57037743639596,100.0,0.0,106.832,100.0,1.0,0.0,0.0,0.0,1.0,0.0
31402.0,64.62213864420545,1.5,100.0,100.0,2.0,112.804,83.0,1.0,0.0,0.0,0.0,0.0,0.0
22355.0,52.87358046694336,1.3096013251639038,70.15583320951957,100.0,2.0,94.71,104.0,1.0,1.0,0.0,0.0,0.0,0.0
22207.0,44.29539659534005,1.2942961799573796,64.33333166713975,100.0,0.0,94.414,101.0,1.0,0.0,0.0,0.0,0.0,0.0
25666.0,37.26592126177998,1.5,81.69498159500017,100.0,3.0,101.332,99.0,0.0,0.0,0.0,0.0,0.0,0.0
34433.0,54.19281300144459,1.5,100.0,100.0,1.0,118.866,93.0,0.0,0.0,0.0,0.0,0.0,0.0
21101.0,42.86568934801759,1.132114804996844,74.83407678094801,100.0,0.0,92.202,95.0,0.0,0.0,0.0,0.0,0.0,0.0
27673.0,31.165219810761133,1.5,96.41079325378786,100.0,1.0,105.346,107.0,0.0,0.0,0.0,0.0,0.0,0.0
28792.0,31.65149270388821,1.5,98.60407152818654,100.0,2.0,107.584,103.0,0.0,1.0,0.0,0.0,0.0,0.0
11895.0,50.7997217103361,1.0833190892338769,43.789939272608365,57.31920323903792,0.0,73.78999999999999,190.0,0.0,0.0,0.0,0.0,0.0,0.0
54979.0,23.830196914094717,1.5,100.0,100.0,2.0,159.958,90.0,0.0,0.0,0.0,0.0,0.0,0.0
10402.0,41.5563666932314,1.2861128525308707,41.889231130536736,47.10582687713156,1.0,70.804,194.0,0.0,0.0,1.0,0.0,0.0,0.0
10008.0,45.781951316934254,1.280190987876057,31.494847743826227,50.51715708179235,1.0,70.01599999999999,172.0,0.0,0.0,0.0,0.0,0.0,0.0
30174.0,51.01898791589981,1.5,95.32953390011248,100.0,2.0,110.348,90.0,0.0,0.0,0.0,0.0,0.0,0.0
40077.0,24.800312812323117,1.5,100.0,100.0,1.0,130.154,97.0,0.0,0.0,0.0,0.0,0.0,0.0
35509.0,41.70957572095812,1.5,100.0,100.0,1.0,121.018,85.0,0.0,0.0,0.0,0.0,0.0,0.0
39760.0,42.42288507578304,1.5,100.0,100.0,1.0,129.51999999999998,100.0,0.0,0.0,0.0,0.0,0.0,0.0
41115.0,49.58885388632469,1.5,100.0,100.0,1.0,132.23000000000002,93.0,0.0,0.0,0.0,0.0,0.0,1.0
56855.0,46.35046561869691,1.5,100.0,100.0,2.0,163.70999999999998,109.0,0.0,0.0,0.0,0.0,0.0,0.0
5435.0,46.82973360305262,1.2935320477685823,18.89846956711162,24.160829782260837,0.0,60.87,198.0,0.0,1.0,0.0,0.0,0.0,0.0
40375.0,42.72336040294309,1.5,100.0,100.0,1.0,130.75,108.0,0.0,0.0,0.0,1.0,0.0,0.0
44413.0,32.66120396686632,1.5,100.0,100.0,3.0,138.826,108.0,0.0,0.0,1.0,0.0,0.0,0.0
7254.0,43.177581758214615,1.2860917159105192,33.32213105712064,38.17974151151565,1.0,64.508,200.0,0.0,1.0,0.0,0.0,0.0,0.0
39051.0,36.25558522473578,1.5,100.0,100.0,3.0,128.102,110.0,0.0,1.0,0.0,0.0,0.0,0.0
40631.0,20.0,1.5,100.0,100.0,5.0,131.262,103.0,0.0,0.0,0.0,0.0,0.0,0.0
25780.0,37.618572072457255,1.5,92.44207164543327,100.0,1.0,101.56,102.0,0.0,0.0,0.0,0.0,0.0,0.0
60573.0,27.432196329791328,1.5,100.0,100.0,2.0,171.14600000000002,100.0,0.0,0.0,0.0,0.0,0.0,0.0
15809.0,43.51570598935815,1.289676978661662,59.00898497360723,82.76413988758637,2.0,81.618,107.0,0.0,0.0,0.0,0.0,0.0,0.0
50843.0,39.065402937519806,1.5,100.0,100.0,2.0,151.686,95.0,0.0,0.0,0.0,1.0,0.0,0.0
16632.0,26.744878910152902,1.2855565877312451,45.70244251123267,81.31785383439879,1.0,83.26400000000001,105.0,0.0,0.0,0.0,0.0,1.0,0.0
18954.0,47.175134959387854,1.071488051682359,54.82692991491572,98.58531048042006,1.0,87.908,113.0,0.0,0.0,0.0,0.0,0.0,0.0
22900.0,33.77849438513586,1.09016084590752,71.13978870317067,100.0,4.0,95.8,110.0,0.0,0.0,0.0,0.0,0.0,0.0
24205.0,38.73499783956673,1.275439808270198,77.20632767572056,100.0,0.0,98.41,105.0,0.0,0.0,1.0,0.0,0.0,0.0
38097.0,41.72979960469693,1.5,100.0,100.0,3.0,126.194,88.0,0.0,0.0,0.0,0.0,0.0,0.0
8970.0,32.267445481931404,1.0394060293874134,31.11313707001364,41.04885870824005,0.0,67.94,198.0,0.0,0.0,0.0,0.0,0.0,0.0
21647.0,28.369444851194807,1.1206414265188658,63.76115250268727,100.0,0.0,93.294,84.0,0.0,0.0,0.0,0.0,0.0,0.0
48373.0,47.1298392854937,1.5,100.0,100.0,0.0,146.74599999999998,84.0,0.0,0.0,1.0,0.0,0.0,0.0
59327.0,36.49995089907739,1.5,100.0,100.0,3.0,168.654,108.0,0.0,0.0,0.0,0.0,0.0,0.0
38516.0,52.63485607417745,1.5,100.0,100.0,2.0,127.032,89.0,0.0,0.0,0.0,1.0,0.0,0.0
27658.0,20.0,1.5,85.62965689935888,100.0,3.0,105.316,108.0,0.0,0.0,0.0,0.0,0.0,0.0
36121.0,50.807270423985166,1.5,100.0,100.0,3.0,122.242,80.0,0.0,0.0,0.0,0.0,0.0,0.0
18418.0,42.17687958075071,1.1291351110925238,54.77221516236503,96.5069483150166,0.0,86.836,106.0,0.0,0.0,1.0,0.0,0.0,0.0
36123.0,40.54967164998613,1.5,100.0,100.0,1.0,122.246,124.0,0.0,0.0,0.0,0.0,0.0,0.0
26105.0,30.27315611563008,1.5,77.20790092367623,100.0,3.0,102.21,95.0,0.0,0.0,0.0,0.0,0.0,0.0
20728.0,46.405089042856055,1.2389595564748612,72.82495189375909,100.0,2.0,91.456,108.0,0.0,1.0,0.0,0.0,0.0,0.0
10047.0,67.05786352677399,1.311194447488203,31.999166652688675,46.77362969453837,1.0,70.094,198.0,0.0,0.0,0.0,0.0,0.0,0.0
37328.0,28.61276679473585,1.5,100.0,100.0,1.0,124.656,96.0,0.0,0.0,0.0,0.0,0.0,0.0
28444.0,35.62179229812288,1.5,93.53867602942174,100.0,3.0,106.888,108.0,0.0,0.0,0.0,0.0,0.0,0.0
30044.0,33.77220472720661,1.5,93.10488939357724,100.0,4.0,110.088,96.0,0.0,0.0,0.0,0.0,0.0,0.0
15407.0,67.44682255430256,1.36031280007537,59.48727930905645,80.25417380588762,0.0,80.814,95.0,0.0,0.0,0.0,0.0,0.0,0.0
45339.0,29.164394521039263,1.5,100.0,100.0,0.0,140.678,106.0,1.0,0.0,0.0,0.0,0.0,0.0
43255.0,34.688396351985226,1.5,100.0,100.0,3.0,136.51,100.0,1.0,0.0,0.0,0.0,1.0,0.0
13655.0,53.02332777884466,1.2609026071094176,45.65753740540086,64.77471059463497,0.0,77.31,209.0,1.0,0.0,0.0,0.0,0.0,0.0
24676.0,48.432976909241546,1.3316274584864365,87.47347913705161,100.0,3.0,99.352,109.0,1.0,0.0,1.0,0.0,0.0,1.0
36221.0,22.681412889280224,1.5,100.0,100.0,2.0,122.442,101.0,1.0,0.0,0.0,0.0,0.0,0.0
26613.0,59.87200767392342,1.5,96.96970812862016,100.0,1.0,103.226,86.0,1.0,0.0,0.0,0.0,1.0,0.0
26997.0,45.43070491970361,1.5,91.00632650901412,100.0,5.0,103.994,92.0,1.0,0.0,0.0,0.0,0.0,0.0
21085.0,57.58761239760069,1.3356691242041188,75.46658295660096,100.0,3.0,92.17,99.0,1.0,0.0,0.0,0.0,0.0,0.0
37670.0,26.869771478311776,1.5,100.0,100.0,0.0,125.34,99.0,1.0,0.0,0.0,0.0,0.0,0.0
28992.0,26.846888852118923,1.5,100.0,100.0,2.0,107.984,76.0,1.0,0.0,0.0,0.0,0.0,0.0
33202.0,53.06357159372557,1.5,100.0,100.0,5.0,116.404,91.0,1.0,0.0,1.0,0.0,0.0,0.0
64007.0,35.00160507407085,1.5,100.0,100.0,3.0,178.014,115.0,1.0,0.0,0.0,0.0,0.0,0.0
15811.0,40.91580149868683,1.3087272848410565,47.05167001843847,76.29175212054938,0.0,81.622,92.0,1.0,0.0,0.0,0.0,0.0,0.0
27650.0,39.819016320403385,1.5,94.0632742138464,100.0,2.0,105.3,110.0,1.0,0.0,0.0,0.0,0.0,0.0
39944.0,43.058977770010685,1.5,100.0,100.0,6.0,129.888,100.0,1.0,0.0,0.0,0.0,0.0,0.0
37747.0,36.14232644502356,1.5,100.0,100.0,1.0,125.494,93.0,1.0,0.0,1.0,0.0,0.0,0.0
37842.0,31.40159539219612,1.5,100.0,100.0,0.0,125.684,114.0,0.0,0.0,0.0,1.0,0.0,0.0
35550.0,23.84579996469794,1.5,100.0,100.0,2.0,121.1,79.0,0.0,1.0,0.0,0.0,0.0,0.0
23597.0,36.27405473593847,1.0092253547988908,75.59281465302475,100.0,0.0,97.194,83.0,0.0,0.0,0.0,0.0,0.0,0.0
28356.0,48.16879838468482,1.5,99.2061933321721,100.0,0.0,106.712,101.0,0.0,0.0,0.0,1.0,0.0,0.0
25613.0,31.486105320852083,1.5,85.19743606342912,100.0,1.0,101.226,100.0,0.0,0.0,0.0,0.0,0.0,0.0
25955.0,48.686507868999136,1.5,96.41046926595718,100.0,0.0,101.91,96.0,0.0,0.0,0.0,0.0,0.0,1.0
38997.0,43.24607291922028,1.5,100.0,100.0,3.0,127.994,97.0,0.0,0.0,0.0,0.0,0.0,0.0
27053.0,61.980404568174265,1.5,99.59361469636688,100.0,4.0,104.106,104.0,0.0,0.0,0.0,1.0,0.0,0.0
15136.0,73.24167009402728,1.2005988382144257,45.40707090226535,77.53161200614187,1.0,80.27199999999999,93.0,0.0,0.0,1.0,0.0,0.0,0.0
22474.0,58.12207993601532,1.3441401339234225,67.7186965660419,100.0,0.0,94.948,101.0,0.0,0.0,0.0,0.0,0.0,0.0
19073.0,57.362351239265394,1.0818614118585308,54.87647187344204,91.15991748352688,1.0,88.146,88.0,0.0,1.0,0.0,0.0,0.0,0.0
6567.0,30.481263831268308,1.0485663061247816,13.975555156630923,36.79937435718737,0.0,63.134,187.0,0.0,0.0,0.0,0.0,0.0,1.0
43058.0,23.079217354241827,1.5,100.0,100.0,2.0,136.116,100.0,0.0,0.0,0.0,0.0,0.0,0.0
33428.0,30.549965174622653,1.5,100.0,100.0,4.0,116.856,98.0,0.0,0.0,0.0,0.0,0.0,1.0
18077.0,38.308572493326665,1.1870632496752165,58.84010722184791,91.82978025979884,1.0,86.154,108.0,0.0,0.0,1.0,0.0,0.0,0.0
62658.0,42.74773390074357,1.5,100.0,100.0,1.0,175.316,103.0,0.0,0.0,0.0,1.0,0.0,0.0
43428.0,20.0,1.5,100.0,100.0,0.0,136.856,97.0,0.0,0.0,0.0,0.0,0.0,0.0
14381.0,46.96637741750245,1.0611312710903569,38.59135347875104,69.37311745154037,2.0,78.762,191.0,0.0,0.0,0.0,1.0,0.0,0.0
23081.0,52.67439127001189,1.020388827527556,85.17938470513033,100.0,4.0,96.162,101.0,0.0,0.0,0.0,0.0,0.0,0.0
17351.0,42.35526215903089,1.093303056581599,60.68320450568264,86.30867733503564,0.0,84.702,81.0,0.0,1.0,0.0,0.0,0.0,0.0
25596.0,23.534498362925422,1.5,85.76486503133768,100.0,3.0,101.192,109.0,0.0,0.0,0.0,0.0,0.0,0.0
37423.0,20.0,1.5,100.0,100.0,2.0,124.846,122.0,0.0,1.0,0.0,0.0,0.0,0.0
39916.0,20.28020722970571,1.5,100.0,100.0,4.0,129.832,107.0,0.0,0.0,0.0,0.0,0.0,0.0
45623.0,39.8561258014952,1.5,100.0,100.0,4.0,141.24599999999998,97.0,0.0,0.0,0.0,0.0,0.0,0.0
58987.0,25.20977870424203,1.5,100.0,100.0,1.0,167.974,105.0,0.0,0.0,0.0,0.0,0.0,0.0
9882.0,23.188247623343223,1.3685469610798071,34.14008728154518,44.861109955203936,0.0,69.764,206.0,0.0,1.0,0.0,0.0,0.0,0.0
27649.0,43.756049308219175,1.5,100.0,100.0,2.0,105.298,111.0,0.0,1.0,0.0,0.0,0.0,0.0
33369.0,40.158553280253294,1.5,100.0,100.0,3.0,116.738,99.0,0.0,0.0,0.0,0.0,0.0,1.0
52115.0,31.950187001516696,1.5,100.0,100.0,0.0,154.23000000000002,100.0,0.0,0.0,0.0,0.0,0.0,0.0
22102.0,31.75138696149761,1.27097387377852,83.61803476508507,100.0,0.0,94.204,112.0,0.0,0.0,1.0,0.0,0.0,0.0
7454.0,51.948161429230936,1.2794461224044482,21.640193437580045,36.06905188618226,1.0,64.908,210.0,0.0,1.0,0.0,0.0,0.0,0.0
31032.0,41.28871254452503,1.5,100.0,100.0,0.0,112.064,114.0,0.0,0.0,0.0,0.0,0.0,0.0
46471.0,37.94843563152678,1.5,100.0,100.0,3.0,142.942,102.0,0.0,1.0,0.0,0.0,0.0,0.0
11712.0,46.02382198347653,1.2273451035390377,30.109314482512566,58.65750411613767,0.0,73.424,222.0,0.0,0.0,0.0,1.0,0.0,0.0
44329.0,34.80484560595935,1.5,100.0,100.0,2.0,138.65800000000002,109.0,0.0,0.0,0.0,0.0,0.0,0.0
24592.0,37.57720314491263,1.172296789952518,90.53623775124618,100.0,1.0,99.184,97.0,0.0,0.0,0.0,0.0,0.0,1.0
25467.0,28.36110494386833,1.5,90.3486708071951,100.0,3.0,100.934,85.0,0.0,0.0,0.0,0.0,0.0,0.0
9720.0,40.923394214340654,1.135776882294954,24.873836641347584,50.05693868383918,1.0,69.44,200.0,0.0,0.0,1.0,0.0,0.0,0.0
31286.0,32.17192734887873,1.5,100.0,100.0,1.0,112.572,96.0,0.0,0.0,1.0,0.0,0.0,0.0
54821.0,43.44905922621709,1.5,100.0,100.0,0.0,159.642,105.0,0.0,0.0,0.0,0.0,0.0,0.0
37256.0,32.94642776121185,1.5,100.0,100.0,1.0,124.512,99.0,0.0,0.0,0.0,0.0,0.0,0.0
27328.0,53.47660002942449,1.5,98.80531523033004,100.0,1.0,104.656,100.0,0.0,0.0,0.0,0.0,0.0,0.0
28891.0,24.862668464348385,1.5,100.0,100.0,1.0,107.782,112.0,0.0,1.0,0.0,0.0,0.0,0.0
13485.0,35.696884288543345,1.1960362764857446,49.97140957696021,67.57795437631445,0.0,76.97,203.0,0.0,1.0,0.0,0.0,0.0,0.0
12707.0,25.10965803828704,1.3991591411016868,40.97653350803005,65.79742588507371,1.0,75.414,221.0,0.0,0.0,0.0,1.0,0.0,0.0
12955.0,43.344210274324055,1.2983204195064042,36.63844121314779,65.83352968383896,0.0,75.91,201.0,0.0,0.0,1.0,0.0,0.0,0.0
20396.0,56.21076368449011,1.2610039971147011,66.29869600396002,97.98171007201434,1.0,90.792,87.0,0.0,0.0,0.0,0.0,0.0,0.0
30896.0,46.86215734402434,1.5,95.9099737429034,100.0,2.0,111.792,99.0,0.0,0.0,0.0,0.0,0.0,1.0
19755.0,67.74988413536465,1.0499533252962585,59.25995043575788,100.0,1.0,89.50999999999999,98.0,0.0,0.0,0.0,0.0,0.0,1.0
25391.0,36.91442047344609,1.5,76.5568869089397,100.0,3.0,100.782,97.0,1.0,0.0,0.0,0.0,0.0,0.0
27268.0,43.890021156230894,1.5,90.22560578937583,100.0,3.0,104.536,95.0,1.0,0.0,0.0,0.0,0.0,1.0
12485.0,48.11039065368078,1.1974309754688728,40.34929308454987,60.115510550804856,1.0,74.97,200.0,1.0,0.0,0.0,0.0,0.0,0.0
29774.0,37.86015807634625,1.5,100.0,100.0,2.0,109.548,115.0,1.0,0.0,0.0,0.0,1.0,0.0
15281.0,45.46085013540464,1.167042098920959,45.17753391052585,76.62041449193514,1.0,80.562,94.0,1.0,0.0,0.0,0.0,0.0,0.0
20626.0,41.89603515044934,1.3707762492480433,59.2419595194871,100.0,1.0,91.252,104.0,1.0,0.0,0.0,1.0,0.0,0.0
12915.0,63.10534841351559,1.0289144930201268,50.91685905608382,65.68930807227889,0.0,75.83,204.0,1.0,1.0,0.0,0.0,0.0,0.0
51898.0,27.145880066773437,1.5,100.0,100.0,2.0,153.796,94.0,1.0,0.0,0.0,0.0,0.0,0.0
25959.0,34.61348231172675,1.5,95.2984370419754,100.0,2.0,101.918,111.0,1.0,0.0,0.0,0.0,0.0,0.0
15140.0,47.357870641980334,1.0638308931146854,58.23769432073403,80.60723910553779,0.0,80.28,76.0,1.0,0.0,0.0,0.0,0.0,1.0
16492.0,47.3107107448192,1.3184148619454248,45.13438576583896,85.8852705128761,2.0,82.98400000000001,109.0,1.0,0.0,0.0,0.0,0.0,0.0
11109.0,25.516214932678487,1.1042517191499863,30.48254540538448,51.93427479912863,0.0,72.218,212.0,1.0,0.0,0.0,0.0,0.0,0.0
49897.0,50.511225894664136,1.5,100.0,100.0,0.0,149.79399999999998,107.0,1.0,0.0,0.0,1.0,0.0,0.0
12337.0,38.04897337923473,1.2826243257291992,48.52816649827337,64.53273203142385,0.0,74.674,176.0,1.0,0.0,0.0,0.0,0.0,0.0
33182.0,40.42774673912562,1.5,100.0,100.0,4.0,116.364,109.0,1.0,1.0,0.0,0.0,0.0,0.0
6356.0,45.56167256467118,1.3291801280088864,19.90345944535773,32.146209028549585,0.0,62.712,201.0,1.0,0.0,0.0,1.0,0.0,0.0
53732.0,38.13238249000712,1.5,100.0,100.0,1.0,157.464,83.0,1.0,0.0,0.0,0.0,0.0,0.0
26419.0,48.23824612720908,1.5,95.4433214923694,100.0,1.0,102.838,114.0,1.0,0.0,1.0,0.0,0.0,0.0
41555.0,31.44453328809294,1.5,100.0,100.0,2.0,133.11,77.0,1.0,0.0,0.0,0.0,0.0,0.0
19539.0,65.97543915047065,1.2954284154539577,74.35415802445719,93.86046687715196,2.0,89.078,95.0,1.0,1.0,0.0,0.0,0.0,0.0
11690.0,33.01073928536303,1.269185669244726,39.582825228475,57.30424178086645,0.0,73.38,213.0,1.0,1.0,0.0,0.0,0.0,0.0
22095.0,49.44874916677123,1.357872469733067,64.55516627741103,100.0,1.0,94.19,94.0,1.0,0.0,0.0,0.0,0.0,0.0
30608.0,52.47059144553514,1.5,100.0,100.0,1.0,111.216,102.0,0.0,1.0,0.0,0.0,0.0,0.0
21812.0,63.12356292509493,1.2378393815795912,71.10638263578566,100.0,3.0,93.624,97.0,0.0,0.0,0.0,0.0,0.0,0.0
21994.0,89.79084251025756,1.2827603606702882,78.20834719437143,100.0,3.0,93.988,116.0,0.0,0.0,0.0,0.0,0.0,0.0
28866.0,55.72598540762519,1.5,100.0,100.0,3.0,107.732,96.0,0.0,0.0,0.0,0.0,1.0,0.0
46737.0,25.679631344126463,1.5,100.0,100.0,2.0,143.474,82.0,0.0,0.0,0.0,0.0,0.0,0.0
42214.0,48.258207169727854,1.5,100.0,100.0,1.0,134.428,92.0,0.0,0.0,0.0,0.0,0.0,0.0
36517.0,24.560790197510165,1.5,100.0,100.0,3.0,123.034,82.0,0.0,0.0,0.0,0.0,0.0,0.0
38512.0,37.58401715534633,1.5,100.0,100.0,1.0,127.024,78.0,0.0,0.0,0.0,1.0,0.0,0.0
32150.0,35.82029929388116,1.5,100.0,100.0,0.0,114.3,113.0,0.0,1.0,0.0,0.0,0.0,0.0
22015.0,40.32453452117203,1.1465570666859222,78.47576898864547,100.0,4.0,94.03,91.0,0.0,0.0,0.0,0.0,0.0,0.0
24946.0,54.40456578374197,1.005722995917694,75.51658610401233,100.0,2.0,99.892,103.0,0.0,0.0,0.0,0.0,0.0,0.0
23214.0,56.07272972003804,1.3296597620799564,74.04635630330485,100.0,1.0,96.428,111.0,0.0,0.0,0.0,0.0,0.0,0.0
20585.0,56.32287374838938,1.1856900664756795,65.17825102461,100.0,1.0,91.17,93.0,0.0,0.0,1.0,0.0,0.0,1.0
27025.0,41.3695253999487,1.5,84.46623269798495,100.0,2.0,104.05,100.0,0.0,0.0,0.0,0.0,0.0,0.0
63898.0,21.99066569235941,1.5,100.0,100.0,2.0,177.796,92.0,0.0,0.0,1.0,0.0,0.0,0.0
42815.0,38.90721375923101,1.5,100.0,100.0,3.0,135.63,103.0,0.0,0.0,0.0,0.0,0.0,0.0
39165.0,29.97609252279941,1.5,100.0,100.0,1.0,128.32999999999998,97.0,0.0,0.0,1.0,0.0,0.0,0.0
19347.0,29.820508850532967,1.371985430312204,71.6238760665313,96.33880875425976,2.0,88.694,100.0,0.0,0.0,0.0,0.0,0.0,0.0
21190.0,27.56668597933432,1.2227157907675386,72.26714502828695,100.0,3.0,92.38,102.0,0.0,0.0,0.0,0.0,0.0,0.0
18010.0,43.33902236982898,1.166736263704147,66.81036501862089,91.2807103340252,1.0,86.02000000000001,98.0,0.0,0.0,0.0,0.0,0.0,0.0
21454.0,60.07567453806985,1.2005371521699115,73.99375213322261,100.0,4.0,92.908,118.0,0.0,0.0,0.0,0.0,0.0,1.0
6823.0,52.96935925658596,1.187424550453365,29.65107228518257,35.20746310375778,1.0,63.646,186.0,0.0,0.0,0.0,0.0,0.0,0.0
23470.0,45.17219582730561,1.3438270355244455,87.6084021821894,100.0,3.0,96.94,101.0,0.0,0.0,0.0,0.0,0.0,1.0
23912.0,54.87320711625677,1.054254880608252,77.39127742745364,100.0,1.0,97.824,103.0,0.0,0.0,0.0,0.0,0.0,0.0
37008.0,34.394230597485446,1.5,100.0,100.0,3.0,124.016,97.0,0.0,0.0,0.0,1.0,0.0,0.0
23928.0,37.58428741106492,1.1705278667217258,84.01088530573185,100.0,1.0,97.856,103.0,0.0,0.0,0.0,0.0,0.0,0.0
29023.0,38.58920508872643,1.5,100.0,100.0,0.0,108.046,100.0,0.0,0.0,0.0,0.0,0.0,0.0
16367.0,47.07882428633328,1.1333672005784066,44.91256446692317,84.32995505461676,1.0,82.73400000000001,109.0,0.0,0.0,0.0,0.0,0.0,0.0
39235.0,29.227790436178864,1.5,100.0,100.0,2.0,128.47,101.0,0.0,0.0,0.0,1.0,0.0,0.0
23182.0,34.52815644751772,1.2848435731414305,70.50614004674883,100.0,5.0,96.364,95.0,0.0,0.0,0.0,0.0,0.0,0.0
18097.0,56.418965369680095,1.2141795998589735,67.53935739997759,90.39026737025472,1.0,86.194,112.0,0.0,0.0,0.0,0.0,1.0,0.0
28386.0,45.46879032323288,1.5,91.90389402583769,100.0,3.0,106.772,99.0,0.0,0.0,1.0,0.0,0.0,0.0
10566.0,54.66883416755744,1.3378039673069142,37.23092478002072,49.17369613892024,0.0,71.132,178.0,0.0,0.0,0.0,0.0,0.0,1.0
15848.0,60.026978663441966,1.2579929048212566,50.31432236095904,76.32267821267568,1.0,81.696,89.0,0.0,0.0,0.0,0.0,0.0,0.0
36833.0,27.867679893754456,1.5,100.0,100.0,2.0,123.666,87.0,0.0,0.0,0.0,0.0,0.0,0.0
30798.0,38.367229815965,1.5,100.0,100.0,3.0,111.596,106.0,0.0,0.0,0.0,0.0,0.0,0.0
45636.0,38.35696582154742,1.5,100.0,100.0,3.0,141.272,84.0,0.0,0.0,0.0,0.0,0.0,0.0
53459.0,40.3874092567595,1.5,100.0,100.0,3.0,156.918,99.0,0.0,0.0,0.0,0.0,0.0,0.0
27373.0,38.95144333156907,1.5,100.0,100.0,1.0,104.746,94.0,0.0,0.0,0.0,0.0,0.0,0.0
37157.0,46.41830927736233,1.5,100.0,100.0,2.0,124.314,104.0,0.0,0.0,0.0,0.0,0.0,0.0
47146.0,31.08950274020908,1.5,100.0,100.0,0.0,144.292,87.0,0.0,1.0,0.0,0.0,0.0,0.0
16369.0,54.67429419154058,1.2883730193367644,60.21064923635653,86.1839897130397,0.0,82.738,114.0,0.0,0.0,0.0,0.0,0.0,0.0
46696.0,56.74837707063181,1.5,100.0,100.0,1.0,143.392,99.0,0.0,0.0,0.0,0.0,0.0,0.0
41527.0,37.274672678806986,1.5,100.0,100.0,4.0,133.054,97.0,0.0,0.0,0.0,0.0,0.0,0.0
57740.0,41.29135298257784,1.5,100.0,100.0,2.0,165.48000000000002,100.0,0.0,0.0,1.0,0.0,0.0,0.0
46602.0,34.17409674583488,1.5,100.0,100.0,5.0,143.204,95.0,0.0,0.0,0.0,0.0,0.0,0.0
14638.0,51.47407526599769,1.2005551072019536,56.43564707721645,68.59240421610619,1.0,79.276,207.0,0.0,0.0,1.0,0.0,0.0,0.0
23124.0,41.89588961740024,1.201471029368425,83.68954057373249,100.0,6.0,96.248,107.0,0.0,0.0,0.0,0.0,0.0,0.0
34565.0,38.10479277005933,1.5,100.0,100.0,1.0,119.13,74.0,0.0,0.0,0.0,0.0,0.0,0.0
38155.0,27.087504702324324,1.5,100.0,100.0,6.0,126.31,104.0,0.0,0.0,0.0,0.0,1.0,0.0
17842.0,45.79856835769304,1.37837114451843,59.622820426601486,93.47413878583696,0.0,85.684,100.0,0.0,0.0,0.0,1.0,0.0,0.0
18017.0,36.203936908360106,1.3681050391979814,66.16720391476734,86.49578921519375,2.0,86.03399999999999,100.0,0.0,0.0,0.0,0.0,0.0,0.0
21905.0,41.74336778684,1.1254643636702677,72.09853755875332,100.0,3.0,93.81,82.0,0.0,0.0,0.0,0.0,0.0,0.0
31702.0,20.39329617482009,1.5,100.0,100.0,3.0,113.404,97.0,0.0,0.0,0.0,0.0,0.0,0.0
44744.0,28.900972930507976,1.5,100.0,100.0,2.0,139.488,113.0,1.0,0.0,0.0,0.0,0.0,0.0
24896.0,30.443182734064848,1.1865788359035565,84.50203829771235,100.0,4.0,99.792,103.0,1.0,0.0,0.0,1.0,0.0,0.0
22829.0,39.1983627787548,1.0168510947811982,67.54888371858827,100.0,0.0,95.658,98.0,1.0,1.0,0.0,0.0,0.0,0.0
17036.0,40.83100363880611,1.268491231142668,50.67631128127587,82.18048633153633,0.0,84.072,79.0,1.0,0.0,0.0,1.0,0.0,0.0
15931.0,46.33238286586444,1.054037822638124,56.37631312341411,79.87138196590652,0.0,81.862,104.0,1.0,0.0,0.0,0.0,0.0,0.0
34668.0,30.171993113150503,1.5,100.0,100.0,4.0,119.336,98.0,1.0,1.0,0.0,0.0,0.0,0.0
10227.0,34.09607801192561,1.2414022013798478,37.82774237184797,50.07014012663621,2.0,70.45400000000001,208.0,1.0,0.0,0.0,0.0,0.0,0.0
7161.0,42.18629464472757,1.054541518044303,26.319037489806902,34.05168877893458,0.0,64.322,230.0,1.0,0.0,0.0,0.0,0.0,0.0
11286.0,61.55433080903119,1.1228833547292765,30.70121587461068,59.82903954556566,0.0,72.572,200.0,1.0,0.0,0.0,0.0,0.0,0.0
21194.0,33.70184969735437,1.3234834579282977,64.45309112978703,100.0,1.0,92.388,113.0,1.0,0.0,0.0,0.0,0.0,1.0
16583.0,27.437697655204232,1.2824009638268763,61.47556684972472,84.02037427306733,0.0,83.166,113.0,1.0,1.0,0.0,0.0,0.0,0.0
19715.0,43.57714307554852,1.0439111580229568,68.66704641264758,97.9520964641674,0.0,89.43,90.0,1.0,0.0,0.0,0.0,0.0,0.0
51935.0,20.0,1.5,100.0,100.0,1.0,153.87,87.0,1.0,0.0,0.0,0.0,0.0,1.0
26821.0,35.09511839940994,1.5,81.88942606963171,100.0,4.0,103.642,100.0,1.0,0.0,0.0,1.0,0.0,0.0
23020.0,49.3053789319813,1.0833331429954145,72.25769670355233,100.0,4.0,96.04,124.0,1.0,0.0,0.0,0.0,0.0,0.0
16972.0,25.43592548820764,1.1645363161660087,56.6482072408279,88.00512879616403,2.0,83.944,101.0,1.0,0.0,0.0,0.0,1.0,0.0
22545.0,57.17548021950716,1.0540281425223736,71.44755451835499,100.0,7.0,95.09,100.0,0.0,0.0,0.0,1.0,0.0,1.0
37490.0,23.41998193477768,1.5,100.0,100.0,4.0,124.98,120.0,0.0,0.0,0.0,0.0,0.0,0.0
8159.0,55.3873474414457,1.1324377168001425,24.076326187888608,38.69751220190906,0.0,66.318,207.0,0.0,0.0,0.0,0.0,0.0,0.0
17034.0,53.21564124624614,1.0845652063103617,61.68440253383035,86.63263377040728,1.0,84.068,101.0,0.0,0.0,1.0,0.0,0.0,1.0
30666.0,38.26563015863055,1.5,100.0,100.0,1.0,111.332,107.0,0.0,0.0,0.0,0.0,0.0,0.0
54921.0,32.20963265942776,1.5,100.0,100.0,1.0,159.84199999999998,86.0,0.0,1.0,0.0,0.0,0.0,0.0
40367.0,29.439474425205965,1.5,100.0,100.0,4.0,130.73399999999998,101.0,0.0,0.0,0.0,0.0,0.0,0.0
9172.0,63.9557477322856,1.1985499231891417,26.58224092433378,49.90673437531737,0.0,68.344,210.0,0.0,0.0,1.0,0.0,0.0,0.0
20847.0,56.87505520512655,1.298660573135038,73.89490801549964,100.0,2.0,91.694,107.0,0.0,0.0,0.0,0.0,0.0,1.0
21238.0,42.67400761564514,1.0349391953925715,75.14789067842538,100.0,2.0,92.476,109.0,0.0,0.0,0.0,0.0,1.0,0.0
23432.0,51.12821044442915,1.0520654375510674,84.64032721209009,100.0,3.0,96.864,111.0,0.0,0.0,0.0,0.0,0.0,0.0
16371.0,35.587068638634186,1.0319943831762786,56.61906526327189,85.36126644813613,0.0,82.74199999999999,86.0,0.0,0.0,0.0,0.0,0.0,1.0
31647.0,52.77644818819429,1.5,100.0,100.0,6.0,113.294,98.0,0.0,0.0,0.0,0.0,0.0,0.0
44134.0,22.602898000296516,1.5,100.0,100.0,2.0,138.268,103.0,0.0,0.0,0.0,0.0,0.0,0.0
19384.0,49.58722845202067,1.225032421505865,57.278463449993566,92.09552717558311,1.0,88.768,79.0,0.0,0.0,0.0,0.0,0.0,0.0
6961.0,57.52055091558079,1.3258426737499682,19.46169874643772,33.781498583230125,2.0,63.922,194.0,0.0,0.0,0.0,0.0,0.0,0.0
24471.0,56.51515145933001,1.2534529749064454,75.31958661663839,100.0,6.0,98.942,103.0,0.0,0.0,0.0,0.0,0.0,0.0
30318.0,37.22464862342473,1.5,100.0,100.0,2.0,110.636,108.0,0.0,0.0,0.0,0.0,0.0,0.0
60655.0,39.10460221902078,1.5,100.0,100.0,3.0,171.31,99.0,0.0,0.0,0.0,0.0,0.0,0.0
23617.0,37.9383779317793,1.3850608560909707,81.7552116156092,100.0,3.0,97.234,115.0,0.0,0.0,1.0,0.0,0.0,1.0
28174.0,37.46170430362572,1.5,90.05843295590957,100.0,4.0,106.348,100.0,0.0,0.0,0.0,0.0,0.0,0.0
18957.0,58.985322446780685,1.2023363449836235,66.08393436702237,98.88137922306656,1.0,87.914,99.0,0.0,0.0,0.0,1.0,0.0,0.0
9214.0,29.35105080964222,1.2208306785124992,26.56832983707346,50.91059572385412,0.0,68.428,167.0,0.0,1.0,0.0,0.0,0.0,0.0
7454.0,50.51398342778242,1.025301612349717,22.144018853074893,41.82286613849495,0.0,64.908,212.0,0.0,0.0,0.0,0.0,0.0,0.0
36038.0,31.92710161325282,1.5,100.0,100.0,1.0,122.076,121.0,0.0,0.0,0.0,0.0,0.0,0.0
41356.0,26.439989647255555,1.5,100.0,100.0,3.0,132.712,103.0,0.0,0.0,0.0,0.0,0.0,0.0
15194.0,39.92971737208976,1.0044955930661508,45.190574960420726,74.29711581932374,0.0,80.388,121.0,0.0,1.0,0.0,0.0,0.0,0.0
16523.0,24.941937783859306,1.264433506907542,60.05777891083482,80.07403042563267,0.0,83.04599999999999,106.0,0.0,0.0,0.0,0.0,0.0,0.0
52602.0,31.8331651203659,1.5,100.0,100.0,2.0,155.204,103.0,0.0,1.0,0.0,0.0,0.0,0.0
41982.0,35.3764737216936,1.5,100.0,100.0,4.0,133.964,103.0,0.0,0.0,0.0,0.0,0.0,1.0
18325.0,33.234520260587566,1.2270149470141674,69.53286400895293,92.89776640596514,0.0,86.65,113.0,0.0,0.0,0.0,0.0,1.0,1.0
8536.0,47.43620021489824,1.3440822548826905,27.36830579469478,44.63510476458275,1.0,67.072,203.0,0.0,0.0,1.0,0.0,0.0,1.0
37075.0,30.915004818437936,1.5,100.0,100.0,2.0,124.15,108.0,0.0,0.0,0.0,0.0,0.0,1.0
57299.0,46.97494516564363,1.5,100.0,100.0,4.0,164.598,102.0,0.0,0.0,1.0,0.0,0.0,0.0
59488.0,27.38544443236149,1.5,100.0,100.0,6.0,168.976,104.0,0.0,0.0,0.0,0.0,0.0,0.0
15577.0,29.13472356342357,1.241526887587309,47.76285350664462,82.09113897950348,1.0,81.154,96.0,0.0,0.0,0.0,0.0,0.0,0.0
41495.0,42.217672558611554,1.5,100.0,100.0,0.0,132.99,99.0,0.0,0.0,1.0,0.0,0.0,0.0
54447.0,52.15088195332524,1.5,100.0,100.0,4.0,158.894,110.0,0.0,0.0,0.0,0.0,0.0,0.0
32081.0,43.56687789318613,1.5,100.0,100.0,2.0,114.162,104.0,0.0,0.0,0.0,0.0,0.0,0.0
17628.0,29.329534271939934,1.3663826381862711,60.478744593750136,85.24117686232358,0.0,85.256,99.0,0.0,0.0,0.0,0.0,0.0,0.0
28513.0,26.435804270386303,1.5,100.0,100.0,0.0,107.026,98.0,0.0,0.0,0.0,0.0,0.0,0.0
22198.0,66.04179275116769,1.3642064039728026,73.82610765561434,100.0,3.0,94.396,103.0,1.0,0.0,0.0,0.0,0.0,1.0
23166.0,47.21304893976557,1.1501231368113969,68.48052139663076,100.0,1.0,96.332,110.0,1.0,0.0,0.0,0.0,0.0,0.0
30001.0,40.60270477118585,1.5,97.96049369807844,100.0,0.0,110.002,94.0,1.0,0.0,0.0,0.0,0.0,0.0
9359.0,35.47480938723757,1.2405971811899763,36.703246285735176,46.34902803549664,1.0,68.718,196.0,1.0,0.0,0.0,0.0,0.0,0.0
25936.0,24.23060747334865,1.5,86.8916507469797,100.0,2.0,101.872,100.0,1.0,0.0,0.0,0.0,0.0,0.0
21780.0,42.170550246356406,1.2967037907563854,80.13678812150371,100.0,3.0,93.56,93.0,1.0,0.0,0.0,1.0,0.0,0.0
25976.0,33.35946767243931,1.5,78.22314512358604,100.0,2.0,101.952,101.0,1.0,0.0,0.0,0.0,0.0,0.0
23548.0,36.33267329339687,1.0218505155065938,81.11824774856572,100.0,3.0,97.096,90.0,1.0,0.0,0.0,0.0,0.0,0.0
22841.0,53.22842073216358,1.3689592109730035,80.31840029514366,100.0,0.0,95.682,106.0,1.0,0.0,0.0,0.0,0.0,0.0
17173.0,49.41488039260352,1.234954476303523,50.468069502026246,81.01722471491492,1.0,84.346,87.0,1.0,0.0,0.0,0.0,0.0,0.0
32697.0,20.0,1.5,100.0,100.0,6.0,115.394,87.0,1.0,0.0,0.0,0.0,0.0,0.0
27586.0,28.306337608812463,1.5,91.72945148803215,100.0,1.0,105.172,104.0,1.0,0.0,0.0,1.0,0.0,0.0
55125.0,25.69429292243337,1.5,100.0,100.0,1.0,160.25,102.0,1.0,0.0,0.0,1.0,0.0,0.0
50403.0,39.0043199385628,1.5,100.0,100.0,3.0,150.80599999999998,97.0,1.0,0.0,0.0,1.0,0.0,0.0
14563.0,40.280078273766655,1.3058066244144526,40.67713474431876,76.98965225554804,2.0,79.126,203.0,1.0,0.0,1.0,0.0,0.0,0.0
28319.0,35.533279658494386,1.5,100.0,100.0,3.0,106.638,99.0,1.0,0.0,0.0,0.0,0.0,0.0
17601.0,52.4958257137363,1.3755086444057558,48.888139906355896,83.06253262323301,0.0,85.202,97.0,1.0,0.0,0.0,0.0,0.0,0.0
5435.0,47.24816736691475,1.1204662148005036,13.01930996335694,28.67672313572511,0.0,60.87,176.0,1.0,0.0,0.0,0.0,0.0,0.0
51625.0,54.37562720390904,1.5,100.0,100.0,2.0,153.25,103.0,0.0,0.0,0.0,0.0,0.0,0.0
11859.0,44.31561631175173,1.3600619005790622,44.03446325570271,64.25615170192911,0.0,73.718,188.0,0.0,0.0,1.0,0.0,0.0,0.0
22157.0,28.470654376270403,1.1537270541833486,80.89856702760758,100.0,3.0,94.314,110.0,0.0,0.0,0.0,0.0,1.0,1.0
49598.0,38.64711773208485,1.5,100.0,100.0,2.0,149.196,105.0,0.0,1.0,0.0,0.0,0.0,1.0
39845.0,41.51386712186838,1.5,100.0,100.0,6.0,129.69,114.0,0.0,0.0,0.0,1.0,0.0,0.0
13839.0,37.04824987586166,1.393162093143876,52.82881606427424,68.99186754620486,1.0,77.678,198.0,0.0,0.0,0.0,0.0,0.0,0.0
32772.0,47.968796713609954,1.5,100.0,100.0,5.0,115.544,113.0,0.0,0.0,0.0,0.0,0.0,0.0
31178.0,23.20826781263691,1.5,100.0,100.0,3.0,112.356,110.0,0.0,0.0,1.0,0.0,0.0,0.0
14877.0,36.81475194349935,1.0941800582507772,59.275225888315695,74.80790139011367,1.0,79.754,199.0,0.0,0.0,0.0,0.0,0.0,0.0
50672.0,42.07058858401204,1.5,100.0,100.0,2.0,151.344,100.0,0.0,0.0,1.0,0.0,0.0,0.0
55635.0,27.785592501697945,1.5,100.0,100.0,3.0,161.26999999999998,92.0,0.0,0.0,0.0,0.0,0.0,0.0
30488.0,35.730821309274496,1.5,98.1725395380844,100.0,0.0,110.976,120.0,0.0,0.0,0.0,0.0,0.0,0.0
17758.0,34.80151512516476,1.220801711954127,53.416542732588375,84.05631686914106,1.0,85.51599999999999,98.0,0.0,0.0,0.0,0.0,0.0,0.0
18575.0,41.50770524584632,1.1827596283657962,71.60285048391738,93.02112791237762,3.0,87.15,109.0,0.0,0.0,0.0,0.0,0.0,0.0
16193.0,51.88108024404269,1.349582849098938,47.08326601303042,84.19355523645241,0.0,82.386,90.0,0.0,0.0,0.0,0.0,0.0,0.0
49780.0,37.78923097167444,1.5,100.0,100.0,2.0,149.56,108.0,0.0,0.0,0.0,0.0,0.0,0.0
16523.0,30.103903876489973,1.3624642538127572,63.33119918843461,78.16263777525826,0.0,83.04599999999999,97.0,0.0,0.0,0.0,0.0,0.0,0.0
22540.0,55.33299000054421,1.0342141437197847,71.05993835517046,100.0,1.0,95.08,89.0,0.0,0.0,1.0,0.0,0.0,0.0
43310.0,58.59900213310844,1.5,100.0,100.0,1.0,136.62,112.0,0.0,0.0,0.0,0.0,1.0,0.0
19015.0,46.93655316631493,1.353537721673737,70.22254695800922,99.53291271941704,1.0,88.03,99.0,0.0,0.0,1.0,0.0,0.0,0.0
29377.0,44.94518116028477,1.5,94.49403566525746,100.0,1.0,108.754,118.0,0.0,1.0,0.0,0.0,0.0,0.0
35575.0,43.94290528046484,1.5,100.0,100.0,1.0,121.15,117.0,0.0,0.0,0.0,0.0,0.0,0.0
26320.0,33.141943899002214,1.5,79.62390861334325,100.0,3.0,102.64,106.0,0.0,1.0,0.0,0.0,0.0,0.0
34525.0,48.4648059555603,1.5,100.0,100.0,0.0,119.05,105.0,0.0,0.0,0.0,0.0,1.0,0.0
46721.0,40.1486117993516,1.5,100.0,100.0,3.0,143.442,109.0,0.0,0.0,0.0,0.0,0.0,0.0
13591.0,34.385270270763726,1.04325278893575,46.2415137186379,70.59148633912554,0.0,77.182,204.0,0.0,0.0,0.0,1.0,0.0,0.0
16086.0,54.4433685479671,1.3973919737334508,57.48724873402252,82.2983039575155,0.0,82.172,103.0,0.0,1.0,0.0,0.0,0.0,0.0
21032.0,37.06538530368842,1.0961495816125866,73.78624020307487,100.0,0.0,92.064,92.0,0.0,0.0,0.0,0.0,0.0,0.0
42380.0,28.57284677889736,1.5,100.0,100.0,6.0,134.76,98.0,0.0,0.0,0.0,0.0,0.0,0.0
39479.0,40.95771996610703,1.5,100.0,100.0,1.0,128.958,94.0,0.0,0.0,0.0,0.0,0.0,0.0
17304.0,55.6418395292862,1.214319626226258,60.658838719046656,84.99809649585916,0.0,84.608,80.0,0.0,0.0,0.0,0.0,0.0,0.0
14915.0,56.651571238945216,1.076392812216081,47.81257478390143,74.96172499981623,1.0,79.83,214.0,0.0,1.0,0.0,0.0,0.0,0.0
45393.0,42.798745284307934,1.5,100.0,100.0,1.0,140.786,96.0,0.0,0.0,1.0,0.0,0.0,0.0
21303.0,45.99229623381073,1.1125113800292443,71.33010584347582,100.0,0.0,92.606,101.0,0.0,1.0,0.0,0.0,0.0,0.0
19892.0,41.95599059881499,1.2604502979809298,70.96190389430033,95.7107123945057,1.0,89.78399999999999,105.0,0.0,0.0,0.0,0.0,0.0,0.0
14529.0,43.44796087133242,1.3000088761551123,54.184415745922095,73.387666896009,0.0,79.05799999999999,209.0,0.0,0.0,0.0,0.0,0.0,0.0
47068.0,33.406414252435354,1.5,100.0,100.0,2.0,144.136,91.0,0.0,0.0,0.0,0.0,0.0,0.0
42878.0,35.74681639454239,1.5,100.0,100.0,2.0,135.756,100.0,0.0,1.0,0.0,0.0,0.0,0.0
38289.0,28.06303282911299,1.5,100.0,100.0,2.0,126.578,106.0,0.0,0.0,0.0,0.0,0.0,0.0
26019.0,24.124859863823204,1.5,89.85016216941835,100.0,3.0,102.038,123.0,0.0,0.0,0.0,0.0,0.0,0.0
12596.0,42.42725109857047,1.1285954771160762,44.55086820999162,66.92478055586821,1.0,75.19200000000001,202.0,0.0,0.0,1.0,0.0,0.0,0.0
25966.0,35.12390076194008,1.5,93.92848196543446,100.0,1.0,101.932,98.0,1.0,0.0,0.0,0.0,0.0,0.0
29655.0,32.46666258513256,1.5,92.39193388588168,100.0,4.0,109.31,104.0,1.0,0.0,0.0,0.0,0.0,0.0
48220.0,26.208360545634932,1.5,100.0,100.0,1.0,146.44,112.0,1.0,0.0,0.0,0.0,0.0,0.0
10947.0,31.02785754075409,1.0899994708070284,33.54197357089506,57.02042598661944,1.0,71.894,191.0,1.0,1.0,0.0,0.0,0.0,0.0
37674.0,28.54151011705981,1.5,100.0,100.0,2.0,125.348,98.0,1.0,0.0,0.0,0.0,0.0,0.0
49801.0,34.190120905978326,1.5,100.0,100.0,1.0,149.602,95.0,1.0,1.0,0.0,0.0,0.0,0.0
30208.0,37.01212970859813,1.5,100.0,100.0,4.0,110.416,114.0,1.0,0.0,0.0,0.0,0.0,0.0
22700.0,37.61142498690806,1.0472235599047257,70.46350163628446,100.0,3.0,95.4,82.0,1.0,1.0,0.0,0.0,0.0,0.0
24370.0,44.3324082182267,1.0962500906917545,89.2662417984351,100.0,0.0,98.74,113.0,1.0,0.0,0.0,0.0,0.0,0.0
22535.0,42.342487591121554,1.1118780053427906,71.53910732782944,100.0,3.0,95.07,107.0,1.0,0.0,0.0,0.0,0.0,0.0
39668.0,39.76010800065626,1.5,100.0,100.0,1.0,129.336,105.0,1.0,0.0,0.0,0.0,0.0,0.0
46507.0,35.10939742575924,1.5,100.0,100.0,3.0,143.014,109.0,1.0,0.0,0.0,0.0,0.0,0.0
33806.0,30.010212569441144,1.5,100.0,100.0,0.0,117.612,107.0,1.0,0.0,0.0,0.0,0.0,0.0
17478.0,45.61097635289099,1.397452056770149,51.92767666987476,89.49707361869278,0.0,84.956,102.0,1.0,0.0,1.0,0.0,0.0,0.0
13984.0,48.13412052663848,1.095285621131659,52.006623103306495,67.56285221212482,2.0,77.968,200.0,1.0,0.0,0.0,0.0,0.0,0.0
38115.0,23.36460159443781,1.5,100.0,100.0,1.0,126.23,102.0,0.0,0.0,1.0,0.0,0.0,0.0
33825.0,33.5717336140485,1.5,100.0,100.0,2.0,117.65,115.0,0.0,1.0,0.0,0.0,0.0,1.0
22824.0,36.749881015938136,1.0258191220095534,79.1067988173902,100.0,6.0,95.648,122.0,0.0,0.0,0.0,0.0,1.0,0.0
22301.0,52.06882921266652,1.3083582733118326,80.42405916683146,100.0,0.0,94.602,107.0,0.0,0.0,1.0,0.0,0.0,0.0
45206.0,45.54183164637308,1.5,100.0,100.0,1.0,140.412,102.0,0.0,0.0,1.0,0.0,0.0,0.0
48953.0,27.02258501543514,1.5,100.0,100.0,4.0,147.906,99.0,0.0,0.0,1.0,0.0,0.0,0.0
7977.0,54.29189561547711,1.0177556004827673,23.972718159282703,39.87412873289576,0.0,65.95400000000001,189.0,0.0,0.0,1.0,0.0,0.0,0.0
11516.0,38.15702020596133,1.1703533857860116,34.91568207501673,58.98994116126156,0.0,73.032,179.0,0.0,0.0,0.0,0.0,0.0,0.0
28143.0,43.18175525471474,1.5,91.06467636433888,100.0,5.0,106.286,89.0,0.0,0.0,0.0,1.0,0.0,0.0
29009.0,45.42006994360268,1.5,100.0,100.0,4.0,108.018,99.0,0.0,0.0,1.0,0.0,0.0,0.0
27239.0,35.410973519104495,1.5,100.0,100.0,2.0,104.478,95.0,0.0,0.0,0.0,1.0,0.0,0.0
20862.0,44.367047411342014,1.1392209147963737,70.36102445661162,100.0,2.0,91.724,107.0,0.0,0.0,0.0,0.0,0.0,0.0
29697.0,20.0,1.5,100.0,100.0,2.0,109.394,104.0,0.0,0.0,0.0,0.0,0.0,0.0
48449.0,34.6877704117613,1.5,100.0,100.0,1.0,146.898,108.0,0.0,0.0,0.0,0.0,0.0,0.0
25240.0,60.93385745449352,1.5,90.7382038927415,100.0,3.0,100.48,103.0,0.0,0.0,0.0,0.0,0.0,0.0
49536.0,34.63058813532502,1.5,100.0,100.0,2.0,149.072,103.0,0.0,0.0,0.0,0.0,0.0,0.0
45300.0,32.9727997056333,1.5,100.0,100.0,5.0,140.6,94.0,0.0,0.0,0.0,0.0,0.0,0.0
24642.0,44.81833118594545,1.1954252204661515,83.14818886356971,100.0,3.0,99.284,92.0,0.0,0.0,0.0,0.0,0.0,0.0
11827.0,27.51286962581278,1.3582804407646072,35.91234640626012,57.927411197620685,1.0,73.654,196.0,0.0,0.0,0.0,0.0,0.0,0.0
25397.0,31.61072368650857,1.5,75.92022766574306,100.0,3.0,100.794,88.0,0.0,0.0,0.0,0.0,0.0,0.0
16468.0,37.23635978537445,1.274715587343354,62.08048290366238,81.21055412602087,1.0,82.936,96.0,0.0,0.0,0.0,0.0,0.0,0.0
32561.0,40.748307500486405,1.5,100.0,100.0,3.0,115.122,89.0,0.0,0.0,0.0,0.0,0.0,0.0
37538.0,20.0,1.5,100.0,100.0,1.0,125.076,107.0,0.0,0.0,0.0,0.0,0.0,0.0
22857.0,78.76633908627281,1.3018094706253156,69.97343727203419,100.0,0.0,95.714,96.0,0.0,0.0,1.0,0.0,0.0,0.0
30781.0,46.2728112343207,1.5,100.0,100.0,1.0,111.562,102.0,0.0,0.0,0.0,1.0,0.0,0.0
45943.0,44.4890537039672,1.5,100.0,100.0,3.0,141.886,89.0,0.0,0.0,0.0,0.0,0.0,0.0
21754.0,40.88171402675298,1.1690250660077393,64.33273030187046,100.0,0.0,93.508,107.0,0.0,0.0,0.0,0.0,0.0,0.0
49598.0,44.88095983576687,1.5,100.0,100.0,2.0,149.196,110.0,0.0,0.0,0.0,1.0,0.0,0.0
33254.0,46.07311669340774,1.5,100.0,100.0,2.0,116.508,101.0,0.0,0.0,0.0,0.0,0.0,0.0
24535.0,39.46732341313239,1.2178899506623138,82.84862137398794,100.0,2.0,99.07,95.0,0.0,0.0,0.0,0.0,0.0,1.0
17931.0,44.176694499827946,1.2293189480346656,57.96122720586888,87.477710672491,0.0,85.862,74.0,0.0,1.0,0.0,0.0,0.0,0.0
26324.0,74.42331010806686,1.5,89.95217764445341,100.0,3.0,102.648,100.0,0.0,0.0,0.0,0.0,0.0,0.0
40716.0,37.90795807229757,1.5,100.0,100.0,4.0,131.43200000000002,105.0,0.0,0.0,0.0,0.0,0.0,0.0
15169.0,31.63668110784555,1.0782010360786214,59.81472508088599,72.39001811495304,1.0,80.338,105.0,0.0,0.0,0.0,0.0,0.0,0.0
39236.0,29.63905657581801,1.5,100.0,100.0,1.0,128.47199999999998,90.0,0.0,0.0,0.0,0.0,0.0,0.0
40831.0,35.46249062065502,1.5,100.0,100.0,3.0,131.662,82.0,0.0,0.0,0.0,0.0,0.0,0.0
18011.0,45.90110429231086,1.1500965627560995,57.7538829334987,87.0045949603351,0.0,86.02199999999999,94.0,0.0,0.0,0.0,0.0,0.0,0.0
30123.0,34.24507628553663,1.5,100.0,100.0,1.0,110.246,121.0,0.0,0.0,0.0,0.0,1.0,1.0
23609.0,36.56799735711336,1.0655848475272298,85.62930773252802,100.0,0.0,97.218,85.0,0.0,0.0,0.0,0.0,0.0,0.0
34959.0,20.0,1.5,100.0,100.0,2.0,119.918,96.0,0.0,0.0,1.0,0.0,0.0,0.0
33490.0,43.29223585637112,1.5,100.0,100.0,1.0,116.98,103.0,0.0,0.0,0.0,1.0,0.0,0.0
23015.0,44.52402754881493,1.215905794858998,86.50200157103502,100.0,1.0,96.03,102.0,0.0,1.0,0.0,0.0,0.0,0.0
53977.0,32.3783607987486,1.5,100.0,100.0,1.0,157.954,92.0,0.0,0.0,0.0,0.0,0.0,0.0
45103.0,31.17505339936971,1.5,100.0,100.0,4.0,140.20600000000002,119.0,0.0,0.0,1.0,0.0,0.0,0.0
38377.0,27.89659763330905,1.5,100.0,100.0,5.0,126.754,105.0,0.0,0.0,0.0,0.0,0.0,0.0
30709.0,29.14793103096399,1.5,94.4980669736253,100.0,0.0,111.418,107.0,0.0,0.0,1.0,0.0,0.0,0.0
35392.0,38.38774823899609,1.5,100.0,100.0,1.0,120.784,90.0,0.0,0.0,0.0,0.0,0.0,0.0
36986.0,46.04263067260668,1.5,100.0,100.0,2.0,123.972,101.0,0.0,0.0,0.0,0.0,0.0,0.0
29892.0,46.021953187712,1.5,100.0,100.0,1.0,109.784,103.0,0.0,0.0,0.0,0.0,0.0,0.0
25210.0,26.318249807273347,1.5,75.04128921820097,100.0,1.0,100.42,92.0,1.0,0.0,0.0,0.0,0.0,0.0
10466.0,27.58430349748875,1.1335278274210403,36.0414614732889,50.78957490060112,0.0,70.932,200.0,1.0,1.0,0.0,0.0,0.0,0.0
26736.0,38.15090233469574,1.5,79.14183082045915,100.0,1.0,103.472,105.0,1.0,0.0,0.0,0.0,0.0,0.0
14343.0,48.15309626770591,1.0370545474751225,51.01025988416921,72.1779806987888,0.0,78.686,220.0,1.0,0.0,0.0,0.0,0.0,0.0
31193.0,28.421141493126303,1.5,100.0,100.0,2.0,112.386,93.0,1.0,0.0,0.0,0.0,0.0,0.0
62146.0,25.165802076590232,1.5,100.0,100.0,0.0,174.292,92.0,1.0,0.0,0.0,0.0,0.0,0.0
42494.0,37.72914115233256,1.5,100.0,100.0,4.0,134.988,112.0,1.0,0.0,0.0,0.0,0.0,0.0
41994.0,47.56770597473334,1.5,100.0,100.0,0.0,133.988,115.0,1.0,0.0,0.0,0.0,0.0,0.0
38799.0,28.886343526356697,1.5,100.0,100.0,2.0,127.598,110.0,1.0,1.0,0.0,0.0,0.0,0.0
24813.0,51.61778479579289,1.0852817131043797,85.01186731748803,100.0,1.0,99.626,103.0,1.0,0.0,0.0,0.0,0.0,0.0
15473.0,42.0019880235068,1.3213510285751684,50.366503996229454,73.83585992270386,0.0,80.946,88.0,1.0,0.0,0.0,0.0,0.0,1.0
16198.0,54.811478261603,1.251535915423473,50.83193768530178,81.2860485406596,0.0,82.396,104.0,1.0,0.0,0.0,0.0,0.0,0.0
30788.0,30.515247690110844,1.5,100.0,100.0,2.0,111.576,120.0,1.0,0.0,1.0,0.0,0.0,0.0
13574.0,38.29085622315229,1.08910635056678,54.629499067663865,69.23112057202937,1.0,77.148,235.0,1.0,0.0,0.0,0.0,0.0,0.0
15359.0,55.37075293226572,1.0953542768613873,50.95957085721197,73.9565382760638,0.0,80.718,110.0,1.0,0.0,1.0,0.0,0.0,0.0
11154.0,43.76758061148866,1.1860176614233164,40.39635166919679,51.01140777122333,0.0,72.30799999999999,212.0,1.0,0.0,1.0,0.0,0.0,1.0
26050.0,25.040028930386097,1.5,95.5194387060628,100.0,0.0,102.1,100.0,1.0,0.0,0.0,0.0,0.0,0.0
39009.0,37.31792762625925,1.5,100.0,100.0,2.0,128.018,81.0,0.0,0.0,0.0,0.0,0.0,0.0
51607.0,30.62764057841625,1.5,100.0,100.0,1.0,153.214,106.0,0.0,0.0,0.0,0.0,0.0,0.0
24389.0,46.79398039180446,1.0775505597571278,85.96434585396679,100.0,2.0,98.778,99.0,0.0,0.0,0.0,0.0,0.0,0.0
34492.0,40.567959468277806,1.5,100.0,100.0,1.0,118.984,110.0,0.0,0.0,1.0,0.0,0.0,0.0
17924.0,43.58701104194432,1.370699108538067,57.43503080126204,85.55109280600462,0.0,85.848,77.0,0.0,0.0,0.0,0.0,0.0,0.0
24267.0,47.78745754130064,1.102014267854584,74.44741267068456,100.0,2.0,98.534,86.0,0.0,0.0,0.0,0.0,1.0,0.0
32783.0,35.00071867058863,1.5,100.0,100.0,0.0,115.566,93.0,0.0,0.0,0.0,0.0,0.0,0.0
26148.0,41.72452775386156,1.5,81.06211611345657,100.0,4.0,102.296,105.0,0.0,0.0,0.0,1.0,0.0,0.0
38325.0,47.03710535395099,1.5,100.0,100.0,4.0,126.65,110.0,0.0,0.0,0.0,0.0,0.0,0.0
38050.0,33.49207525039573,1.5,100.0,100.0,3.0,126.1,111.0,0.0,0.0,0.0,0.0,0.0,0.0
30724.0,29.75107434363515,1.5,100.0,100.0,0.0,111.448,102.0,0.0,0.0,0.0,0.0,0.0,0.0
10601.0,33.02146254674089,1.1122018033509962,33.60915871888248,55.14548799382484,1.0,71.202,191.0,0.0,0.0,0.0,0.0,0.0,0.0
38131.0,52.10775777694387,1.5,100.0,100.0,3.0,126.262,109.0,0.0,0.0,0.0,0.0,0.0,0.0
44521.0,32.38332511754359,1.5,100.0,100.0,8.0,139.042,115.0,0.0,0.0,0.0,0.0,0.0,0.0
37195.0,45.69443275556023,1.5,100.0,100.0,2.0,124.39,95.0,0.0,0.0,0.0,0.0,0.0,0.0
10077.0,46.19984383838132,1.309020853706481,37.60813368258908,46.77964654599035,1.0,70.154,189.0,0.0,0.0,0.0,1.0,0.0,1.0
41812.0,32.60626057551262,1.5,100.0,100.0,2.0,133.624,104.0,0.0,0.0,0.0,0.0,0.0,0.0
14614.0,45.44206174880453,1.0869972731280455,58.431409875802615,75.21342533054482,1.0,79.22800000000001,202.0,0.0,1.0,0.0,0.0,0.0,0.0
13296.0,47.42258156620287,1.091935598319478,34.48928843234619,71.16414862695618,0.0,76.592,204.0,0.0,0.0,0.0,0.0,0.0,0.0
23207.0,47.13942301078978,1.0509662075206214,85.20834219445908,100.0,2.0,96.414,87.0,0.0,0.0,0.0,1.0,0.0,0.0
46932.0,51.76021458759929,1.5,100.0,100.0,0.0,143.864,94.0,0.0,0.0,0.0,0.0,0.0,0.0
31569.0,29.32804848984899,1.5,100.0,100.0,1.0,113.138,125.0,0.0,0.0,1.0,0.0,0.0,0.0
21458.0,35.36500939483948,1.1963769376411832,69.14108429137617,100.0,1.0,92.916,99.0,0.0,0.0,0.0,0.0,0.0,0.0
9035.0,35.62955314808237,1.10155153575603,21.11004078468286,48.542463317524586,0.0,68.07,202.0,0.0,0.0,0.0,0.0,0.0,0.0
32687.0,35.30585296202751,1.5,100.0,100.0,4.0,115.374,95.0,0.0,0.0,1.0,0.0,0.0,0.0
9417.0,45.93365192931595,1.2010885235818896,22.420304518786104,44.29718656077456,0.0,68.834,201.0,0.0,0.0,0.0,0.0,0.0,1.0
40201.0,35.79178462974973,1.5,100.0,100.0,1.0,130.402,98.0,0.0,0.0,0.0,0.0,0.0,0.0
35247.0,20.4306245447927,1.5,100.0,100.0,3.0,120.494,97.0,0.0,0.0,0.0,1.0,0.0,0.0
36395.0,20.0,1.5,100.0,100.0,2.0,122.79,116.0,0.0,0.0,0.0,0.0,0.0,0.0
34267.0,29.532418519879464,1.5,100.0,100.0,1.0,118.534,106.0,0.0,0.0,0.0,0.0,0.0,0.0
52151.0,49.238836901560674,1.5,100.0,100.0,1.0,154.30200000000002,103.0,0.0,0.0,0.0,0.0,0.0,0.0
15472.0,46.39223398463616,1.0316668001901448,53.22245594272478,81.51478602869715,0.0,80.944,104.0,0.0,1.0,0.0,0.0,0.0,1.0
26128.0,45.73841827951602,1.5,94.776616837203,100.0,1.0,102.256,102.0,0.0,0.0,0.0,0.0,0.0,0.0
55499.0,31.773922271983537,1.5,100.0,100.0,2.0,160.998,88.0,0.0,0.0,0.0,0.0,0.0,0.0
24390.0,62.59022015203721,1.2720968338067722,79.32625655487502,100.0,3.0,98.78,93.0,0.0,0.0,0.0,0.0,0.0,0.0
47439.0,48.77209807148872,1.5,100.0,100.0,3.0,144.878,96.0,0.0,0.0,1.0,0.0,0.0,0.0
22317.0,62.41922531893938,1.009688935367255,71.32723741294568,100.0,3.0,94.634,99.0,0.0,0.0,0.0,1.0,0.0,0.0
8718.0,31.645347065518813,1.0289493372070018,21.21284843666928,45.06035024567088,1.0,67.436,192.0,0.0,0.0,0.0,0.0,0.0,0.0
23954.0,60.7861539047863,1.318252045718923,75.0674733328066,100.0,3.0,97.908,89.0,0.0,0.0,0.0,0.0,0.0,0.0
42799.0,27.744816955580845,1.5,100.0,100.0,2.0,135.598,101.0,0.0,0.0,0.0,0.0,0.0,0.0
17304.0,42.875193648130114,1.2492477952378738,53.89740234434946,85.92880233134863,0.0,84.608,96.0,0.0,0.0,0.0,0.0,0.0,0.0
41081.0,25.14053527036088,1.5,100.0,100.0,1.0,132.162,91.0,0.0,0.0,1.0,0.0,0.0,0.0
34505.0,58.39996321932448,1.5,100.0,100.0,1.0,119.01,107.0,0.0,0.0,0.0,0.0,0.0,0.0
17251.0,39.19022985925354,1.041405307606673,57.77121476503428,81.95204682706735,0.0,84.50200000000001,106.0,0.0,0.0,0.0,0.0,0.0,1.0
9181.0,52.27179315803558,1.3756849973159833,30.33140843527556,45.36825752442202,1.0,68.362,214.0,0.0,0.0,1.0,0.0,0.0,0.0
27999.0,27.928194609400467,1.5,89.43524858034829,100.0,4.0,105.998,91.0,0.0,0.0,0.0,1.0,0.0,0.0
51835.0,21.43175849446763,1.5,100.0,100.0,3.0,153.67000000000002,106.0,1.0,0.0,0.0,0.0,0.0,0.0
20001.0,60.58626516962815,1.2606663982750228,66.34586466109027,100.0,1.0,90.00200000000001,96.0,1.0,0.0,0.0,1.0,0.0,0.0
45446.0,31.63679628170479,1.5,100.0,100.0,2.0,140.892,110.0,1.0,0.0,0.0,1.0,0.0,0.0
63572.0,36.4765184053745,1.5,100.0,100.0,1.0,177.144,79.0,1.0,0.0,0.0,1.0,0.0,0.0
22687.0,41.47954644628316,1.1118451593701753,69.97395680922068,100.0,0.0,95.374,96.0,1.0,0.0,0.0,0.0,1.0,0.0
12131.0,61.73719767482647,1.2220812355657158,35.502084580016074,56.00983405145698,2.0,74.262,197.0,1.0,1.0,0.0,0.0,0.0,0.0
41231.0,41.80302892060476,1.5,100.0,100.0,2.0,132.462,94.0,1.0,0.0,0.0,0.0,0.0,1.0
18317.0,56.92769001647097,1.1737134072880606,64.90841946009931,91.10762762523608,0.0,86.634,101.0,1.0,0.0,0.0,0.0,0.0,0.0
42237.0,20.0,1.5,100.0,100.0,0.0,134.474,95.0,1.0,1.0,0.0,0.0,0.0,0.0
21042.0,59.19346232227513,1.3205766778678023,70.64317917555834,100.0,1.0,92.084,115.0,1.0,0.0,0.0,1.0,0.0,0.0
27483.0,42.84825368548493,1.5,95.21545237931603,100.0,3.0,104.966,91.0,1.0,0.0,1.0,0.0,0.0,0.0
23498.0,58.97918914591765,1.129586773132216,83.10875739084081,100.0,1.0,96.996,100.0,1.0,0.0,0.0,0.0,0.0,0.0
29380.0,29.83793868643536,1.5,89.24260775937374,100.0,1.0,108.76,104.0,1.0,0.0,0.0,0.0,0.0,0.0
45175.0,35.8543868521991,1.5,100.0,100.0,2.0,140.35,87.0,1.0,0.0,0.0,1.0,0.0,0.0
36525.0,43.61927553596736,1.5,100.0,100.0,0.0,123.05,87.0,1.0,1.0,0.0,0.0,0.0,0.0
23356.0,40.42253803011028,1.058624801125746,83.69126236656949,100.0,2.0,96.712,83.0,1.0,0.0,0.0,0.0,0.0,0.0
35756.0,46.76637548616744,1.5,100.0,100.0,0.0,121.512,84.0,1.0,0.0,0.0,0.0,0.0,0.0
36512.0,40.40868445211916,1.5,100.0,100.0,2.0,123.024,110.0,1.0,0.0,0.0,0.0,0.0,0.0
22044.0,32.92544318563195,1.1695498973737857,76.58814246429174,100.0,0.0,94.088,93.0,0.0,0.0,0.0,1.0,0.0,0.0
36454.0,49.01069355627171,1.5,100.0,100.0,1.0,122.908,84.0,0.0,0.0,0.0,0.0,0.0,0.0
27073.0,28.28502486052514,1.5,81.24586197974965,100.0,2.0,104.146,87.0,0.0,0.0,0.0,0.0,0.0,0.0
42418.0,24.130863050832875,1.5,100.0,100.0,2.0,134.836,103.0,0.0,0.0,0.0,0.0,0.0,0.0
26845.0,35.92716902438869,1.5,83.00505250166856,100.0,0.0,103.69,90.0,0.0,0.0,0.0,1.0,0.0,0.0
12789.0,52.69536914494699,1.1393550044460854,36.71799237751879,67.91922571228345,0.0,75.578,215.0,0.0,0.0,0.0,1.0,0.0,0.0
8604.0,48.87223067918211,1.156888091440811,35.12984753012111,40.07932150312346,1.0,67.208,194.0,0.0,0.0,0.0,0.0,0.0,0.0
36859.0,24.11924327285633,1.5,100.0,100.0,2.0,123.718,88.0,0.0,0.0,0.0,0.0,0.0,0.0
31519.0,37.22058058526783,1.5,100.0,100.0,1.0,113.038,97.0,0.0,1.0,0.0,0.0,0.0,0.0
34723.0,35.53452165760636,1.5,100.0,100.0,2.0,119.446,100.0,0.0,1.0,0.0,0.0,0.0,0.0
47296.0,33.04995235099101,1.5,100.0,100.0,0.0,144.59199999999998,88.0,0.0,0.0,1.0,0.0,0.0,0.0
15540.0,51.025353655868656,1.3077621603638865,48.75130245191836,78.00536897046757,1.0,81.08,99.0,0.0,0.0,0.0,0.0,0.0,0.0
23022.0,47.16356534591288,1.0053989083537085,84.74879119196598,100.0,1.0,96.044,112.0,0.0,0.0,0.0,1.0,0.0,0.0
40715.0,22.78214988535327,1.5,100.0,100.0,6.0,131.43,84.0,0.0,0.0,0.0,0.0,0.0,0.0
24140.0,41.77930175146355,1.2430454104132935,85.02013031282334,100.0,2.0,98.28,107.0,0.0,1.0,0.0,0.0,0.0,0.0
28548.0,50.29883488405151,1.5,88.66332328301573,100.0,1.0,107.096,107.0,0.0,0.0,1.0,0.0,0.0,0.0
9292.0,59.00305807374279,1.3795123097996744,29.36537375201592,49.626083513547165,0.0,68.584,201.0,0.0,1.0,0.0,0.0,0.0,0.0
17958.0,36.839358115082376,1.395444096954785,51.19085630216355,93.2256429214131,0.0,85.916,96.0,0.0,0.0,0.0,1.0,0.0,0.0
9395.0,43.47455052362882,1.1643649172531414,36.94561423918012,42.12179235067735,1.0,68.78999999999999,183.0,0.0,0.0,0.0,1.0,0.0,0.0
43089.0,35.43804556607215,1.5,100.0,100.0,0.0,136.178,93.0,0.0,0.0,0.0,0.0,0.0,0.0
44466.0,35.58244360659381,1.5,100.0,100.0,1.0,138.93200000000002,87.0,0.0,0.0,0.0,1.0,0.0,0.0
29130.0,35.196530018485404,1.5,95.73487484649851,100.0,1.0,108.26,99.0,0.0,0.0,0.0,1.0,0.0,0.0
39832.0,43.65985332962196,1.5,100.0,100.0,3.0,129.664,96.0,0.0,0.0,0.0,0.0,0.0,0.0
25557.0,36.8056093819747,1.5,81.22040807777273,100.0,4.0,101.114,95.0,0.0,0.0,0.0,0.0,0.0,0.0
21102.0,52.69457310802903,1.3306443865407869,78.8732711878894,100.0,1.0,92.204,91.0,0.0,0.0,0.0,1.0,0.0,0.0
30738.0,39.99792675478998,1.5,99.254815364748,100.0,2.0,111.476,106.0,0.0,0.0,0.0,0.0,0.0,0.0
6552.0,42.21535286281615,1.1289688664453814,22.603971566436517,37.49680954398206,0.0,63.104,186.0,0.0,0.0,0.0,0.0,0.0,0.0
23420.0,64.32963175468534,1.13162451398582,73.36943474082751,100.0,1.0,96.84,90.0,0.0,0.0,0.0,0.0,0.0,0.0
27215.0,39.16396258743897,1.5,93.37752513618112,100.0,1.0,104.43,92.0,0.0,0.0,0.0,0.0,0.0,0.0
65770.0,50.62889819678176,1.5,100.0,100.0,1.0,181.54,99.0,0.0,0.0,1.0,0.0,0.0,0.0
23708.0,31.186871656053995,1.1344024652395248,79.00145328291343,100.0,4.0,97.416,104.0,0.0,0.0,1.0,0.0,0.0,0.0
43017.0,20.0,1.5,100.0,100.0,0.0,136.034,91.0,0.0,0.0,0.0,0.0,1.0,0.0
53060.0,22.44531990307583,1.5,100.0,100.0,2.0,156.12,95.0,0.0,0.0,0.0,0.0,0.0,0.0
45182.0,40.57102446936141,1.5,100.0,100.0,2.0,140.364,92.0,0.0,1.0,0.0,0.0,0.0,0.0
42613.0,36.41638128135651,1.5,100.0,100.0,2.0,135.226,93.0,0.0,0.0,0.0,0.0,0.0,0.0
28383.0,22.962146738043806,1.5,100.0,100.0,2.0,106.766,103.0,0.0,0.0,0.0,0.0,0.0,0.0
14345.0,45.88309013284357,1.3405508821144232,42.52546626118827,72.7214120394749,1.0,78.69,189.0,0.0,0.0,0.0,0.0,0.0,0.0
20940.0,56.85314676598738,1.252679037129243,78.747356510217,100.0,0.0,91.88,98.0,0.0,1.0,0.0,0.0,0.0,0.0
34266.0,40.67241706806904,1.5,100.0,100.0,0.0,118.532,89.0,0.0,1.0,0.0,0.0,0.0,0.0
20505.0,60.98287560484038,1.1310719095849673,62.46179322494486,100.0,0.0,91.01,98.0,0.0,0.0,0.0,1.0,0.0,0.0
22987.0,66.284677685016,1.1891949844025895,75.48637880243133,100.0,3.0,95.974,102.0,0.0,0.0,0.0,0.0,1.0,1.0
14123.0,44.150926764646464,1.1703703117432307,53.09944083264197,68.34286470680833,0.0,78.246,198.0,0.0,0.0,0.0,0.0,1.0,0.0
35179.0,30.25958859562276,1.5,100.0,100.0,4.0,120.358,90.0,1.0,0.0,1.0,0.0,0.0,0.0
49200.0,29.830717391378315,1.5,100.0,100.0,1.0,148.4,92.0,1.0,0.0,0.0,0.0,0.0,0.0
25025.0,43.94657451692005,1.5,80.79055490157211,100.0,2.0,100.05,85.0,1.0,0.0,0.0,0.0,0.0,0.0
45680.0,53.84969712415317,1.5,100.0,100.0,4.0,141.36,107.0,1.0,0.0,0.0,0.0,0.0,0.0
43087.0,23.646036591737797,1.5,100.0,100.0,2.0,136.174,93.0,1.0,0.0,0.0,1.0,0.0,0.0
13630.0,46.67724049637959,1.362600110605363,38.463034425574826,66.9957394640525,0.0,77.26,200.0,1.0,0.0,0.0,0.0,0.0,0.0
13708.0,54.0271314828497,1.364880915209973,43.455707147740846,68.68598723874291,0.0,77.416,182.0,1.0,0.0,0.0,0.0,0.0,1.0
41828.0,31.72156958950027,1.5,100.0,100.0,1.0,133.656,99.0,1.0,1.0,0.0,0.0,0.0,0.0
36741.0,43.10530762789549,1.5,100.0,100.0,3.0,123.482,85.0,1.0,0.0,0.0,0.0,0.0,0.0
42527.0,26.92434185272867,1.5,100.0,100.0,1.0,135.054,120.0,1.0,0.0,0.0,0.0,1.0,0.0
19687.0,37.27787424661442,1.2494261624669072,70.14784742721115,93.8268378201125,2.0,89.374,108.0,1.0,0.0,1.0,0.0,0.0,0.0
36913.0,32.56577247446051,1.5,100.0,100.0,0.0,123.826,123.0,1.0,0.0,0.0,0.0,0.0,0.0
37405.0,36.05111977120373,1.5,100.0,100.0,3.0,124.81,105.0,1.0,1.0,0.0,0.0,0.0,0.0
33274.0,24.035583560589878,1.5,100.0,100.0,4.0,116.548,96.0,1.0,0.0,0.0,0.0,0.0,0.0
42892.0,20.0,1.5,100.0,100.0,0.0,135.784,85.0,1.0,0.0,0.0,0.0,0.0,1.0
30714.0,26.589381459972607,1.5,96.90223821268518,100.0,1.0,111.428,103.0,1.0,0.0,0.0,0.0,0.0,0.0
17914.0,33.508166325963344,1.1685288793549775,62.8793509014214,93.7462146995666,1.0,85.828,99.0,1.0,0.0,0.0,1.0,0.0,0.0
40334.0,47.17739603644375,1.5,100.0,100.0,3.0,130.668,100.0,1.0,0.0,0.0,0.0,0.0,0.0
14379.0,21.858360173275315,1.1396374926729846,42.77562320235918,73.61558691385488,0.0,78.758,195.0,1.0,0.0,0.0,0.0,0.0,0.0
8570.0,34.26892585901323,1.225699981905196,31.70240688595525,41.16371046286,2.0,67.14,218.0,1.0,0.0,0.0,0.0,0.0,0.0
19908.0,37.54987797990804,1.264650744612956,59.50828401184356,97.62841835504628,1.0,89.816,92.0,1.0,0.0,0.0,0.0,0.0,0.0
24075.0,43.04504186078554,1.3830157756067405,73.70788289789334,100.0,0.0,98.15,109.0,1.0,0.0,1.0,0.0,0.0,1.0
12847.0,35.497612788547684,1.112161919850155,43.046810307688034,68.38748269520114,0.0,75.694,205.0,0.0,0.0,0.0,0.0,0.0,0.0
33920.0,42.224091679624486,1.5,100.0,100.0,0.0,117.84,116.0,0.0,0.0,0.0,0.0,0.0,0.0
20684.0,51.28378380391216,1.1427806278056345,74.59791647252014,100.0,3.0,91.368,111.0,0.0,0.0,0.0,0.0,0.0,0.0
32418.0,38.24743320351095,1.5,99.03739917414131,100.0,4.0,114.836,104.0,0.0,0.0,0.0,0.0,0.0,0.0
31760.0,34.20432951013863,1.5,100.0,100.0,0.0,113.52,95.0,0.0,1.0,0.0,0.0,0.0,0.0
20674.0,27.400480739278706,1.135136247629939,66.77236605051118,100.0,3.0,91.348,101.0,0.0,0.0,1.0,0.0,0.0,0.0
26149.0,20.0,1.5,79.84087501660254,100.0,1.0,102.298,102.0,0.0,0.0,0.0,0.0,0.0,0.0
56559.0,34.1839807565294,1.5,100.0,100.0,0.0,163.118,104.0,0.0,0.0,0.0,0.0,0.0,0.0
22762.0,48.030162924749625,1.0932019791910383,82.09270530273413,100.0,2.0,95.524,97.0,0.0,0.0,0.0,0.0,0.0,0.0
18534.0,51.59458524439355,1.2366259450416976,65.77587884249633,94.20972325710768,1.0,87.068,85.0,0.0,0.0,0.0,1.0,0.0,1.0
45022.0,49.234379234442336,1.5,100.0,100.0,2.0,140.04399999999998,94.0,0.0,0.0,0.0,0.0,0.0,0.0
44114.0,40.64514442494071,1.5,100.0,100.0,5.0,138.228,94.0,0.0,0.0,0.0,0.0,0.0,0.0
36227.0,38.13780373161114,1.5,100.0,100.0,1.0,122.454,94.0,0.0,0.0,0.0,0.0,0.0,0.0
12497.0,46.68450769932495,1.2408800493331134,32.70280373686038,61.45145805855131,0.0,74.994,197.0,0.0,0.0,0.0,0.0,0.0,0.0
35975.0,21.455103826376494,1.5,100.0,100.0,4.0,121.95,104.0,0.0,0.0,0.0,0.0,0.0,0.0
25719.0,38.11395357412019,1.5,80.88381049667912,100.0,4.0,101.438,111.0,0.0,0.0,0.0,0.0,0.0,0.0
43242.0,54.79333618383878,1.5,100.0,100.0,7.0,136.48399999999998,111.0,0.0,0.0,0.0,0.0,0.0,0.0
27017.0,47.63028069816903,1.5,98.77117763424263,100.0,3.0,104.034,105.0,0.0,0.0,0.0,0.0,0.0,0.0
26718.0,20.0,1.5,91.75371228734404,100.0,4.0,103.436,110.0,0.0,0.0,1.0,0.0,0.0,0.0
21497.0,55.61396043268765,1.106812935088598,77.9314378792434,100.0,3.0,92.994,115.0,0.0,0.0,0.0,1.0,0.0,0.0
11348.0,46.15876742553284,1.3121872160619763,29.301647643583493,57.14013986259282,0.0,72.696,191.0,0.0,0.0,1.0,0.0,0.0,0.0
23465.0,34.47165129345535,1.2795730507381051,76.35699136678987,100.0,2.0,96.93,103.0,0.0,0.0,0.0,0.0,0.0,1.0
45897.0,31.98486355461305,1.5,100.0,100.0,2.0,141.79399999999998,76.0,0.0,0.0,0.0,0.0,0.0,1.0
15096.0,28.876423690746265,1.375913178571456,48.23673617513792,75.44277659057403,0.0,80.19200000000001,127.0,0.0,0.0,0.0,1.0,0.0,0.0
37432.0,37.3628009395305,1.5,100.0,100.0,2.0,124.864,86.0,0.0,0.0,0.0,1.0,0.0,0.0
36886.0,45.46411967179687,1.5,100.0,100.0,2.0,123.772,97.0,0.0,0.0,0.0,0.0,0.0,0.0
33718.0,35.16591919364428,1.5,100.0,100.0,2.0,117.436,107.0,0.0,0.0,0.0,1.0,0.0,0.0
20862.0,46.33593243565257,1.1863354555676984,78.75125403251351,100.0,5.0,91.724,105.0,0.0,1.0,0.0,0.0,0.0,0.0
33081.0,24.692480324897296,1.5,100.0,100.0,1.0,116.162,92.0,0.0,1.0,0.0,0.0,0.0,1.0
35829.0,21.289048137639128,1.5,100.0,100.0,2.0,121.658,101.0,0.0,1.0,0.0,0.0,0.0,0.0
32295.0,50.530597700421154,1.5,100.0,100.0,2.0,114.59,107.0,0.0,0.0,0.0,0.0,0.0,0.0
9085.0,41.44977489937168,1.1511736425380212,36.916125853226205,46.98998312578887,0.0,68.17,208.0,0.0,0.0,0.0,0.0,0.0,0.0
28358.0,20.0,1.5,84.90118971986394,100.0,1.0,106.716,89.0,0.0,0.0,1.0,0.0,0.0,0.0
15821.0,26.473396760276465,1.017045315348332,54.93251821248979,79.33913827118113,1.0,81.642,128.0,0.0,0.0,0.0,0.0,0.0,0.0
45776.0,28.40539621475409,1.5,100.0,100.0,0.0,141.55200000000002,105.0,0.0,0.0,0.0,0.0,0.0,0.0
34426.0,51.9560986012924,1.5,100.0,100.0,0.0,118.852,111.0,0.0,0.0,0.0,0.0,0.0,0.0
29800.0,31.47035769257796,1.5,95.6998794104492,100.0,3.0,109.6,96.0,0.0,0.0,0.0,0.0,1.0,0.0
8341.0,61.36643724807389,1.077307690761266,32.84777176862086,44.81148797556081,0.0,66.682,213.0,0.0,0.0,0.0,0.0,0.0,0.0
24363.0,42.88497993149793,1.164710916224943,78.16787881762488,100.0,2.0,98.726,97.0,0.0,0.0,0.0,0.0,0.0,0.0
21313.0,32.718462955685034,1.3692377783534768,62.01849530913732,100.0,0.0,92.626,97.0,0.0,0.0,0.0,0.0,0.0,0.0
38935.0,47.77374038513223,1.5,100.0,100.0,1.0,127.87,96.0,0.0,0.0,0.0,0.0,0.0,0.0
47252.0,20.0,1.5,100.0,100.0,2.0,144.50400000000002,107.0,0.0,0.0,0.0,0.0,0.0,0.0
32116.0,38.548401555702974,1.5,100.0,100.0,3.0,114.232,99.0,0.0,0.0,0.0,0.0,0.0,0.0
49571.0,40.75749218316699,1.5,100.0,100.0,6.0,149.142,101.0,0.0,0.0,1.0,0.0,0.0,0.0
27071.0,37.60203789376414,1.5,82.10692799530199,100.0,2.0,104.142,108.0,0.0,0.0,0.0,0.0,0.0,0.0
9914.0,31.956682510880317,1.2591676188640546,24.51774279649649,47.4441561708062,0.0,69.828,183.0,0.0,0.0,0.0,0.0,1.0,0.0
27586.0,36.793185011598034,1.5,89.41235174614937,100.0,2.0,105.172,99.0,0.0,0.0,0.0,0.0,0.0,1.0
26456.0,29.99008730269583,1.5,96.88228249283507,100.0,2.0,102.912,78.0,0.0,0.0,0.0,0.0,0.0,0.0
40783.0,22.89284200422546,1.5,100.0,100.0,1.0,131.566,106.0,1.0,0.0,0.0,0.0,0.0,0.0
41105.0,43.55001634710222,1.5,100.0,100.0,2.0,132.20999999999998,110.0,1.0,1.0,0.0,0.0,0.0,0.0
22567.0,45.4819217725983,1.2586351802115303,77.92307513058215,100.0,2.0,95.134,86.0,1.0,0.0,0.0,1.0,0.0,0.0
31354.0,31.82715084141116,1.5,95.29564490941274,100.0,1.0,112.708,109.0,1.0,0.0,0.0,0.0,0.0,0.0
30294.0,43.61418359876257,1.5,100.0,100.0,0.0,110.588,113.0,1.0,0.0,0.0,0.0,0.0,0.0
5916.0,44.697872732157165,1.3311899664312152,19.55024514452503,30.9986077876302,0.0,61.832,208.0,1.0,0.0,0.0,0.0,0.0,1.0
30693.0,41.20338576744101,1.5,100.0,100.0,1.0,111.386,104.0,1.0,0.0,1.0,0.0,0.0,0.0
39269.0,28.398359133864403,1.5,100.0,100.0,2.0,128.538,112.0,1.0,0.0,1.0,0.0,0.0,0.0
25355.0,28.32690394529041,1.5,82.40967920663996,100.0,1.0,100.71,108.0,1.0,0.0,1.0,0.0,0.0,0.0
11136.0,58.44105693754455,1.3206517581851502,39.44212413405759,52.24891624973915,1.0,72.27199999999999,175.0,1.0,0.0,0.0,0.0,0.0,0.0
41555.0,41.619395840708,1.5,100.0,100.0,1.0,133.11,106.0,1.0,0.0,0.0,1.0,0.0,1.0
23733.0,58.67429574261129,1.1909456097536812,82.6081618234389,100.0,5.0,97.466,103.0,1.0,0.0,0.0,0.0,0.0,0.0
48190.0,25.13226381826473,1.5,100.0,100.0,4.0,146.38,120.0,1.0,0.0,0.0,0.0,0.0,0.0
23997.0,35.94743840223557,1.2833388317993029,85.01362322998318,100.0,1.0,97.994,104.0,1.0,0.0,0.0,0.0,0.0,0.0
30553.0,30.92101075456352,1.5,93.97260940508689,100.0,4.0,111.106,102.0,1.0,1.0,0.0,0.0,0.0,0.0
23145.0,56.00391824055466,1.3919561289884823,71.47143465346745,100.0,2.0,96.29,112.0,1.0,0.0,1.0,0.0,0.0,0.0
42820.0,29.52458603554895,1.5,100.0,100.0,1.0,135.64,100.0,1.0,0.0,0.0,0.0,0.0,0.0
28551.0,44.96581295274622,1.5,96.77820046355946,100.0,1.0,107.102,90.0,1.0,0.0,0.0,0.0,0.0,0.0
34221.0,25.8260801473672,1.5,100.0,100.0,2.0,118.442,111.0,1.0,0.0,1.0,0.0,0.0,0.0
28038.0,31.733665980624117,1.5,87.7797638687151,100.0,1.0,106.076,105.0,1.0,0.0,0.0,0.0,0.0,0.0
32086.0,29.4372093512959,1.5,100.0,100.0,4.0,114.172,98.0,1.0,0.0,0.0,0.0,0.0,0.0
21369.0,42.56097051399158,1.3995734948418157,76.7100860431088,100.0,0.0,92.738,103.0,1.0,0.0,1.0,0.0,0.0,1.0
34662.0,30.8373973645035,1.5,100.0,100.0,1.0,119.324,103.0,0.0,0.0,0.0,0.0,0.0,0.0
20972.0,47.52448554953664,1.328544717067663,60.764584857288185,100.0,0.0,91.944,100.0,0.0,0.0,0.0,0.0,0.0,1.0
6611.0,53.75214975163386,1.2612984861423704,16.244700484076315,35.90770065910075,0.0,63.222,173.0,0.0,0.0,1.0,0.0,0.0,0.0
21309.0,37.71340858966218,1.2303253727392722,68.48153352916059,100.0,0.0,92.618,103.0,0.0,0.0,0.0,0.0,0.0,0.0
64796.0,23.505845263053025,1.5,100.0,100.0,1.0,179.592,98.0,0.0,1.0,0.0,0.0,0.0,0.0
45083.0,24.39115744300416,1.5,100.0,100.0,3.0,140.166,78.0,0.0,0.0,0.0,0.0,0.0,0.0
16821.0,45.72841604635666,1.3851890502970865,52.22882519091707,83.60474959577853,0.0,83.642,85.0,0.0,0.0,0.0,0.0,0.0,0.0
25498.0,37.37857934028008,1.5,87.32788516906427,100.0,1.0,100.996,105.0,0.0,0.0,0.0,0.0,0.0,0.0
26161.0,31.480452707442733,1.5,85.364279952024,100.0,3.0,102.322,100.0,0.0,0.0,0.0,0.0,0.0,0.0
37438.0,20.0,1.5,100.0,100.0,2.0,124.876,95.0,0.0,0.0,0.0,0.0,0.0,0.0
30300.0,20.12822185449967,1.5,93.8152843739844,100.0,1.0,110.6,103.0,0.0,0.0,0.0,1.0,0.0,0.0
15901.0,66.31828467799029,1.1321174950371,58.723629510702,75.44473744408384,1.0,81.80199999999999,82.0,0.0,0.0,0.0,0.0,0.0,0.0
17399.0,46.23354792207164,1.0671118824417691,67.78170123625776,86.52229993620934,0.0,84.798,95.0,0.0,0.0,0.0,0.0,0.0,0.0
50507.0,27.647856215974663,1.5,100.0,100.0,3.0,151.014,104.0,0.0,0.0,0.0,1.0,0.0,0.0
31619.0,32.24147285362255,1.5,100.0,100.0,0.0,113.238,111.0,0.0,0.0,0.0,0.0,0.0,0.0
28662.0,20.93857558017099,1.5,88.44024334792572,100.0,3.0,107.324,109.0,0.0,0.0,0.0,0.0,0.0,0.0
50455.0,27.61123503644388,1.5,100.0,100.0,4.0,150.91,85.0,0.0,0.0,0.0,0.0,0.0,0.0
26379.0,61.25858395317998,1.5,91.82578204735334,100.0,1.0,102.758,104.0,0.0,0.0,0.0,0.0,0.0,0.0
26329.0,39.74041956561658,1.5,88.41771475899932,100.0,2.0,102.658,103.0,0.0,0.0,0.0,0.0,1.0,0.0
17113.0,56.56761982464312,1.0247520844984797,56.132030664829024,83.44059565090699,0.0,84.226,119.0,0.0,0.0,0.0,0.0,1.0,0.0
27333.0,39.69458828865042,1.5,85.36858165674545,100.0,1.0,104.666,114.0,0.0,0.0,0.0,0.0,0.0,1.0
8885.0,26.630168387748544,1.117752143551176,25.667108516944,43.66976501848949,0.0,67.77,214.0,0.0,0.0,0.0,0.0,0.0,0.0
33610.0,30.38301284412416,1.5,100.0,100.0,2.0,117.22,95.0,0.0,0.0,0.0,0.0,0.0,0.0
25893.0,33.202016474947044,1.5,87.7765157870138,100.0,0.0,101.786,110.0,0.0,0.0,0.0,1.0,0.0,0.0
31933.0,43.25855579620129,1.5,100.0,100.0,1.0,113.866,83.0,0.0,0.0,0.0,1.0,0.0,0.0
44464.0,37.517852456754994,1.5,100.0,100.0,1.0,138.928,108.0,0.0,0.0,0.0,0.0,0.0,0.0
47983.0,27.36151337266041,1.5,100.0,100.0,2.0,145.966,86.0,0.0,1.0,0.0,0.0,0.0,0.0
16045.0,47.68535930244575,1.0453468264937933,61.83885838079164,77.48272262697468,0.0,82.09,109.0,0.0,0.0,0.0,0.0,0.0,0.0
24159.0,37.0341371241408,1.1994965118253218,76.36010247909148,100.0,3.0,98.318,83.0,0.0,0.0,0.0,0.0,0.0,0.0
63389.0,39.03446290012298,1.5,100.0,100.0,2.0,176.77800000000002,89.0,0.0,0.0,0.0,0.0,0.0,0.0
16188.0,55.56164043810036,1.2232192964983069,53.92955688475729,81.96198079697548,0.0,82.376,104.0,0.0,0.0,0.0,0.0,1.0,0.0
25484.0,49.15005752824045,1.5,84.63609315421382,100.0,3.0,100.968,114.0,0.0,0.0,0.0,0.0,0.0,0.0
31893.0,45.25493586266253,1.5,100.0,100.0,2.0,113.786,113.0,0.0,0.0,0.0,1.0,0.0,0.0
17574.0,37.23008788306456,1.2295476867628825,49.21614734155885,88.29916349932941,1.0,85.148,88.0,0.0,0.0,0.0,0.0,0.0,0.0
65333.0,31.622308849089706,1.5,100.0,100.0,3.0,180.666,87.0,0.0,1.0,0.0,0.0,0.0,0.0
22102.0,37.90650754173159,1.170987258207951,80.47609662113231,100.0,1.0,94.204,109.0,0.0,0.0,1.0,0.0,0.0,0.0
52072.0,49.35648285418667,1.5,100.0,100.0,2.0,154.144,100.0,0.0,0.0,0.0,0.0,0.0,0.0
22671.0,27.1690453536131,1.2573200664144433,78.81177354184956,100.0,3.0,95.342,96.0,0.0,0.0,0.0,0.0,0.0,0.0
7215.0,30.760196661790328,1.0713512156574574,30.72576662597284,38.84659696259829,2.0,64.43,181.0,0.0,0.0,0.0,0.0,1.0,1.0
10564.0,39.29890148999504,1.3227680614162771,34.689078117352565,52.66537342688552,1.0,71.128,187.0,0.0,0.0,0.0,0.0,0.0,0.0
19998.0,54.53348255236062,1.2023111500184247,69.07515683566787,100.0,0.0,89.99600000000001,89.0,0.0,0.0,0.0,0.0,0.0,0.0
13333.0,51.71796945186248,1.1976344172924644,44.09485700775348,66.20057629715737,1.0,76.666,185.0,0.0,0.0,0.0,0.0,0.0,0.0
30858.0,29.810429173565225,1.5,95.04574875905934,100.0,2.0,111.716,112.0,0.0,0.0,0.0,0.0,0.0,0.0
45662.0,44.149506585392494,1.5,100.0,100.0,4.0,141.324,99.0,0.0,0.0,0.0,0.0,0.0,0.0
49110.0,39.410541128156446,1.5,100.0,100.0,3.0,148.22,116.0,0.0,0.0,0.0,0.0,0.0,0.0
41106.0,27.63589989541904,1.5,100.0,100.0,2.0,132.212,104.0,0.0,0.0,1.0,0.0,0.0,0.0
30467.0,29.351199532752464,1.5,100.0,100.0,1.0,110.934,104.0,0.0,0.0,0.0,0.0,0.0,0.0
8106.0,33.413449026770834,1.2190736025061373,32.49577018156099,39.48702144834032,4.0,66.212,204.0,0.0,0.0,0.0,1.0,0.0,0.0
29276.0,39.41104484367021,1.5,100.0,100.0,3.0,108.552,104.0,0.0,0.0,0.0,1.0,0.0,1.0
36912.0,35.94961489153122,1.5,100.0,100.0,2.0,123.824,99.0,1.0,0.0,0.0,0.0,0.0,1.0
38935.0,57.11535409943589,1.5,100.0,100.0,3.0,127.87,103.0,1.0,1.0,0.0,0.0,0.0,0.0
20262.0,45.71777826237693,1.043484695710793,63.33274957503677,100.0,0.0,90.524,94.0,1.0,0.0,1.0,0.0,0.0,0.0
43171.0,36.15435907401312,1.5,100.0,100.0,1.0,136.34199999999998,117.0,1.0,0.0,0.0,0.0,0.0,0.0
42388.0,39.73649777413474,1.5,100.0,100.0,0.0,134.776,99.0,1.0,0.0,0.0,0.0,0.0,1.0
53948.0,35.92531391741077,1.5,100.0,100.0,2.0,157.89600000000002,90.0,1.0,0.0,0.0,0.0,0.0,0.0
33379.0,33.79801656412563,1.5,100.0,100.0,2.0,116.758,102.0,1.0,0.0,0.0,0.0,0.0,0.0
21782.0,53.97924252666178,1.1105606625344917,80.05803589170374,100.0,2.0,93.564,101.0,1.0,0.0,0.0,0.0,0.0,0.0
31933.0,46.72721179823112,1.5,100.0,100.0,0.0,113.866,104.0,1.0,0.0,0.0,0.0,0.0,0.0
23093.0,45.6306502948812,1.1242147101411444,83.09634256323321,100.0,1.0,96.186,95.0,1.0,0.0,0.0,0.0,0.0,0.0
35604.0,34.99176811136098,1.5,100.0,100.0,0.0,121.208,96.0,1.0,0.0,1.0,0.0,0.0,0.0
15167.0,24.90070735531426,1.3388452893963678,59.310932339726165,75.09310309633254,1.0,80.334,90.0,1.0,1.0,0.0,0.0,0.0,0.0
69874.0,37.31276335761543,1.5,100.0,100.0,0.0,189.748,88.0,1.0,0.0,0.0,0.0,0.0,0.0
31665.0,39.83535873935668,1.5,95.94751191723556,100.0,3.0,113.33,112.0,1.0,0.0,1.0,0.0,0.0,0.0
59219.0,32.83620161821766,1.5,100.0,100.0,4.0,168.438,100.0,1.0,0.0,1.0,0.0,0.0,1.0
37180.0,40.87817564457709,1.5,100.0,100.0,1.0,124.36,96.0,1.0,0.0,0.0,0.0,0.0,0.0
15539.0,49.14266899791392,1.0239197367704396,59.73862529079477,78.03814419785397,0.0,81.078,105.0,1.0,0.0,0.0,0.0,0.0,0.0
28223.0,45.65579444485567,1.5,87.01664760993374,100.0,1.0,106.446,90.0,1.0,0.0,0.0,0.0,0.0,0.0
31643.0,34.19383635184918,1.5,100.0,100.0,1.0,113.286,94.0,1.0,0.0,0.0,0.0,0.0,0.0
22594.0,23.9219147836754,1.2996154621254556,67.56470806186344,100.0,0.0,95.188,102.0,1.0,0.0,0.0,0.0,0.0,0.0
37366.0,28.46577621251765,1.5,100.0,100.0,3.0,124.732,72.0,0.0,0.0,1.0,0.0,0.0,0.0
38152.0,25.077302868720054,1.5,100.0,100.0,1.0,126.304,94.0,0.0,1.0,0.0,0.0,0.0,0.0
6975.0,46.85687308842274,1.3058592963164104,18.40475447630039,36.61687410808655,1.0,63.95,204.0,0.0,0.0,0.0,0.0,0.0,0.0
45153.0,33.49411660591365,1.5,100.0,100.0,1.0,140.30599999999998,100.0,0.0,0.0,0.0,0.0,0.0,0.0
60175.0,20.0,1.5,100.0,100.0,2.0,170.35,100.0,0.0,1.0,0.0,0.0,0.0,0.0
27972.0,36.88344326365875,1.5,93.65130792282729,100.0,2.0,105.944,96.0,0.0,1.0,0.0,0.0,0.0,0.0
9254.0,38.49766913770714,1.2403369518621694,33.79877687830096,48.15366054162031,1.0,68.508,188.0,0.0,0.0,0.0,1.0,0.0,0.0
26732.0,29.42107740096344,1.5,81.04986153581046,100.0,3.0,103.464,104.0,0.0,0.0,1.0,0.0,0.0,0.0
24634.0,62.89630696639719,1.3731500318960497,76.88585230758545,100.0,2.0,99.268,97.0,0.0,0.0,0.0,0.0,0.0,0.0
29850.0,34.92899877784265,1.5,96.48464581818274,100.0,3.0,109.7,105.0,0.0,0.0,0.0,0.0,0.0,0.0
59596.0,28.998435049911727,1.5,100.0,100.0,2.0,169.192,105.0,0.0,0.0,0.0,0.0,0.0,0.0
36833.0,46.34538331008075,1.5,100.0,100.0,0.0,123.666,93.0,0.0,0.0,0.0,1.0,0.0,0.0
47678.0,49.14745337968221,1.5,100.0,100.0,1.0,145.356,104.0,0.0,0.0,0.0,0.0,0.0,1.0
20684.0,44.77186305952077,1.3354234570984562,73.44545547887579,100.0,2.0,91.368,80.0,0.0,0.0,1.0,0.0,0.0,0.0
42237.0,51.07935933597025,1.5,100.0,100.0,1.0,134.474,110.0,0.0,0.0,0.0,0.0,0.0,0.0
22386.0,44.1406052750317,1.396172679313583,77.24286578578872,100.0,0.0,94.772,108.0,0.0,0.0,0.0,0.0,0.0,0.0
44583.0,41.85659010701568,1.5,100.0,100.0,4.0,139.166,110.0,0.0,0.0,0.0,0.0,0.0,0.0
25795.0,33.024070393670534,1.5,83.17368717578414,100.0,1.0,101.59,91.0,0.0,0.0,0.0,0.0,0.0,0.0
35054.0,44.59875461284889,1.5,100.0,100.0,4.0,120.108,86.0,0.0,0.0,0.0,0.0,0.0,0.0
45998.0,36.18264899331517,1.5,100.0,100.0,3.0,141.99599999999998,94.0,0.0,0.0,0.0,0.0,0.0,0.0
63748.0,30.75088589917158,1.5,100.0,100.0,0.0,177.49599999999998,93.0,0.0,0.0,0.0,0.0,0.0,1.0
42886.0,42.37786756289917,1.5,100.0,100.0,3.0,135.772,101.0,0.0,0.0,1.0,0.0,0.0,1.0
35202.0,20.0,1.5,100.0,100.0,5.0,120.404,93.0,0.0,0.0,0.0,0.0,0.0,0.0
32725.0,24.012758232185327,1.5,100.0,100.0,3.0,115.45,81.0,0.0,1.0,0.0,0.0,0.0,0.0
31290.0,39.31332186353047,1.5,99.98555095381312,100.0,4.0,112.58,93.0,0.0,0.0,0.0,0.0,0.0,0.0
17995.0,60.09701819187646,1.230762361417948,51.52340318345765,92.51195892634756,1.0,85.99000000000001,105.0,0.0,0.0,0.0,0.0,0.0,0.0
24500.0,53.26128633822952,1.1692699405732223,84.13032589467252,100.0,4.0,99.0,87.0,0.0,0.0,0.0,0.0,0.0,0.0
12286.0,34.74128478401049,1.2073258559768298,34.324635945602225,57.72359228271649,0.0,74.572,213.0,0.0,0.0,0.0,0.0,0.0,0.0
16789.0,36.71978700193625,1.2586706755976025,47.98978166091651,83.61912287068353,1.0,83.578,103.0,0.0,0.0,1.0,0.0,0.0,0.0
65636.0,39.57398637836209,1.5,100.0,100.0,1.0,181.272,105.0,0.0,0.0,1.0,0.0,0.0,0.0
42811.0,40.83050730963885,1.5,100.0,100.0,2.0,135.622,101.0,0.0,0.0,0.0,1.0,0.0,0.0
17583.0,41.51594170495585,1.2482410710375964,65.43113872061508,90.2182842172607,0.0,85.166,99.0,0.0,1.0,0.0,0.0,0.0,0.0
20655.0,53.708620889295474,1.201600180186935,59.07501044695904,100.0,0.0,91.31,122.0,0.0,0.0,0.0,0.0,0.0,0.0
24049.0,50.6191760947501,1.1529188369504006,77.70548510009549,100.0,3.0,98.098,93.0,0.0,0.0,0.0,0.0,0.0,0.0
15264.0,38.77859045427865,1.0869906959241666,46.92760037626808,79.9623616993118,1.0,80.52799999999999,82.0,0.0,0.0,0.0,0.0,0.0,1.0
17402.0,28.81888182189501,1.047154426515202,52.52309375736244,84.6264725206361,0.0,84.804,97.0,0.0,0.0,0.0,0.0,0.0,0.0
34346.0,41.76580420138741,1.5,100.0,100.0,0.0,118.692,109.0,0.0,0.0,0.0,0.0,0.0,0.0
23806.0,32.1541116858232,1.318792560602888,76.1665671640924,100.0,3.0,97.612,103.0,0.0,0.0,0.0,0.0,0.0,0.0
27083.0,31.891261851230453,1.5,87.27902825588917,100.0,1.0,104.166,104.0,0.0,1.0,0.0,0.0,0.0,0.0
25989.0,38.13935072310166,1.5,92.44023530182592,100.0,1.0,101.978,120.0,0.0,0.0,0.0,0.0,1.0,0.0
15794.0,43.07547118239081,1.354044115643246,46.39442266858893,77.96182495969103,1.0,81.588,86.0,0.0,0.0,0.0,0.0,0.0,0.0
14210.0,39.69461681707318,1.294190756868369,51.15440765791805,66.26863552591378,1.0,78.42,205.0,0.0,0.0,0.0,0.0,0.0,0.0
28327.0,32.42899382189413,1.5,89.52031442283742,100.0,2.0,106.654,91.0,0.0,0.0,1.0,0.0,0.0,0.0
36762.0,37.34313988611554,1.5,100.0,100.0,2.0,123.524,108.0,0.0,0.0,0.0,0.0,0.0,0.0
37737.0,21.10898020080857,1.5,100.0,100.0,2.0,125.474,107.0,0.0,0.0,1.0,0.0,0.0,1.0
30399.0,34.384495803276785,1.5,100.0,100.0,3.0,110.798,104.0,0.0,0.0,0.0,0.0,1.0,0.0
27846.0,29.898806149590104,1.5,84.4800839495719,100.0,1.0,105.692,102.0,0.0,0.0,0.0,0.0,0.0,0.0
39984.0,38.47410477695102,1.5,100.0,100.0,1.0,129.96800000000002,93.0,1.0,0.0,0.0,0.0,1.0,0.0
15757.0,57.464800012775775,1.1286442401023289,53.74740997751056,76.3902319744575,0.0,81.514,108.0,1.0,0.0,0.0,0.0,0.0,0.0
62526.0,27.71835099861702,1.5,100.0,100.0,4.0,175.05200000000002,90.0,1.0,0.0,0.0,0.0,0.0,0.0
14581.0,20.304461718291957,1.0676920923600508,39.48430005658433,69.79625483098069,1.0,79.162,196.0,1.0,0.0,0.0,0.0,0.0,0.0
54248.0,41.68238608239461,1.5,100.0,100.0,1.0,158.49599999999998,117.0,1.0,0.0,1.0,0.0,0.0,0.0
35471.0,38.39507768372794,1.5,100.0,100.0,2.0,120.942,92.0,1.0,0.0,0.0,0.0,0.0,0.0
19606.0,29.67817583918545,1.0035236029574066,65.98034842556065,100.0,0.0,89.212,112.0,1.0,0.0,0.0,0.0,0.0,0.0
17673.0,38.60680170207469,1.2473793881011557,60.16193772490645,87.99085071039276,0.0,85.346,104.0,1.0,0.0,0.0,0.0,0.0,0.0
32561.0,29.897502102714697,1.5,100.0,100.0,6.0,115.122,113.0,1.0,0.0,0.0,1.0,0.0,0.0
34348.0,43.43383452990732,1.5,100.0,100.0,1.0,118.696,92.0,1.0,0.0,0.0,0.0,0.0,0.0
26646.0,30.5580269685723,1.5,92.97578313819804,100.0,0.0,103.292,100.0,1.0,0.0,0.0,0.0,0.0,0.0
8876.0,41.33391905247099,1.3838708936277022,38.45201044341312,48.1972524069942,1.0,67.752,178.0,1.0,0.0,0.0,0.0,0.0,0.0
40524.0,20.0,1.5,100.0,100.0,2.0,131.048,95.0,1.0,0.0,0.0,0.0,0.0,0.0
29615.0,43.45482284145223,1.5,100.0,100.0,2.0,109.23,98.0,1.0,0.0,0.0,0.0,0.0,0.0
28436.0,31.26996274738926,1.5,93.08574130010904,100.0,2.0,106.872,97.0,1.0,0.0,0.0,1.0,0.0,0.0
27091.0,29.621709315466997,1.5,85.44316460848952,100.0,5.0,104.182,94.0,1.0,0.0,0.0,0.0,0.0,0.0
25434.0,32.65689669103006,1.5,88.95065053786327,100.0,3.0,100.868,96.0,1.0,0.0,0.0,0.0,0.0,0.0
32071.0,45.89504459563056,1.5,100.0,100.0,1.0,114.142,89.0,1.0,0.0,0.0,0.0,0.0,0.0
21510.0,52.406481588024334,1.326995290876391,78.52310473095186,100.0,4.0,93.02,86.0,1.0,0.0,1.0,0.0,0.0,0.0
15182.0,39.863509845511615,1.0836829929675504,59.08846926527207,77.58350378971282,1.0,80.364,111.0,1.0,0.0,0.0,1.0,0.0,0.0
12518.0,31.055266437266827,1.2306531191535055,37.51501713507467,59.666113655684434,2.0,75.036,213.0,0.0,0.0,1.0,0.0,0.0,0.0
36945.0,47.37710696149668,1.5,100.0,100.0,1.0,123.89,114.0,0.0,1.0,0.0,0.0,0.0,1.0
20748.0,38.40606949981809,1.3995121622994895,72.5796446477047,100.0,0.0,91.496,98.0,0.0,0.0,0.0,0.0,0.0,0.0
30014.0,23.087058941149856,1.5,100.0,100.0,1.0,110.028,95.0,0.0,0.0,0.0,0.0,0.0,0.0
28212.0,42.88017357560639,1.5,85.47399498846205,100.0,4.0,106.424,108.0,0.0,0.0,0.0,0.0,0.0,0.0
32798.0,25.288108933945523,1.5,100.0,100.0,1.0,115.596,82.0,0.0,0.0,0.0,1.0,0.0,0.0
20527.0,47.39290114780356,1.217152972919172,77.35347978274237,99.06870311695322,0.0,91.054,102.0,0.0,0.0,0.0,0.0,0.0,0.0
28485.0,28.93718751150672,1.5,96.4550648018622,100.0,2.0,106.97,104.0,0.0,0.0,0.0,0.0,0.0,0.0
19872.0,51.80895538960813,1.3970501893943446,67.03189307470058,100.0,0.0,89.744,88.0,0.0,0.0,0.0,0.0,0.0,0.0
37623.0,20.0,1.5,100.0,100.0,5.0,125.246,106.0,0.0,0.0,1.0,0.0,0.0,0.0
39092.0,40.60021515339696,1.5,100.0,100.0,1.0,128.184,102.0,0.0,0.0,0.0,0.0,0.0,1.0
45766.0,47.15774756407974,1.5,100.0,100.0,3.0,141.53199999999998,105.0,0.0,0.0,0.0,0.0,0.0,1.0
24290.0,31.329364049997,1.204805298307518,83.04557926925968,100.0,4.0,98.58,114.0,0.0,0.0,0.0,0.0,0.0,0.0
49842.0,46.95084889633982,1.5,100.0,100.0,1.0,149.684,97.0,0.0,0.0,0.0,0.0,0.0,0.0
28573.0,38.75613877145658,1.5,100.0,100.0,4.0,107.146,94.0,0.0,0.0,0.0,0.0,0.0,0.0
18037.0,48.429843413591065,1.1702740956473734,57.48820423623565,93.03449218879858,0.0,86.074,104.0,0.0,1.0,0.0,0.0,0.0,0.0
36404.0,44.322783548263736,1.5,100.0,100.0,0.0,122.808,108.0,0.0,0.0,0.0,0.0,1.0,0.0
33156.0,53.8180183264015,1.5,100.0,100.0,1.0,116.312,97.0,0.0,1.0,0.0,0.0,0.0,0.0
28881.0,40.36255147066082,1.5,91.16212396284796,100.0,0.0,107.762,83.0,0.0,0.0,0.0,0.0,0.0,0.0
17435.0,49.31261371140035,1.3261648462528084,58.575070046151446,84.44489932347761,1.0,84.87,85.0,0.0,0.0,0.0,0.0,0.0,0.0
44582.0,34.51600949371421,1.5,100.0,100.0,1.0,139.164,92.0,0.0,0.0,0.0,0.0,0.0,0.0
20351.0,25.219358581311603,1.0567721049035184,71.99193394260354,100.0,1.0,90.702,103.0,0.0,0.0,0.0,0.0,0.0,0.0
61767.0,30.541705190244645,1.5,100.0,100.0,2.0,173.534,106.0,0.0,0.0,0.0,0.0,0.0,0.0
43652.0,42.42138923380632,1.5,100.0,100.0,2.0,137.304,91.0,0.0,0.0,0.0,1.0,0.0,0.0
34397.0,26.293808624483795,1.5,100.0,100.0,4.0,118.794,112.0,0.0,0.0,0.0,0.0,0.0,0.0
28664.0,20.0,1.5,87.88973666819213,100.0,2.0,107.328,99.0,0.0,0.0,0.0,0.0,0.0,0.0
19382.0,34.24524288236642,1.1264861552569423,61.4613520640142,93.22905393255444,0.0,88.76400000000001,102.0,0.0,0.0,0.0,0.0,0.0,0.0
24195.0,35.97380208628767,1.3441666446325382,87.98437456312898,100.0,3.0,98.39,109.0,0.0,0.0,0.0,0.0,0.0,0.0
25695.0,36.760954882308496,1.5,93.88117362014194,100.0,2.0,101.39,103.0,0.0,0.0,0.0,0.0,0.0,1.0
16009.0,45.25649549189098,1.2842876293077643,53.8898560720463,82.74472645951653,1.0,82.018,109.0,0.0,0.0,0.0,0.0,0.0,0.0
29798.0,34.972069273379816,1.5,100.0,100.0,2.0,109.596,109.0,0.0,0.0,0.0,0.0,0.0,0.0
48418.0,20.0,1.5,100.0,100.0,1.0,146.836,113.0,0.0,0.0,0.0,1.0,0.0,1.0
21311.0,32.57467885277294,1.058118941470351,64.93970603816506,100.0,0.0,92.622,107.0,0.0,1.0,0.0,0.0,0.0,0.0
50896.0,33.18244189219807,1.5,100.0,100.0,1.0,151.792,108.0,0.0,0.0,0.0,0.0,0.0,0.0
9417.0,59.99940092536312,1.3259503849373246,22.90102533221924,48.2973199047579,0.0,68.834,177.0,0.0,0.0,0.0,0.0,0.0,0.0
31291.0,31.41649067644448,1.5,95.20266349235942,100.0,4.0,112.582,94.0,0.0,0.0,0.0,0.0,0.0,0.0
23761.0,51.73169814820252,1.317094797707694,81.8761080416381,100.0,3.0,97.522,101.0,0.0,0.0,0.0,0.0,0.0,0.0
11807.0,52.361028732976656,1.2200484787945558,37.08230639885898,63.65079261159189,0.0,73.614,179.0,0.0,0.0,0.0,0.0,0.0,0.0
36751.0,23.263011892462664,1.5,100.0,100.0,5.0,123.502,96.0,0.0,0.0,0.0,0.0,0.0,0.0
40282.0,20.0,1.5,100.0,100.0,6.0,130.564,113.0,0.0,1.0,0.0,0.0,0.0,1.0
24868.0,45.72399599424456,1.3811038788086616,88.19458128756331,100.0,3.0,99.736,98.0,0.0,0.0,0.0,0.0,0.0,0.0
47430.0,32.94682355197912,1.5,100.0,100.0,0.0,144.86,107.0,0.0,0.0,1.0,0.0,0.0,0.0
29668.0,35.559206609232184,1.5,98.54305895927706,100.0,1.0,109.336,102.0,0.0,0.0,0.0,1.0,0.0,0.0
23148.0,45.74175501247198,1.1500599583317737,77.31514431718034,100.0,3.0,96.296,100.0,0.0,1.0,0.0,0.0,0.0,0.0
24925.0,59.1206943080928,1.3342384959205695,92.60643913583895,100.0,1.0,99.85,104.0,0.0,1.0,0.0,0.0,0.0,0.0
46792.0,44.54043411463309,1.5,100.0,100.0,2.0,143.584,100.0,0.0,0.0,0.0,1.0,0.0,0.0
14590.0,36.47111874169642,1.1031786550313,45.40886023352394,69.58375573952104,0.0,79.18,182.0,0.0,0.0,0.0,0.0,0.0,0.0
23881.0,47.96739763133479,1.3758161804122473,76.5207191704486,100.0,1.0,97.762,104.0,0.0,0.0,0.0,0.0,1.0,0.0
13084.0,38.71736526917231,1.0672928471971634,47.093321872454965,64.62833203726068,0.0,76.168,194.0,0.0,0.0,0.0,0.0,0.0,0.0
36030.0,41.312579199072175,1.5,100.0,100.0,0.0,122.06,91.0,1.0,0.0,0.0,0.0,1.0,0.0
44850.0,42.433652305059326,1.5,100.0,100.0,2.0,139.7,108.0,1.0,0.0,0.0,0.0,0.0,1.0
14445.0,41.75067265648056,1.3528941406456996,50.4585515266472,75.18963308956448,0.0,78.89,204.0,1.0,0.0,1.0,0.0,0.0,0.0
18623.0,52.49087858300095,1.030392712958769,53.429193219420114,89.64620652580989,0.0,87.24600000000001,102.0,1.0,0.0,0.0,0.0,0.0,0.0
45604.0,48.872052684128064,1.5,100.0,100.0,1.0,141.208,116.0,1.0,0.0,0.0,0.0,0.0,0.0
29210.0,26.443210334741973,1.5,92.97586654451594,100.0,6.0,108.42,116.0,1.0,0.0,0.0,0.0,0.0,0.0
26224.0,20.0,1.5,94.44228233529296,100.0,0.0,102.448,75.0,1.0,0.0,0.0,1.0,0.0,0.0
23139.0,52.68328120853639,1.3805135185141235,76.1285572248242,100.0,5.0,96.278,100.0,1.0,0.0,0.0,0.0,0.0,0.0
25766.0,21.08423768202735,1.5,83.34085690212457,100.0,3.0,101.532,101.0,1.0,0.0,0.0,0.0,0.0,0.0
23948.0,32.220868934435295,1.0202060471880974,70.55490123631903,100.0,1.0,97.896,87.0,1.0,1.0,0.0,0.0,0.0,0.0
25989.0,34.98692465744911,1.5,86.00445697882465,100.0,0.0,101.978,94.0,1.0,0.0,0.0,0.0,0.0,0.0
8285.0,43.06546567657216,1.2092475867358217,33.92549159642606,41.98185542790617,2.0,66.57,200.0,1.0,0.0,0.0,0.0,0.0,0.0
31026.0,34.3342655066964,1.5,100.0,100.0,3.0,112.052,93.0,1.0,0.0,0.0,1.0,0.0,0.0
29855.0,48.74055354326009,1.5,92.43697096312695,100.0,1.0,109.71,92.0,1.0,0.0,1.0,0.0,0.0,0.0
37774.0,34.77214365162223,1.5,100.0,100.0,3.0,125.548,102.0,1.0,0.0,0.0,0.0,0.0,0.0
26128.0,30.165342360823253,1.5,92.8795091382656,100.0,2.0,102.256,101.0,1.0,0.0,1.0,0.0,0.0,0.0
31304.0,50.73390629996405,1.5,100.0,100.0,0.0,112.608,77.0,1.0,0.0,1.0,0.0,0.0,0.0
18783.0,46.31309415394458,1.1198358836533084,69.71427252472003,93.97524644450375,1.0,87.566,99.0,1.0,0.0,1.0,0.0,0.0,0.0
33109.0,37.487711600471926,1.5,100.0,100.0,6.0,116.218,94.0,1.0,0.0,0.0,0.0,0.0,0.0
20542.0,32.011851417355416,1.2664786430028838,65.63979857597319,97.91343936614246,0.0,91.084,91.0,0.0,0.0,0.0,0.0,0.0,0.0
28592.0,20.0,1.5,98.20702029178342,100.0,1.0,107.184,110.0,0.0,1.0,0.0,0.0,0.0,0.0
58842.0,28.346641965665587,1.5,100.0,100.0,1.0,167.684,98.0,0.0,0.0,0.0,0.0,0.0,0.0
23484.0,42.10742906106371,1.3116664790104824,85.70975233424431,100.0,4.0,96.968,97.0,0.0,0.0,0.0,0.0,0.0,0.0
16869.0,57.87181046706091,1.0028510011314484,54.51476848391189,81.6256932063296,1.0,83.738,94.0,0.0,0.0,0.0,0.0,0.0,0.0
35462.0,33.992657370699675,1.5,100.0,100.0,0.0,120.924,95.0,0.0,0.0,0.0,0.0,0.0,0.0
16560.0,37.96793119871801,1.037423544734159,47.4866169765887,80.78131124082644,1.0,83.12,98.0,0.0,0.0,0.0,0.0,1.0,0.0
29215.0,38.1685233873329,1.5,100.0,100.0,0.0,108.43,99.0,0.0,0.0,0.0,0.0,0.0,0.0
21955.0,34.137108263964485,1.1562183932159733,79.46594062254948,100.0,2.0,93.91,122.0,0.0,0.0,1.0,0.0,0.0,0.0
38540.0,41.836197510505336,1.5,100.0,100.0,2.0,127.08,99.0,0.0,0.0,0.0,0.0,0.0,0.0
24363.0,49.32427280835588,1.0199974470019666,90.98524275473254,100.0,2.0,98.726,113.0,0.0,0.0,0.0,0.0,0.0,0.0
18772.0,33.0418356309593,1.2104021614434377,64.66415786556742,93.52432203572955,1.0,87.544,85.0,0.0,0.0,1.0,0.0,0.0,0.0
54547.0,35.99813668821642,1.5,100.0,100.0,3.0,159.094,106.0,0.0,0.0,0.0,0.0,0.0,0.0
44736.0,49.44835512426712,1.5,100.0,100.0,1.0,139.47199999999998,100.0,0.0,0.0,0.0,0.0,0.0,0.0
20102.0,37.02113178504109,1.370548179482212,58.8340528836554,99.65023608489206,1.0,90.204,98.0,0.0,0.0,0.0,0.0,0.0,0.0
12913.0,59.13314833403484,1.3283623314807496,49.53522616435234,62.73635324848043,0.0,75.826,208.0,0.0,0.0,0.0,0.0,0.0,0.0
53176.0,42.732612214201446,1.5,100.0,100.0,2.0,156.352,119.0,0.0,0.0,0.0,1.0,0.0,0.0
32287.0,40.95238364055164,1.5,100.0,100.0,1.0,114.574,93.0,0.0,0.0,1.0,0.0,0.0,0.0
26074.0,32.24354413073955,1.5,84.7752055712418,100.0,1.0,102.148,83.0,0.0,1.0,0.0,0.0,0.0,0.0
9137.0,52.01956333759811,1.1788957234532995,39.98908869369384,48.88406798403875,2.0,68.274,190.0,0.0,0.0,0.0,0.0,0.0,0.0
25875.0,57.56814402525205,1.5,78.71602244093059,100.0,2.0,101.75,85.0,0.0,0.0,1.0,0.0,0.0,0.0
41154.0,33.456279597946576,1.5,100.0,100.0,2.0,132.308,88.0,0.0,0.0,0.0,0.0,0.0,0.0
39121.0,40.37706650512417,1.5,100.0,100.0,3.0,128.24200000000002,98.0,0.0,0.0,1.0,0.0,0.0,0.0
17335.0,38.85018246589368,1.3618990632697547,55.61870065130529,87.30698596606678,3.0,84.67,106.0,0.0,0.0,1.0,0.0,0.0,0.0
31339.0,30.14855734571858,1.5,100.0,100.0,4.0,112.678,87.0,0.0,1.0,0.0,0.0,0.0,0.0
66519.0,28.09098304645593,1.5,100.0,100.0,3.0,183.038,113.0,0.0,0.0,0.0,0.0,0.0,0.0
7337.0,45.79915104507881,1.0140939637251083,21.444055673847185,38.32014742793336,0.0,64.674,191.0,0.0,0.0,0.0,0.0,0.0,0.0
36282.0,49.99287758475687,1.5,100.0,100.0,4.0,122.564,104.0,0.0,0.0,0.0,0.0,0.0,0.0
29725.0,44.84485002434656,1.5,99.59564528373414,100.0,0.0,109.45,95.0,0.0,0.0,0.0,0.0,0.0,0.0
33529.0,41.882155675004505,1.5,100.0,100.0,2.0,117.058,112.0,0.0,0.0,0.0,0.0,0.0,0.0
8571.0,41.26123333956743,1.144486647547193,23.764221602049147,38.78136462723416,0.0,67.142,208.0,0.0,0.0,0.0,0.0,0.0,0.0
25447.0,40.84128321459197,1.5,88.78853059945746,100.0,4.0,100.894,102.0,0.0,0.0,0.0,0.0,0.0,0.0
39117.0,29.662852399553053,1.5,100.0,100.0,0.0,128.23399999999998,113.0,0.0,0.0,0.0,0.0,0.0,0.0
32877.0,39.488508313415046,1.5,100.0,100.0,3.0,115.754,103.0,0.0,0.0,0.0,0.0,0.0,0.0
17858.0,42.90443202307043,1.0795720488500131,53.95520802387012,92.75191376584804,1.0,85.71600000000001,108.0,0.0,0.0,0.0,0.0,0.0,0.0
46500.0,43.531668196841885,1.5,100.0,100.0,3.0,143.0,96.0,0.0,0.0,0.0,0.0,0.0,0.0
30946.0,22.075796556377885,1.5,100.0,100.0,1.0,111.892,116.0,0.0,0.0,0.0,0.0,0.0,0.0
22437.0,52.411558240849146,1.0043985157102486,81.14682577648934,100.0,1.0,94.874,84.0,0.0,0.0,0.0,0.0,0.0,0.0
47001.0,27.015943425790432,1.5,100.0,100.0,1.0,144.002,86.0,0.0,0.0,0.0,0.0,0.0,0.0
18401.0,44.875686478182,1.2934333044090631,61.6949255208243,95.05205428208136,1.0,86.80199999999999,89.0,0.0,0.0,0.0,0.0,0.0,1.0
54002.0,26.890667753611787,1.5,100.0,100.0,2.0,158.00400000000002,100.0,0.0,1.0,0.0,0.0,0.0,0.0
26735.0,20.14704818217892,1.5,91.22336807593172,100.0,8.0,103.47,116.0,0.0,0.0,0.0,0.0,0.0,0.0
8423.0,38.82405019046834,1.1314278113927323,28.22965523470745,44.78121478253526,1.0,66.846,183.0,0.0,0.0,1.0,0.0,0.0,0.0
14153.0,37.31578246256757,1.0955854882164229,47.05430077425167,71.5972565169157,0.0,78.306,226.0,0.0,0.0,0.0,0.0,0.0,0.0
29150.0,53.9158033839359,1.5,100.0,100.0,3.0,108.3,109.0,0.0,0.0,0.0,0.0,0.0,0.0
5889.0,29.952867269736057,1.2968445439645728,14.002649616657074,25.575075480902715,2.0,61.778,197.0,0.0,0.0,0.0,0.0,1.0,0.0
44237.0,24.78840244366465,1.5,100.0,100.0,6.0,138.474,89.0,0.0,0.0,0.0,0.0,0.0,0.0
17806.0,40.56028349470325,1.3338696486721453,67.66836811305615,86.39496479567944,0.0,85.612,104.0,0.0,0.0,0.0,0.0,0.0,0.0
10522.0,49.22928608511285,1.3073130398513664,26.56137448790315,55.23221627169866,0.0,71.044,214.0,0.0,0.0,0.0,0.0,0.0,0.0
22012.0,35.65258794758198,1.0965605880429132,80.08052627454106,100.0,1.0,94.024,117.0,0.0,0.0,1.0,0.0,0.0,1.0
12758.0,37.858862333359184,1.3565039319689975,43.10904028772626,62.32343396362595,0.0,75.51599999999999,207.0,1.0,0.0,0.0,0.0,0.0,0.0
11596.0,52.8343118664388,1.03546658817457,43.848480896694646,58.22427234453024,0.0,73.19200000000001,194.0,1.0,0.0,0.0,1.0,0.0,0.0
30568.0,31.132248027017148,1.5,100.0,100.0,3.0,111.136,107.0,1.0,0.0,0.0,0.0,0.0,1.0
26167.0,21.510451956573675,1.5,81.37941082337304,100.0,1.0,102.334,96.0,1.0,0.0,0.0,0.0,0.0,0.0
39863.0,29.170337807381078,1.5,100.0,100.0,3.0,129.726,132.0,1.0,0.0,1.0,0.0,0.0,0.0
5893.0,40.47992326941956,1.234117030625971,25.082519526548573,28.23854614860206,0.0,61.786,223.0,1.0,0.0,0.0,0.0,0.0,1.0
18595.0,48.662045382369726,1.1943422442162694,68.31543521456541,93.69977183708244,0.0,87.19,106.0,1.0,0.0,0.0,0.0,0.0,0.0
31566.0,39.30309564506618,1.5,100.0,100.0,2.0,113.132,117.0,1.0,1.0,0.0,0.0,0.0,0.0
15596.0,52.89057468083202,1.2301533462216836,45.3998340934894,73.20337654381038,0.0,81.19200000000001,115.0,1.0,0.0,0.0,0.0,0.0,0.0
33369.0,30.59483055640188,1.5,100.0,100.0,2.0,116.738,107.0,1.0,0.0,0.0,0.0,0.0,1.0
22825.0,31.76204555403141,1.237169235123084,79.51743766701337,100.0,2.0,95.65,91.0,1.0,0.0,1.0,0.0,0.0,0.0
39144.0,35.32597046636332,1.5,100.0,100.0,2.0,128.288,111.0,1.0,0.0,1.0,0.0,0.0,0.0
30240.0,27.892560201119167,1.5,98.0340981108798,100.0,3.0,110.48,110.0,1.0,0.0,0.0,0.0,0.0,0.0
30957.0,20.0,1.5,100.0,100.0,1.0,111.914,81.0,1.0,0.0,0.0,0.0,0.0,0.0
27506.0,23.849229615901866,1.5,93.2214892072588,100.0,3.0,105.012,97.0,1.0,0.0,0.0,1.0,0.0,0.0
30276.0,29.498551016516014,1.5,100.0,100.0,1.0,110.552,105.0,1.0,0.0,0.0,1.0,0.0,1.0
20366.0,47.49675027987784,1.276792450057407,70.98825627251156,97.89093837703857,6.0,90.732,104.0,1.0,0.0,0.0,1.0,0.0,0.0
30673.0,40.8375014366301,1.5,100.0,100.0,2.0,111.346,96.0,1.0,0.0,0.0,0.0,0.0,0.0
14188.0,37.8354148363872,1.244500355256371,54.60366260257667,74.13115998501964,0.0,78.376,207.0,1.0,0.0,0.0,0.0,0.0,0.0
55689.0,47.496303141701446,1.5,100.0,100.0,3.0,161.378,95.0,0.0,0.0,0.0,0.0,0.0,0.0
12844.0,58.52042368665138,1.3579743723570634,43.20643244934624,64.52024425527168,1.0,75.688,193.0,0.0,0.0,1.0,0.0,0.0,0.0
18011.0,46.58360152234175,1.186292744405831,60.14465271811174,86.39939105927826,0.0,86.02199999999999,101.0,0.0,0.0,0.0,0.0,0.0,0.0
28283.0,30.026590923975636,1.5,86.48958362853361,100.0,2.0,106.566,97.0,0.0,0.0,0.0,0.0,0.0,0.0
21400.0,28.14050798930749,1.191722805731,65.59535077650217,100.0,0.0,92.8,105.0,0.0,1.0,0.0,0.0,0.0,0.0
24227.0,59.12414531218332,1.0374093185307989,87.15582908117827,100.0,1.0,98.454,90.0,0.0,0.0,0.0,0.0,1.0,0.0
40012.0,47.10221031517156,1.5,100.0,100.0,5.0,130.024,109.0,0.0,1.0,0.0,0.0,0.0,1.0
41272.0,38.42995114071306,1.5,100.0,100.0,0.0,132.54399999999998,108.0,0.0,0.0,0.0,0.0,1.0,0.0
40404.0,60.87830497760499,1.5,100.0,100.0,2.0,130.808,98.0,0.0,0.0,1.0,0.0,0.0,0.0
26938.0,36.22832319596337,1.5,88.4331127463417,100.0,0.0,103.876,105.0,0.0,0.0,0.0,0.0,0.0,0.0
23757.0,47.05129300735403,1.2578372652044,75.5245408741265,100.0,4.0,97.514,96.0,0.0,0.0,1.0,0.0,0.0,0.0
32476.0,42.00767326137413,1.5,100.0,100.0,1.0,114.952,119.0,0.0,0.0,0.0,0.0,0.0,0.0
16062.0,54.22427750618311,1.337486020252216,54.60724511191045,82.56264423856537,0.0,82.124,89.0,0.0,0.0,0.0,0.0,0.0,0.0
11680.0,25.748481873737287,1.2156020179303002,37.51608515243891,60.03090116648007,0.0,73.36,205.0,0.0,0.0,0.0,0.0,0.0,0.0
35499.0,30.88941395241675,1.5,100.0,100.0,0.0,120.998,120.0,0.0,0.0,0.0,0.0,0.0,1.0
42904.0,30.78467385975032,1.5,100.0,100.0,1.0,135.808,94.0,0.0,0.0,0.0,0.0,0.0,0.0
18665.0,45.81447234462836,1.2232368161468596,62.870847988646766,88.67763018105147,1.0,87.33,94.0,0.0,0.0,0.0,0.0,0.0,0.0
27424.0,25.466995295655657,1.5,83.35553043137668,100.0,4.0,104.848,97.0,0.0,1.0,0.0,0.0,0.0,0.0
36614.0,46.09719581705981,1.5,100.0,100.0,2.0,123.228,101.0,0.0,0.0,0.0,0.0,0.0,0.0
27259.0,20.0,1.5,91.53111901274154,100.0,1.0,104.518,103.0,0.0,0.0,0.0,0.0,0.0,0.0
33834.0,30.115935668528596,1.5,100.0,100.0,3.0,117.668,95.0,0.0,0.0,0.0,0.0,0.0,0.0
12544.0,46.139935893916935,1.2588216219623916,33.52780378829695,63.12480382466225,1.0,75.088,177.0,0.0,0.0,0.0,1.0,0.0,0.0
16414.0,33.66429178952545,1.085382434933457,60.912792364507546,79.2676445772283,0.0,82.828,108.0,0.0,0.0,0.0,0.0,0.0,1.0
24234.0,41.384026183234816,1.2375156614356626,82.42334270820645,100.0,1.0,98.468,109.0,0.0,0.0,0.0,0.0,0.0,0.0
41720.0,30.978308426056373,1.5,100.0,100.0,2.0,133.44,95.0,0.0,0.0,0.0,0.0,0.0,0.0
8400.0,43.679178484611086,1.2750403532229762,33.20650150054427,45.54712394753259,2.0,66.8,219.0,0.0,0.0,1.0,0.0,0.0,0.0
9348.0,42.98491102631514,1.2672531754801146,39.54938208566649,46.20150782494259,1.0,68.696,193.0,0.0,0.0,0.0,0.0,0.0,0.0
48809.0,31.20863304885419,1.5,100.0,100.0,1.0,147.618,102.0,0.0,0.0,0.0,0.0,0.0,0.0
46600.0,43.24690350210867,1.5,100.0,100.0,3.0,143.2,117.0,0.0,0.0,0.0,0.0,0.0,0.0
27041.0,29.502915978432892,1.5,82.33930543337566,100.0,2.0,104.082,80.0,0.0,0.0,0.0,0.0,0.0,1.0
62918.0,35.93386970150942,1.5,100.0,100.0,0.0,175.836,103.0,0.0,1.0,0.0,0.0,0.0,0.0
58659.0,42.14653980480287,1.5,100.0,100.0,1.0,167.31799999999998,93.0,0.0,0.0,1.0,0.0,0.0,0.0
37456.0,25.80146451108399,1.5,100.0,100.0,1.0,124.912,95.0,0.0,0.0,0.0,0.0,0.0,0.0
53372.0,43.1168339475522,1.5,100.0,100.0,0.0,156.744,98.0,0.0,0.0,0.0,1.0,0.0,0.0
18348.0,51.04913827183569,1.1934758924996842,62.76311819921549,94.22302218905226,0.0,86.696,105.0,0.0,0.0,0.0,0.0,0.0,0.0
26997.0,35.55863134893524,1.5,95.90730609538636,100.0,1.0,103.994,114.0,0.0,0.0,0.0,0.0,0.0,0.0
14878.0,29.6462372642431,1.3520720741201613,47.95789643844469,74.85285949191785,0.0,79.756,204.0,0.0,0.0,1.0,0.0,0.0,0.0
6406.0,50.55658891857041,1.1412586370643436,19.237957698849534,36.19599388900944,1.0,62.812,199.0,0.0,0.0,0.0,0.0,0.0,0.0
11311.0,41.05678740916259,1.196217262462689,46.346655632183314,52.56200717625487,0.0,72.622,208.0,0.0,0.0,1.0,0.0,0.0,0.0
31879.0,35.90903857207631,1.5,100.0,100.0,2.0,113.758,91.0,0.0,0.0,0.0,1.0,0.0,0.0
29734.0,46.99497450725151,1.5,100.0,100.0,3.0,109.468,119.0,0.0,0.0,0.0,0.0,0.0,0.0
25265.0,20.0,1.5,85.45670340836489,100.0,1.0,100.53,107.0,0.0,0.0,0.0,0.0,0.0,0.0
31708.0,37.79415534603632,1.5,100.0,100.0,3.0,113.416,86.0,0.0,0.0,0.0,0.0,0.0,0.0
26415.0,36.17559694449741,1.5,89.25873685696024,100.0,0.0,102.83,123.0,0.0,0.0,0.0,0.0,0.0,0.0
14985.0,58.41305874842286,1.0567210404725873,51.98476099540609,79.44472754707598,3.0,79.97,217.0,0.0,0.0,0.0,0.0,0.0,0.0
46560.0,20.0,1.5,100.0,100.0,1.0,143.12,97.0,0.0,0.0,0.0,0.0,0.0,1.0
9430.0,40.72952769668152,1.3210856331040408,28.23597755020236,48.83030917259852,0.0,68.86,185.0,0.0,0.0,0.0,0.0,0.0,0.0
21711.0,42.66517097425386,1.1718374256880777,76.40383502840683,100.0,3.0,93.422,98.0,1.0,0.0,0.0,0.0,0.0,0.0
48677.0,24.60251891068617,1.5,100.0,100.0,4.0,147.35399999999998,88.0,1.0,1.0,0.0,0.0,0.0,0.0
17047.0,52.8847104001319,1.322382451131216,66.61824683149177,88.87931606155702,0.0,84.094,95.0,1.0,0.0,0.0,0.0,0.0,0.0
20294.0,45.64334040816123,1.357926300024374,74.29357720733927,100.0,2.0,90.588,109.0,1.0,0.0,0.0,0.0,0.0,0.0
49729.0,39.94504629752402,1.5,100.0,100.0,0.0,149.458,83.0,1.0,0.0,0.0,0.0,0.0,0.0
46462.0,25.63014126491516,1.5,100.0,100.0,2.0,142.924,95.0,1.0,0.0,0.0,0.0,1.0,0.0
29433.0,28.42956302727089,1.5,88.9748604995853,100.0,1.0,108.866,100.0,1.0,0.0,0.0,0.0,0.0,0.0
36155.0,39.90503728410612,1.5,100.0,100.0,0.0,122.31,84.0,1.0,0.0,0.0,0.0,0.0,0.0
8608.0,45.18008825214061,1.291444576669092,28.452727049565105,42.6293966093518,0.0,67.21600000000001,186.0,1.0,0.0,0.0,0.0,0.0,0.0
24432.0,62.56929058199408,1.3285482410300131,86.03196916470532,100.0,3.0,98.864,104.0,1.0,0.0,0.0,1.0,0.0,0.0
17540.0,62.48041251711048,1.3051406581223053,50.96485231192331,84.6152299442054,0.0,85.08,72.0,1.0,0.0,0.0,0.0,0.0,0.0
7758.0,49.45328162175578,1.0552691141052406,23.574953918808003,35.37736840590205,0.0,65.516,221.0,1.0,0.0,0.0,0.0,0.0,0.0
11603.0,57.32453907977818,1.2290232688994085,34.665768791892745,60.85257588211252,0.0,73.206,205.0,1.0,0.0,0.0,0.0,0.0,0.0
38811.0,24.081194282649363,1.5,100.0,100.0,3.0,127.622,104.0,1.0,0.0,0.0,0.0,0.0,0.0
26937.0,37.50800815646053,1.5,96.38156385794096,100.0,3.0,103.874,121.0,1.0,0.0,1.0,0.0,0.0,0.0
26956.0,46.91143372748036,1.5,98.78751446771972,100.0,0.0,103.912,113.0,1.0,0.0,1.0,0.0,0.0,0.0
44704.0,55.33800049569428,1.5,100.0,100.0,4.0,139.40800000000002,94.0,1.0,0.0,1.0,0.0,0.0,0.0
21662.0,30.472790974675924,1.1039656248342204,67.9994412665048,100.0,0.0,93.324,99.0,1.0,0.0,0.0,0.0,0.0,0.0
28300.0,30.5382715987948,1.5,96.806477127563,100.0,2.0,106.6,87.0,1.0,0.0,0.0,0.0,0.0,0.0
16034.0,30.944159169225603,1.2009855037522923,57.0958862395652,80.21390583254625,1.0,82.068,107.0,1.0,1.0,0.0,0.0,0.0,0.0
52326.0,29.16046230329629,1.5,100.0,100.0,1.0,154.652,100.0,0.0,0.0,1.0,0.0,0.0,0.0
45816.0,25.98264966949341,1.5,100.0,100.0,1.0,141.632,87.0,0.0,0.0,0.0,0.0,0.0,1.0
16281.0,36.37861217546328,1.1532690649890531,45.19923324555091,83.44478864867978,2.0,82.562,98.0,0.0,1.0,0.0,0.0,0.0,0.0
56434.0,30.61932633869536,1.5,100.0,100.0,2.0,162.868,100.0,0.0,0.0,0.0,0.0,0.0,0.0
50566.0,22.9731043079761,1.5,100.0,100.0,3.0,151.132,108.0,0.0,0.0,0.0,0.0,0.0,0.0
26004.0,39.673795697267884,1.5,93.80955387686848,100.0,4.0,102.008,120.0,0.0,0.0,0.0,0.0,0.0,0.0
34460.0,59.43202523847401,1.5,100.0,100.0,2.0,118.92,103.0,0.0,0.0,0.0,0.0,1.0,0.0
23305.0,62.40057269196734,1.0388144045488652,86.63193329694985,100.0,2.0,96.61,90.0,0.0,0.0,0.0,1.0,0.0,0.0
45581.0,23.1444488286178,1.5,100.0,100.0,1.0,141.162,85.0,0.0,0.0,1.0,0.0,0.0,0.0
13840.0,28.25451110754695,1.2925424192382875,45.3478404454185,65.46061041837396,0.0,77.68,199.0,0.0,0.0,0.0,0.0,0.0,1.0
13491.0,50.16331065099468,1.1317263966689226,44.73698818161384,71.74261838224946,0.0,76.982,206.0,0.0,0.0,0.0,0.0,0.0,0.0
51364.0,33.49513683849894,1.5,100.0,100.0,3.0,152.728,107.0,0.0,0.0,0.0,0.0,0.0,0.0
28321.0,43.04470582979127,1.5,85.88184486449501,100.0,3.0,106.642,111.0,0.0,0.0,0.0,0.0,0.0,0.0
53981.0,30.24529678980815,1.5,100.0,100.0,1.0,157.962,97.0,0.0,0.0,0.0,0.0,1.0,1.0
32393.0,31.35573148388937,1.5,100.0,100.0,1.0,114.786,106.0,0.0,0.0,0.0,0.0,0.0,0.0
8819.0,45.59484939997163,1.3510393176565787,22.862516395856566,39.29622631848516,0.0,67.638,187.0,0.0,0.0,0.0,0.0,0.0,0.0
42439.0,37.86415604460839,1.5,100.0,100.0,0.0,134.878,95.0,0.0,0.0,0.0,1.0,0.0,0.0
17832.0,42.17653627622701,1.3391910868955426,55.33408830077252,84.52629222363724,2.0,85.664,98.0,0.0,0.0,0.0,0.0,0.0,1.0
19394.0,38.53400372460712,1.1860826718400048,67.49083300356355,91.982501275185,1.0,88.788,96.0,0.0,0.0,0.0,0.0,0.0,0.0
24306.0,55.86233284206993,1.3616838192053056,71.07263288042971,100.0,3.0,98.612,92.0,0.0,0.0,0.0,0.0,0.0,0.0
40361.0,41.25776514830617,1.5,100.0,100.0,1.0,130.72199999999998,110.0,0.0,0.0,0.0,0.0,0.0,0.0
42479.0,27.62277412243157,1.5,100.0,100.0,1.0,134.958,94.0,0.0,0.0,0.0,0.0,0.0,0.0
30847.0,43.08492274428852,1.5,100.0,100.0,1.0,111.694,68.0,0.0,0.0,0.0,0.0,0.0,0.0
38615.0,33.657726160660594,1.5,100.0,100.0,1.0,127.23,95.0,0.0,0.0,0.0,0.0,0.0,0.0
24540.0,25.66206719698255,1.0943774093605327,86.84659238774508,100.0,0.0,99.08,100.0,0.0,0.0,1.0,0.0,0.0,0.0
30240.0,30.93146927736774,1.5,100.0,100.0,4.0,110.48,102.0,0.0,0.0,0.0,0.0,0.0,0.0
24020.0,56.24132386232085,1.109221123535295,84.82980622637241,100.0,3.0,98.04,101.0,0.0,0.0,0.0,0.0,0.0,0.0
22227.0,49.397855131384425,1.0888796122569997,81.67186580716779,100.0,1.0,94.454,99.0,0.0,0.0,0.0,0.0,0.0,0.0
31787.0,38.447412877670445,1.5,100.0,100.0,0.0,113.574,102.0,0.0,1.0,0.0,0.0,0.0,0.0
33554.0,41.72857687685869,1.5,100.0,100.0,4.0,117.108,97.0,0.0,0.0,0.0,0.0,0.0,0.0
11837.0,31.995203789660216,1.0368789472951363,47.34919044635414,55.18649138312471,1.0,73.674,208.0,0.0,0.0,0.0,0.0,0.0,1.0
48952.0,30.502183939738394,1.5,100.0,100.0,6.0,147.904,125.0,0.0,0.0,1.0,0.0,0.0,1.0
54395.0,36.807438949282194,1.5,100.0,100.0,1.0,158.79000000000002,108.0,0.0,0.0,0.0,0.0,0.0,0.0
17322.0,42.23484636807375,1.244341605232781,61.50251207168174,88.63936226879045,0.0,84.644,97.0,0.0,1.0,0.0,0.0,0.0,0.0
25746.0,27.63572016234732,1.5,85.82729152887573,100.0,3.0,101.492,97.0,0.0,0.0,0.0,0.0,0.0,0.0
31802.0,38.12958125436249,1.5,100.0,100.0,2.0,113.604,105.0,0.0,0.0,0.0,0.0,0.0,0.0
25386.0,36.743956373779,1.5,93.49797619896329,100.0,3.0,100.772,88.0,0.0,0.0,1.0,0.0,0.0,0.0
34916.0,36.15154803837776,1.5,100.0,100.0,1.0,119.832,116.0,0.0,0.0,0.0,0.0,0.0,0.0
25786.0,52.038626169752845,1.5,83.20325290781682,100.0,1.0,101.572,109.0,0.0,0.0,0.0,0.0,0.0,0.0
7581.0,36.48746302435837,1.1241921895239055,31.27773393119678,41.33755475312653,0.0,65.162,239.0,0.0,0.0,0.0,0.0,0.0,0.0
43779.0,32.98202896998391,1.5,100.0,100.0,4.0,137.558,96.0,0.0,0.0,0.0,0.0,0.0,0.0
46793.0,44.658316468581305,1.5,100.0,100.0,1.0,143.586,120.0,0.0,0.0,0.0,0.0,0.0,1.0
11166.0,43.96711816568845,1.369286354157647,33.869650748518815,56.201507564441066,0.0,72.332,223.0,0.0,0.0,0.0,0.0,0.0,0.0
24425.0,46.70432476884663,1.3088048261654766,88.89865448195096,100.0,3.0,98.85,94.0,0.0,0.0,0.0,0.0,0.0,0.0
27988.0,25.30442656683778,1.5,87.69386727756769,100.0,2.0,105.976,86.0,0.0,1.0,0.0,0.0,0.0,1.0
38834.0,35.224489197054275,1.5,100.0,100.0,1.0,127.668,105.0,0.0,0.0,0.0,1.0,0.0,0.0
20536.0,36.60648041707367,1.1179531090643988,78.33741757178029,100.0,4.0,91.072,94.0,0.0,0.0,0.0,0.0,1.0,0.0
43862.0,36.87892022874279,1.5,100.0,100.0,4.0,137.724,110.0,1.0,0.0,1.0,0.0,0.0,0.0
19532.0,60.226398916731725,1.2225903431083227,57.81733514723212,96.27227875513012,1.0,89.064,119.0,1.0,0.0,0.0,0.0,0.0,0.0
14541.0,37.902883733312684,1.255402210358107,46.15700668688299,69.41664374758307,3.0,79.082,187.0,1.0,0.0,0.0,0.0,1.0,0.0
45391.0,40.75038406746154,1.5,100.0,100.0,3.0,140.78199999999998,98.0,1.0,0.0,0.0,0.0,0.0,0.0
46627.0,29.72194935585765,1.5,100.0,100.0,0.0,143.25400000000002,105.0,1.0,0.0,0.0,0.0,0.0,0.0
36697.0,38.73335538703272,1.5,100.0,100.0,1.0,123.394,113.0,1.0,1.0,0.0,0.0,0.0,0.0
34349.0,42.17110094866911,1.5,100.0,100.0,4.0,118.698,103.0,1.0,0.0,0.0,0.0,0.0,0.0
17965.0,36.41234167416897,1.3124105641232964,53.4830596134464,89.47421222395192,4.0,85.93,123.0,1.0,0.0,0.0,0.0,0.0,0.0
33805.0,27.945074679168496,1.5,100.0,100.0,1.0,117.61,99.0,1.0,1.0,0.0,0.0,0.0,0.0
21325.0,20.91901218351522,1.211866766531806,80.43469897297211,100.0,1.0,92.65,97.0,1.0,0.0,1.0,0.0,0.0,0.0
20344.0,42.54996994841916,1.3050927333675535,62.19636078221304,98.15529275071856,0.0,90.688,86.0,1.0,0.0,0.0,0.0,0.0,0.0
11895.0,57.60839816534656,1.3225810270781606,30.750484711426665,56.44628751644702,0.0,73.78999999999999,209.0,1.0,0.0,1.0,0.0,0.0,0.0
46783.0,33.62672372851631,1.5,100.0,100.0,1.0,143.566,105.0,1.0,0.0,0.0,0.0,0.0,0.0
19305.0,52.82595126685226,1.2441818188136906,62.4504299165526,97.87849639735958,0.0,88.61,83.0,1.0,0.0,0.0,0.0,0.0,0.0
40856.0,25.755156846920016,1.5,100.0,100.0,2.0,131.712,99.0,1.0,0.0,1.0,0.0,0.0,0.0
26041.0,34.80709442421344,1.5,79.2748952459411,100.0,4.0,102.082,87.0,1.0,1.0,0.0,0.0,0.0,0.0
26640.0,20.0,1.5,79.82235455455435,100.0,2.0,103.28,102.0,1.0,0.0,0.0,0.0,0.0,0.0
21492.0,40.236587343194856,1.1508736577692602,65.70681307433466,100.0,1.0,92.984,106.0,1.0,0.0,0.0,0.0,0.0,0.0
39708.0,37.60493216857658,1.5,100.0,100.0,3.0,129.416,92.0,0.0,0.0,0.0,0.0,0.0,0.0
37649.0,31.0926022564156,1.5,100.0,100.0,3.0,125.298,108.0,0.0,0.0,0.0,0.0,0.0,0.0
16736.0,34.22919803150008,1.2395132475909014,57.51010786932261,85.09889809224838,2.0,83.47200000000001,105.0,0.0,1.0,0.0,0.0,0.0,0.0
32220.0,20.0,1.5,100.0,100.0,4.0,114.44,103.0,0.0,0.0,0.0,0.0,0.0,0.0
44869.0,31.644174560617756,1.5,100.0,100.0,0.0,139.738,110.0,0.0,0.0,0.0,0.0,0.0,0.0
71610.0,39.58498476242932,1.5,100.0,100.0,0.0,193.22,104.0,0.0,0.0,0.0,0.0,0.0,0.0
24307.0,43.619678025313725,1.3992607552220004,86.12504260476604,100.0,2.0,98.614,82.0,0.0,0.0,1.0,0.0,0.0,0.0
28246.0,37.67806261473849,1.5,100.0,100.0,2.0,106.492,107.0,0.0,0.0,0.0,0.0,0.0,0.0
32100.0,31.813868288611907,1.5,100.0,100.0,2.0,114.2,103.0,0.0,0.0,0.0,0.0,0.0,0.0
31202.0,27.40387893952384,1.5,94.3314465056533,100.0,0.0,112.404,79.0,0.0,0.0,1.0,0.0,0.0,0.0
21168.0,33.1632121547977,1.2064665464733035,71.44779823747707,100.0,1.0,92.336,95.0,0.0,0.0,0.0,0.0,0.0,0.0
5758.0,49.38546498827135,1.27770182520781,24.90115683367688,32.29334199472283,0.0,61.516,180.0,0.0,0.0,1.0,0.0,0.0,0.0
24211.0,44.17969932723591,1.2600792183773026,85.48047203099155,100.0,1.0,98.422,112.0,0.0,0.0,0.0,0.0,0.0,1.0
10394.0,44.80290711602086,1.3104352989792136,43.50550903113943,56.12170628945464,1.0,70.788,214.0,0.0,0.0,1.0,0.0,0.0,1.0
25143.0,29.733006670653985,1.5,83.53344612257342,100.0,2.0,100.286,93.0,0.0,0.0,0.0,0.0,0.0,0.0
30810.0,46.44649444219064,1.5,100.0,100.0,3.0,111.62,97.0,0.0,0.0,0.0,0.0,0.0,0.0
18365.0,46.18545891591736,1.260873181646986,55.62512882856651,94.1317854448492,1.0,86.72999999999999,91.0,0.0,0.0,0.0,0.0,0.0,0.0
28509.0,52.96147378316758,1.5,91.7902437542761,100.0,3.0,107.018,90.0,0.0,0.0,0.0,0.0,0.0,0.0
26880.0,30.38173427090277,1.5,84.77232979117866,100.0,2.0,103.76,108.0,0.0,0.0,1.0,0.0,0.0,0.0
34303.0,37.02645317098305,1.5,100.0,100.0,3.0,118.606,87.0,0.0,0.0,1.0,0.0,0.0,1.0
9133.0,41.21598472037908,1.2353252758957456,33.699466464531994,45.72167163274181,1.0,68.26599999999999,196.0,0.0,0.0,1.0,0.0,0.0,0.0
23527.0,52.42275233207015,1.3195968354133385,69.05664559258605,100.0,0.0,97.054,89.0,0.0,0.0,0.0,0.0,0.0,0.0
37300.0,34.119352121588186,1.5,100.0,100.0,1.0,124.6,92.0,0.0,0.0,0.0,0.0,0.0,1.0
15525.0,43.323450648825,1.2595357296009786,59.55488624896826,80.48333025051413,0.0,81.05,99.0,0.0,0.0,0.0,0.0,0.0,0.0
43145.0,27.116558737596787,1.5,100.0,100.0,4.0,136.29000000000002,97.0,0.0,0.0,0.0,0.0,0.0,0.0
40058.0,36.34974288550864,1.5,100.0,100.0,1.0,130.116,88.0,0.0,0.0,0.0,0.0,0.0,0.0
19533.0,46.85343103366913,1.203422995562541,55.16933919199268,94.85371429385155,1.0,89.066,99.0,0.0,0.0,0.0,0.0,0.0,0.0
39532.0,20.0,1.5,100.0,100.0,3.0,129.064,94.0,0.0,0.0,0.0,0.0,0.0,0.0
34845.0,43.477612113436784,1.5,100.0,100.0,0.0,119.69,109.0,0.0,0.0,0.0,0.0,0.0,0.0
34258.0,25.824216145906693,1.5,100.0,100.0,0.0,118.516,95.0,0.0,1.0,0.0,0.0,0.0,0.0
6294.0,56.53033415512948,1.173409459040315,19.432012358938493,32.79409288742543,0.0,62.588,219.0,0.0,0.0,0.0,0.0,1.0,0.0
19247.0,37.71026182141214,1.105504338263553,73.22012300715164,93.6195411626545,0.0,88.494,87.0,0.0,1.0,0.0,0.0,0.0,0.0
29158.0,43.36084497688805,1.5,92.96948043462088,100.0,1.0,108.316,95.0,0.0,0.0,0.0,0.0,0.0,0.0
26326.0,46.85349547075596,1.5,89.80272477228105,100.0,1.0,102.652,90.0,0.0,0.0,0.0,1.0,0.0,0.0
32184.0,44.39624316202168,1.5,100.0,100.0,2.0,114.368,109.0,0.0,0.0,0.0,0.0,0.0,0.0
6797.0,48.475987709747855,1.2886125789295526,13.869859423220223,36.59084804976167,0.0,63.594,162.0,0.0,0.0,0.0,0.0,0.0,0.0
35901.0,23.96657878220009,1.5,100.0,100.0,1.0,121.802,108.0,0.0,0.0,0.0,1.0,0.0,0.0
36467.0,25.65052162532023,1.5,100.0,100.0,1.0,122.934,110.0,0.0,0.0,1.0,0.0,0.0,0.0
16906.0,28.933742812871863,1.0316041080827385,64.95445722510351,82.24463495698535,0.0,83.812,103.0,0.0,0.0,0.0,0.0,0.0,0.0
61179.0,30.251220961721863,1.5,100.0,100.0,0.0,172.358,103.0,0.0,0.0,0.0,0.0,1.0,0.0
30501.0,36.34363506454512,1.5,100.0,100.0,5.0,111.002,104.0,0.0,1.0,0.0,0.0,0.0,0.0
48219.0,20.0,1.5,100.0,100.0,4.0,146.438,107.0,0.0,1.0,0.0,0.0,0.0,0.0
27433.0,35.375701503289086,1.5,82.25919029854569,100.0,0.0,104.866,108.0,0.0,0.0,0.0,0.0,0.0,0.0
37289.0,35.7592102322837,1.5,100.0,100.0,1.0,124.578,86.0,0.0,0.0,0.0,0.0,0.0,0.0
18821.0,44.27292437263712,1.1999083886771753,71.3101547945483,89.34963661119073,3.0,87.642,91.0,0.0,1.0,0.0,0.0,0.0,0.0
22071.0,37.91300635771727,1.0955097675929042,75.01938708483429,100.0,1.0,94.142,105.0,0.0,0.0,0.0,0.0,0.0,0.0
20857.0,46.69759064787223,1.3477124473460698,63.25951074732562,100.0,0.0,91.714,101.0,0.0,1.0,0.0,0.0,0.0,0.0
37008.0,35.99762168767399,1.5,100.0,100.0,5.0,124.016,103.0,1.0,0.0,0.0,0.0,1.0,1.0
53499.0,36.62933664419505,1.5,100.0,100.0,2.0,156.998,104.0,1.0,0.0,0.0,0.0,0.0,0.0
16349.0,43.44298668532497,1.16744485651582,63.75927091600244,82.57972366790148,0.0,82.69800000000001,92.0,1.0,0.0,0.0,0.0,0.0,0.0
32112.0,43.78772378582805,1.5,100.0,100.0,1.0,114.224,102.0,1.0,0.0,0.0,0.0,0.0,0.0
37991.0,37.4872985329915,1.5,100.0,100.0,1.0,125.982,88.0,1.0,0.0,0.0,1.0,0.0,0.0
17959.0,24.175992940978187,1.0990635604116403,65.52002260077059,91.88535241325772,0.0,85.918,91.0,1.0,0.0,0.0,0.0,0.0,0.0
9623.0,26.433636883465567,1.1578094494407098,36.68580537452385,46.21464881952743,0.0,69.246,200.0,1.0,0.0,0.0,0.0,0.0,0.0
36452.0,32.188747709315486,1.5,100.0,100.0,2.0,122.904,97.0,1.0,0.0,0.0,0.0,0.0,1.0
30044.0,43.59409816869968,1.5,100.0,100.0,4.0,110.088,111.0,1.0,0.0,0.0,0.0,0.0,0.0
44009.0,21.845628979378837,1.5,100.0,100.0,1.0,138.018,114.0,1.0,0.0,0.0,0.0,0.0,0.0
14045.0,40.24385852373384,1.151300001506127,56.48661688405573,72.45743326361779,0.0,78.09,221.0,1.0,1.0,0.0,0.0,0.0,0.0
54139.0,41.171836136035296,1.5,100.0,100.0,2.0,158.27800000000002,114.0,1.0,0.0,0.0,0.0,0.0,0.0
37833.0,41.66683958398271,1.5,100.0,100.0,0.0,125.666,112.0,1.0,0.0,0.0,0.0,1.0,0.0
30619.0,38.85109426508504,1.5,100.0,100.0,0.0,111.238,113.0,1.0,0.0,0.0,0.0,0.0,0.0
23197.0,47.43078295037965,1.1528692847753017,70.05097660419818,100.0,1.0,96.394,106.0,1.0,0.0,0.0,0.0,0.0,0.0
21642.0,46.580471218516166,1.354563477259191,80.6938879950367,100.0,3.0,93.284,109.0,1.0,0.0,0.0,0.0,0.0,0.0
49319.0,20.0,1.5,100.0,100.0,1.0,148.638,98.0,0.0,0.0,0.0,0.0,0.0,0.0
35091.0,27.023929538495796,1.5,100.0,100.0,1.0,120.182,95.0,0.0,0.0,0.0,0.0,0.0,0.0
34303.0,25.69350435442264,1.5,100.0,100.0,1.0,118.606,108.0,0.0,0.0,1.0,0.0,0.0,0.0
14928.0,40.98672787515995,1.1946813903705054,56.44879256094857,79.18539725603318,0.0,79.856,199.0,0.0,0.0,0.0,0.0,0.0,0.0
12647.0,47.38562672929442,1.1045530013717058,44.84882899629014,61.87768614897822,0.0,75.294,187.0,0.0,0.0,0.0,0.0,0.0,0.0
31517.0,20.67427676293447,1.5,100.0,100.0,3.0,113.034,106.0,0.0,0.0,0.0,0.0,0.0,0.0
25840.0,30.10959835059496,1.5,95.9117334232338,100.0,3.0,101.68,98.0,0.0,0.0,0.0,0.0,0.0,0.0
39064.0,20.0,1.5,100.0,100.0,2.0,128.128,92.0,0.0,0.0,0.0,1.0,0.0,0.0
8104.0,40.59450692107698,1.362476098370398,20.529986735031837,39.462827140115664,1.0,66.208,197.0,0.0,0.0,0.0,0.0,0.0,0.0
27122.0,31.08116970379049,1.5,99.6841187795819,100.0,2.0,104.244,97.0,0.0,0.0,0.0,0.0,0.0,0.0
13913.0,42.33430988628654,1.071460652701666,53.490597076546095,72.0653753754066,0.0,77.826,206.0,0.0,0.0,0.0,0.0,0.0,0.0
24439.0,76.82378504064532,1.1902840385547184,80.67613164267702,100.0,1.0,98.878,91.0,0.0,0.0,1.0,0.0,0.0,0.0
42137.0,43.79279809064043,1.5,100.0,100.0,4.0,134.274,80.0,0.0,1.0,0.0,0.0,0.0,0.0
17366.0,48.10415935217892,1.1686434428001955,59.09490736823184,84.11385036726863,0.0,84.732,110.0,0.0,0.0,0.0,0.0,0.0,1.0
18501.0,33.497718217577614,1.1997573267667307,70.32818519658436,89.6324883984851,1.0,87.00200000000001,120.0,0.0,0.0,0.0,0.0,0.0,0.0
53945.0,30.098343497959927,1.5,100.0,100.0,0.0,157.89,89.0,0.0,0.0,0.0,0.0,0.0,0.0
27474.0,42.73447600382574,1.5,84.40735609021283,100.0,3.0,104.948,101.0,0.0,0.0,0.0,0.0,0.0,0.0
16142.0,53.66265218321067,1.0674071223352375,51.437247021430366,81.0084980916674,0.0,82.28399999999999,117.0,0.0,0.0,0.0,0.0,0.0,0.0
26794.0,21.219526772461496,1.5,87.42848895979198,100.0,1.0,103.588,89.0,0.0,0.0,0.0,0.0,0.0,0.0
32155.0,21.831589149028098,1.5,99.93228312530913,100.0,3.0,114.31,109.0,0.0,0.0,0.0,0.0,0.0,0.0
6025.0,56.41628173426946,1.263431684144363,20.991023594340533,34.98566658339905,1.0,62.05,203.0,0.0,0.0,0.0,0.0,0.0,0.0
25407.0,44.89274045234216,1.5,76.45825844776081,100.0,3.0,100.814,109.0,0.0,0.0,0.0,0.0,1.0,0.0
24005.0,37.75840431176841,1.0112824852532312,79.46824865897186,100.0,3.0,98.01,73.0,0.0,1.0,0.0,0.0,0.0,0.0
24869.0,33.08002993463707,1.0929720296516865,91.58468062694922,100.0,1.0,99.738,93.0,0.0,0.0,0.0,1.0,0.0,0.0
33232.0,40.76676311539301,1.5,100.0,100.0,1.0,116.464,86.0,0.0,0.0,1.0,0.0,0.0,1.0
32857.0,32.32153584219698,1.5,100.0,100.0,0.0,115.714,96.0,0.0,1.0,0.0,0.0,0.0,0.0
14200.0,45.15948656754375,1.387301845925332,50.0827520338116,69.50686490497401,1.0,78.4,175.0,0.0,0.0,0.0,1.0,0.0,0.0
43204.0,35.98358484137075,1.5,100.0,100.0,3.0,136.40800000000002,107.0,0.0,0.0,0.0,0.0,0.0,0.0
21450.0,41.39892182745625,1.1021186080172043,68.5692199534834,100.0,1.0,92.9,89.0,0.0,0.0,1.0,0.0,0.0,1.0
17048.0,36.25451475850949,1.2709510913029631,60.87935867887113,88.03977162824157,1.0,84.096,103.0,0.0,0.0,0.0,0.0,0.0,0.0
33669.0,24.13271448126328,1.5,100.0,100.0,2.0,117.338,100.0,0.0,0.0,0.0,0.0,0.0,0.0
33691.0,44.63132362065199,1.5,100.0,100.0,3.0,117.382,104.0,0.0,0.0,0.0,0.0,0.0,0.0
28764.0,29.1640936624382,1.5,99.23446006355826,100.0,1.0,107.528,103.0,0.0,0.0,0.0,1.0,0.0,0.0
52008.0,36.93326618800605,1.5,100.0,100.0,4.0,154.01600000000002,99.0,0.0,0.0,0.0,0.0,0.0,0.0
59480.0,30.07080038610508,1.5,100.0,100.0,1.0,168.95999999999998,92.0,0.0,0.0,0.0,0.0,0.0,0.0
16972.0,29.86418635233453,1.225231715340955,64.89138888517536,88.77883490515293,1.0,83.944,84.0,0.0,0.0,0.0,1.0,0.0,0.0
40423.0,31.96899509455649,1.5,100.0,100.0,4.0,130.846,118.0,0.0,0.0,0.0,0.0,0.0,0.0
25934.0,34.92741357348555,1.5,95.82947986989228,100.0,3.0,101.868,105.0,0.0,0.0,0.0,0.0,0.0,0.0
47068.0,29.26703215938105,1.5,100.0,100.0,1.0,144.136,75.0,0.0,0.0,0.0,0.0,0.0,1.0
24191.0,43.57706556990328,1.2601336514143706,73.8749545607979,100.0,3.0,98.382,107.0,0.0,0.0,0.0,1.0,0.0,0.0
57597.0,43.2989190002009,1.5,100.0,100.0,1.0,165.19400000000002,102.0,0.0,0.0,0.0,0.0,0.0,0.0
14069.0,55.55633756839825,1.3518424808244724,40.21014462581914,67.99005089864849,0.0,78.138,178.0,0.0,0.0,0.0,0.0,0.0,0.0
18926.0,67.87814421515975,1.1516834245615035,69.03555061589127,93.06880795433354,0.0,87.852,103.0,0.0,0.0,0.0,0.0,0.0,0.0
29012.0,41.82638382092393,1.5,91.61593182705548,100.0,0.0,108.024,99.0,0.0,0.0,0.0,0.0,0.0,0.0
38273.0,38.08601055508868,1.5,100.0,100.0,0.0,126.546,108.0,0.0,0.0,0.0,0.0,0.0,0.0
40198.0,53.4040376502275,1.5,100.0,100.0,2.0,130.39600000000002,107.0,0.0,1.0,0.0,0.0,0.0,0.0
19441.0,52.72161781652234,1.1230246366722478,61.37489488934138,94.40181450573137,2.0,88.882,76.0,0.0,0.0,0.0,0.0,0.0,0.0
35152.0,45.15420414977007,1.5,100.0,100.0,3.0,120.304,94.0,0.0,0.0,0.0,0.0,0.0,0.0
22189.0,30.71489327911878,1.2842985495114785,81.58810900988125,100.0,2.0,94.378,94.0,0.0,0.0,0.0,1.0,0.0,0.0
37705.0,47.17912665058428,1.5,100.0,100.0,1.0,125.41,121.0,0.0,0.0,0.0,0.0,1.0,0.0
24851.0,59.405742979076166,1.1606350341877285,85.55776589490996,100.0,0.0,99.702,98.0,1.0,0.0,0.0,0.0,0.0,1.0
49311.0,33.9265553357039,1.5,100.0,100.0,4.0,148.622,98.0,1.0,0.0,0.0,0.0,0.0,0.0
18172.0,37.48489683145203,1.1293107689872648,55.355010597259614,92.3455801446704,0.0,86.344,95.0,1.0,0.0,0.0,0.0,0.0,0.0
22954.0,52.855486691364014,1.140134893227253,84.0670903229105,100.0,2.0,95.908,110.0,1.0,0.0,0.0,1.0,0.0,0.0
26787.0,37.2659462454431,1.5,88.3393305753763,100.0,2.0,103.574,113.0,1.0,0.0,0.0,0.0,0.0,0.0
35052.0,24.669149495445097,1.5,100.0,100.0,8.0,120.104,99.0,1.0,0.0,0.0,0.0,0.0,0.0
24410.0,48.32836143152628,1.0751287243978709,81.92735785809295,100.0,0.0,98.82,95.0,1.0,0.0,0.0,0.0,0.0,0.0
26580.0,39.38564075595763,1.5,87.35666946912002,100.0,4.0,103.16,104.0,1.0,0.0,0.0,1.0,0.0,0.0
33162.0,28.80707078972631,1.5,100.0,100.0,2.0,116.324,106.0,1.0,0.0,0.0,1.0,0.0,0.0
18845.0,48.88621480200995,1.0712613324984517,67.9917852353696,96.92644694071288,1.0,87.69,106.0,1.0,0.0,0.0,0.0,0.0,0.0
27234.0,52.65084667684981,1.5,88.13209357571425,100.0,2.0,104.468,103.0,1.0,0.0,0.0,0.0,1.0,0.0
26459.0,34.36920501608828,1.5,95.26375886967948,100.0,2.0,102.918,95.0,1.0,0.0,0.0,0.0,0.0,0.0
44254.0,33.93525681723755,1.5,100.0,100.0,3.0,138.50799999999998,93.0,1.0,0.0,0.0,0.0,0.0,0.0
27326.0,53.18106207891991,1.5,86.9473032585126,100.0,1.0,104.652,93.0,1.0,0.0,0.0,0.0,0.0,0.0
43316.0,32.93701370741341,1.5,100.0,100.0,0.0,136.632,95.0,1.0,0.0,0.0,0.0,0.0,0.0
52223.0,49.57485527235258,1.5,100.0,100.0,2.0,154.446,91.0,1.0,0.0,0.0,0.0,0.0,0.0
26021.0,26.20139096582665,1.5,88.02638139242956,100.0,3.0,102.042,101.0,1.0,1.0,0.0,0.0,0.0,0.0
9854.0,55.70350951071872,1.3209518517187528,40.53618582699775,51.85028267295419,1.0,69.708,202.0,1.0,0.0,1.0,0.0,0.0,0.0
26639.0,30.45177948335908,1.5,94.94994298055911,100.0,7.0,103.278,108.0,1.0,1.0,0.0,0.0,0.0,0.0
20295.0,45.54046744289667,1.2449881125824835,58.77865761488697,100.0,0.0,90.59,100.0,1.0,0.0,0.0,0.0,0.0,0.0
18515.0,57.1277586170357,1.0205598691756448,58.59021238456628,93.9607220786662,2.0,87.03,104.0,1.0,0.0,0.0,1.0,0.0,0.0
12973.0,49.64842967755553,1.2433888468097982,34.270433648515464,65.36027575901718,0.0,75.946,193.0,1.0,0.0,0.0,0.0,0.0,1.0
26726.0,40.0772438414987,1.5,86.03772544818892,100.0,1.0,103.452,102.0,0.0,1.0,0.0,0.0,0.0,0.0
34793.0,33.081735456132535,1.5,100.0,100.0,1.0,119.586,103.0,0.0,0.0,1.0,0.0,0.0,0.0
62277.0,39.66087298255321,1.5,100.0,100.0,3.0,174.554,100.0,0.0,0.0,1.0,0.0,0.0,0.0
43867.0,41.965939813546896,1.5,100.0,100.0,2.0,137.73399999999998,109.0,0.0,0.0,0.0,0.0,0.0,0.0
42451.0,51.1511956407971,1.5,100.0,100.0,3.0,134.902,89.0,0.0,0.0,0.0,0.0,0.0,0.0
17345.0,53.85314588371647,1.173833453983612,52.23605671553738,85.97814868051147,0.0,84.69,94.0,0.0,0.0,0.0,0.0,0.0,0.0
15839.0,48.31047687386966,1.3855093821041224,46.22329459389635,82.13412652736946,0.0,81.678,104.0,0.0,0.0,0.0,0.0,1.0,0.0
8213.0,57.8271395817022,1.2992695171912354,19.55224127131894,45.51402274755172,0.0,66.426,202.0,0.0,0.0,1.0,0.0,0.0,0.0
26033.0,20.304548150810568,1.5,88.43311577678176,100.0,3.0,102.066,109.0,0.0,1.0,0.0,0.0,0.0,0.0
43699.0,33.53536598002284,1.5,100.0,100.0,1.0,137.398,91.0,0.0,0.0,0.0,0.0,0.0,0.0
24616.0,50.09154296613989,1.0688288134133086,81.49717305940442,100.0,1.0,99.232,117.0,0.0,0.0,0.0,0.0,0.0,0.0
46460.0,32.4772287058437,1.5,100.0,100.0,2.0,142.92000000000002,88.0,0.0,0.0,0.0,0.0,0.0,0.0
25510.0,37.52858245898352,1.5,88.35161999349855,100.0,1.0,101.02,93.0,0.0,0.0,0.0,0.0,0.0,0.0
29199.0,41.51602254948855,1.5,89.0117930357339,100.0,1.0,108.398,92.0,0.0,0.0,0.0,0.0,0.0,0.0
19503.0,45.37006680267314,1.0526675873119853,60.76500469211303,100.0,0.0,89.006,97.0,0.0,0.0,0.0,0.0,1.0,0.0
54359.0,28.26880309025456,1.5,100.0,100.0,0.0,158.71800000000002,99.0,0.0,0.0,0.0,1.0,0.0,0.0
23884.0,45.12853069155604,1.2161469448460152,85.31296797330998,100.0,1.0,97.768,115.0,0.0,0.0,0.0,0.0,0.0,1.0
15083.0,37.12815468978727,1.1140257744813735,52.732455616730135,76.39692481847771,1.0,80.166,111.0,0.0,1.0,0.0,0.0,0.0,0.0
37338.0,35.63190826555007,1.5,100.0,100.0,4.0,124.676,83.0,0.0,0.0,0.0,0.0,0.0,0.0
14843.0,42.71661213306659,1.0365442444459827,41.73752734038881,72.40654459896928,0.0,79.686,180.0,0.0,0.0,0.0,1.0,0.0,1.0
24742.0,45.69951044147501,1.0897261899893342,91.0541916230451,100.0,1.0,99.484,91.0,0.0,0.0,0.0,0.0,0.0,0.0
23199.0,54.501715386017935,1.2951026791246685,67.83042255573915,100.0,0.0,96.398,119.0,0.0,0.0,0.0,0.0,0.0,1.0
27761.0,43.607424252369405,1.5,98.49736288262348,100.0,2.0,105.522,113.0,0.0,0.0,0.0,0.0,0.0,0.0
52501.0,20.0,1.5,100.0,100.0,1.0,155.002,84.0,0.0,1.0,0.0,0.0,0.0,0.0
47024.0,40.81671542960939,1.5,100.0,100.0,3.0,144.048,107.0,0.0,1.0,0.0,0.0,0.0,0.0
29153.0,21.58953485414811,1.5,95.30994525132654,100.0,0.0,108.306,98.0,0.0,0.0,0.0,0.0,0.0,0.0
30423.0,37.579957967916464,1.5,100.0,100.0,2.0,110.846,97.0,0.0,0.0,0.0,0.0,0.0,0.0
14024.0,51.94135943371764,1.1589767709028689,40.23898366681459,65.40818375140864,1.0,78.048,200.0,0.0,0.0,0.0,1.0,0.0,0.0
56002.0,42.43197344924933,1.5,100.0,100.0,4.0,162.00400000000002,97.0,0.0,0.0,0.0,0.0,0.0,0.0
27319.0,52.797430210847565,1.5,81.90222525335048,100.0,1.0,104.638,98.0,0.0,0.0,0.0,0.0,0.0,1.0
6541.0,52.65547323358828,1.2714680800449745,21.98182003990657,29.92826691204414,0.0,63.082,188.0,0.0,0.0,0.0,0.0,0.0,0.0
36957.0,44.04688402953591,1.5,100.0,100.0,6.0,123.914,101.0,0.0,1.0,0.0,0.0,0.0,0.0
23006.0,39.040954941352425,1.00252883581706,80.15627508463376,100.0,1.0,96.012,93.0,0.0,0.0,1.0,0.0,0.0,0.0
60076.0,34.67443905778581,1.5,100.0,100.0,1.0,170.152,94.0,0.0,0.0,0.0,1.0,0.0,0.0
43897.0,43.43089498212829,1.5,100.0,100.0,1.0,137.79399999999998,101.0,0.0,1.0,0.0,0.0,0.0,1.0
12900.0,44.27453384726489,1.1575284678390396,50.01552821280006,68.77192873764116,0.0,75.8,212.0,0.0,0.0,0.0,0.0,0.0,0.0
12627.0,35.06995535003682,1.042332079350924,43.49207685180347,64.0179705797726,1.0,75.254,195.0,0.0,0.0,0.0,0.0,0.0,0.0
53700.0,28.508525453568595,1.5,100.0,100.0,2.0,157.4,90.0,0.0,0.0,0.0,0.0,0.0,0.0
61241.0,31.270543540901254,1.5,100.0,100.0,3.0,172.482,112.0,0.0,0.0,0.0,0.0,0.0,0.0
44236.0,32.38034445934621,1.5,100.0,100.0,3.0,138.47199999999998,102.0,0.0,0.0,0.0,0.0,0.0,1.0
15631.0,52.15882459636068,1.310805605224728,61.48414422161631,81.99737946334032,0.0,81.262,94.0,0.0,0.0,0.0,0.0,1.0,0.0
28382.0,32.4053396103979,1.5,90.71228092729004,100.0,5.0,106.764,108.0,0.0,1.0,0.0,0.0,0.0,1.0
49747.0,45.37890914767743,1.5,100.0,100.0,2.0,149.494,95.0,1.0,0.0,0.0,0.0,0.0,0.0
34798.0,45.13286498231345,1.5,100.0,100.0,3.0,119.596,87.0,1.0,0.0,0.0,0.0,0.0,0.0
22829.0,45.265135672152326,1.2062344667566416,73.97185609247919,100.0,3.0,95.658,113.0,1.0,0.0,0.0,0.0,0.0,0.0
40402.0,39.376334300729766,1.5,100.0,100.0,2.0,130.804,100.0,1.0,0.0,0.0,0.0,0.0,1.0
5679.0,32.61088637579445,1.2952203575742085,14.376966949100796,27.75426621941644,1.0,61.358,198.0,1.0,0.0,1.0,0.0,0.0,1.0
12769.0,62.24278249169265,1.2892293493979232,49.101833052034735,62.073993519906935,0.0,75.538,191.0,1.0,0.0,0.0,0.0,0.0,1.0
38443.0,43.32771088575032,1.5,100.0,100.0,1.0,126.886,110.0,1.0,0.0,0.0,0.0,0.0,0.0
11151.0,41.7020881875453,1.0055534638765282,39.59720672216315,57.28031906216856,0.0,72.30199999999999,196.0,1.0,0.0,0.0,0.0,0.0,1.0
32252.0,31.07817459543802,1.5,100.0,100.0,4.0,114.504,92.0,1.0,0.0,0.0,0.0,0.0,0.0
38261.0,30.048423519120742,1.5,100.0,100.0,3.0,126.522,105.0,1.0,0.0,0.0,0.0,0.0,0.0
25652.0,61.084654482798136,1.5,94.74034961818624,100.0,2.0,101.304,90.0,1.0,0.0,0.0,0.0,0.0,0.0
25610.0,44.04920149659134,1.5,92.1508429592445,100.0,4.0,101.22,111.0,1.0,0.0,0.0,0.0,0.0,0.0
35063.0,36.21863183569268,1.5,100.0,100.0,4.0,120.126,95.0,1.0,0.0,0.0,0.0,0.0,0.0
6736.0,47.170695806480296,1.3428460600100425,23.99961386246333,29.273756419310946,0.0,63.472,223.0,1.0,0.0,0.0,0.0,0.0,0.0
6897.0,46.62650285016591,1.2698710514046143,16.696115920196213,29.98290422921604,1.0,63.794,208.0,1.0,0.0,0.0,0.0,0.0,0.0
30148.0,26.38142218070419,1.5,90.78331368979649,100.0,1.0,110.296,100.0,1.0,0.0,0.0,1.0,0.0,1.0
43448.0,33.4231686779797,1.5,100.0,100.0,2.0,136.89600000000002,98.0,1.0,1.0,0.0,0.0,0.0,0.0
25194.0,24.876200261723977,1.5,74.39442434137916,100.0,5.0,100.388,106.0,1.0,0.0,0.0,0.0,0.0,0.0
26190.0,28.0768738302825,1.5,89.80525794554538,100.0,2.0,102.38,95.0,1.0,1.0,0.0,0.0,0.0,0.0
35708.0,34.922208295749265,1.5,100.0,100.0,2.0,121.416,107.0,1.0,0.0,0.0,0.0,0.0,0.0
29375.0,45.480686287510416,1.5,100.0,100.0,3.0,108.75,100.0,1.0,0.0,0.0,0.0,0.0,0.0
38815.0,31.81797542172557,1.5,100.0,100.0,3.0,127.63,101.0,0.0,0.0,0.0,0.0,1.0,0.0
35701.0,34.26680074734756,1.5,100.0,100.0,1.0,121.402,92.0,0.0,0.0,0.0,0.0,0.0,0.0
23359.0,47.26098126796038,1.0926269913115707,78.11034156213114,100.0,3.0,96.718,97.0,0.0,0.0,1.0,0.0,0.0,0.0
49228.0,43.39316642027884,1.5,100.0,100.0,3.0,148.45600000000002,88.0,0.0,0.0,0.0,0.0,1.0,0.0
58363.0,21.2880600383341,1.5,100.0,100.0,2.0,166.726,101.0,0.0,0.0,0.0,0.0,0.0,0.0
25938.0,43.66638536889227,1.5,89.6046691833453,100.0,2.0,101.876,105.0,0.0,0.0,1.0,0.0,0.0,0.0
36170.0,41.666747799559566,1.5,100.0,100.0,3.0,122.34,102.0,0.0,0.0,0.0,0.0,0.0,0.0
15753.0,32.936992968481874,1.257803517712927,52.4331344898912,81.4495972826563,1.0,81.506,118.0,0.0,0.0,0.0,0.0,0.0,0.0
27703.0,24.45848603408553,1.5,93.09159997083376,100.0,2.0,105.406,93.0,0.0,1.0,0.0,0.0,0.0,0.0
38055.0,57.99777867630661,1.5,100.0,100.0,2.0,126.11,111.0,0.0,0.0,0.0,0.0,0.0,0.0
26942.0,20.0,1.5,85.68685194321367,100.0,1.0,103.884,96.0,0.0,0.0,0.0,1.0,0.0,0.0
14735.0,40.56585852607853,1.212820904153282,41.410298239801605,78.02616241189389,2.0,79.47,201.0,0.0,0.0,0.0,0.0,0.0,1.0
61237.0,38.954237625993045,1.5,100.0,100.0,4.0,172.474,88.0,0.0,0.0,0.0,0.0,0.0,1.0
45606.0,35.7964030997635,1.5,100.0,100.0,3.0,141.212,97.0,0.0,0.0,0.0,0.0,0.0,0.0
23973.0,40.06064028510546,1.1337008330994411,77.73836944220746,100.0,4.0,97.946,114.0,0.0,0.0,0.0,0.0,0.0,0.0
19927.0,35.984087410882445,1.3122301092975386,66.99719982036198,95.84448701516703,2.0,89.854,93.0,0.0,0.0,0.0,0.0,1.0,0.0
35440.0,46.94768254129672,1.5,100.0,100.0,3.0,120.88,103.0,0.0,0.0,0.0,0.0,0.0,0.0
18579.0,50.40136321844865,1.1565513174364168,67.11797104869481,96.96425814670576,1.0,87.158,96.0,0.0,0.0,0.0,0.0,0.0,0.0
15837.0,53.614466900520135,1.1888711530590033,61.72834939730848,76.21207079541843,2.0,81.674,118.0,0.0,0.0,0.0,0.0,0.0,0.0
47864.0,43.1684489659858,1.5,100.0,100.0,1.0,145.728,119.0,0.0,1.0,0.0,0.0,0.0,0.0
54585.0,46.99478677924159,1.5,100.0,100.0,1.0,159.17000000000002,98.0,0.0,0.0,0.0,1.0,0.0,1.0
66888.0,41.99871243999886,1.5,100.0,100.0,1.0,183.776,95.0,0.0,1.0,0.0,0.0,0.0,1.0
39070.0,23.647808753214854,1.5,100.0,100.0,4.0,128.14,89.0,0.0,0.0,0.0,0.0,0.0,1.0
40845.0,31.16434435593893,1.5,100.0,100.0,1.0,131.69,98.0,0.0,0.0,1.0,0.0,0.0,0.0
27812.0,28.419279339793285,1.5,96.15442517589923,100.0,0.0,105.624,113.0,0.0,0.0,0.0,0.0,0.0,0.0
30659.0,40.89603401682447,1.5,100.0,100.0,0.0,111.318,90.0,0.0,0.0,0.0,0.0,0.0,0.0
8560.0,42.77900448792295,1.00886105309956,20.784362342931253,45.00186679597567,0.0,67.12,199.0,0.0,0.0,0.0,0.0,0.0,0.0
13093.0,67.1797414262935,1.2431575715933172,46.00944326059516,65.46697345864503,0.0,76.186,190.0,0.0,0.0,0.0,0.0,0.0,0.0
40097.0,26.226574713020565,1.5,100.0,100.0,2.0,130.19400000000002,81.0,0.0,0.0,0.0,0.0,0.0,0.0
26754.0,35.10169608368135,1.5,98.63924000587129,100.0,3.0,103.508,111.0,0.0,0.0,0.0,0.0,0.0,1.0
59245.0,39.327767783660505,1.5,100.0,100.0,2.0,168.49,92.0,0.0,0.0,0.0,0.0,0.0,0.0
41877.0,48.52281082922386,1.5,100.0,100.0,1.0,133.75400000000002,90.0,0.0,0.0,0.0,0.0,0.0,0.0
12271.0,48.41303050668903,1.0985220897695824,37.01705638255779,63.82302092290868,1.0,74.542,189.0,0.0,0.0,0.0,1.0,0.0,1.0
36805.0,40.99333685769619,1.5,100.0,100.0,3.0,123.61,99.0,0.0,0.0,0.0,0.0,0.0,1.0
18008.0,58.09518906467237,1.3228349997403066,55.36405961592177,90.64649467846525,0.0,86.01599999999999,84.0,0.0,0.0,1.0,0.0,0.0,0.0
28292.0,32.81742942127895,1.5,100.0,100.0,0.0,106.584,78.0,0.0,0.0,0.0,0.0,0.0,0.0
11913.0,67.57620637550414,1.3052023892104934,47.023477647088896,58.10968488694262,0.0,73.826,201.0,0.0,0.0,0.0,1.0,0.0,0.0
11897.0,27.67161245828272,1.0734364281217768,49.22112006719645,55.94209772868729,1.0,73.794,200.0,0.0,0.0,0.0,0.0,0.0,0.0
46715.0,36.80964637339809,1.5,100.0,100.0,2.0,143.43,104.0,0.0,0.0,0.0,0.0,0.0,0.0
33842.0,46.6047250534734,1.5,100.0,100.0,1.0,117.684,101.0,0.0,0.0,1.0,0.0,0.0,0.0
11489.0,41.75285005275246,1.1374185799876957,48.16995350682454,55.80713494071848,0.0,72.97800000000001,213.0,0.0,0.0,1.0,0.0,0.0,0.0
40466.0,20.31184793370599,1.5,100.0,100.0,2.0,130.93200000000002,100.0,0.0,0.0,0.0,1.0,0.0,0.0
26781.0,38.7412865243547,1.5,98.06996635260876,100.0,1.0,103.562,103.0,0.0,0.0,0.0,0.0,0.0,0.0
11323.0,35.85021270745834,1.243304994014293,28.19662282377181,60.31700531227869,1.0,72.646,194.0,0.0,0.0,0.0,0.0,0.0,0.0
37333.0,38.6268932056654,1.5,100.0,100.0,0.0,124.666,100.0,0.0,0.0,0.0,1.0,0.0,0.0
32685.0,26.61724647354918,1.5,100.0,100.0,1.0,115.37,101.0,0.0,0.0,0.0,0.0,0.0,0.0
20542.0,44.71025755449748,1.2134893660081454,63.36260529795525,98.15621074890728,1.0,91.084,90.0,0.0,0.0,0.0,0.0,0.0,0.0
28189.0,36.38405724807309,1.5,99.511191707429,100.0,0.0,106.378,97.0,0.0,1.0,0.0,0.0,0.0,0.0
30465.0,45.944732128436506,1.5,96.47890279252223,100.0,1.0,110.93,103.0,0.0,0.0,0.0,0.0,0.0,0.0
11925.0,65.92390289003299,1.3009009024648284,33.58460673484215,58.29463041970461,4.0,73.85,202.0,1.0,0.0,0.0,0.0,0.0,0.0
47121.0,25.4000539052234,1.5,100.0,100.0,2.0,144.24200000000002,94.0,1.0,0.0,0.0,0.0,0.0,0.0
16119.0,45.23884446860462,1.257114568518803,48.95246936935046,80.79364428786617,1.0,82.238,107.0,1.0,0.0,0.0,0.0,0.0,0.0
15502.0,53.415384793253295,1.1131148649885592,60.307741265500695,74.48346396456125,1.0,81.004,94.0,1.0,0.0,1.0,0.0,0.0,1.0
33645.0,36.784418142130576,1.5,100.0,100.0,2.0,117.29,115.0,1.0,0.0,0.0,0.0,0.0,0.0
27756.0,20.0,1.5,90.92131197733896,100.0,4.0,105.512,92.0,1.0,0.0,0.0,1.0,0.0,0.0
27386.0,30.323070632689696,1.5,99.87649805146305,100.0,2.0,104.772,118.0,1.0,0.0,0.0,0.0,0.0,0.0
22966.0,41.99137555290725,1.2936235603876542,67.09411000046701,100.0,0.0,95.932,103.0,1.0,0.0,0.0,0.0,0.0,0.0
29784.0,21.47244396284284,1.5,93.04966308997084,100.0,0.0,109.568,117.0,1.0,0.0,1.0,0.0,0.0,0.0
45640.0,28.388327845008305,1.5,100.0,100.0,3.0,141.28,106.0,1.0,1.0,0.0,0.0,0.0,0.0
8796.0,57.42674380466947,1.137698359788096,30.8814557594497,46.26814697381273,1.0,67.592,213.0,1.0,1.0,0.0,0.0,0.0,0.0
28898.0,32.09924332545185,1.5,92.06204587797718,100.0,3.0,107.796,101.0,1.0,0.0,0.0,0.0,0.0,0.0
29592.0,37.7866845619766,1.5,90.98053546236888,100.0,5.0,109.184,112.0,1.0,0.0,0.0,0.0,0.0,0.0
15119.0,40.35235085156357,1.1386958163211167,52.29955172744396,75.90099418440762,1.0,80.238,105.0,1.0,0.0,0.0,0.0,0.0,1.0
14323.0,44.27145093590951,1.114159464552919,54.698416564434325,73.66064396086588,0.0,78.646,183.0,1.0,0.0,0.0,0.0,0.0,1.0
28275.0,33.8040828262214,1.5,87.99546176707965,100.0,2.0,106.55,83.0,1.0,0.0,0.0,0.0,0.0,0.0
15402.0,40.91855477310239,1.230996448375871,55.58649787852513,80.57017656750835,1.0,80.804,93.0,1.0,0.0,0.0,0.0,0.0,1.0
25038.0,49.39116534198966,1.5,90.76322546753092,100.0,2.0,100.076,94.0,1.0,0.0,0.0,0.0,0.0,0.0
9871.0,55.41696557520979,1.2652503604219996,27.72513632408043,49.38375326977022,0.0,69.742,221.0,1.0,0.0,0.0,1.0,0.0,0.0
9897.0,46.96795485829911,1.1521252441742116,36.63186341447099,46.848038770727214,1.0,69.794,215.0,1.0,0.0,0.0,0.0,0.0,0.0
37078.0,30.877419289365196,1.5,100.0,100.0,1.0,124.156,88.0,0.0,0.0,0.0,0.0,0.0,0.0
22569.0,41.52395217852235,1.0265752377312352,67.53555982563513,100.0,0.0,95.138,107.0,0.0,0.0,0.0,0.0,0.0,0.0
29601.0,20.0,1.5,100.0,100.0,2.0,109.202,86.0,0.0,0.0,0.0,0.0,0.0,0.0
31094.0,47.4867987099682,1.5,100.0,100.0,0.0,112.188,92.0,0.0,0.0,0.0,0.0,0.0,0.0
58199.0,34.341762702853465,1.5,100.0,100.0,5.0,166.398,105.0,0.0,0.0,0.0,0.0,0.0,0.0
37642.0,41.45244820322117,1.5,100.0,100.0,0.0,125.284,108.0,0.0,0.0,1.0,0.0,0.0,0.0
30505.0,21.84673914948112,1.5,98.83495070724504,100.0,3.0,111.01,109.0,0.0,0.0,0.0,0.0,0.0,0.0
24834.0,66.38730107268256,1.3698800633055983,87.86067818248321,100.0,1.0,99.668,87.0,0.0,0.0,0.0,0.0,0.0,0.0
24127.0,45.98055489919639,1.3629185679682911,81.48612780011243,100.0,2.0,98.254,110.0,0.0,0.0,0.0,0.0,1.0,0.0
18360.0,36.51294075935682,1.331811699752994,58.812888479188686,91.30723803390804,1.0,86.72,99.0,0.0,0.0,0.0,0.0,0.0,0.0
25546.0,21.673143548522557,1.5,91.72209338820778,100.0,1.0,101.092,101.0,0.0,0.0,0.0,0.0,0.0,0.0
25490.0,40.97957185340464,1.5,92.99391154350803,100.0,3.0,100.98,115.0,0.0,0.0,1.0,0.0,0.0,0.0
29229.0,20.0,1.5,100.0,100.0,2.0,108.458,94.0,0.0,0.0,0.0,0.0,0.0,0.0
22662.0,43.82270510138356,1.3413878349167143,75.2944372636233,100.0,5.0,95.324,96.0,0.0,0.0,0.0,0.0,0.0,0.0
43958.0,37.00415663433856,1.5,100.0,100.0,2.0,137.916,91.0,0.0,0.0,1.0,0.0,0.0,0.0
19523.0,46.13100078248018,1.3840129821876312,56.09296884715377,94.22021485555769,0.0,89.04599999999999,103.0,0.0,0.0,0.0,0.0,0.0,0.0
55092.0,31.31419411259872,1.5,100.0,100.0,3.0,160.184,104.0,0.0,0.0,0.0,0.0,0.0,1.0
51856.0,25.762546351982344,1.5,100.0,100.0,1.0,153.712,102.0,0.0,0.0,0.0,0.0,0.0,0.0
38140.0,29.74639996269981,1.5,100.0,100.0,4.0,126.28,109.0,0.0,0.0,1.0,0.0,0.0,0.0
22564.0,41.49300251964144,1.2510343065322609,84.3945188067676,100.0,2.0,95.128,83.0,0.0,1.0,0.0,0.0,0.0,0.0
22119.0,35.82500757587231,1.0188526096525223,71.2099281245539,100.0,0.0,94.238,92.0,0.0,0.0,1.0,0.0,0.0,0.0
11821.0,55.2464564210721,1.13126184779057,42.28581173621538,62.17487948255525,1.0,73.642,214.0,0.0,0.0,0.0,0.0,0.0,0.0
39971.0,40.50267467789918,1.5,100.0,100.0,1.0,129.942,89.0,0.0,0.0,0.0,0.0,0.0,1.0
63191.0,32.58604623133349,1.5,100.0,100.0,2.0,176.382,101.0,0.0,0.0,1.0,0.0,0.0,0.0
41586.0,40.61472235444634,1.5,100.0,100.0,2.0,133.172,106.0,0.0,0.0,1.0,0.0,0.0,0.0
44455.0,39.06252982732169,1.5,100.0,100.0,3.0,138.91,111.0,0.0,0.0,1.0,0.0,0.0,0.0
26308.0,20.0,1.5,86.40067199309047,100.0,1.0,102.616,107.0,0.0,0.0,0.0,0.0,0.0,0.0
8918.0,55.81559381013051,1.088532325051087,34.42541496965339,46.38261322654348,0.0,67.836,186.0,0.0,0.0,0.0,0.0,0.0,0.0
36839.0,49.69193731971238,1.5,100.0,100.0,2.0,123.678,107.0,0.0,0.0,0.0,0.0,0.0,0.0
23379.0,53.89925050251166,1.343600113177348,78.01397396925115,100.0,2.0,96.758,111.0,0.0,0.0,0.0,0.0,0.0,0.0
26331.0,45.62697401333146,1.5,93.17547777827758,100.0,3.0,102.662,92.0,0.0,0.0,0.0,0.0,0.0,0.0
21262.0,42.72437362183663,1.042848572643327,63.25445982439708,100.0,0.0,92.524,103.0,0.0,0.0,0.0,0.0,0.0,0.0
34415.0,28.89854060370162,1.5,100.0,100.0,2.0,118.83,96.0,0.0,0.0,0.0,0.0,0.0,1.0
27289.0,29.046927765678515,1.5,95.75546399226528,100.0,4.0,104.578,110.0,0.0,1.0,0.0,0.0,0.0,0.0
39080.0,33.187012143302255,1.5,100.0,100.0,2.0,128.16,92.0,0.0,0.0,0.0,0.0,0.0,1.0
50453.0,50.648304050350646,1.5,100.0,100.0,2.0,150.906,115.0,0.0,1.0,0.0,0.0,0.0,0.0
31500.0,30.24645236675748,1.5,100.0,100.0,3.0,113.0,95.0,0.0,0.0,0.0,0.0,0.0,0.0
20548.0,28.8096314717806,1.0585596728344513,59.38019881059053,98.08632818063693,0.0,91.096,95.0,0.0,0.0,0.0,0.0,0.0,1.0
39933.0,22.240334304853526,1.5,100.0,100.0,1.0,129.866,87.0,0.0,0.0,0.0,0.0,0.0,0.0
10468.0,62.90309164627847,1.0347026424270518,36.80956802171283,47.43870932039227,0.0,70.936,232.0,0.0,0.0,0.0,0.0,0.0,0.0
32743.0,32.038298383343616,1.5,100.0,100.0,3.0,115.486,110.0,0.0,0.0,0.0,0.0,0.0,0.0
18056.0,42.62522663456426,1.2067547547681428,57.30309795368895,88.7119406746729,0.0,86.112,75.0,0.0,0.0,0.0,0.0,0.0,0.0
23506.0,62.80492805415359,1.0247872243756524,68.70354296163148,100.0,0.0,97.012,84.0,0.0,0.0,1.0,0.0,0.0,0.0
31924.0,29.97965656461226,1.5,100.0,100.0,1.0,113.848,100.0,0.0,0.0,0.0,0.0,0.0,0.0
38210.0,25.82523795412252,1.5,100.0,100.0,4.0,126.42,117.0,0.0,0.0,0.0,0.0,0.0,0.0
28803.0,37.27277412679598,1.5,97.30563589866144,100.0,1.0,107.606,89.0,0.0,0.0,0.0,0.0,0.0,0.0
32683.0,38.32075438803248,1.5,100.0,100.0,2.0,115.366,99.0,0.0,0.0,0.0,0.0,0.0,0.0
17614.0,33.71101871144023,1.0415451706803784,59.91124954926492,85.5183233812821,0.0,85.22800000000001,97.0,0.0,0.0,0.0,0.0,0.0,0.0
61638.0,43.98834486209739,1.5,100.0,100.0,2.0,173.276,91.0,1.0,0.0,0.0,0.0,0.0,1.0
7098.0,34.117383613490034,1.3980885013424522,33.49375475312251,32.360488468370846,0.0,64.196,196.0,1.0,0.0,1.0,0.0,0.0,0.0
69407.0,44.73228385202868,1.5,100.0,100.0,2.0,188.814,96.0,1.0,0.0,0.0,0.0,0.0,0.0
44345.0,45.24842877238452,1.5,100.0,100.0,0.0,138.69,101.0,1.0,0.0,0.0,0.0,0.0,0.0
17442.0,49.53142497670822,1.0584937626366648,63.252385404248415,85.93987887870992,1.0,84.884,97.0,1.0,0.0,0.0,0.0,0.0,0.0
18374.0,46.67475909435631,1.0114084788816855,68.87187319203132,91.39324828882552,0.0,86.74799999999999,89.0,1.0,0.0,0.0,0.0,0.0,0.0
30342.0,31.560969389556902,1.5,100.0,100.0,2.0,110.684,90.0,1.0,0.0,0.0,0.0,0.0,0.0
37645.0,35.87858011663937,1.5,100.0,100.0,1.0,125.29,104.0,1.0,0.0,0.0,0.0,0.0,0.0
18758.0,50.66378514854125,1.1380880242216709,67.82691391924463,95.06538618445228,0.0,87.51599999999999,100.0,1.0,0.0,0.0,0.0,0.0,0.0
35450.0,32.209302373692054,1.5,100.0,100.0,0.0,120.9,88.0,1.0,0.0,0.0,0.0,0.0,0.0
44277.0,25.38117033194612,1.5,100.0,100.0,4.0,138.554,99.0,1.0,0.0,0.0,0.0,0.0,0.0
41225.0,30.93604306293684,1.5,100.0,100.0,3.0,132.45,109.0,1.0,0.0,0.0,0.0,0.0,0.0
17562.0,42.12204276060663,1.2030501581702064,62.18358118451658,92.5726417251028,1.0,85.124,95.0,1.0,0.0,0.0,0.0,0.0,0.0
49823.0,44.77601648647869,1.5,100.0,100.0,2.0,149.64600000000002,84.0,1.0,0.0,0.0,1.0,0.0,0.0
21044.0,32.635909366900314,1.2197805977830027,78.68088678711027,100.0,1.0,92.088,97.0,1.0,0.0,0.0,0.0,0.0,1.0
11746.0,29.80568296717103,1.030888068308909,45.43698626302276,57.78592730208334,0.0,73.492,197.0,1.0,0.0,0.0,0.0,0.0,1.0
25616.0,36.40777729552528,1.5,90.92486971435332,100.0,5.0,101.232,95.0,1.0,1.0,0.0,0.0,0.0,0.0
9559.0,46.50323886595221,1.289081885042783,26.1540288978656,52.50638045288861,0.0,69.118,173.0,1.0,0.0,0.0,0.0,0.0,1.0
20219.0,57.35366600459638,1.228782589099186,76.83411736525777,100.0,3.0,90.438,111.0,1.0,0.0,0.0,0.0,1.0,0.0
18316.0,30.489086392150604,1.139556188826556,66.23339807873711,90.16104459223868,2.0,86.632,96.0,1.0,0.0,0.0,0.0,0.0,0.0
11327.0,46.95612518638463,1.0280211758676097,40.188076784091095,57.548952441985314,0.0,72.654,210.0,0.0,0.0,0.0,0.0,0.0,0.0
48284.0,35.864153133962006,1.5,100.0,100.0,1.0,146.56799999999998,83.0,0.0,0.0,0.0,0.0,0.0,0.0
45992.0,21.5829465932405,1.5,100.0,100.0,2.0,141.98399999999998,93.0,0.0,0.0,0.0,0.0,0.0,0.0
42870.0,47.99333673657743,1.5,100.0,100.0,2.0,135.74,100.0,0.0,0.0,0.0,1.0,0.0,0.0
41278.0,33.79512101364318,1.5,100.0,100.0,2.0,132.55599999999998,97.0,0.0,0.0,0.0,0.0,0.0,1.0
22181.0,45.61207003967272,1.0463084139178325,68.16189879656602,100.0,0.0,94.362,101.0,0.0,0.0,0.0,0.0,0.0,0.0
20815.0,38.610451491972285,1.2515472637330547,74.27779716189947,100.0,1.0,91.63,98.0,0.0,1.0,0.0,0.0,0.0,0.0
38314.0,23.382500734450595,1.5,100.0,100.0,2.0,126.628,87.0,0.0,0.0,0.0,0.0,0.0,1.0
14028.0,61.529559276394565,1.3327370252176909,46.85721556751464,71.6765141973243,0.0,78.056,168.0,0.0,0.0,0.0,0.0,0.0,0.0
46257.0,23.25777718053168,1.5,100.0,100.0,4.0,142.514,97.0,0.0,1.0,0.0,0.0,0.0,0.0
37655.0,45.10527057006556,1.5,100.0,100.0,1.0,125.31,90.0,0.0,0.0,0.0,0.0,0.0,0.0
10664.0,64.07966926636809,1.2050844245904606,42.13875843122007,57.61109995803924,1.0,71.328,213.0,0.0,0.0,0.0,0.0,0.0,1.0
38057.0,35.56367964366068,1.5,100.0,100.0,2.0,126.114,79.0,0.0,0.0,0.0,0.0,0.0,0.0
42769.0,38.354936521493904,1.5,100.0,100.0,3.0,135.538,77.0,0.0,0.0,1.0,0.0,0.0,0.0
24728.0,43.111162425089695,1.1109110909870654,91.61917198764952,100.0,1.0,99.456,108.0,0.0,1.0,0.0,0.0,0.0,0.0
34597.0,26.264645876166497,1.5,100.0,100.0,0.0,119.194,76.0,0.0,0.0,0.0,0.0,0.0,0.0
14000.0,37.83235347284439,1.1755169141237884,42.482173618640935,68.04792134147958,0.0,78.0,164.0,0.0,0.0,0.0,0.0,0.0,0.0
30885.0,28.294965249975668,1.5,96.0398900066763,100.0,1.0,111.77,107.0,0.0,0.0,0.0,0.0,0.0,0.0
33003.0,32.02392889718078,1.5,100.0,100.0,0.0,116.006,94.0,0.0,0.0,0.0,0.0,0.0,1.0
5423.0,51.71710865102176,1.0575793193259562,26.89928883554441,23.32818667081216,1.0,60.846,200.0,0.0,0.0,0.0,0.0,0.0,0.0
19143.0,31.898137606541265,1.0357164491860256,62.72253538307088,98.7571925227512,0.0,88.286,108.0,0.0,0.0,1.0,0.0,0.0,0.0
22582.0,64.8436388266919,1.3883105624309553,84.63692327282247,100.0,1.0,95.164,93.0,0.0,0.0,0.0,0.0,0.0,0.0
23070.0,65.97817098408464,1.2370951224684223,67.71092943296958,100.0,0.0,96.14,114.0,0.0,0.0,0.0,1.0,0.0,1.0
32273.0,41.80941043233798,1.5,99.2593024260872,100.0,1.0,114.546,99.0,0.0,0.0,0.0,0.0,0.0,0.0
20736.0,67.81228091401297,1.1974197960972923,72.33124100919213,100.0,2.0,91.472,83.0,0.0,0.0,0.0,0.0,0.0,0.0
45524.0,38.0337780870011,1.5,100.0,100.0,2.0,141.048,89.0,0.0,0.0,0.0,0.0,0.0,0.0
44981.0,49.08642716454136,1.5,100.0,100.0,0.0,139.962,90.0,0.0,0.0,0.0,0.0,0.0,1.0
35322.0,48.48056187648732,1.5,100.0,100.0,4.0,120.644,117.0,0.0,0.0,0.0,1.0,0.0,0.0
28193.0,20.0,1.5,97.2216041372818,100.0,0.0,106.386,119.0,0.0,0.0,0.0,0.0,0.0,0.0
26909.0,32.835790026924805,1.5,96.77174324357011,100.0,5.0,103.818,109.0,0.0,0.0,0.0,0.0,0.0,0.0
24231.0,34.8326890853118,1.048057290740585,77.69177447719026,100.0,5.0,98.462,91.0,0.0,0.0,0.0,0.0,0.0,0.0
19952.0,45.61373677679449,1.324017991573803,65.95057063347781,96.29231517905984,0.0,89.904,94.0,0.0,0.0,0.0,1.0,0.0,0.0
15486.0,34.491668250544414,1.0641747867296631,51.25079106286901,79.41955015476384,0.0,80.97200000000001,115.0,0.0,0.0,0.0,0.0,0.0,0.0
24256.0,48.64100076106015,1.3279657401994305,78.2600410132948,100.0,3.0,98.512,114.0,0.0,0.0,0.0,0.0,0.0,0.0
19152.0,37.02436470649456,1.35520793769859,61.70734821266536,92.12079904366357,0.0,88.304,99.0,0.0,1.0,0.0,0.0,0.0,0.0
18792.0,49.495944755482654,1.268397831203342,56.56201304793232,93.76283538889273,0.0,87.584,88.0,0.0,0.0,0.0,0.0,0.0,0.0
33081.0,32.414353687706445,1.5,100.0,100.0,0.0,116.162,109.0,0.0,0.0,0.0,0.0,1.0,1.0
16993.0,45.484534954227485,1.2944860595416106,53.79417140185313,80.35038333396938,2.0,83.98599999999999,95.0,0.0,0.0,0.0,0.0,0.0,1.0
6729.0,29.34712239694856,1.1293572221683346,13.084684245703414,29.8083572240878,0.0,63.458,184.0,0.0,0.0,1.0,0.0,0.0,0.0
10737.0,56.56851962226911,1.188156302624082,36.73570335392368,52.76960057295555,2.0,71.474,234.0,1.0,0.0,0.0,0.0,0.0,0.0
26837.0,38.19285734156989,1.5,79.51829463205283,100.0,0.0,103.674,108.0,1.0,0.0,1.0,0.0,0.0,1.0
15788.0,57.67618737074192,1.2014299053750472,47.211975259742815,80.42387481173526,1.0,81.576,99.0,1.0,0.0,0.0,0.0,0.0,1.0
13126.0,41.87676026098436,1.0153732573960597,51.54742236910357,68.59734352045047,1.0,76.252,221.0,1.0,1.0,0.0,0.0,0.0,0.0
26222.0,35.70994437971487,1.5,84.23371250527666,100.0,3.0,102.444,115.0,1.0,0.0,0.0,0.0,0.0,0.0
7980.0,29.564012838271715,1.304413345889361,17.551693312756782,37.02640236092661,1.0,65.96000000000001,174.0,1.0,0.0,0.0,0.0,0.0,0.0
39751.0,20.18341436743772,1.5,100.0,100.0,2.0,129.502,102.0,1.0,0.0,0.0,0.0,0.0,0.0
25865.0,47.67360181571551,1.5,93.79570912830891,100.0,2.0,101.73,99.0,1.0,0.0,0.0,1.0,0.0,0.0
15870.0,38.65470916501814,1.367843270781509,43.063421848154285,75.57104792630376,1.0,81.74,90.0,1.0,0.0,0.0,0.0,0.0,0.0
36681.0,28.838163944465588,1.5,100.0,100.0,3.0,123.362,75.0,1.0,0.0,0.0,0.0,0.0,0.0
35719.0,38.98744244899186,1.5,100.0,100.0,3.0,121.438,114.0,1.0,1.0,0.0,0.0,0.0,0.0
26945.0,27.31191134378242,1.5,96.10824449684472,100.0,3.0,103.89,119.0,1.0,1.0,0.0,0.0,0.0,0.0
48695.0,31.28327814891036,1.5,100.0,100.0,2.0,147.39,87.0,1.0,0.0,0.0,1.0,0.0,0.0
60237.0,50.688364481347634,1.5,100.0,100.0,3.0,170.474,104.0,1.0,0.0,0.0,0.0,0.0,0.0
52394.0,26.945349650932343,1.5,100.0,100.0,0.0,154.788,103.0,1.0,0.0,0.0,0.0,0.0,0.0
27506.0,33.56933530228443,1.5,85.73867829055457,100.0,3.0,105.012,101.0,1.0,0.0,0.0,1.0,0.0,0.0
39250.0,34.76235412097243,1.5,100.0,100.0,3.0,128.5,86.0,1.0,0.0,0.0,0.0,0.0,0.0
24816.0,38.841174167287775,1.2633628117515583,89.68650634843317,100.0,2.0,99.632,78.0,1.0,0.0,0.0,1.0,0.0,0.0
20750.0,43.0699249641543,1.318527582548266,76.84956839725302,100.0,9.0,91.5,109.0,1.0,0.0,1.0,0.0,0.0,0.0
15707.0,64.75457527157876,1.0789330054165616,47.22596254987229,76.97582201923458,1.0,81.414,105.0,1.0,0.0,0.0,0.0,1.0,1.0
39495.0,29.704724585463463,1.5,100.0,100.0,2.0,128.99,105.0,0.0,0.0,0.0,0.0,0.0,1.0
25714.0,23.191969183528823,1.5,94.0047798986748,100.0,1.0,101.428,101.0,0.0,0.0,0.0,0.0,0.0,0.0
47293.0,23.88881859447831,1.5,100.0,100.0,2.0,144.586,95.0,0.0,0.0,0.0,0.0,0.0,1.0
29449.0,31.143232178978348,1.5,97.68649095591832,100.0,3.0,108.898,86.0,0.0,0.0,0.0,0.0,0.0,1.0
25149.0,44.79646864295456,1.5,90.50731285217088,100.0,2.0,100.298,107.0,0.0,0.0,0.0,0.0,0.0,0.0
29787.0,40.21820724950225,1.5,95.57113122032536,100.0,4.0,109.574,123.0,0.0,0.0,0.0,0.0,0.0,0.0
37726.0,27.83772969651984,1.5,100.0,100.0,1.0,125.452,99.0,0.0,0.0,1.0,0.0,0.0,0.0
21112.0,53.90470089234937,1.0850848819336207,69.27780519698433,100.0,0.0,92.224,102.0,0.0,0.0,0.0,1.0,0.0,0.0
37075.0,33.97453669338537,1.5,100.0,100.0,3.0,124.15,116.0,0.0,0.0,0.0,0.0,0.0,0.0
51555.0,28.35108785850879,1.5,100.0,100.0,0.0,153.11,110.0,0.0,0.0,0.0,1.0,0.0,1.0
24754.0,60.67819281195702,1.2360660509804138,84.80065013023489,100.0,3.0,99.508,97.0,0.0,0.0,0.0,0.0,0.0,0.0
32377.0,43.46413161159303,1.5,100.0,100.0,1.0,114.754,98.0,0.0,0.0,0.0,0.0,0.0,0.0
31283.0,25.74381006649925,1.5,100.0,100.0,3.0,112.566,100.0,0.0,0.0,1.0,0.0,0.0,0.0
13954.0,44.710043154586586,1.1822788604152243,37.90521204200195,66.77641142416454,0.0,77.908,192.0,0.0,0.0,1.0,0.0,0.0,0.0
42555.0,31.205805128758065,1.5,100.0,100.0,0.0,135.11,105.0,0.0,0.0,0.0,0.0,0.0,0.0
38083.0,27.8514173099691,1.5,100.0,100.0,1.0,126.166,100.0,0.0,0.0,0.0,0.0,0.0,1.0
36762.0,46.28872492646747,1.5,100.0,100.0,1.0,123.524,102.0,0.0,0.0,0.0,0.0,0.0,0.0
34847.0,25.30562882633408,1.5,100.0,100.0,3.0,119.694,115.0,0.0,0.0,0.0,0.0,0.0,0.0
35832.0,33.9487979917594,1.5,100.0,100.0,1.0,121.664,76.0,0.0,0.0,0.0,0.0,0.0,0.0
48858.0,27.554096150664257,1.5,100.0,100.0,0.0,147.716,99.0,0.0,0.0,0.0,0.0,1.0,0.0
44799.0,29.703540845981827,1.5,100.0,100.0,3.0,139.598,92.0,0.0,0.0,0.0,0.0,0.0,1.0
15407.0,44.07710961083603,1.279304948825527,55.49468246282429,76.56675933291255,3.0,80.814,95.0,0.0,0.0,0.0,0.0,0.0,0.0
36697.0,35.29075545883066,1.5,100.0,100.0,1.0,123.394,99.0,0.0,0.0,0.0,0.0,0.0,0.0
48277.0,44.40400066007791,1.5,100.0,100.0,2.0,146.554,90.0,0.0,0.0,0.0,0.0,0.0,0.0
24662.0,51.52174293188886,1.3738665349324628,82.741520941099,100.0,2.0,99.324,104.0,0.0,0.0,0.0,0.0,0.0,0.0
42219.0,43.82095241873733,1.5,100.0,100.0,2.0,134.438,93.0,0.0,1.0,0.0,0.0,0.0,0.0
39594.0,59.373046240101694,1.5,100.0,100.0,1.0,129.188,105.0,0.0,0.0,1.0,0.0,0.0,0.0
49643.0,20.0,1.5,100.0,100.0,3.0,149.286,101.0,0.0,0.0,1.0,0.0,0.0,0.0
15372.0,31.88344779800982,1.259902379933299,51.57650440048039,75.62278176574445,0.0,80.744,123.0,0.0,0.0,0.0,0.0,0.0,0.0
24341.0,29.272171670405022,1.2636594541715849,90.88689747928962,100.0,4.0,98.682,119.0,0.0,0.0,0.0,1.0,0.0,0.0
32506.0,33.87821832240198,1.5,100.0,100.0,4.0,115.012,115.0,0.0,0.0,0.0,1.0,0.0,0.0
14576.0,38.29839263565073,1.3528422762236174,55.70135475026648,68.51855574266051,0.0,79.152,189.0,0.0,0.0,0.0,0.0,0.0,0.0
21149.0,28.574118656147878,1.0822124171075838,69.46828611032268,100.0,0.0,92.298,89.0,0.0,0.0,0.0,0.0,0.0,0.0
10655.0,37.85137686026155,1.1202714783134446,28.02838803920184,51.05334983818294,1.0,71.31,216.0,0.0,0.0,0.0,0.0,0.0,0.0
57617.0,23.56852217153366,1.5,100.0,100.0,1.0,165.23399999999998,103.0,0.0,0.0,1.0,0.0,0.0,0.0
35802.0,40.492414784287455,1.5,100.0,100.0,2.0,121.604,100.0,0.0,0.0,0.0,0.0,0.0,0.0
25364.0,20.0,1.5,82.41320763731227,100.0,1.0,100.728,114.0,0.0,0.0,0.0,0.0,0.0,0.0
21295.0,39.12760926381237,1.0276474445805035,73.74454096160432,100.0,1.0,92.59,111.0,0.0,0.0,0.0,1.0,0.0,0.0
19764.0,48.97006956602341,1.2855149303972535,68.29643533323005,96.14908280299356,1.0,89.52799999999999,111.0,0.0,1.0,0.0,0.0,0.0,0.0
39951.0,20.0,1.5,100.0,100.0,1.0,129.902,100.0,0.0,0.0,0.0,0.0,0.0,0.0
27194.0,25.86325662639017,1.5,88.88284145216275,100.0,1.0,104.388,114.0,0.0,0.0,0.0,0.0,0.0,0.0
25084.0,48.72530851527166,1.5,81.92310473345911,100.0,1.0,100.168,109.0,0.0,0.0,0.0,0.0,0.0,0.0
51293.0,39.7933137366519,1.5,100.0,100.0,1.0,152.586,101.0,0.0,0.0,0.0,0.0,0.0,0.0
41548.0,44.89130156800091,1.5,100.0,100.0,4.0,133.096,87.0,0.0,1.0,0.0,0.0,0.0,1.0
16072.0,57.50893788691791,1.0283744717762482,50.08698996415368,77.20634294809084,1.0,82.144,99.0,0.0,0.0,0.0,0.0,0.0,0.0
25188.0,48.17463561104498,1.5,76.08028711844938,100.0,1.0,100.376,111.0,0.0,0.0,0.0,0.0,0.0,0.0
16312.0,30.385638469869964,1.079617311859666,44.97515306788918,79.71634533493281,1.0,82.624,99.0,0.0,0.0,0.0,0.0,0.0,0.0
12757.0,29.71077151758417,1.1418602702126406,46.677576501709765,62.69721336856791,4.0,75.514,195.0,1.0,0.0,0.0,0.0,1.0,0.0
34811.0,20.0,1.5,100.0,100.0,3.0,119.622,90.0,1.0,0.0,0.0,1.0,0.0,0.0
7250.0,56.57298259805513,1.0901681822979208,29.728554567571244,32.68255690089539,0.0,64.5,184.0,1.0,0.0,0.0,0.0,0.0,1.0
46682.0,31.403136885713398,1.5,100.0,100.0,2.0,143.364,82.0,1.0,0.0,0.0,0.0,0.0,0.0
40751.0,51.46502985014507,1.5,100.0,100.0,5.0,131.502,82.0,1.0,0.0,0.0,0.0,0.0,0.0
37399.0,48.15633854682498,1.5,100.0,100.0,3.0,124.798,92.0,1.0,0.0,0.0,0.0,0.0,1.0
17747.0,50.61313634163504,1.1344968512214322,54.61639008982351,89.38562820747096,0.0,85.494,103.0,1.0,0.0,0.0,0.0,0.0,0.0
10196.0,42.04658343857772,1.0114949206672417,29.77580076345066,47.27186409944077,1.0,70.392,201.0,1.0,0.0,0.0,0.0,0.0,0.0
15729.0,30.894436843038797,1.260465758664779,46.556307898874266,75.8060059766251,3.0,81.458,96.0,1.0,0.0,0.0,0.0,0.0,0.0
15832.0,47.577443416542245,1.3671770607479965,53.94719186363194,74.50561218834396,0.0,81.664,93.0,1.0,0.0,0.0,0.0,0.0,0.0
39506.0,38.92082641905035,1.5,100.0,100.0,3.0,129.012,98.0,1.0,0.0,0.0,0.0,0.0,1.0
34088.0,25.494771549704183,1.5,100.0,100.0,1.0,118.176,100.0,1.0,0.0,0.0,0.0,0.0,0.0
48981.0,29.424769387567263,1.5,100.0,100.0,6.0,147.962,90.0,1.0,1.0,0.0,0.0,0.0,0.0
44158.0,22.305367630309824,1.5,100.0,100.0,3.0,138.316,109.0,1.0,0.0,1.0,0.0,0.0,0.0
7083.0,48.87168626626804,1.3495460338100869,27.377386505341637,32.42438720147344,0.0,64.166,201.0,1.0,0.0,0.0,0.0,0.0,0.0
14540.0,46.14505004282673,1.2042971446599633,44.56533054871963,76.6688664062096,1.0,79.08,180.0,1.0,1.0,0.0,0.0,0.0,0.0
15689.0,38.18722559006678,1.3402570192589396,43.59821081776262,77.51777824078314,1.0,81.378,115.0,1.0,0.0,0.0,1.0,0.0,0.0
21694.0,37.27354809869692,1.3717721444016562,63.75794679960633,100.0,1.0,93.388,95.0,1.0,0.0,0.0,0.0,0.0,0.0
23481.0,39.56980864754067,1.3739119629694525,72.55368664857339,100.0,0.0,96.962,98.0,1.0,0.0,0.0,0.0,0.0,0.0
36322.0,38.194622960634064,1.5,100.0,100.0,1.0,122.644,104.0,0.0,0.0,0.0,0.0,0.0,0.0
34429.0,37.871243954885806,1.5,100.0,100.0,2.0,118.858,101.0,0.0,1.0,0.0,0.0,0.0,0.0
16156.0,36.53871503570661,1.1067443083225303,57.52599213527543,77.10690888456655,0.0,82.312,111.0,0.0,0.0,1.0,0.0,0.0,0.0
44685.0,32.9260394818825,1.5,100.0,100.0,5.0,139.37,102.0,0.0,0.0,0.0,0.0,0.0,0.0
17605.0,51.04489560174426,1.0139404280468116,58.99075562893379,88.3707020836547,0.0,85.21000000000001,94.0,0.0,0.0,1.0,0.0,0.0,0.0
4537.0,62.31692988653624,1.3636309105721895,12.115198604595372,21.79048350997922,0.0,59.074,202.0,0.0,0.0,0.0,0.0,0.0,0.0
30975.0,47.66881312142529,1.5,95.48219333223736,100.0,0.0,111.95,105.0,0.0,0.0,0.0,0.0,0.0,0.0
38736.0,20.0,1.5,100.0,100.0,0.0,127.472,97.0,0.0,0.0,0.0,1.0,0.0,0.0
26036.0,45.92371862204772,1.5,92.08567892987784,100.0,3.0,102.072,94.0,0.0,0.0,0.0,0.0,0.0,0.0
27266.0,42.45690974047355,1.5,89.03603927111516,100.0,4.0,104.532,97.0,0.0,0.0,1.0,0.0,0.0,0.0
25938.0,35.78489741308935,1.5,89.17672713040236,100.0,2.0,101.876,98.0,0.0,0.0,0.0,0.0,0.0,0.0
25347.0,34.64192380453304,1.5,79.89132143103612,100.0,3.0,100.694,88.0,0.0,0.0,0.0,0.0,0.0,0.0
33214.0,20.0,1.5,100.0,100.0,1.0,116.428,100.0,0.0,1.0,0.0,0.0,0.0,0.0
23792.0,47.65363740793629,1.0919231362578965,86.68925535257824,100.0,1.0,97.584,88.0,0.0,0.0,0.0,0.0,0.0,0.0
24244.0,44.36121480455564,1.1662451346403466,80.34805064079424,100.0,2.0,98.488,98.0,0.0,0.0,0.0,0.0,0.0,0.0
47443.0,27.99672836972858,1.5,100.0,100.0,1.0,144.886,87.0,0.0,0.0,1.0,0.0,0.0,0.0
14918.0,46.8988966105318,1.2427999933380234,55.78870408277536,70.91855834458758,1.0,79.836,198.0,0.0,0.0,0.0,0.0,0.0,1.0
20336.0,62.85259808828848,1.3465946173881966,61.50929224019323,99.32564227414824,0.0,90.672,111.0,0.0,0.0,0.0,0.0,0.0,0.0
21111.0,30.183919560976,1.15153455236698,74.53343301739366,100.0,1.0,92.222,96.0,0.0,0.0,0.0,0.0,0.0,0.0
9250.0,55.69868408540145,1.0684673401967282,38.13826579215287,43.7858597047298,0.0,68.5,214.0,0.0,0.0,0.0,0.0,0.0,1.0
38307.0,34.1314985374852,1.5,100.0,100.0,1.0,126.614,83.0,0.0,0.0,0.0,0.0,0.0,1.0
32425.0,27.31434621698113,1.5,100.0,100.0,3.0,114.85,84.0,0.0,0.0,0.0,0.0,0.0,0.0
21949.0,32.48529437638606,1.0154431574387766,68.85814624158525,100.0,0.0,93.898,99.0,0.0,0.0,1.0,0.0,0.0,1.0
15036.0,35.24428080140964,1.221766111500795,42.70961689289709,76.93963296183117,1.0,80.072,107.0,0.0,0.0,0.0,0.0,0.0,0.0
34207.0,34.75973673782092,1.5,100.0,100.0,1.0,118.414,110.0,0.0,0.0,0.0,0.0,0.0,0.0
62720.0,20.0,1.5,100.0,100.0,4.0,175.44,91.0,0.0,0.0,0.0,0.0,0.0,0.0
38940.0,52.29930714165378,1.5,100.0,100.0,1.0,127.88,104.0,0.0,0.0,0.0,0.0,1.0,0.0
42816.0,27.53262823783121,1.5,100.0,100.0,3.0,135.632,95.0,0.0,0.0,0.0,0.0,0.0,0.0
30733.0,38.28071564650731,1.5,98.30316285555428,100.0,1.0,111.466,109.0,0.0,0.0,0.0,0.0,0.0,0.0
23025.0,50.18262409984949,1.2191458999580276,75.6781439601204,100.0,2.0,96.05,98.0,0.0,0.0,1.0,0.0,0.0,0.0
34289.0,43.87480051929725,1.5,100.0,100.0,2.0,118.578,99.0,0.0,0.0,0.0,0.0,0.0,0.0
16112.0,34.527873696709484,1.038063716965608,48.83381165034493,80.07708717619994,0.0,82.22399999999999,101.0,0.0,0.0,1.0,0.0,0.0,0.0
43119.0,42.30458975652823,1.5,100.0,100.0,0.0,136.238,99.0,0.0,1.0,0.0,0.0,0.0,0.0
62613.0,50.616107805179695,1.5,100.0,100.0,2.0,175.226,96.0,0.0,0.0,0.0,0.0,1.0,0.0
25127.0,20.0,1.5,90.88909000349231,100.0,1.0,100.254,101.0,0.0,0.0,0.0,0.0,1.0,0.0
27703.0,39.32033477458009,1.5,85.47799562755489,100.0,2.0,105.406,93.0,0.0,1.0,0.0,0.0,0.0,0.0
28349.0,39.49335052687935,1.5,100.0,100.0,1.0,106.698,104.0,0.0,0.0,0.0,0.0,0.0,0.0
16226.0,58.97206689124408,1.1395244894351158,47.96651940718758,82.07824876065241,1.0,82.452,99.0,0.0,0.0,1.0,0.0,0.0,0.0
27864.0,33.75181982654783,1.5,83.7840332795454,100.0,2.0,105.728,98.0,0.0,0.0,0.0,0.0,0.0,0.0
46348.0,52.15191810921317,1.5,100.0,100.0,3.0,142.696,103.0,0.0,0.0,0.0,0.0,1.0,0.0
37232.0,34.66447565710276,1.5,100.0,100.0,3.0,124.464,107.0,0.0,1.0,0.0,0.0,0.0,1.0
11735.0,46.37415348166621,1.093949513101196,31.511830928876183,56.62642497208605,0.0,73.47,224.0,0.0,0.0,0.0,0.0,0.0,1.0
41825.0,37.02417787290419,1.5,100.0,100.0,0.0,133.65,98.0,0.0,0.0,0.0,0.0,0.0,0.0
24812.0,38.66305228624777,1.00643788460289,87.02842736191758,100.0,0.0,99.624,127.0,0.0,0.0,0.0,0.0,0.0,0.0
19487.0,39.38605489097511,1.1035168402661295,62.72777259940104,100.0,0.0,88.97399999999999,96.0,0.0,0.0,1.0,0.0,0.0,0.0
19376.0,38.98221633455083,1.114016567057933,57.08186378718561,99.0911893258,1.0,88.75200000000001,97.0,0.0,0.0,0.0,0.0,0.0,0.0
24127.0,57.59955981489124,1.21068794982555,76.39344513011702,100.0,2.0,98.254,98.0,1.0,0.0,0.0,1.0,0.0,0.0
48069.0,38.23851980802849,1.5,100.0,100.0,2.0,146.138,108.0,1.0,0.0,0.0,0.0,1.0,0.0
48387.0,40.529274806340766,1.5,100.0,100.0,2.0,146.774,95.0,1.0,0.0,0.0,0.0,0.0,0.0
45668.0,38.58308085777551,1.5,100.0,100.0,5.0,141.336,97.0,1.0,0.0,0.0,0.0,0.0,0.0
20228.0,44.370406026868245,1.0220157574918294,64.20015695265296,98.72758956729876,2.0,90.456,102.0,1.0,0.0,0.0,0.0,0.0,0.0
45930.0,44.95762447056129,1.5,100.0,100.0,2.0,141.86,111.0,1.0,0.0,0.0,0.0,0.0,0.0
11770.0,72.57534792416101,1.3572280766060294,40.35276650908961,55.22322842539067,0.0,73.53999999999999,173.0,1.0,0.0,0.0,0.0,0.0,0.0
17299.0,49.199776464026,1.1305296635884277,51.21776281029888,90.76256297722608,1.0,84.598,96.0,1.0,0.0,1.0,0.0,0.0,1.0
28139.0,27.832737609360212,1.5,95.53374280020267,100.0,2.0,106.278,101.0,1.0,0.0,0.0,1.0,0.0,0.0
24146.0,51.21520345786666,1.371720399901596,84.26736872890424,100.0,1.0,98.292,102.0,1.0,0.0,0.0,0.0,0.0,0.0
26555.0,32.50448387603784,1.5,93.17932048166784,100.0,0.0,103.11,93.0,1.0,0.0,0.0,0.0,0.0,0.0
34653.0,39.812010801071565,1.5,100.0,100.0,2.0,119.306,104.0,1.0,0.0,0.0,0.0,0.0,0.0
21968.0,50.56066122640016,1.1324160069684863,70.82090337805106,100.0,0.0,93.936,108.0,1.0,1.0,0.0,0.0,0.0,0.0
31373.0,35.76021301266026,1.5,100.0,100.0,0.0,112.746,97.0,1.0,0.0,0.0,0.0,0.0,1.0
38985.0,29.22567858895907,1.5,100.0,100.0,2.0,127.97,109.0,1.0,0.0,1.0,0.0,0.0,0.0
39267.0,29.106653614720308,1.5,100.0,100.0,1.0,128.534,107.0,1.0,1.0,0.0,0.0,0.0,1.0
18898.0,48.79899656930417,1.0881519257464949,54.90900984384325,97.9695378234725,1.0,87.79599999999999,83.0,1.0,0.0,0.0,1.0,0.0,0.0
16060.0,38.79286090267696,1.3982276318669262,60.810698602760056,79.86367734031482,0.0,82.12,94.0,1.0,1.0,0.0,0.0,0.0,0.0
37343.0,25.819652914200688,1.5,100.0,100.0,0.0,124.686,97.0,0.0,0.0,0.0,0.0,0.0,0.0
26691.0,42.54886342232002,1.5,82.1767934967998,100.0,1.0,103.382,124.0,0.0,0.0,0.0,0.0,0.0,0.0
16658.0,36.27475206522473,1.2676571710778803,58.81031305537941,83.71127048363344,1.0,83.316,120.0,0.0,1.0,0.0,0.0,0.0,0.0
49945.0,35.28514200200045,1.5,100.0,100.0,0.0,149.89,95.0,0.0,0.0,0.0,0.0,0.0,0.0
19186.0,60.60953025622766,1.0833791062833482,71.51451781933795,95.68075568793944,1.0,88.372,96.0,0.0,0.0,1.0,0.0,0.0,0.0
42884.0,32.06360269423518,1.5,100.0,100.0,1.0,135.768,99.0,0.0,0.0,0.0,0.0,0.0,0.0
19522.0,60.2433024100268,1.240239329578703,57.55556388323047,98.79283780295448,1.0,89.044,84.0,0.0,0.0,0.0,0.0,0.0,0.0
20777.0,48.24320080746912,1.39290633171449,61.57096323354016,100.0,0.0,91.554,115.0,0.0,0.0,0.0,1.0,0.0,0.0
42841.0,32.32301913213688,1.5,100.0,100.0,2.0,135.68200000000002,107.0,0.0,0.0,0.0,0.0,0.0,0.0
18111.0,50.00048241445721,1.2385272936341722,62.50942855922468,90.33478146354054,1.0,86.22200000000001,98.0,0.0,0.0,0.0,1.0,0.0,1.0
25807.0,55.72277290659069,1.5,89.04056587560729,100.0,1.0,101.614,103.0,0.0,0.0,1.0,0.0,0.0,0.0
19926.0,50.023220898968646,1.3404887746377874,66.31470814804341,100.0,0.0,89.852,87.0,0.0,0.0,0.0,0.0,1.0,0.0
44315.0,29.762664926220765,1.5,100.0,100.0,2.0,138.63,98.0,0.0,0.0,0.0,0.0,1.0,0.0
16526.0,42.30496193360539,1.3498819644406348,50.93532748593368,81.08365670190811,0.0,83.05199999999999,97.0,0.0,0.0,0.0,0.0,0.0,1.0
40681.0,36.12711878591251,1.5,100.0,100.0,0.0,131.362,103.0,0.0,1.0,0.0,0.0,0.0,0.0
27338.0,23.527331573693964,1.5,94.95801164937424,100.0,2.0,104.676,100.0,0.0,0.0,0.0,0.0,0.0,0.0
21360.0,50.92640482218823,1.219959378389675,79.11883029294609,100.0,1.0,92.72,103.0,0.0,0.0,0.0,0.0,0.0,0.0
43320.0,40.46408747041189,1.5,100.0,100.0,2.0,136.64,102.0,0.0,0.0,0.0,0.0,0.0,0.0
20532.0,51.73740651984222,1.12229930313947,64.02632190858498,100.0,1.0,91.064,115.0,0.0,0.0,0.0,0.0,0.0,0.0
17531.0,43.648648057161466,1.1579800444725512,62.88866146633633,86.32368444554254,0.0,85.062,108.0,0.0,0.0,0.0,1.0,0.0,0.0
32360.0,33.11067746061033,1.5,100.0,100.0,1.0,114.72,113.0,0.0,0.0,0.0,1.0,0.0,0.0
39892.0,21.40167410872616,1.5,100.0,100.0,0.0,129.784,98.0,0.0,0.0,0.0,0.0,0.0,0.0
21636.0,44.72441293919452,1.0661770710614944,79.97809288244396,100.0,1.0,93.272,94.0,0.0,0.0,0.0,0.0,0.0,0.0
43016.0,20.0,1.5,100.0,100.0,0.0,136.03199999999998,98.0,0.0,0.0,1.0,0.0,0.0,0.0
29036.0,29.05398153389939,1.5,89.39314682242605,100.0,2.0,108.072,102.0,0.0,0.0,1.0,0.0,0.0,1.0
27058.0,41.230347539913936,1.5,92.24735483610928,100.0,1.0,104.116,104.0,0.0,0.0,0.0,0.0,0.0,1.0
23175.0,48.50177215313872,1.3271249855529048,84.84836494653423,100.0,1.0,96.35,86.0,0.0,0.0,0.0,0.0,0.0,0.0
28160.0,42.3947957473637,1.5,87.61001807105029,100.0,3.0,106.32,100.0,0.0,0.0,0.0,0.0,0.0,1.0
19515.0,56.624755677515545,1.1303307897532209,55.965665303266654,94.3994362384352,2.0,89.03,117.0,0.0,0.0,0.0,0.0,1.0,0.0
37902.0,31.80829782845193,1.5,100.0,100.0,2.0,125.804,94.0,0.0,0.0,0.0,0.0,0.0,0.0
25193.0,37.10632754791151,1.5,83.83327613734764,100.0,1.0,100.386,119.0,0.0,0.0,0.0,0.0,0.0,0.0
27381.0,48.34945979755653,1.5,96.5766014558607,100.0,2.0,104.762,91.0,0.0,0.0,0.0,0.0,0.0,0.0
20693.0,32.42262016602473,1.111533020452535,63.58285820839273,100.0,0.0,91.386,89.0,0.0,0.0,0.0,1.0,0.0,0.0
8139.0,44.19110081402992,1.3211671571840886,23.98515627314588,45.240277196565934,0.0,66.27799999999999,183.0,0.0,0.0,0.0,0.0,0.0,0.0
60662.0,45.14742301091204,1.5,100.0,100.0,1.0,171.324,124.0,0.0,0.0,0.0,0.0,0.0,0.0
13898.0,36.60616496080799,1.3359659546584062,53.65164128436525,67.32893141031158,0.0,77.79599999999999,188.0,0.0,0.0,0.0,0.0,0.0,0.0
12626.0,42.55886224651773,1.1379055639251627,44.98895135027006,63.319079089445104,0.0,75.252,207.0,0.0,0.0,0.0,1.0,0.0,0.0
27396.0,34.791227190780994,1.5,100.0,100.0,2.0,104.792,95.0,0.0,0.0,0.0,0.0,1.0,0.0
34418.0,36.743718630580624,1.5,100.0,100.0,3.0,118.836,94.0,0.0,0.0,1.0,0.0,0.0,0.0
20103.0,29.3890033375293,1.3164688133203868,58.439110495299005,100.0,0.0,90.206,85.0,0.0,0.0,0.0,0.0,0.0,0.0
23845.0,64.07294257681977,1.330090863186132,79.48879395003232,100.0,5.0,97.69,91.0,0.0,0.0,0.0,0.0,0.0,0.0
14538.0,41.81929694288139,1.0882702389168857,46.791379902867504,67.85057138230025,0.0,79.076,196.0,0.0,0.0,0.0,0.0,0.0,0.0
44024.0,23.268372272328165,1.5,100.0,100.0,1.0,138.048,101.0,0.0,0.0,0.0,0.0,0.0,0.0
42950.0,26.05720168592629,1.5,100.0,100.0,1.0,135.9,110.0,0.0,0.0,0.0,0.0,1.0,1.0
21174.0,39.68876977201096,1.1933355024285246,63.52661052107544,100.0,3.0,92.348,95.0,0.0,0.0,0.0,0.0,0.0,0.0
45286.0,52.63626200200737,1.5,100.0,100.0,3.0,140.572,103.0,0.0,1.0,0.0,0.0,0.0,0.0
14237.0,55.87000886779828,1.2328752897667778,56.89586724047925,70.33815008719934,0.0,78.474,209.0,0.0,0.0,0.0,0.0,0.0,0.0
50025.0,29.889010332757547,1.5,100.0,100.0,3.0,150.05,112.0,0.0,0.0,1.0,0.0,0.0,0.0
39692.0,20.0,1.5,100.0,100.0,2.0,129.384,91.0,0.0,0.0,1.0,0.0,0.0,0.0
21419.0,57.94331253205392,1.082652411746743,77.28602826036467,100.0,0.0,92.838,92.0,0.0,0.0,0.0,0.0,1.0,1.0
23657.0,48.17155712429637,1.2598782070337609,78.77520712176539,100.0,2.0,97.314,106.0,1.0,1.0,0.0,0.0,0.0,0.0
31303.0,22.344120111451478,1.5,97.32227460445174,100.0,0.0,112.606,102.0,1.0,0.0,0.0,1.0,0.0,0.0
15686.0,42.64813307325627,1.2214483118259494,57.36238063965831,82.2093089022965,1.0,81.372,102.0,1.0,0.0,0.0,0.0,0.0,0.0
47147.0,32.438212038012715,1.5,100.0,100.0,6.0,144.29399999999998,90.0,1.0,1.0,0.0,0.0,0.0,0.0
31630.0,29.004293726995297,1.5,100.0,100.0,3.0,113.26,99.0,1.0,0.0,0.0,0.0,0.0,0.0
24497.0,31.975402891779872,1.261689355738956,88.00647968959322,100.0,0.0,98.994,111.0,1.0,1.0,0.0,0.0,0.0,0.0
36649.0,32.343394528675454,1.5,100.0,100.0,1.0,123.298,89.0,1.0,0.0,0.0,1.0,0.0,0.0
40755.0,20.0,1.5,100.0,100.0,3.0,131.51,106.0,1.0,0.0,0.0,0.0,0.0,0.0
10443.0,31.153845987707506,1.0695804558310131,41.03968849212307,51.301705767944426,1.0,70.886,206.0,1.0,0.0,0.0,0.0,0.0,1.0
37095.0,23.88907681992556,1.5,100.0,100.0,1.0,124.19,102.0,1.0,0.0,1.0,0.0,0.0,0.0
24960.0,63.76464611304732,1.3163950876994384,82.37225150447304,100.0,2.0,99.92,105.0,1.0,0.0,0.0,0.0,0.0,0.0
7836.0,54.00767976193687,1.3664197358398082,32.469589455242485,42.55882621257848,0.0,65.672,200.0,1.0,0.0,0.0,0.0,1.0,1.0
42457.0,25.790783009256824,1.5,100.0,100.0,2.0,134.914,106.0,1.0,0.0,0.0,0.0,1.0,0.0
14046.0,42.97089357828976,1.1671054336346114,47.4246000994428,68.39514161676414,1.0,78.092,192.0,1.0,0.0,0.0,0.0,0.0,0.0
52343.0,42.82877515171769,1.5,100.0,100.0,3.0,154.686,101.0,1.0,0.0,0.0,1.0,0.0,0.0
37429.0,42.08189836722797,1.5,100.0,100.0,5.0,124.858,92.0,1.0,1.0,0.0,0.0,0.0,0.0
22146.0,49.46228951164928,1.2157407206712934,64.02763146605092,100.0,1.0,94.292,97.0,1.0,0.0,0.0,0.0,0.0,0.0
21907.0,50.7311990114901,1.0522889416542556,66.93074802360277,100.0,0.0,93.814,103.0,1.0,0.0,0.0,0.0,0.0,1.0
23473.0,37.33723796593043,1.017732992008032,76.02521328822819,100.0,4.0,96.946,85.0,0.0,0.0,0.0,0.0,0.0,0.0
49602.0,40.75560720787581,1.5,100.0,100.0,2.0,149.204,116.0,0.0,0.0,0.0,0.0,0.0,0.0
36606.0,43.37606892609635,1.5,100.0,100.0,1.0,123.212,104.0,0.0,1.0,0.0,0.0,0.0,0.0
14578.0,45.61972573965947,1.3049856189970028,40.72388000858781,70.60402025910618,1.0,79.156,209.0,0.0,0.0,0.0,0.0,0.0,0.0
30717.0,22.089950876094605,1.5,100.0,100.0,2.0,111.434,101.0,0.0,1.0,0.0,0.0,0.0,0.0
29616.0,37.82589298889586,1.5,89.721721828358,100.0,4.0,109.232,97.0,0.0,0.0,0.0,0.0,0.0,0.0
40430.0,53.44884781369075,1.5,100.0,100.0,3.0,130.86,103.0,0.0,0.0,0.0,0.0,0.0,0.0
26681.0,41.351670370985474,1.5,90.66047376258518,100.0,1.0,103.362,94.0,0.0,0.0,1.0,0.0,0.0,0.0
28591.0,20.0,1.5,97.98664597012554,100.0,2.0,107.182,119.0,0.0,0.0,0.0,0.0,0.0,0.0
36275.0,27.987978999303216,1.5,100.0,100.0,3.0,122.55,106.0,0.0,0.0,0.0,0.0,0.0,0.0
18157.0,46.82165416359192,1.1236815277497936,63.28085547529667,86.78622946357156,0.0,86.314,67.0,0.0,0.0,0.0,0.0,0.0,0.0
42698.0,33.162821713697,1.5,100.0,100.0,2.0,135.39600000000002,109.0,0.0,0.0,0.0,1.0,0.0,0.0
47769.0,47.50785339062316,1.5,100.0,100.0,4.0,145.538,112.0,0.0,0.0,0.0,0.0,0.0,0.0
15899.0,61.16471635387891,1.2188626212844316,43.738428231891135,80.71898392293348,0.0,81.798,91.0,0.0,0.0,0.0,0.0,0.0,0.0
46366.0,39.69938899815872,1.5,100.0,100.0,0.0,142.732,104.0,0.0,0.0,0.0,0.0,0.0,0.0
45363.0,23.81085415478661,1.5,100.0,100.0,7.0,140.726,95.0,0.0,0.0,0.0,0.0,0.0,1.0
18448.0,49.1471306171979,1.2619137468510255,51.625244801725,92.3627697172463,1.0,86.896,93.0,0.0,0.0,0.0,0.0,0.0,1.0
31214.0,39.39259489380676,1.5,95.66781719500015,100.0,3.0,112.428,114.0,0.0,0.0,0.0,0.0,0.0,0.0
18387.0,66.16143574077597,1.0816684981115905,53.933817975878505,91.85651969123728,0.0,86.774,107.0,0.0,0.0,0.0,0.0,0.0,0.0
25606.0,45.8285295417683,1.5,83.2479160987651,100.0,1.0,101.212,115.0,0.0,0.0,0.0,0.0,0.0,0.0
38652.0,39.22383900583153,1.5,100.0,100.0,3.0,127.304,94.0,0.0,1.0,0.0,0.0,0.0,0.0
27047.0,40.53480517866294,1.5,88.1339882798893,100.0,1.0,104.094,101.0,0.0,0.0,0.0,0.0,0.0,1.0
14569.0,44.20656252501343,1.0463402089913083,54.82132471876163,77.29949093837,0.0,79.138,179.0,0.0,0.0,0.0,0.0,0.0,0.0
45793.0,31.86215998473844,1.5,100.0,100.0,2.0,141.586,104.0,0.0,0.0,0.0,0.0,0.0,0.0
51954.0,41.33022396495308,1.5,100.0,100.0,1.0,153.90800000000002,103.0,0.0,0.0,0.0,0.0,1.0,0.0
39459.0,40.78141523590758,1.5,100.0,100.0,2.0,128.918,98.0,0.0,0.0,0.0,0.0,0.0,0.0
27703.0,29.66564656380516,1.5,89.75021737628705,100.0,3.0,105.406,101.0,0.0,0.0,0.0,0.0,0.0,0.0
36210.0,20.0,1.5,100.0,100.0,0.0,122.42,88.0,0.0,0.0,0.0,0.0,0.0,0.0
24794.0,31.781702873852154,1.2963009588114291,92.29675713713564,100.0,3.0,99.588,100.0,0.0,0.0,0.0,0.0,0.0,0.0
7883.0,43.696463657738256,1.0791491872182537,31.75528807095626,38.88357967037879,0.0,65.766,181.0,0.0,0.0,0.0,0.0,0.0,1.0
29155.0,55.015872658156965,1.5,95.9553028053812,100.0,3.0,108.31,88.0,0.0,0.0,0.0,0.0,0.0,0.0
13283.0,36.46780690941756,1.2398330588312991,38.79823017124726,61.77473649699383,0.0,76.566,190.0,0.0,1.0,0.0,0.0,0.0,0.0
26514.0,38.51285218454232,1.5,79.03689765497997,100.0,2.0,103.028,83.0,0.0,0.0,0.0,0.0,0.0,0.0
27789.0,39.67528674018133,1.5,86.65899912662557,100.0,3.0,105.578,85.0,0.0,1.0,0.0,0.0,0.0,0.0
16618.0,35.65108473581016,1.2310355600292389,53.98041911435243,80.02378178326731,1.0,83.23599999999999,96.0,0.0,1.0,0.0,0.0,0.0,0.0
25757.0,47.42688872270892,1.5,85.39424777881959,100.0,5.0,101.514,104.0,0.0,0.0,1.0,0.0,0.0,0.0
39632.0,41.93559258130128,1.5,100.0,100.0,1.0,129.264,93.0,0.0,0.0,0.0,0.0,0.0,0.0
20002.0,59.13788520778428,1.1114480590310445,62.9352540032273,95.40864959588032,0.0,90.00399999999999,111.0,0.0,0.0,0.0,0.0,0.0,0.0
46681.0,47.46655741279925,1.5,100.0,100.0,2.0,143.362,103.0,0.0,1.0,0.0,0.0,0.0,0.0
24921.0,56.64512594238072,1.3449394997796629,76.26903157876589,100.0,0.0,99.842,102.0,0.0,1.0,0.0,0.0,0.0,1.0
29414.0,48.96651803153351,1.5,92.276681962956,100.0,4.0,108.828,112.0,0.0,0.0,0.0,1.0,0.0,1.0
28508.0,33.39729701623728,1.5,87.24340398051504,100.0,3.0,107.016,93.0,0.0,0.0,0.0,0.0,0.0,1.0
18412.0,35.05227114923855,1.0155973811607455,66.7494672451145,96.61421462643916,0.0,86.824,90.0,0.0,0.0,0.0,0.0,0.0,1.0
24262.0,50.180005349190246,1.3269521582080142,80.28069599085329,100.0,1.0,98.524,99.0,0.0,1.0,0.0,0.0,0.0,0.0
51640.0,22.016737262876784,1.5,100.0,100.0,1.0,153.28,118.0,0.0,0.0,0.0,0.0,0.0,1.0
37012.0,47.872463713031806,1.5,100.0,100.0,6.0,124.024,102.0,0.0,1.0,0.0,0.0,0.0,0.0
28896.0,33.67457137797069,1.5,100.0,100.0,3.0,107.792,101.0,0.0,0.0,0.0,0.0,0.0,0.0
17531.0,51.65172116819818,1.302326878665907,62.99498796665323,84.07529811549412,0.0,85.062,86.0,0.0,0.0,0.0,0.0,0.0,0.0
21880.0,36.40827642123517,1.2798679092541374,64.83194392664578,100.0,1.0,93.76,100.0,0.0,0.0,0.0,0.0,0.0,0.0
6530.0,41.174486044387095,1.002577387333557,24.22646310879088,35.609379674560074,1.0,63.06,205.0,0.0,0.0,1.0,0.0,0.0,0.0
31313.0,38.92240449553833,1.5,100.0,100.0,2.0,112.626,98.0,1.0,0.0,0.0,0.0,0.0,0.0
32124.0,26.086734484344376,1.5,100.0,100.0,3.0,114.248,92.0,1.0,0.0,0.0,0.0,0.0,0.0
32330.0,40.970756919475534,1.5,100.0,100.0,2.0,114.66,94.0,1.0,0.0,0.0,0.0,0.0,0.0
30797.0,41.586622858919135,1.5,100.0,100.0,2.0,111.594,83.0,1.0,0.0,0.0,0.0,0.0,0.0
48747.0,38.14910247137827,1.5,100.0,100.0,2.0,147.494,105.0,1.0,0.0,1.0,0.0,0.0,0.0
9948.0,50.51296483354042,1.36941913993542,40.008088560499054,48.22885160032184,0.0,69.896,198.0,1.0,0.0,1.0,0.0,0.0,0.0
27069.0,37.3403965853332,1.5,80.62210194811495,100.0,1.0,104.138,86.0,1.0,0.0,0.0,0.0,0.0,0.0
27724.0,30.216087207423083,1.5,86.06066237360012,100.0,2.0,105.448,101.0,1.0,1.0,0.0,0.0,0.0,0.0
19587.0,52.494795235012255,1.308082649379484,75.08054682425782,98.70942681515275,2.0,89.174,103.0,1.0,1.0,0.0,0.0,0.0,0.0
34169.0,20.689621245582966,1.5,100.0,100.0,4.0,118.338,99.0,1.0,0.0,0.0,0.0,0.0,1.0
7336.0,48.66274133779007,1.0885321814111908,24.28905682354681,40.75843771968397,1.0,64.672,197.0,1.0,0.0,0.0,1.0,0.0,0.0
21123.0,51.9588402210372,1.1919853748894649,60.90317007124126,100.0,0.0,92.246,107.0,1.0,0.0,0.0,0.0,0.0,0.0
52571.0,43.03875452507112,1.5,100.0,100.0,2.0,155.142,94.0,1.0,0.0,0.0,0.0,0.0,0.0
13649.0,37.47507073433029,1.3189536561224804,50.48527665217538,64.05514144685874,1.0,77.298,185.0,1.0,0.0,1.0,0.0,0.0,0.0
62181.0,53.03622059032075,1.5,100.0,100.0,3.0,174.362,108.0,1.0,0.0,0.0,0.0,0.0,1.0
61445.0,34.77011474944406,1.5,100.0,100.0,0.0,172.89,102.0,1.0,0.0,0.0,0.0,0.0,0.0
35235.0,34.52794689531894,1.5,100.0,100.0,1.0,120.47,87.0,1.0,0.0,0.0,0.0,0.0,0.0
34096.0,36.54757693344406,1.5,100.0,100.0,3.0,118.192,93.0,1.0,0.0,1.0,0.0,0.0,0.0
18749.0,48.97644974015431,1.060547596743638,66.60741020087359,95.0147555920995,0.0,87.49799999999999,95.0,1.0,0.0,0.0,0.0,0.0,0.0
44050.0,23.03196844020442,1.5,100.0,100.0,3.0,138.1,105.0,1.0,0.0,0.0,0.0,0.0,0.0
20190.0,59.21634557839859,1.0814914779254057,75.79458997807012,96.1496886860317,2.0,90.38,105.0,1.0,0.0,0.0,0.0,0.0,0.0
29483.0,37.32080803888409,1.5,100.0,100.0,2.0,108.966,115.0,0.0,0.0,0.0,0.0,0.0,1.0
41083.0,23.62734757070575,1.5,100.0,100.0,1.0,132.166,101.0,0.0,0.0,0.0,0.0,0.0,0.0
42718.0,43.83645339787552,1.5,100.0,100.0,1.0,135.436,117.0,0.0,0.0,0.0,0.0,0.0,0.0
61366.0,30.953642832449013,1.5,100.0,100.0,1.0,172.732,108.0,0.0,0.0,0.0,0.0,0.0,0.0
14554.0,39.97526111803577,1.266169301964184,51.14370536482131,76.30257459342423,0.0,79.108,202.0,0.0,0.0,0.0,0.0,0.0,0.0
50932.0,31.510946971207144,1.5,100.0,100.0,2.0,151.864,92.0,0.0,0.0,0.0,0.0,0.0,0.0
33884.0,40.8006912537341,1.5,100.0,100.0,1.0,117.768,99.0,0.0,1.0,0.0,0.0,0.0,0.0
14000.0,45.85770756221534,1.3134332019843014,38.96133388164404,72.97798286286573,1.0,78.0,209.0,0.0,0.0,0.0,1.0,0.0,0.0
27575.0,45.24455347043958,1.5,94.87829996040524,100.0,1.0,105.15,83.0,0.0,0.0,0.0,0.0,0.0,0.0
26098.0,20.0,1.5,95.57799324453715,100.0,0.0,102.196,107.0,0.0,0.0,0.0,0.0,0.0,0.0
18383.0,41.67158070779313,1.202482715048672,54.31560287761005,96.23717563961044,1.0,86.76599999999999,105.0,0.0,0.0,0.0,0.0,0.0,0.0
22225.0,53.9176427991462,1.2859831424168475,72.85872892570598,100.0,2.0,94.45,90.0,0.0,0.0,0.0,0.0,0.0,0.0
11830.0,46.08745697488532,1.3712087422552923,38.28806225125994,61.73186638364368,0.0,73.66,170.0,0.0,0.0,0.0,0.0,0.0,0.0
24643.0,46.43941993127677,1.059740768059107,74.85402351402018,100.0,2.0,99.286,96.0,0.0,0.0,0.0,0.0,0.0,0.0
13422.0,54.133920236370415,1.1068807965015126,51.68820684814091,63.53884678080126,0.0,76.844,198.0,0.0,0.0,0.0,0.0,0.0,0.0
40500.0,56.14376267970805,1.5,100.0,100.0,0.0,131.0,101.0,0.0,0.0,0.0,0.0,0.0,0.0
29605.0,39.46074600505502,1.5,90.6207911147942,100.0,2.0,109.21,88.0,0.0,0.0,0.0,0.0,0.0,0.0
26205.0,41.13098391159974,1.5,91.5123168928019,100.0,0.0,102.41,99.0,0.0,0.0,1.0,0.0,0.0,0.0
27702.0,31.488142349146425,1.5,83.72617106310604,100.0,3.0,105.404,96.0,0.0,0.0,1.0,0.0,0.0,1.0
54116.0,26.714413187774184,1.5,100.0,100.0,0.0,158.232,89.0,0.0,0.0,0.0,0.0,0.0,0.0
34048.0,50.76368770989153,1.5,100.0,100.0,0.0,118.096,109.0,0.0,0.0,0.0,0.0,1.0,0.0
54451.0,20.0,1.5,100.0,100.0,0.0,158.902,94.0,0.0,1.0,0.0,0.0,0.0,0.0
26479.0,31.34724610416108,1.5,80.23569372644839,100.0,3.0,102.958,110.0,0.0,0.0,0.0,0.0,0.0,0.0
23596.0,39.526724870429945,1.2964132408829443,82.79702648296403,100.0,3.0,97.192,113.0,0.0,0.0,0.0,0.0,0.0,0.0
24943.0,41.09864722436374,1.0761370164304132,73.15389020704998,100.0,2.0,99.886,97.0,0.0,0.0,0.0,0.0,0.0,0.0
20447.0,28.12976962281273,1.1115067201114512,75.55482757589611,100.0,4.0,90.894,86.0,0.0,0.0,0.0,0.0,1.0,0.0
25920.0,48.31279164157392,1.5,78.07095240704304,100.0,2.0,101.84,117.0,0.0,1.0,0.0,0.0,0.0,0.0
21387.0,39.6500232661395,1.0879891997552746,70.69843172053321,100.0,1.0,92.774,93.0,0.0,0.0,0.0,0.0,0.0,0.0
47553.0,42.44512497402503,1.5,100.0,100.0,1.0,145.106,101.0,0.0,0.0,0.0,0.0,0.0,0.0
25246.0,25.001210594353275,1.5,93.30025030889416,100.0,3.0,100.492,87.0,0.0,0.0,1.0,0.0,0.0,0.0
21042.0,42.65699084994162,1.3538445219689672,78.77906245424616,100.0,0.0,92.084,90.0,0.0,0.0,0.0,1.0,0.0,0.0
61937.0,20.812295505509265,1.5,100.0,100.0,5.0,173.874,107.0,0.0,0.0,0.0,0.0,0.0,0.0
26634.0,28.71535017498535,1.5,80.60360385103711,100.0,2.0,103.268,108.0,0.0,0.0,0.0,0.0,0.0,0.0
30200.0,40.43229353624484,1.5,100.0,100.0,3.0,110.4,86.0,0.0,0.0,0.0,0.0,0.0,0.0
26225.0,46.25884777289951,1.5,77.81152162462465,100.0,2.0,102.45,95.0,0.0,1.0,0.0,0.0,0.0,0.0
27053.0,37.45203400044694,1.5,99.94816132327682,100.0,0.0,104.106,103.0,0.0,0.0,0.0,0.0,0.0,0.0
38720.0,33.16171175508504,1.5,100.0,100.0,2.0,127.44,99.0,0.0,0.0,0.0,0.0,0.0,0.0
13615.0,53.998877172009934,1.0333834420569503,38.167514876812966,71.89948177960794,0.0,77.23,189.0,0.0,0.0,0.0,0.0,0.0,0.0
24898.0,34.01446174419232,1.0330979050816258,86.7595899842457,100.0,2.0,99.796,107.0,0.0,0.0,0.0,0.0,0.0,0.0
11505.0,42.34217821605115,1.3464477720119463,29.6714758102231,61.1348369917824,1.0,73.01,207.0,0.0,0.0,0.0,0.0,0.0,0.0
26240.0,28.004712415280984,1.5,95.35168294230142,100.0,4.0,102.48,95.0,0.0,0.0,0.0,0.0,0.0,0.0
46306.0,32.88661842862956,1.5,100.0,100.0,0.0,142.612,86.0,0.0,0.0,0.0,0.0,0.0,0.0
43674.0,29.728536660763314,1.5,100.0,100.0,1.0,137.348,93.0,0.0,0.0,1.0,0.0,0.0,0.0
15219.0,50.991143160828834,1.3111880837298422,59.61530339402712,80.07466492278066,0.0,80.438,124.0,0.0,1.0,0.0,0.0,0.0,0.0
12735.0,30.96142562615849,1.270876486896201,48.00123852421759,58.97640517763303,0.0,75.47,188.0,0.0,0.0,0.0,0.0,0.0,1.0
53793.0,28.752851564538386,1.5,100.0,100.0,4.0,157.586,84.0,0.0,0.0,0.0,0.0,0.0,0.0
25934.0,33.73198428336778,1.5,93.45164199286482,100.0,4.0,101.868,89.0,0.0,0.0,0.0,0.0,0.0,0.0
22619.0,42.8342412324966,1.253518079211853,68.89396711092014,100.0,0.0,95.238,100.0,1.0,0.0,0.0,0.0,0.0,0.0
24775.0,52.14632754028828,1.120244233148466,77.55106449351189,100.0,1.0,99.55,108.0,1.0,0.0,0.0,0.0,0.0,1.0
21356.0,38.84377134483832,1.0198563686465274,78.70430145526143,100.0,0.0,92.712,90.0,1.0,0.0,0.0,0.0,0.0,0.0
25601.0,25.0580864981012,1.5,95.2809418960476,100.0,0.0,101.202,104.0,1.0,0.0,0.0,0.0,0.0,0.0
62262.0,45.108159431443966,1.5,100.0,100.0,2.0,174.524,91.0,1.0,0.0,0.0,0.0,0.0,0.0
19048.0,56.16424835492639,1.3818293275351898,68.2879614656753,99.30979013244313,2.0,88.096,112.0,1.0,0.0,0.0,1.0,0.0,0.0
6254.0,54.569017644237405,1.2484222218060164,27.41970255181757,31.364411466747804,0.0,62.508,191.0,1.0,0.0,0.0,0.0,0.0,0.0
56026.0,35.467119606098535,1.5,100.0,100.0,3.0,162.05200000000002,93.0,1.0,0.0,0.0,0.0,0.0,0.0
27871.0,37.8304541042465,1.5,87.98823743406182,100.0,5.0,105.742,90.0,1.0,0.0,1.0,0.0,0.0,0.0
5820.0,57.08406049334134,1.0343055911108527,25.2977991144719,26.935902739385508,1.0,61.64,205.0,1.0,0.0,0.0,0.0,1.0,0.0
8913.0,47.60612413904644,1.312173382595538,28.03152280356492,42.95094248987432,0.0,67.826,193.0,1.0,0.0,0.0,0.0,0.0,0.0
38269.0,39.06921741148781,1.5,100.0,100.0,4.0,126.538,107.0,1.0,0.0,0.0,0.0,0.0,0.0
63496.0,47.564876876332114,1.5,100.0,100.0,2.0,176.99200000000002,86.0,1.0,0.0,0.0,0.0,0.0,0.0
31548.0,27.316070522272355,1.5,100.0,100.0,0.0,113.096,102.0,1.0,0.0,0.0,0.0,0.0,0.0
26179.0,20.0,1.5,93.60541533990876,100.0,1.0,102.358,95.0,1.0,1.0,0.0,0.0,0.0,0.0
27035.0,36.9432506813427,1.5,88.89238648014927,100.0,3.0,104.07,103.0,1.0,0.0,0.0,0.0,0.0,0.0
8369.0,43.92989506921423,1.2789074039568864,37.08153602511815,43.43258807648132,0.0,66.738,192.0,1.0,0.0,1.0,0.0,0.0,0.0
37108.0,20.0,1.5,100.0,100.0,0.0,124.216,100.0,1.0,0.0,0.0,1.0,0.0,0.0
25100.0,34.56474837070769,1.5,88.20916354835907,100.0,3.0,100.2,103.0,0.0,0.0,0.0,0.0,0.0,1.0
41834.0,41.24481461595873,1.5,100.0,100.0,0.0,133.668,91.0,0.0,0.0,0.0,0.0,1.0,0.0
14759.0,40.36032504795467,1.1840208316515113,46.01907693480162,76.24337593870395,0.0,79.518,206.0,0.0,0.0,0.0,0.0,0.0,0.0
24104.0,36.924115650821605,1.0349868222572167,77.08778646532895,100.0,1.0,98.208,94.0,0.0,0.0,0.0,0.0,1.0,0.0
52233.0,30.968022816066902,1.5,100.0,100.0,1.0,154.466,124.0,0.0,0.0,0.0,0.0,0.0,0.0
47162.0,37.62950759394006,1.5,100.0,100.0,4.0,144.324,119.0,0.0,0.0,0.0,0.0,0.0,0.0
56531.0,48.27598465401413,1.5,100.0,100.0,1.0,163.062,91.0,0.0,0.0,0.0,0.0,0.0,0.0
16260.0,20.0,1.1445239703281944,62.45076998798262,82.88625221176254,0.0,82.52000000000001,118.0,0.0,0.0,0.0,1.0,0.0,0.0
26302.0,34.51098940416899,1.5,92.0469122454946,100.0,0.0,102.604,96.0,0.0,0.0,1.0,0.0,0.0,0.0
18651.0,33.755487307200895,1.3659647112327804,62.9155919161565,93.8183428660588,1.0,87.30199999999999,110.0,0.0,0.0,0.0,0.0,0.0,0.0
20191.0,56.14650497586462,1.141941901129288,61.191417715694335,96.44418871662364,1.0,90.382,80.0,0.0,0.0,0.0,0.0,0.0,1.0
25429.0,38.92121236839327,1.5,78.57891680333489,100.0,0.0,100.858,98.0,0.0,0.0,0.0,0.0,0.0,0.0
14247.0,41.99462988948024,1.3256018389269268,41.51424784616309,73.78389711646268,0.0,78.494,175.0,0.0,0.0,0.0,0.0,0.0,0.0
57838.0,28.003516168852364,1.5,100.0,100.0,1.0,165.676,100.0,0.0,0.0,0.0,0.0,0.0,1.0
65516.0,29.245061041437,1.5,100.0,100.0,4.0,181.032,112.0,0.0,0.0,1.0,0.0,0.0,0.0
18161.0,42.60772316506864,1.2134957390241812,65.64231311527074,93.09455965486066,1.0,86.322,99.0,0.0,0.0,0.0,0.0,0.0,0.0
41580.0,25.361972978542383,1.5,100.0,100.0,1.0,133.16,118.0,0.0,0.0,0.0,0.0,0.0,0.0
23847.0,54.2478820915332,1.1143688619401926,80.89829167031904,100.0,1.0,97.694,101.0,0.0,0.0,0.0,0.0,0.0,0.0
15034.0,29.23347246683073,1.3225011894767809,49.49111922299244,70.79461188352309,1.0,80.068,87.0,0.0,0.0,0.0,1.0,0.0,1.0
31106.0,31.707366740701616,1.5,100.0,100.0,1.0,112.212,109.0,0.0,0.0,0.0,0.0,0.0,0.0
24408.0,54.42216562522992,1.256172876507072,80.0674240228523,100.0,1.0,98.816,91.0,0.0,0.0,0.0,0.0,0.0,0.0
38006.0,20.0,1.5,100.0,100.0,0.0,126.012,97.0,0.0,0.0,0.0,1.0,0.0,0.0
35613.0,32.64270530714201,1.5,100.0,100.0,2.0,121.226,92.0,0.0,1.0,0.0,0.0,0.0,0.0
48260.0,35.573297479377814,1.5,100.0,100.0,2.0,146.51999999999998,110.0,0.0,0.0,0.0,0.0,0.0,0.0
10825.0,56.90871029959452,1.1614238463572395,33.37157875844638,50.74132526517844,0.0,71.65,184.0,0.0,0.0,0.0,0.0,0.0,1.0
42960.0,30.338409443094456,1.5,100.0,100.0,1.0,135.92000000000002,101.0,0.0,0.0,0.0,0.0,0.0,0.0
24203.0,35.47570761728432,1.1935089165351989,75.29781984758958,100.0,0.0,98.406,113.0,0.0,0.0,0.0,0.0,0.0,1.0
16095.0,52.21562853671352,1.2995582582046432,49.913196679601455,84.73328621311376,0.0,82.19,107.0,0.0,0.0,0.0,0.0,0.0,0.0
9020.0,52.80623413509066,1.1589296121371149,25.759442410144,42.0963585646365,0.0,68.03999999999999,241.0,0.0,0.0,0.0,0.0,0.0,0.0
50029.0,41.09220968858672,1.5,100.0,100.0,3.0,150.058,111.0,0.0,0.0,1.0,0.0,0.0,0.0
50455.0,30.343220613811766,1.5,100.0,100.0,1.0,150.91,111.0,0.0,0.0,0.0,0.0,0.0,1.0
16654.0,45.68530099115973,1.0679053760430235,52.096352628309575,84.14102494214531,0.0,83.30799999999999,104.0,0.0,1.0,0.0,0.0,0.0,0.0
38438.0,25.62967794028816,1.5,100.0,100.0,0.0,126.876,93.0,0.0,0.0,0.0,0.0,1.0,0.0
57319.0,20.0,1.5,100.0,100.0,2.0,164.638,91.0,0.0,0.0,0.0,0.0,0.0,0.0
40533.0,22.71256237144656,1.5,100.0,100.0,2.0,131.066,96.0,0.0,0.0,0.0,0.0,0.0,0.0
37074.0,37.80057640092903,1.5,100.0,100.0,6.0,124.148,111.0,0.0,1.0,0.0,0.0,0.0,0.0
18552.0,44.0847967810201,1.2644316390429824,62.711431830122805,89.03050564202657,0.0,87.104,103.0,0.0,0.0,0.0,0.0,0.0,0.0
27574.0,48.23025427373668,1.5,85.16315649566425,100.0,2.0,105.148,100.0,0.0,0.0,1.0,0.0,0.0,0.0
48279.0,27.776856436019276,1.5,100.0,100.0,1.0,146.558,118.0,0.0,0.0,0.0,0.0,0.0,1.0
18022.0,61.66691615277885,1.36448669000183,51.08734556751372,93.29116905798688,0.0,86.044,109.0,0.0,0.0,1.0,0.0,0.0,0.0
24725.0,52.06793505930607,1.185480157709148,74.59544189868329,100.0,3.0,99.45,118.0,0.0,0.0,1.0,0.0,0.0,0.0
56221.0,39.74395605447105,1.5,100.0,100.0,3.0,162.442,94.0,0.0,0.0,0.0,0.0,0.0,0.0
37267.0,28.58858762504948,1.5,100.0,100.0,2.0,124.534,92.0,0.0,0.0,0.0,0.0,0.0,0.0
37721.0,25.087198063921843,1.5,100.0,100.0,4.0,125.442,106.0,0.0,0.0,0.0,0.0,0.0,0.0
20278.0,45.58245831893833,1.215218053249728,72.54844029058168,100.0,2.0,90.556,111.0,0.0,0.0,0.0,0.0,0.0,0.0
28235.0,32.834245728585344,1.5,100.0,100.0,1.0,106.47,95.0,0.0,0.0,1.0,0.0,0.0,0.0
41167.0,45.78769757126421,1.5,100.0,100.0,1.0,132.334,109.0,0.0,0.0,0.0,0.0,0.0,0.0
20351.0,44.63790197924416,1.318095687124088,72.84901876744996,99.50208767973152,3.0,90.702,91.0,0.0,0.0,0.0,0.0,0.0,1.0
34536.0,24.689117617679152,1.5,100.0,100.0,4.0,119.072,85.0,1.0,0.0,0.0,0.0,0.0,0.0
36453.0,44.05089609370751,1.5,100.0,100.0,2.0,122.906,96.0,1.0,0.0,0.0,0.0,0.0,0.0
31269.0,43.871993535606016,1.5,100.0,100.0,1.0,112.538,113.0,1.0,1.0,0.0,0.0,0.0,0.0
41639.0,26.883986202278123,1.5,100.0,100.0,3.0,133.27800000000002,94.0,1.0,0.0,0.0,0.0,0.0,0.0
35213.0,33.90924619301094,1.5,100.0,100.0,3.0,120.426,97.0,1.0,0.0,0.0,0.0,0.0,0.0
22576.0,26.231375418916784,1.0945745381344094,80.53850268697855,100.0,4.0,95.152,90.0,1.0,0.0,0.0,0.0,0.0,0.0
23350.0,31.959654941733447,1.0991235239553263,70.53033506889665,100.0,3.0,96.7,97.0,1.0,0.0,0.0,0.0,0.0,0.0
20676.0,47.2563187461313,1.0206469501053073,70.75247612920569,100.0,0.0,91.352,110.0,1.0,0.0,0.0,1.0,0.0,0.0
33072.0,25.50461493006178,1.5,100.0,100.0,0.0,116.144,93.0,1.0,0.0,0.0,0.0,0.0,1.0
23547.0,37.70292121324806,1.2037494473630177,70.93347968110709,100.0,4.0,97.094,91.0,1.0,0.0,0.0,0.0,0.0,0.0
27229.0,34.91125756855522,1.5,92.15281304094508,100.0,2.0,104.458,89.0,1.0,1.0,0.0,0.0,0.0,0.0
6953.0,53.55851357022361,1.129541821383032,17.10963174200203,32.85435399550522,1.0,63.906,220.0,1.0,0.0,0.0,0.0,0.0,0.0
17220.0,54.94196919837157,1.2747849749313291,65.8425523735794,85.01851032439968,0.0,84.44,96.0,1.0,0.0,1.0,0.0,0.0,0.0
32045.0,33.56113983782152,1.5,100.0,100.0,1.0,114.09,114.0,1.0,0.0,0.0,0.0,1.0,0.0
43423.0,27.53651252643104,1.5,100.0,100.0,3.0,136.846,104.0,1.0,1.0,0.0,0.0,0.0,0.0
39305.0,20.612355603201603,1.5,100.0,100.0,2.0,128.61,98.0,1.0,0.0,0.0,0.0,0.0,0.0
31949.0,29.14807028849632,1.5,100.0,100.0,1.0,113.898,86.0,1.0,1.0,0.0,0.0,0.0,0.0
22997.0,36.31445561656179,1.0744126970726775,84.11451906803953,100.0,3.0,95.994,101.0,1.0,0.0,0.0,0.0,0.0,0.0
10272.0,49.32114165325074,1.331387007953161,33.37170773842628,50.956468618828765,0.0,70.544,222.0,1.0,0.0,0.0,0.0,0.0,0.0
11396.0,47.63334389154918,1.2995630573174055,40.55554406932547,52.13992021581576,0.0,72.792,199.0,0.0,0.0,0.0,0.0,0.0,0.0
26810.0,51.38286544422378,1.5,98.7573396299596,100.0,2.0,103.62,104.0,0.0,0.0,1.0,0.0,0.0,0.0
29850.0,20.961136749779683,1.5,100.0,100.0,2.0,109.7,91.0,0.0,0.0,0.0,0.0,0.0,0.0
16594.0,29.19925888282636,1.1158497831220109,61.54778079002711,81.4379421910417,2.0,83.188,92.0,0.0,0.0,0.0,0.0,0.0,0.0
43317.0,20.0,1.5,100.0,100.0,3.0,136.634,83.0,0.0,0.0,0.0,0.0,0.0,0.0
47256.0,42.49834140291314,1.5,100.0,100.0,0.0,144.512,108.0,0.0,1.0,0.0,0.0,0.0,0.0
36632.0,38.18129093980272,1.5,100.0,100.0,3.0,123.264,102.0,0.0,0.0,0.0,0.0,0.0,0.0
21478.0,44.08803352738749,1.196620507902988,69.10859566213487,100.0,0.0,92.956,113.0,0.0,0.0,0.0,0.0,0.0,0.0
30461.0,38.21478335307588,1.5,98.6428740021828,100.0,2.0,110.922,105.0,0.0,1.0,0.0,0.0,0.0,0.0
16173.0,39.514827877882816,1.3100441963861444,48.96345514829809,76.41652274309979,1.0,82.346,98.0,0.0,0.0,0.0,1.0,0.0,0.0
23139.0,24.45713426562904,1.279079478136214,74.17063043677213,100.0,3.0,96.278,109.0,0.0,0.0,1.0,0.0,0.0,0.0
32262.0,39.740839560563934,1.5,100.0,100.0,2.0,114.524,104.0,0.0,0.0,0.0,0.0,1.0,0.0
33963.0,52.13253570356002,1.5,100.0,100.0,0.0,117.926,98.0,0.0,0.0,0.0,1.0,0.0,0.0
31463.0,35.98181925513201,1.5,100.0,100.0,3.0,112.926,104.0,0.0,0.0,0.0,0.0,0.0,0.0
31225.0,20.0,1.5,94.4029844411563,100.0,2.0,112.45,106.0,0.0,0.0,0.0,1.0,0.0,0.0
25893.0,35.38412762868915,1.5,95.15653202154162,100.0,0.0,101.786,94.0,0.0,1.0,0.0,0.0,0.0,0.0
25653.0,40.61116895811993,1.5,93.80058385480766,100.0,4.0,101.306,102.0,0.0,0.0,1.0,0.0,0.0,0.0
11840.0,41.561673283581655,1.1104573247338974,34.50945664040145,54.660207937340935,0.0,73.68,218.0,0.0,0.0,0.0,1.0,0.0,0.0
23170.0,48.6764682153098,1.1010000435327596,82.94520008420038,100.0,3.0,96.34,104.0,0.0,0.0,0.0,0.0,0.0,0.0
24096.0,29.203972090774005,1.3360934991084945,71.22996611719971,100.0,1.0,98.192,86.0,0.0,0.0,0.0,0.0,1.0,0.0
23847.0,44.13367783807047,1.123346782020013,79.73750386979077,100.0,2.0,97.694,90.0,0.0,0.0,0.0,1.0,0.0,0.0
23507.0,47.44807248126972,1.1319661715649776,80.1808192637711,100.0,3.0,97.014,117.0,0.0,0.0,0.0,0.0,0.0,0.0
69272.0,37.30814502410494,1.5,100.0,100.0,2.0,188.544,101.0,0.0,0.0,0.0,0.0,0.0,0.0
23293.0,64.1156889538429,1.0386761575567856,83.7639214605698,100.0,3.0,96.586,117.0,0.0,0.0,0.0,1.0,0.0,1.0
24440.0,54.7853816157262,1.2229015527321017,83.63535136875932,100.0,1.0,98.88,106.0,0.0,0.0,0.0,0.0,0.0,0.0
15019.0,38.01410396758325,1.0202614021016885,55.33587624529471,73.01193660920158,2.0,80.038,96.0,0.0,0.0,0.0,0.0,0.0,0.0
22777.0,21.148399569841327,1.079948816825065,67.5766892729907,100.0,1.0,95.554,100.0,0.0,0.0,0.0,0.0,0.0,1.0
57938.0,20.0,1.5,100.0,100.0,1.0,165.876,117.0,0.0,0.0,0.0,0.0,0.0,0.0
30567.0,43.252551697416045,1.5,100.0,100.0,0.0,111.134,89.0,0.0,0.0,0.0,0.0,0.0,0.0
15681.0,50.731081394353765,1.098487486021225,47.44793180357429,82.80310252575855,0.0,81.362,85.0,0.0,0.0,0.0,1.0,0.0,0.0
19121.0,46.64598049646897,1.0715141132056418,64.16314175870558,97.57276454708366,0.0,88.24199999999999,93.0,0.0,0.0,0.0,0.0,0.0,0.0
56247.0,32.87764695136018,1.5,100.0,100.0,0.0,162.494,99.0,0.0,0.0,1.0,0.0,0.0,0.0
38016.0,29.051942327101173,1.5,100.0,100.0,1.0,126.032,89.0,0.0,0.0,1.0,0.0,0.0,0.0
28355.0,50.48894608272083,1.5,98.52765452417762,100.0,2.0,106.71,102.0,0.0,0.0,0.0,0.0,0.0,0.0
27567.0,31.43577832193188,1.5,96.11996317426984,100.0,1.0,105.134,85.0,0.0,0.0,0.0,1.0,0.0,0.0
31999.0,36.83716642695766,1.5,98.00116754936616,100.0,3.0,113.998,85.0,0.0,0.0,0.0,0.0,0.0,0.0
17136.0,36.69274857274897,1.0477672426403954,56.71188890721516,83.4271970861394,0.0,84.27199999999999,104.0,0.0,0.0,1.0,0.0,0.0,0.0
48026.0,39.89928607066819,1.5,100.0,100.0,2.0,146.05200000000002,97.0,0.0,0.0,0.0,0.0,0.0,0.0
44737.0,52.13339554274535,1.5,100.0,100.0,0.0,139.474,119.0,0.0,0.0,1.0,0.0,0.0,0.0
47167.0,20.0,1.5,100.0,100.0,2.0,144.334,111.0,0.0,0.0,1.0,0.0,0.0,0.0
40356.0,23.71137022288117,1.5,100.0,100.0,1.0,130.712,94.0,0.0,0.0,0.0,1.0,0.0,1.0
38464.0,42.56672619137056,1.5,100.0,100.0,3.0,126.928,104.0,0.0,1.0,0.0,0.0,0.0,0.0
9654.0,47.61838967264731,1.223753486599745,34.08964869029479,48.65484747934319,0.0,69.30799999999999,186.0,0.0,0.0,0.0,0.0,0.0,0.0
20584.0,41.78493205422648,1.179507914908874,70.07246451531451,100.0,3.0,91.168,98.0,0.0,1.0,0.0,0.0,0.0,0.0
26195.0,34.64701880255373,1.5,78.84204630339691,100.0,0.0,102.39,98.0,0.0,0.0,0.0,1.0,0.0,0.0
36207.0,29.59733750780074,1.5,100.0,100.0,4.0,122.414,100.0,1.0,0.0,0.0,1.0,0.0,0.0
22483.0,51.89197459472948,1.301652590317968,72.80961333299322,100.0,0.0,94.966,100.0,1.0,0.0,0.0,1.0,0.0,0.0
27932.0,35.82519104207983,1.5,94.81917048536546,100.0,1.0,105.864,99.0,1.0,0.0,1.0,0.0,0.0,0.0
43232.0,20.608033004454843,1.5,100.0,100.0,2.0,136.464,107.0,1.0,0.0,0.0,0.0,0.0,1.0
45989.0,46.31463820797187,1.5,100.0,100.0,1.0,141.978,99.0,1.0,0.0,0.0,0.0,0.0,0.0
38192.0,33.03930513048664,1.5,100.0,100.0,3.0,126.384,97.0,1.0,0.0,0.0,0.0,0.0,0.0
26280.0,51.59787091423364,1.5,94.8341342083703,100.0,1.0,102.56,85.0,1.0,0.0,0.0,0.0,0.0,0.0
24548.0,47.63823327087623,1.2991710148257265,78.2898507353382,100.0,2.0,99.096,88.0,1.0,0.0,0.0,0.0,0.0,0.0
17382.0,53.62987455315656,1.3521248786999267,61.16456798886841,90.61278393296796,0.0,84.76400000000001,98.0,1.0,1.0,0.0,0.0,0.0,1.0
38879.0,42.298264345456616,1.5,100.0,100.0,2.0,127.758,98.0,1.0,0.0,0.0,0.0,0.0,0.0
12114.0,44.76140170599823,1.3476274069122904,32.02860553893331,65.04328563628619,0.0,74.22800000000001,201.0,1.0,0.0,0.0,0.0,0.0,0.0
33062.0,35.97145876479578,1.5,100.0,100.0,3.0,116.124,97.0,1.0,0.0,1.0,0.0,0.0,1.0
24928.0,25.32693677477405,1.280165206525521,92.13286175335976,100.0,1.0,99.856,102.0,1.0,0.0,0.0,0.0,0.0,0.0
13799.0,56.24417468146664,1.143141572560006,44.10765414312468,67.49087561491714,2.0,77.598,203.0,1.0,0.0,0.0,0.0,0.0,0.0
37558.0,29.1505607002578,1.5,100.0,100.0,1.0,125.116,100.0,1.0,0.0,0.0,0.0,0.0,0.0
19289.0,52.06668546891003,1.2266945020124016,57.31157575885642,100.0,2.0,88.578,92.0,1.0,0.0,0.0,0.0,0.0,0.0
20643.0,42.316231024370346,1.2233912269862308,71.26208106202553,100.0,1.0,91.286,98.0,1.0,0.0,0.0,0.0,0.0,0.0
38799.0,33.12988257481341,1.5,100.0,100.0,0.0,127.598,95.0,1.0,1.0,0.0,0.0,0.0,0.0
36860.0,37.43876182934015,1.5,100.0,100.0,2.0,123.72,98.0,1.0,0.0,0.0,0.0,0.0,1.0
36858.0,33.4547527006725,1.5,100.0,100.0,2.0,123.716,94.0,1.0,0.0,0.0,0.0,0.0,0.0
33412.0,39.611888582411176,1.5,100.0,100.0,2.0,116.824,123.0,0.0,0.0,0.0,0.0,0.0,0.0
34449.0,43.37868387473215,1.5,100.0,100.0,2.0,118.898,127.0,0.0,1.0,0.0,0.0,0.0,0.0
20048.0,48.099509788444216,1.3039551528454152,75.38698956339536,100.0,4.0,90.096,103.0,0.0,0.0,0.0,1.0,0.0,0.0
43030.0,28.86597273929007,1.5,100.0,100.0,2.0,136.06,110.0,0.0,0.0,0.0,0.0,0.0,0.0
28516.0,32.402065259180745,1.5,88.16566085235671,100.0,1.0,107.032,102.0,0.0,0.0,0.0,0.0,0.0,0.0
23081.0,41.4990333332095,1.1969871343505496,75.28130384398423,100.0,2.0,96.162,98.0,0.0,0.0,0.0,0.0,0.0,1.0
18032.0,49.76973169252579,1.3031940125618189,56.652959690057365,90.48860705934857,0.0,86.064,97.0,0.0,0.0,0.0,0.0,0.0,0.0
34826.0,20.0,1.5,100.0,100.0,3.0,119.652,88.0,0.0,0.0,1.0,0.0,0.0,0.0
10744.0,46.72469932188668,1.2511280563104688,26.468248423800283,54.68413807215963,1.0,71.488,188.0,0.0,0.0,0.0,1.0,0.0,0.0
25942.0,48.03446300105805,1.5,77.76660733778301,100.0,2.0,101.884,98.0,0.0,0.0,0.0,0.0,0.0,0.0
36903.0,39.2708327478504,1.5,100.0,100.0,3.0,123.806,79.0,0.0,0.0,0.0,0.0,0.0,0.0
43889.0,24.479157327652658,1.5,100.0,100.0,0.0,137.77800000000002,95.0,0.0,0.0,1.0,0.0,0.0,1.0
21212.0,50.76029258573651,1.1580100329081748,61.14259603132227,100.0,0.0,92.424,106.0,0.0,0.0,0.0,0.0,0.0,0.0
44963.0,28.886060694841383,1.5,100.0,100.0,0.0,139.926,133.0,0.0,1.0,0.0,0.0,0.0,0.0
50186.0,29.652092461689406,1.5,100.0,100.0,2.0,150.372,117.0,0.0,0.0,1.0,0.0,0.0,0.0
23590.0,58.9744290710868,1.2299658155652455,82.76786018775265,100.0,0.0,97.18,95.0,0.0,0.0,0.0,0.0,0.0,0.0
26795.0,52.27875179777506,1.5,97.96268331610992,100.0,4.0,103.59,86.0,0.0,0.0,0.0,0.0,0.0,0.0
28803.0,35.513086196571926,1.5,94.02445316491844,100.0,2.0,107.606,83.0,0.0,1.0,0.0,0.0,0.0,0.0
47849.0,37.02959975351092,1.5,100.0,100.0,6.0,145.69799999999998,99.0,0.0,0.0,0.0,0.0,0.0,0.0
12429.0,35.407730254170644,1.1176598925988266,34.8240758302322,58.92935965087186,0.0,74.858,208.0,0.0,1.0,0.0,0.0,0.0,0.0
25308.0,21.54952127868841,1.5,87.73699409210802,100.0,4.0,100.616,96.0,0.0,0.0,0.0,0.0,0.0,0.0
22268.0,54.16395784827442,1.3729026791848555,68.49293658437088,100.0,0.0,94.536,102.0,0.0,0.0,0.0,0.0,0.0,1.0
31821.0,30.06032899169356,1.5,100.0,100.0,2.0,113.642,93.0,0.0,0.0,0.0,1.0,0.0,0.0
42451.0,47.38546610028283,1.5,100.0,100.0,2.0,134.902,91.0,0.0,0.0,0.0,0.0,0.0,0.0
40664.0,41.96481309841434,1.5,100.0,100.0,2.0,131.328,105.0,0.0,0.0,0.0,0.0,0.0,0.0
17163.0,46.96096940228736,1.3330695228348803,66.07917934528226,90.46287005170012,0.0,84.326,114.0,0.0,0.0,0.0,0.0,0.0,0.0
33919.0,48.65142966601261,1.5,100.0,100.0,5.0,117.838,94.0,0.0,0.0,1.0,0.0,0.0,0.0
17365.0,51.28425424800066,1.346581540007771,67.23623765617711,90.742866212925,0.0,84.72999999999999,79.0,0.0,0.0,0.0,0.0,0.0,0.0
46145.0,52.3017205577164,1.5,100.0,100.0,7.0,142.29000000000002,86.0,0.0,0.0,0.0,0.0,0.0,0.0
23405.0,51.06662723626864,1.1307689513232155,83.5538976005684,100.0,3.0,96.81,108.0,0.0,0.0,0.0,0.0,0.0,0.0
21609.0,37.012151443136325,1.3166809046453158,72.23964122229329,100.0,2.0,93.218,95.0,0.0,0.0,0.0,0.0,0.0,0.0
15144.0,40.31599945259328,1.3935521443855992,52.37460518309226,78.34693164853196,1.0,80.288,118.0,0.0,0.0,0.0,0.0,0.0,1.0
54560.0,20.0,1.5,100.0,100.0,3.0,159.12,115.0,0.0,0.0,0.0,0.0,0.0,0.0
13930.0,59.40518699642716,1.3707565434307425,49.24860600222951,71.11443872554742,0.0,77.86,201.0,0.0,0.0,0.0,0.0,0.0,0.0
51478.0,35.29510092376697,1.5,100.0,100.0,0.0,152.95600000000002,115.0,0.0,0.0,0.0,0.0,0.0,0.0
24979.0,39.63643120401728,1.0710191076160491,89.38860678163306,100.0,1.0,99.958,96.0,0.0,0.0,0.0,0.0,0.0,0.0
9491.0,41.91154443170974,1.0676298002391056,41.577425802298805,50.51192566071367,0.0,68.982,203.0,0.0,0.0,0.0,0.0,0.0,0.0
44656.0,47.49990960702669,1.5,100.0,100.0,2.0,139.312,96.0,0.0,0.0,0.0,0.0,0.0,0.0
27541.0,40.0178045878036,1.5,89.00253501308403,100.0,4.0,105.082,103.0,0.0,0.0,1.0,0.0,0.0,0.0
19645.0,63.342984482070975,1.3483160429058216,63.95721962454877,99.0595268953316,0.0,89.28999999999999,93.0,0.0,0.0,0.0,0.0,0.0,0.0
13856.0,49.60466504481178,1.1614930798489476,41.54137976346632,69.40447159107468,0.0,77.712,180.0,0.0,0.0,0.0,0.0,0.0,0.0
40586.0,40.54567348312655,1.5,100.0,100.0,2.0,131.172,106.0,0.0,0.0,0.0,0.0,1.0,0.0
22156.0,43.40081501296781,1.1616299787517783,79.3502897570659,100.0,1.0,94.312,100.0,0.0,0.0,0.0,0.0,0.0,0.0
17150.0,71.52242334527784,1.2150817815914652,64.03711408954595,83.91869924640231,0.0,84.3,107.0,0.0,0.0,1.0,0.0,0.0,0.0
60411.0,24.439648157351947,1.5,100.0,100.0,5.0,170.822,104.0,0.0,0.0,0.0,0.0,0.0,1.0
24435.0,40.64460805865986,1.119190322976946,85.20316278205935,100.0,0.0,98.87,109.0,0.0,0.0,0.0,0.0,0.0,0.0
37895.0,20.0,1.5,100.0,100.0,2.0,125.79,93.0,0.0,0.0,0.0,0.0,0.0,0.0
49065.0,36.54245034924181,1.5,100.0,100.0,4.0,148.13,105.0,0.0,0.0,0.0,0.0,0.0,1.0
30047.0,21.743088375738107,1.5,98.93397950466375,100.0,2.0,110.094,93.0,0.0,0.0,0.0,0.0,0.0,0.0
22423.0,44.52090411305787,1.040255556768792,78.28746103740355,100.0,2.0,94.846,92.0,0.0,0.0,0.0,0.0,0.0,0.0
22356.0,37.21108694689293,1.3316934672479526,84.22040744385619,100.0,0.0,94.712,104.0,1.0,0.0,0.0,1.0,0.0,1.0
37441.0,51.91476429212027,1.5,100.0,100.0,0.0,124.882,95.0,1.0,0.0,0.0,0.0,0.0,0.0
29764.0,25.61025379546409,1.5,100.0,100.0,1.0,109.528,115.0,1.0,0.0,0.0,0.0,0.0,0.0
56662.0,35.42479972717485,1.5,100.0,100.0,3.0,163.324,98.0,1.0,0.0,0.0,0.0,0.0,0.0
7977.0,37.08991178656523,1.0974845103238595,26.397761164132085,39.474733342381626,0.0,65.95400000000001,191.0,1.0,0.0,0.0,0.0,0.0,0.0
28665.0,51.54175123377259,1.5,93.37501963258671,100.0,1.0,107.33,86.0,1.0,0.0,0.0,0.0,0.0,0.0
28371.0,49.05063633966067,1.5,100.0,100.0,1.0,106.742,77.0,1.0,0.0,0.0,0.0,0.0,0.0
26786.0,20.0,1.5,94.73838526667669,100.0,4.0,103.572,95.0,1.0,0.0,0.0,0.0,0.0,0.0
23985.0,43.87671606147808,1.0989131259051892,74.34427507786151,100.0,5.0,97.97,108.0,1.0,0.0,0.0,0.0,0.0,0.0
29203.0,35.759471360613155,1.5,92.29470733196626,100.0,3.0,108.406,106.0,1.0,0.0,1.0,0.0,0.0,0.0
18345.0,60.67595326127402,1.0279888688865064,53.87899507990873,92.69613505097428,0.0,86.69,94.0,1.0,0.0,0.0,0.0,0.0,0.0
12335.0,45.41671853941823,1.1089428951673328,44.77453781000017,58.39757542902683,0.0,74.67,188.0,1.0,0.0,0.0,0.0,0.0,0.0
48733.0,44.06694852458222,1.5,100.0,100.0,2.0,147.466,90.0,1.0,0.0,1.0,0.0,0.0,0.0
47365.0,23.22016176651416,1.5,100.0,100.0,0.0,144.73000000000002,88.0,1.0,0.0,1.0,0.0,0.0,0.0
25987.0,42.70653716567502,1.5,96.60658557639056,100.0,0.0,101.974,85.0,1.0,0.0,0.0,0.0,0.0,0.0
36230.0,35.663397090694374,1.5,100.0,100.0,2.0,122.46,101.0,1.0,0.0,0.0,0.0,0.0,0.0
52720.0,38.507212852395696,1.5,100.0,100.0,3.0,155.44,111.0,1.0,0.0,0.0,0.0,0.0,0.0
31334.0,54.66870787025279,1.5,100.0,100.0,2.0,112.668,115.0,1.0,0.0,0.0,0.0,1.0,1.0
37610.0,38.16280428589269,1.5,100.0,100.0,0.0,125.22,111.0,1.0,0.0,0.0,1.0,0.0,0.0
23740.0,25.33814904352312,1.3889329548514275,84.33081990424974,100.0,2.0,97.48,102.0,1.0,0.0,1.0,0.0,0.0,0.0
29338.0,44.85273181025923,1.5,88.04147612188322,100.0,4.0,108.676,106.0,1.0,0.0,0.0,0.0,0.0,0.0
54941.0,20.0,1.5,100.0,100.0,2.0,159.882,101.0,0.0,0.0,0.0,0.0,0.0,0.0
45103.0,45.26416175993122,1.5,100.0,100.0,1.0,140.20600000000002,95.0,0.0,1.0,0.0,0.0,0.0,0.0
8569.0,47.69886027796389,1.3190068180413757,31.01265539458572,47.620704405516,0.0,67.138,203.0,0.0,0.0,0.0,0.0,0.0,0.0
13324.0,46.93849349149304,1.3133516521232684,45.661289478106376,63.6423601835228,3.0,76.648,215.0,0.0,1.0,0.0,0.0,0.0,0.0
41901.0,23.08993927622313,1.5,100.0,100.0,4.0,133.80200000000002,93.0,0.0,0.0,1.0,0.0,0.0,0.0
60280.0,42.21824992173224,1.5,100.0,100.0,2.0,170.56,96.0,0.0,0.0,0.0,1.0,0.0,0.0
23612.0,45.546599711347554,1.1478821758238522,70.88170198765948,100.0,3.0,97.224,81.0,0.0,0.0,0.0,0.0,0.0,0.0
23137.0,48.49634257735314,1.194203902712781,77.50459462126472,100.0,0.0,96.274,91.0,0.0,0.0,0.0,0.0,0.0,1.0
41162.0,55.03419661981568,1.5,100.0,100.0,4.0,132.324,112.0,0.0,1.0,0.0,0.0,0.0,0.0
38320.0,30.41157693652592,1.5,100.0,100.0,2.0,126.64,113.0,0.0,0.0,0.0,1.0,0.0,0.0
31627.0,42.59841591025102,1.5,100.0,100.0,2.0,113.254,115.0,0.0,0.0,0.0,1.0,0.0,0.0
13099.0,43.14931075526072,1.3344536868337502,45.73671708399642,62.06158410022285,0.0,76.19800000000001,222.0,0.0,0.0,0.0,0.0,0.0,0.0
25452.0,20.0,1.5,79.56433926247465,100.0,2.0,100.904,83.0,0.0,0.0,0.0,1.0,0.0,0.0
30939.0,30.35010984335853,1.5,93.19102531522154,100.0,0.0,111.878,86.0,0.0,0.0,1.0,0.0,0.0,0.0
27515.0,44.88884946228592,1.5,92.3291229312138,100.0,2.0,105.03,96.0,0.0,0.0,0.0,0.0,1.0,0.0
55839.0,42.58190463144616,1.5,100.0,100.0,1.0,161.678,81.0,0.0,1.0,0.0,0.0,0.0,0.0
14072.0,51.17510492765394,1.1791454814922369,47.8361085209504,67.63380723575938,1.0,78.144,208.0,0.0,0.0,0.0,0.0,0.0,1.0
19807.0,39.92473568511924,1.0229176081179492,58.58511210858075,97.06399182759668,0.0,89.614,85.0,0.0,0.0,0.0,0.0,0.0,0.0
37349.0,30.93000017313568,1.5,100.0,100.0,2.0,124.698,93.0,0.0,1.0,0.0,0.0,0.0,0.0
47359.0,41.373858367075485,1.5,100.0,100.0,1.0,144.71800000000002,102.0,0.0,0.0,0.0,0.0,0.0,0.0
10943.0,40.97210178631479,1.2898504608631889,34.77572280921462,56.75959447091852,0.0,71.886,180.0,0.0,0.0,0.0,0.0,0.0,0.0
6785.0,29.755004188133505,1.308850507610524,22.28752373279631,32.75456288817957,1.0,63.57,199.0,0.0,0.0,0.0,0.0,0.0,0.0
12201.0,26.71272401053055,1.3925875946722273,33.220669731459694,60.84327098671042,0.0,74.402,193.0,0.0,0.0,0.0,0.0,0.0,0.0
29956.0,49.01030628051153,1.5,100.0,100.0,0.0,109.912,91.0,0.0,0.0,0.0,0.0,0.0,0.0
19496.0,44.48294836404305,1.3277645864515089,64.20217087490371,98.52600542456896,3.0,88.99199999999999,95.0,0.0,0.0,1.0,0.0,0.0,0.0
25970.0,43.88271211695033,1.5,94.35468248847832,100.0,3.0,101.94,101.0,0.0,1.0,0.0,0.0,0.0,0.0
45828.0,49.8882340655251,1.5,100.0,100.0,1.0,141.656,98.0,0.0,0.0,0.0,1.0,0.0,0.0
21024.0,30.681853027745625,1.1298902490025735,72.37624777679962,100.0,1.0,92.048,101.0,0.0,0.0,0.0,0.0,0.0,1.0
19911.0,21.46767172713195,1.303064517895178,73.1621896698508,100.0,1.0,89.822,110.0,0.0,0.0,0.0,0.0,0.0,0.0
38595.0,47.653426286639785,1.5,100.0,100.0,2.0,127.19,93.0,0.0,0.0,0.0,0.0,0.0,0.0
20235.0,51.79484533993328,1.1690020719760534,68.72599337158016,96.23211553180305,1.0,90.47,95.0,0.0,0.0,1.0,0.0,0.0,0.0
35900.0,39.9182871762328,1.5,100.0,100.0,0.0,121.8,100.0,0.0,0.0,0.0,1.0,0.0,0.0
21996.0,29.56114720517668,1.241018655872095,65.85615964112735,100.0,0.0,93.992,107.0,0.0,1.0,0.0,0.0,0.0,0.0
52196.0,21.293907219442104,1.5,100.0,100.0,3.0,154.392,100.0,0.0,1.0,0.0,0.0,0.0,0.0
40287.0,42.8329138781036,1.5,100.0,100.0,1.0,130.574,95.0,0.0,1.0,0.0,0.0,0.0,0.0
24541.0,55.90869389474334,1.2109125560159208,72.71510662388269,100.0,2.0,99.082,108.0,0.0,0.0,0.0,1.0,0.0,0.0
25830.0,34.49684154404264,1.5,93.39379974962412,100.0,4.0,101.66,112.0,0.0,0.0,0.0,0.0,0.0,0.0
12458.0,42.669423571608654,1.2069637208062427,31.61505284464527,59.99449888567152,1.0,74.916,203.0,0.0,0.0,0.0,0.0,0.0,0.0
15956.0,47.578834697848194,1.072662762335151,58.55110714003761,75.26902177438437,0.0,81.912,102.0,0.0,0.0,0.0,0.0,0.0,0.0
45120.0,44.076102005735535,1.5,100.0,100.0,2.0,140.24,107.0,0.0,0.0,0.0,0.0,0.0,0.0
21473.0,35.48763442238827,1.1424243458879544,75.86210255382058,100.0,3.0,92.946,119.0,0.0,0.0,0.0,0.0,1.0,0.0
21876.0,33.50781850522088,1.196028020859281,68.82101608821662,100.0,0.0,93.752,97.0,0.0,0.0,1.0,0.0,0.0,0.0
25327.0,25.5337324744306,1.5,82.54397461241055,100.0,3.0,100.654,97.0,0.0,0.0,0.0,0.0,0.0,0.0
15092.0,39.06545076873898,1.338513391522064,41.1862228908458,75.53206934110115,1.0,80.184,103.0,0.0,0.0,0.0,0.0,0.0,1.0
46639.0,25.78076792084688,1.5,100.0,100.0,1.0,143.27800000000002,97.0,0.0,0.0,0.0,1.0,0.0,0.0
25016.0,38.83095028377645,1.5,83.64485008755025,100.0,5.0,100.032,87.0,0.0,0.0,0.0,0.0,0.0,0.0
11758.0,50.07884901462535,1.1336509748709898,32.08303137160053,59.15119626961004,1.0,73.51599999999999,221.0,0.0,0.0,0.0,0.0,0.0,0.0
15962.0,31.106575795148476,1.1318116173602777,58.59026100100088,76.52723733961719,2.0,81.924,94.0,0.0,0.0,0.0,1.0,0.0,0.0
31519.0,37.52818904941981,1.5,100.0,100.0,1.0,113.038,99.0,0.0,1.0,0.0,0.0,0.0,0.0
18823.0,55.09743885739631,1.2911649432644392,57.023205616594375,94.8773263765388,1.0,87.646,114.0,0.0,0.0,1.0,0.0,0.0,0.0
46732.0,20.43956169383493,1.5,100.0,100.0,5.0,143.464,80.0,1.0,0.0,0.0,0.0,0.0,0.0
33279.0,55.41638216633552,1.5,100.0,100.0,1.0,116.558,93.0,1.0,0.0,1.0,0.0,0.0,0.0
25917.0,34.35937422859741,1.5,91.59269209391783,100.0,3.0,101.834,107.0,1.0,1.0,0.0,0.0,0.0,0.0
19129.0,36.06120184892818,1.0238547458815936,60.43108252867236,100.0,0.0,88.25800000000001,93.0,1.0,0.0,0.0,0.0,0.0,0.0
18711.0,45.848324256569214,1.2419269529218735,58.91203523349672,96.7290411123013,0.0,87.422,88.0,1.0,0.0,0.0,0.0,0.0,0.0
23353.0,33.72123235691099,1.024095399911192,86.97984453182141,100.0,1.0,96.706,103.0,1.0,0.0,0.0,0.0,0.0,1.0
24960.0,45.98539154278229,1.2868405777464782,74.6160915185718,100.0,1.0,99.92,99.0,1.0,0.0,0.0,0.0,0.0,0.0
24558.0,34.21380987870465,1.1761264300440264,76.37053304825253,100.0,4.0,99.116,76.0,1.0,0.0,0.0,0.0,0.0,0.0
22553.0,45.288464693195294,1.2316469857953605,69.8167183426809,100.0,0.0,95.106,97.0,1.0,1.0,0.0,0.0,0.0,0.0
59327.0,34.70479139359501,1.5,100.0,100.0,0.0,168.654,97.0,1.0,0.0,0.0,0.0,1.0,0.0
46238.0,45.35493308697269,1.5,100.0,100.0,4.0,142.476,104.0,1.0,0.0,0.0,0.0,0.0,0.0
6092.0,41.69889690369058,1.389344821073675,25.73411170946172,28.00409260040497,0.0,62.184,189.0,1.0,0.0,0.0,0.0,0.0,0.0
8021.0,67.03751798496748,1.3822278755337505,22.00459830828012,36.02391243270509,0.0,66.042,219.0,1.0,1.0,0.0,0.0,0.0,0.0
48572.0,38.59659101991621,1.5,100.0,100.0,1.0,147.144,95.0,1.0,1.0,0.0,0.0,0.0,0.0
18571.0,33.90039282193784,1.0343049052670217,56.05735207116979,93.30876495813608,0.0,87.142,94.0,1.0,0.0,0.0,0.0,0.0,0.0
22958.0,38.11082535114254,1.243081842987084,81.43347550100202,100.0,4.0,95.916,102.0,1.0,0.0,1.0,0.0,0.0,1.0
10481.0,30.366476885637827,1.019138799496683,24.95196199311663,53.79862673132408,0.0,70.962,175.0,1.0,0.0,0.0,0.0,0.0,0.0
34255.0,28.862453565007385,1.5,100.0,100.0,4.0,118.51,112.0,0.0,1.0,0.0,0.0,0.0,0.0
48231.0,43.19203518220634,1.5,100.0,100.0,2.0,146.462,109.0,0.0,1.0,0.0,0.0,0.0,0.0
25226.0,21.86668780362318,1.5,86.91408369542204,100.0,3.0,100.452,101.0,0.0,0.0,1.0,0.0,0.0,0.0
48806.0,21.032336507264464,1.5,100.0,100.0,2.0,147.612,94.0,0.0,0.0,0.0,0.0,0.0,0.0
10764.0,44.07164974403683,1.2742743757107626,40.874021591467226,52.27430005301891,0.0,71.52799999999999,201.0,0.0,1.0,0.0,0.0,0.0,0.0
22556.0,52.778883761949054,1.1046006900048353,69.61521105035182,100.0,0.0,95.112,81.0,0.0,0.0,0.0,0.0,0.0,0.0
41224.0,30.572433824776645,1.5,100.0,100.0,2.0,132.44799999999998,117.0,0.0,0.0,0.0,0.0,0.0,1.0
25049.0,41.14919686557977,1.5,88.68730208756509,100.0,2.0,100.098,84.0,0.0,0.0,0.0,0.0,0.0,0.0
27007.0,40.20229119191117,1.5,87.44450387354831,100.0,4.0,104.014,104.0,0.0,0.0,0.0,0.0,0.0,0.0
21700.0,40.462691343437605,1.260854454464246,77.79622235958684,100.0,1.0,93.4,99.0,0.0,0.0,0.0,0.0,0.0,0.0
32251.0,40.09161042841708,1.5,100.0,100.0,3.0,114.502,91.0,0.0,0.0,1.0,0.0,0.0,0.0
29255.0,27.62887916658905,1.5,90.1820741775679,100.0,1.0,108.51,111.0,0.0,0.0,0.0,1.0,0.0,0.0
32452.0,41.73325108451783,1.5,100.0,100.0,1.0,114.904,97.0,0.0,0.0,0.0,0.0,0.0,0.0
33967.0,35.22686438484168,1.5,100.0,100.0,2.0,117.934,116.0,0.0,0.0,1.0,0.0,0.0,0.0
21197.0,32.695160290746,1.0159630852418806,70.06905907987637,100.0,0.0,92.394,113.0,0.0,0.0,0.0,0.0,0.0,0.0
26064.0,35.48103148200129,1.5,85.26663874655286,100.0,3.0,102.128,104.0,0.0,0.0,0.0,0.0,0.0,1.0
38262.0,24.5014231950496,1.5,100.0,100.0,3.0,126.524,106.0,0.0,0.0,0.0,0.0,0.0,0.0
31998.0,25.80067398804291,1.5,100.0,100.0,1.0,113.996,104.0,0.0,1.0,0.0,0.0,0.0,0.0
23372.0,44.90140450856325,1.3235699600093596,82.48554050827771,100.0,1.0,96.744,88.0,0.0,0.0,0.0,0.0,0.0,0.0
11230.0,54.77845818996289,1.3548820886094322,31.132705215828626,57.00505755348744,0.0,72.46000000000001,208.0,0.0,0.0,1.0,0.0,0.0,0.0
11757.0,52.04015402666774,1.1192930110181307,37.52091446690336,57.88071580197354,0.0,73.514,196.0,0.0,0.0,0.0,0.0,0.0,0.0
28421.0,50.40628004731604,1.5,96.50311007466448,100.0,3.0,106.842,82.0,0.0,1.0,0.0,0.0,0.0,0.0
14713.0,58.20423022977228,1.078077532925328,44.10343745953094,73.43198137882447,2.0,79.426,200.0,0.0,0.0,0.0,0.0,0.0,0.0
25871.0,34.1094819300828,1.5,91.04176894242622,100.0,3.0,101.742,101.0,0.0,0.0,0.0,0.0,0.0,0.0
25715.0,44.817433412314976,1.5,95.50381210927448,100.0,1.0,101.43,93.0,0.0,0.0,0.0,0.0,1.0,1.0
30613.0,42.60654740106895,1.5,100.0,100.0,4.0,111.226,95.0,0.0,0.0,0.0,0.0,0.0,0.0
21682.0,41.58071221636342,1.376679169368202,80.00707119670123,100.0,2.0,93.364,97.0,0.0,0.0,0.0,0.0,0.0,0.0
17739.0,65.02583305529936,1.2666697011375332,68.59812584093339,84.22213726723493,0.0,85.47800000000001,99.0,0.0,0.0,0.0,0.0,0.0,1.0
37446.0,20.0,1.5,100.0,100.0,0.0,124.892,115.0,0.0,0.0,0.0,0.0,0.0,0.0
52281.0,44.0605595834519,1.5,100.0,100.0,4.0,154.562,103.0,0.0,0.0,0.0,1.0,0.0,1.0
48792.0,39.27831342999019,1.5,100.0,100.0,1.0,147.584,92.0,0.0,1.0,0.0,0.0,0.0,0.0
13619.0,41.88109051536305,1.278176067463684,43.29103831769137,64.66750923451872,1.0,77.238,210.0,0.0,0.0,0.0,0.0,1.0,1.0
17315.0,38.84133522154544,1.1988939892847694,56.65533172080069,86.18085225067401,1.0,84.63,105.0,0.0,0.0,0.0,0.0,0.0,0.0
24190.0,46.43882373495315,1.0707403208197463,71.8822424191234,100.0,0.0,98.38,100.0,0.0,1.0,0.0,0.0,0.0,0.0
11503.0,22.436463694926832,1.05766244419451,37.85380233525304,55.54849235980974,1.0,73.006,199.0,0.0,0.0,0.0,0.0,0.0,0.0
17243.0,61.57996917927676,1.162699331679982,60.66107195218824,88.49100825258829,1.0,84.48599999999999,88.0,0.0,0.0,0.0,0.0,0.0,0.0
27294.0,34.91024725776996,1.5,88.71389370432269,100.0,2.0,104.588,93.0,0.0,0.0,1.0,0.0,0.0,0.0
28120.0,20.0,1.5,95.70799558034074,100.0,1.0,106.24,72.0,0.0,0.0,1.0,0.0,0.0,0.0
16542.0,54.29790961431646,1.1744365614506904,58.685388547510456,78.7229591380279,0.0,83.084,101.0,0.0,0.0,0.0,0.0,1.0,0.0
23626.0,53.51270564083275,1.3173987032548835,72.81189653068381,100.0,0.0,97.252,93.0,0.0,0.0,1.0,0.0,0.0,0.0
37606.0,20.0,1.5,100.0,100.0,2.0,125.212,93.0,0.0,0.0,0.0,0.0,0.0,0.0
29904.0,49.409826473779,1.5,90.34418826066327,100.0,2.0,109.808,130.0,0.0,0.0,0.0,0.0,0.0,0.0
46053.0,44.33339189962921,1.5,100.0,100.0,5.0,142.106,105.0,0.0,1.0,0.0,0.0,0.0,0.0
5523.0,58.57570922599821,1.1862302359958514,27.086345204381825,28.51420717944885,1.0,61.046,214.0,0.0,0.0,0.0,0.0,1.0,0.0
37205.0,33.827758361108465,1.5,100.0,100.0,3.0,124.41,104.0,0.0,0.0,0.0,0.0,0.0,0.0
53978.0,20.0,1.5,100.0,100.0,3.0,157.95600000000002,91.0,0.0,0.0,1.0,0.0,0.0,0.0
31819.0,37.92945488980671,1.5,100.0,100.0,2.0,113.638,102.0,0.0,0.0,0.0,0.0,0.0,0.0
28404.0,27.788812031095052,1.5,88.56891353297644,100.0,5.0,106.808,99.0,0.0,0.0,0.0,1.0,0.0,0.0
27928.0,50.27589195953661,1.5,100.0,100.0,1.0,105.856,101.0,0.0,0.0,0.0,0.0,0.0,1.0
24442.0,49.902997330464586,1.2592635623455777,84.61329963644626,100.0,2.0,98.884,90.0,1.0,0.0,1.0,0.0,0.0,0.0
21402.0,46.79131888376848,1.025581844864374,75.63656930756581,100.0,4.0,92.804,83.0,1.0,0.0,0.0,0.0,1.0,0.0
15759.0,37.51331376515575,1.2401411524230328,58.47206646223532,74.31060986177644,0.0,81.518,93.0,1.0,0.0,1.0,0.0,0.0,0.0
17095.0,51.32259193396795,1.249590369721526,52.83233436480106,89.82286605260418,0.0,84.19,92.0,1.0,0.0,0.0,0.0,0.0,1.0
29246.0,21.658030090802967,1.5,99.16058039148126,100.0,1.0,108.492,93.0,1.0,0.0,0.0,1.0,0.0,0.0
42539.0,31.77478546558901,1.5,100.0,100.0,2.0,135.078,109.0,1.0,0.0,0.0,0.0,0.0,0.0
38284.0,45.43095681354111,1.5,100.0,100.0,5.0,126.568,111.0,1.0,0.0,0.0,0.0,0.0,0.0
24997.0,47.30409535445012,1.0620204655801575,85.81071447654058,100.0,4.0,99.994,81.0,1.0,0.0,0.0,0.0,0.0,0.0
31864.0,34.87621577804448,1.5,96.56588876513668,100.0,0.0,113.728,100.0,1.0,0.0,0.0,1.0,0.0,0.0
23955.0,47.55996521693299,1.123204098184846,69.87255955531528,100.0,0.0,97.91,111.0,1.0,0.0,0.0,0.0,0.0,0.0
12624.0,47.72044654970425,1.0716818616892174,36.822353322580426,62.38706765142411,0.0,75.248,217.0,1.0,0.0,0.0,0.0,0.0,0.0
42595.0,50.59664738330967,1.5,100.0,100.0,1.0,135.19,110.0,1.0,0.0,0.0,0.0,0.0,0.0
17659.0,46.31719918999575,1.2568675230179207,60.17780736490647,88.09644880047439,0.0,85.318,100.0,1.0,0.0,0.0,0.0,0.0,0.0
16555.0,51.22496539473213,1.0367449385369472,59.43929413067711,83.25287606020495,0.0,83.11,116.0,1.0,0.0,0.0,0.0,0.0,0.0
36260.0,29.867100595745725,1.5,100.0,100.0,1.0,122.52,121.0,1.0,0.0,1.0,0.0,0.0,1.0
22663.0,50.284629945592656,1.1389932217742,69.55665507195795,100.0,0.0,95.326,92.0,1.0,0.0,0.0,0.0,0.0,0.0
20948.0,49.62679733233404,1.3849829219162573,60.52098854349387,100.0,2.0,91.896,111.0,1.0,0.0,0.0,1.0,0.0,0.0
35593.0,20.572425120690585,1.5,100.0,100.0,1.0,121.186,141.0,0.0,0.0,0.0,0.0,0.0,0.0
33495.0,27.717353460436016,1.5,100.0,100.0,1.0,116.99,104.0,0.0,0.0,0.0,0.0,0.0,0.0
66047.0,34.48371020624872,1.5,100.0,100.0,3.0,182.094,83.0,0.0,0.0,1.0,0.0,0.0,0.0
39766.0,39.96713179950603,1.5,100.0,100.0,1.0,129.53199999999998,111.0,0.0,0.0,0.0,0.0,0.0,0.0
35647.0,24.598406058515717,1.5,100.0,100.0,1.0,121.294,89.0,0.0,0.0,1.0,0.0,0.0,1.0
28136.0,36.93451382732638,1.5,93.96265511512595,100.0,0.0,106.272,99.0,0.0,0.0,0.0,0.0,0.0,0.0
29332.0,30.681821549622,1.5,88.56636730656366,100.0,3.0,108.664,110.0,0.0,0.0,0.0,0.0,1.0,0.0
15314.0,35.19974879525332,1.3787241830379748,42.844756865769,73.99236333112472,0.0,80.628,107.0,0.0,0.0,0.0,0.0,0.0,0.0
5371.0,32.80125199847438,1.039451973813838,23.00384515068264,27.38560734005603,0.0,60.742,210.0,0.0,0.0,1.0,0.0,0.0,0.0
36833.0,44.0434727486643,1.5,100.0,100.0,4.0,123.666,101.0,0.0,0.0,0.0,0.0,0.0,1.0
38100.0,34.42471169224383,1.5,100.0,100.0,0.0,126.2,94.0,0.0,0.0,0.0,0.0,0.0,0.0
17078.0,47.29004552290648,1.2332461902863867,47.12733564523326,83.02892561798764,2.0,84.156,106.0,0.0,0.0,0.0,0.0,0.0,0.0
29756.0,45.31005143465169,1.5,100.0,100.0,3.0,109.512,100.0,0.0,1.0,0.0,0.0,0.0,0.0
60818.0,20.0,1.5,100.0,100.0,4.0,171.636,105.0,0.0,0.0,0.0,0.0,0.0,0.0
22425.0,56.22746259723803,1.3404513697164249,79.41064950524911,100.0,2.0,94.85,124.0,0.0,0.0,0.0,0.0,0.0,0.0
25665.0,38.16396112790856,1.5,86.29315345392602,100.0,8.0,101.33,115.0,0.0,0.0,0.0,1.0,0.0,0.0
12483.0,54.70824149238065,1.2748488524080286,43.94119143146007,61.81698320829521,2.0,74.96600000000001,197.0,0.0,1.0,0.0,0.0,0.0,0.0
42085.0,47.60144954968563,1.5,100.0,100.0,1.0,134.17000000000002,106.0,0.0,1.0,0.0,0.0,0.0,0.0
19177.0,51.61117170190094,1.3255064629335704,60.36819023116959,100.0,1.0,88.354,115.0,0.0,0.0,0.0,0.0,0.0,0.0
31832.0,47.00798090272092,1.5,100.0,100.0,3.0,113.664,94.0,0.0,0.0,0.0,1.0,0.0,1.0
19020.0,33.10449397835906,1.148515525111189,55.73710911498564,92.56503009509804,0.0,88.03999999999999,104.0,0.0,0.0,0.0,0.0,0.0,0.0
12002.0,37.92484852817006,1.3218630804270362,30.79214066215824,57.85525817078765,0.0,74.004,218.0,0.0,0.0,0.0,0.0,0.0,0.0
31873.0,34.48817335524535,1.5,98.58277106918236,100.0,0.0,113.746,90.0,0.0,0.0,0.0,0.0,0.0,0.0
39926.0,28.8524097237827,1.5,100.0,100.0,1.0,129.852,100.0,0.0,0.0,1.0,0.0,0.0,1.0
8684.0,51.03549266422447,1.3485233414368143,29.393937295098112,45.22462879846354,0.0,67.368,196.0,0.0,0.0,0.0,0.0,1.0,0.0
15621.0,35.24087259328512,1.158209229235578,58.62647770083808,79.73405271536899,0.0,81.242,89.0,0.0,0.0,1.0,0.0,0.0,0.0
41464.0,54.26630886661083,1.5,100.0,100.0,2.0,132.928,98.0,0.0,0.0,0.0,0.0,0.0,0.0
24833.0,52.13734606173076,1.2328269247965062,83.92822787232593,100.0,1.0,99.666,84.0,0.0,0.0,0.0,0.0,0.0,0.0
20397.0,37.36150794920756,1.2838088554544664,60.0775864338799,100.0,1.0,90.794,92.0,0.0,0.0,0.0,0.0,0.0,0.0
26085.0,21.77043440914923,1.5,84.12884462850262,100.0,1.0,102.17,92.0,0.0,0.0,0.0,0.0,0.0,0.0
21095.0,51.03064411169075,1.3393733081471997,76.84416220292712,100.0,1.0,92.19,94.0,0.0,1.0,0.0,0.0,0.0,0.0
37067.0,31.975224576161644,1.5,100.0,100.0,3.0,124.134,122.0,0.0,0.0,0.0,0.0,0.0,0.0
37872.0,58.896879086219045,1.5,100.0,100.0,2.0,125.744,99.0,0.0,0.0,1.0,0.0,0.0,0.0
24387.0,58.0874181439611,1.184741333277073,82.72864162383472,100.0,1.0,98.774,91.0,0.0,0.0,0.0,0.0,1.0,0.0
33894.0,50.75696264654135,1.5,100.0,100.0,2.0,117.788,98.0,0.0,0.0,0.0,0.0,0.0,1.0
56752.0,38.53237089240185,1.5,100.0,100.0,2.0,163.50400000000002,96.0,0.0,0.0,0.0,1.0,0.0,0.0
26818.0,26.22917556459547,1.5,92.12419791530364,100.0,2.0,103.636,101.0,0.0,1.0,0.0,0.0,0.0,0.0
9563.0,50.85802543533618,1.0325035232634414,27.02531848036814,47.31367010096172,0.0,69.126,180.0,0.0,0.0,0.0,0.0,0.0,0.0
24797.0,47.527162447854174,1.1290783187121227,88.25661804308133,100.0,0.0,99.594,106.0,0.0,0.0,0.0,0.0,0.0,0.0
22017.0,41.91333152658655,1.2921720596204154,67.83130157998276,100.0,0.0,94.034,99.0,0.0,0.0,1.0,0.0,0.0,0.0
11461.0,51.55356940705191,1.2883661255804175,40.24088911922957,52.806273829577066,0.0,72.922,223.0,0.0,0.0,0.0,0.0,0.0,0.0
37458.0,30.24435940758636,1.5,100.0,100.0,2.0,124.916,91.0,0.0,0.0,1.0,0.0,0.0,0.0
36116.0,41.13068963239465,1.5,100.0,100.0,1.0,122.232,114.0,0.0,0.0,0.0,0.0,0.0,0.0
45983.0,44.97652188331048,1.5,100.0,100.0,2.0,141.966,96.0,0.0,0.0,0.0,0.0,0.0,0.0
15549.0,39.1323751861621,1.1735526056726715,45.32637105623992,75.14347254752599,0.0,81.098,88.0,0.0,0.0,0.0,0.0,0.0,0.0
24217.0,50.86406256502778,1.287503104782011,89.42842648296823,100.0,1.0,98.434,98.0,0.0,0.0,0.0,0.0,0.0,0.0
25701.0,44.13216258713615,1.5,79.63861060929035,100.0,1.0,101.402,104.0,0.0,0.0,0.0,0.0,0.0,0.0
38212.0,29.156379101262136,1.5,100.0,100.0,1.0,126.424,107.0,0.0,0.0,0.0,0.0,0.0,0.0
27775.0,30.07865865315429,1.5,94.86719257416564,100.0,3.0,105.55,89.0,0.0,0.0,0.0,0.0,0.0,0.0
28479.0,36.09125452765362,1.5,92.61629356999347,100.0,4.0,106.958,110.0,0.0,0.0,0.0,0.0,0.0,0.0
35324.0,22.96309397954445,1.5,100.0,100.0,2.0,120.648,112.0,1.0,0.0,0.0,0.0,0.0,0.0
23888.0,55.61683645022696,1.0444053871402943,74.7215719064404,100.0,3.0,97.776,79.0,1.0,0.0,1.0,0.0,0.0,0.0
21374.0,59.52684492718362,1.1271738380617111,66.01944165777228,100.0,0.0,92.748,93.0,1.0,0.0,0.0,0.0,0.0,0.0
29313.0,30.055107158870545,1.5,94.62241214775536,100.0,2.0,108.626,90.0,1.0,0.0,1.0,0.0,0.0,0.0
64615.0,40.18407096378214,1.5,100.0,100.0,2.0,179.23,106.0,1.0,0.0,0.0,0.0,0.0,0.0
32087.0,52.93201646471307,1.5,100.0,100.0,4.0,114.174,104.0,1.0,0.0,0.0,0.0,0.0,0.0
51892.0,47.50229520262139,1.5,100.0,100.0,4.0,153.784,100.0,1.0,1.0,0.0,0.0,0.0,0.0
44004.0,31.389874471506463,1.5,100.0,100.0,2.0,138.00799999999998,108.0,1.0,0.0,1.0,0.0,0.0,0.0
17984.0,55.443839627284014,1.0720785573663412,52.86889387829597,87.48130593610784,1.0,85.968,103.0,1.0,0.0,0.0,0.0,0.0,0.0
23047.0,50.15974961216381,1.2061599870196982,69.53022965541263,100.0,0.0,96.094,108.0,1.0,0.0,0.0,0.0,0.0,1.0
20282.0,40.52649471228067,1.2966789113330055,68.39973597196888,100.0,0.0,90.564,108.0,1.0,0.0,1.0,0.0,0.0,0.0
55106.0,22.52600925628025,1.5,100.0,100.0,3.0,160.212,105.0,1.0,0.0,0.0,1.0,0.0,0.0
24335.0,51.76374798928256,1.0899737061364323,71.35395940953602,100.0,2.0,98.67,89.0,1.0,0.0,0.0,0.0,0.0,0.0
14170.0,54.50858966996647,1.2439661484821272,54.16612707502623,74.22034444733883,0.0,78.34,195.0,1.0,0.0,0.0,0.0,0.0,0.0
56394.0,61.84057815367615,1.5,100.0,100.0,1.0,162.788,98.0,1.0,0.0,0.0,0.0,0.0,0.0
35218.0,29.984907681670517,1.5,100.0,100.0,2.0,120.436,106.0,1.0,0.0,0.0,0.0,0.0,0.0
9591.0,46.048485291084994,1.0488887179404174,32.01628910760728,49.825681172647904,0.0,69.182,195.0,1.0,0.0,0.0,0.0,0.0,0.0
30369.0,39.972344935690366,1.5,100.0,100.0,5.0,110.738,113.0,1.0,0.0,0.0,0.0,0.0,0.0
39136.0,29.146119885764406,1.5,100.0,100.0,2.0,128.272,86.0,0.0,0.0,0.0,0.0,0.0,0.0
38129.0,28.716749037877936,1.5,100.0,100.0,2.0,126.258,93.0,0.0,0.0,0.0,0.0,0.0,0.0
32978.0,20.0,1.5,100.0,100.0,3.0,115.956,96.0,0.0,0.0,0.0,0.0,0.0,0.0
28173.0,46.02177082179796,1.5,92.83057213924492,100.0,5.0,106.346,121.0,0.0,0.0,0.0,0.0,0.0,0.0
41973.0,37.391065462895206,1.5,100.0,100.0,3.0,133.946,117.0,0.0,0.0,1.0,0.0,0.0,0.0
53902.0,40.54949158811698,1.5,100.0,100.0,1.0,157.804,104.0,0.0,0.0,0.0,1.0,0.0,0.0
29941.0,20.0,1.5,93.80581254264584,100.0,1.0,109.882,86.0,0.0,0.0,0.0,0.0,0.0,0.0
35251.0,21.237340283741347,1.5,100.0,100.0,4.0,120.502,110.0,0.0,1.0,0.0,0.0,0.0,1.0
31017.0,20.0,1.5,100.0,100.0,4.0,112.034,104.0,0.0,0.0,0.0,0.0,0.0,0.0
53569.0,37.33478328310802,1.5,100.0,100.0,0.0,157.138,101.0,0.0,0.0,1.0,0.0,0.0,0.0
37833.0,35.23162701469607,1.5,100.0,100.0,1.0,125.666,81.0,0.0,0.0,0.0,0.0,0.0,0.0
16809.0,48.37367584731128,1.1105952853779002,54.44495404722416,79.86431102626466,0.0,83.618,121.0,0.0,0.0,0.0,0.0,0.0,0.0
44206.0,30.934481508047284,1.5,100.0,100.0,2.0,138.412,102.0,0.0,0.0,0.0,1.0,0.0,0.0
45374.0,37.46078902459508,1.5,100.0,100.0,0.0,140.748,104.0,0.0,0.0,0.0,0.0,0.0,1.0
53479.0,48.723370831402136,1.5,100.0,100.0,6.0,156.958,98.0,0.0,1.0,0.0,0.0,0.0,0.0
29194.0,33.47055109673926,1.5,96.20384611547182,100.0,2.0,108.388,102.0,0.0,0.0,0.0,0.0,0.0,0.0
28469.0,26.28350272050365,1.5,100.0,100.0,3.0,106.938,109.0,0.0,0.0,0.0,0.0,0.0,0.0
18284.0,40.006997778974224,1.2253203689077137,70.1821000248198,95.34344635286864,2.0,86.568,98.0,0.0,0.0,0.0,1.0,0.0,0.0
40256.0,21.50112631956245,1.5,100.0,100.0,2.0,130.512,98.0,0.0,0.0,0.0,0.0,0.0,0.0
22515.0,58.73822982790129,1.3306315072183836,70.35517408096915,100.0,4.0,95.03,99.0,0.0,0.0,0.0,0.0,0.0,0.0
16267.0,47.81999911417222,1.209727854595583,48.65897240300243,80.55966556300785,2.0,82.53399999999999,93.0,0.0,0.0,0.0,0.0,1.0,0.0
43381.0,43.700353546917455,1.5,100.0,100.0,4.0,136.762,122.0,0.0,1.0,0.0,0.0,0.0,0.0
23326.0,27.05234798782477,1.3280690629696386,77.08642334466317,100.0,2.0,96.652,95.0,0.0,0.0,0.0,0.0,0.0,0.0
45363.0,59.97616955197227,1.5,100.0,100.0,4.0,140.726,90.0,0.0,0.0,0.0,1.0,0.0,0.0
47214.0,47.70416044108485,1.5,100.0,100.0,1.0,144.428,112.0,0.0,0.0,0.0,1.0,0.0,0.0
40809.0,32.047356590541675,1.5,100.0,100.0,2.0,131.618,104.0,0.0,0.0,0.0,0.0,0.0,0.0
16428.0,49.662125146334944,1.0962196599406455,48.363644081306056,83.44954855010596,0.0,82.856,109.0,0.0,0.0,0.0,0.0,0.0,0.0
31258.0,37.72453301292511,1.5,95.46714282644362,100.0,2.0,112.516,80.0,0.0,0.0,1.0,0.0,0.0,0.0
16073.0,37.40669928821157,1.2615646816721702,43.83323528409923,84.166680559215,0.0,82.146,111.0,0.0,0.0,0.0,1.0,0.0,0.0
26732.0,23.82264999736517,1.5,90.06969883210736,100.0,3.0,103.464,82.0,0.0,0.0,0.0,0.0,0.0,0.0
12954.0,30.077782706187207,1.1012123807519878,34.8203076875278,63.02028098306662,1.0,75.908,208.0,0.0,0.0,0.0,1.0,0.0,0.0
36310.0,51.302844946994725,1.5,100.0,100.0,1.0,122.62,94.0,0.0,0.0,0.0,0.0,0.0,0.0
39268.0,36.873648671890365,1.5,100.0,100.0,0.0,128.536,93.0,0.0,0.0,1.0,0.0,0.0,0.0
27401.0,43.76709626892928,1.5,99.84497387515832,100.0,1.0,104.802,99.0,0.0,0.0,0.0,0.0,0.0,0.0
6983.0,32.86888532449719,1.2279894828663411,15.550437295507892,30.6378561985068,1.0,63.966,192.0,0.0,0.0,0.0,0.0,0.0,0.0
10423.0,35.94873269968857,1.345512516297802,40.26850711832715,51.41071864359694,1.0,70.846,203.0,0.0,0.0,0.0,0.0,0.0,1.0
36120.0,20.0,1.5,100.0,100.0,1.0,122.24,115.0,0.0,0.0,0.0,0.0,1.0,0.0
15316.0,34.948708599837225,1.0058594160774552,51.23959903080642,80.05210207118245,0.0,80.632,101.0,0.0,0.0,0.0,0.0,0.0,0.0
65742.0,50.17815324199256,1.5,100.0,100.0,1.0,181.484,86.0,0.0,0.0,0.0,1.0,0.0,0.0
46106.0,46.28879256873594,1.5,100.0,100.0,0.0,142.212,98.0,0.0,0.0,0.0,0.0,0.0,0.0
39559.0,46.09169849780098,1.5,100.0,100.0,0.0,129.118,95.0,0.0,0.0,0.0,0.0,1.0,0.0
20272.0,51.51405648173437,1.3442563338566322,63.7932976922166,100.0,1.0,90.544,89.0,0.0,0.0,0.0,0.0,0.0,0.0
14585.0,53.801087040750346,1.2547261602363595,42.669408977042806,75.50188913615756,1.0,79.17,176.0,0.0,1.0,0.0,0.0,0.0,0.0
20840.0,53.04265741202434,1.1618841585985211,79.32259701601298,100.0,2.0,91.68,96.0,0.0,0.0,0.0,0.0,0.0,0.0
38165.0,40.37737899352017,1.5,100.0,100.0,4.0,126.33,93.0,0.0,0.0,0.0,0.0,0.0,0.0
20072.0,41.44219934644724,1.3667760789020262,57.10124977679976,97.33144041233538,0.0,90.144,99.0,0.0,0.0,0.0,1.0,0.0,0.0
19757.0,43.8412094743873,1.3284301456508372,68.54099546650544,93.80672270375284,0.0,89.51400000000001,97.0,0.0,0.0,0.0,0.0,0.0,0.0
23813.0,42.41242089991563,1.0593451244083385,84.2774902358997,100.0,3.0,97.626,102.0,1.0,0.0,0.0,0.0,0.0,0.0
12796.0,33.91159683489601,1.3282438189567014,39.60117368598337,64.2046574854843,0.0,75.592,177.0,1.0,0.0,0.0,0.0,1.0,0.0
12004.0,36.82478199089145,1.196015532787573,34.744937072657656,61.70350429964355,0.0,74.008,218.0,1.0,0.0,0.0,0.0,0.0,0.0
52458.0,50.2226232390289,1.5,100.0,100.0,2.0,154.916,92.0,1.0,0.0,0.0,1.0,0.0,1.0
18766.0,50.25852901140747,1.2686887723950222,55.48050234538727,96.52616719106,0.0,87.532,107.0,1.0,1.0,0.0,0.0,0.0,0.0
20297.0,35.14253928444107,1.230469280331816,69.8664427206668,100.0,0.0,90.594,104.0,1.0,0.0,0.0,0.0,0.0,0.0
22702.0,46.63365007450505,1.2302768782864268,66.46097579879768,100.0,1.0,95.404,96.0,1.0,0.0,0.0,0.0,0.0,0.0
13437.0,45.822147847134346,1.107441992778712,43.57088052098967,63.91289204566727,0.0,76.874,213.0,1.0,0.0,0.0,0.0,0.0,0.0
22927.0,43.425297179400175,1.0659596126184514,74.45775117625513,100.0,4.0,95.854,104.0,1.0,1.0,0.0,0.0,0.0,0.0
62902.0,39.77579671401568,1.5,100.0,100.0,2.0,175.804,102.0,1.0,0.0,0.0,0.0,0.0,0.0
36295.0,40.10295823004336,1.5,100.0,100.0,1.0,122.59,102.0,1.0,0.0,0.0,0.0,0.0,0.0
33420.0,49.9297340792909,1.5,100.0,100.0,4.0,116.84,99.0,1.0,0.0,1.0,0.0,0.0,0.0
28308.0,34.89945047817222,1.5,94.7348502628046,100.0,1.0,106.616,82.0,1.0,1.0,0.0,0.0,0.0,0.0
24007.0,46.47041231469582,1.008176279361284,73.9982579818393,100.0,2.0,98.014,109.0,1.0,0.0,0.0,0.0,0.0,0.0
34629.0,38.91168557274676,1.5,100.0,100.0,1.0,119.258,93.0,0.0,0.0,0.0,0.0,0.0,0.0
55447.0,22.91660760469698,1.5,100.0,100.0,2.0,160.894,93.0,0.0,0.0,1.0,0.0,0.0,0.0
40597.0,27.68600514676324,1.5,100.0,100.0,0.0,131.19400000000002,92.0,0.0,0.0,0.0,0.0,1.0,0.0
34864.0,26.86587838327182,1.5,100.0,100.0,1.0,119.728,100.0,0.0,0.0,1.0,0.0,0.0,0.0
27521.0,31.63003736547521,1.5,95.7665162832222,100.0,1.0,105.042,94.0,0.0,0.0,0.0,0.0,0.0,0.0
24213.0,39.387774635523314,1.2818058110866168,88.62756063545044,100.0,1.0,98.426,115.0,0.0,0.0,0.0,0.0,0.0,0.0
19717.0,32.13439411740981,1.044061906298151,68.78406347987081,95.27728841114003,1.0,89.434,114.0,0.0,0.0,0.0,0.0,1.0,0.0
21487.0,27.575234591331053,1.249423807847141,77.44516924932591,100.0,1.0,92.974,86.0,0.0,0.0,0.0,0.0,0.0,0.0
20519.0,28.55618266979693,1.2084703153117689,73.00955441740575,100.0,2.0,91.038,91.0,0.0,1.0,0.0,0.0,0.0,0.0
20174.0,44.17616782484423,1.033623695176412,72.61833836033385,100.0,1.0,90.348,102.0,0.0,0.0,0.0,0.0,0.0,0.0
47619.0,33.04541385806013,1.5,100.0,100.0,2.0,145.238,101.0,0.0,0.0,1.0,0.0,0.0,0.0
8209.0,46.96473990242252,1.1934341259502417,17.779239200192507,37.06698149257392,2.0,66.418,215.0,0.0,1.0,0.0,0.0,0.0,0.0
46721.0,36.1525825520081,1.5,100.0,100.0,0.0,143.442,128.0,0.0,0.0,0.0,0.0,0.0,0.0
29268.0,37.51637953704798,1.5,100.0,100.0,2.0,108.536,103.0,0.0,0.0,0.0,0.0,0.0,0.0
25861.0,40.74345870141092,1.5,82.26981822284237,100.0,1.0,101.722,102.0,0.0,1.0,0.0,0.0,0.0,0.0
12320.0,40.02367645490848,1.0839322847928106,48.275192512788905,65.74796585466913,1.0,74.64,212.0,0.0,0.0,0.0,0.0,1.0,0.0
29177.0,20.0,1.5,100.0,100.0,1.0,108.354,93.0,0.0,0.0,0.0,0.0,0.0,0.0
47356.0,32.66690703576608,1.5,100.0,100.0,2.0,144.712,110.0,0.0,0.0,0.0,0.0,0.0,0.0
51829.0,27.91587147512802,1.5,100.0,100.0,4.0,153.65800000000002,94.0,0.0,0.0,1.0,0.0,0.0,0.0
19613.0,42.76812419248737,1.0009868775296735,71.45262458120416,100.0,1.0,89.226,104.0,0.0,0.0,0.0,0.0,1.0,0.0
37675.0,26.99640230074766,1.5,100.0,100.0,1.0,125.35,104.0,0.0,0.0,1.0,0.0,0.0,0.0
54227.0,48.18317391191665,1.5,100.0,100.0,0.0,158.454,90.0,0.0,0.0,1.0,0.0,0.0,0.0
10073.0,63.23506110431249,1.341596150680599,24.208006912116357,54.04927233167533,1.0,70.146,204.0,0.0,0.0,1.0,0.0,0.0,0.0
36222.0,40.22783143545896,1.5,100.0,100.0,3.0,122.444,95.0,0.0,0.0,1.0,0.0,0.0,0.0
19605.0,64.21457414498798,1.237421689819761,68.3239491855211,98.61186733531916,1.0,89.21000000000001,98.0,0.0,0.0,0.0,1.0,0.0,0.0
14342.0,53.07963788981465,1.2467916638664156,38.73516909993848,71.7478129823621,0.0,78.684,210.0,0.0,0.0,0.0,0.0,1.0,0.0
30760.0,21.93634855585518,1.5,100.0,100.0,2.0,111.52,110.0,0.0,1.0,0.0,0.0,0.0,0.0
11069.0,25.832062254545928,1.2976998318908868,30.542671998449126,53.20781094393845,1.0,72.138,210.0,0.0,0.0,0.0,0.0,0.0,0.0
24151.0,43.37527556463876,1.201397985757285,88.65548800164208,100.0,3.0,98.302,117.0,0.0,0.0,0.0,0.0,1.0,0.0
16909.0,45.47053497791873,1.059989240200563,53.712342218435495,80.29473341191009,0.0,83.818,120.0,0.0,1.0,0.0,0.0,0.0,0.0
47093.0,20.0,1.5,100.0,100.0,2.0,144.186,104.0,0.0,0.0,1.0,0.0,0.0,0.0
59664.0,20.0,1.5,100.0,100.0,1.0,169.328,94.0,0.0,0.0,0.0,0.0,0.0,0.0
23559.0,62.2720309567145,1.181150114534893,74.45539066832681,100.0,1.0,97.118,115.0,0.0,0.0,0.0,0.0,0.0,0.0
37072.0,36.21085593402872,1.5,100.0,100.0,4.0,124.144,102.0,0.0,0.0,0.0,0.0,0.0,0.0
15716.0,42.88354445004254,1.383925020527577,55.78874569603353,77.90769511544528,0.0,81.432,99.0,0.0,0.0,0.0,0.0,0.0,0.0
15035.0,45.47406417779338,1.2885310108896912,58.86339848599343,74.11102102394734,0.0,80.07,96.0,0.0,0.0,0.0,1.0,0.0,1.0
25683.0,42.72956371146026,1.5,83.32537327598234,100.0,4.0,101.366,101.0,0.0,0.0,0.0,1.0,0.0,0.0
37367.0,31.837408671568635,1.5,100.0,100.0,2.0,124.734,106.0,0.0,1.0,0.0,0.0,0.0,0.0
53109.0,45.43691783547174,1.5,100.0,100.0,0.0,156.21800000000002,101.0,0.0,0.0,0.0,1.0,0.0,0.0
31242.0,30.61919239829974,1.5,100.0,100.0,3.0,112.484,97.0,0.0,1.0,0.0,0.0,0.0,0.0
39569.0,28.667491286176528,1.5,100.0,100.0,6.0,129.138,90.0,0.0,1.0,0.0,0.0,0.0,0.0
14923.0,65.42460873033647,1.2631011963528136,56.9016239532977,77.19486853898074,0.0,79.846,215.0,0.0,1.0,0.0,0.0,0.0,0.0
35470.0,24.21155445368487,1.5,100.0,100.0,3.0,120.94,86.0,0.0,0.0,0.0,1.0,0.0,0.0
29071.0,20.0,1.5,100.0,100.0,1.0,108.142,98.0,0.0,1.0,0.0,0.0,0.0,0.0
39998.0,20.0,1.5,100.0,100.0,0.0,129.99599999999998,90.0,1.0,0.0,0.0,1.0,0.0,0.0
38180.0,47.01160509852474,1.5,100.0,100.0,3.0,126.36,111.0,1.0,0.0,0.0,0.0,0.0,0.0
31981.0,33.022874447000824,1.5,100.0,100.0,3.0,113.962,96.0,1.0,0.0,0.0,0.0,0.0,0.0
11696.0,50.61949036604578,1.215474305028138,44.26305908988586,55.91905090989159,0.0,73.392,188.0,1.0,0.0,0.0,0.0,0.0,1.0
12464.0,43.26535815124334,1.071823326922625,32.94549081746261,66.0927780680796,2.0,74.928,201.0,1.0,0.0,0.0,1.0,0.0,0.0
14231.0,42.12326498267172,1.1244111076175751,52.759183931491066,66.71243962848516,0.0,78.462,211.0,1.0,0.0,0.0,0.0,0.0,0.0
20533.0,34.258794543934656,1.0109587031352671,70.87799455678632,100.0,3.0,91.066,90.0,1.0,0.0,0.0,0.0,0.0,0.0
13359.0,32.02120929860527,1.349688694004774,52.15948252120482,67.70087736536908,1.0,76.718,212.0,1.0,0.0,0.0,0.0,0.0,0.0
35993.0,22.523009947282688,1.5,100.0,100.0,1.0,121.986,86.0,1.0,0.0,0.0,0.0,0.0,0.0
52955.0,34.73937504982789,1.5,100.0,100.0,2.0,155.91,99.0,1.0,0.0,0.0,1.0,0.0,0.0
16249.0,43.56680551208015,1.3002885361308336,53.01700306591022,77.20409283842928,0.0,82.49799999999999,99.0,1.0,0.0,0.0,0.0,1.0,1.0
38008.0,29.18292441407509,1.5,100.0,100.0,1.0,126.016,98.0,1.0,0.0,0.0,0.0,0.0,0.0
29249.0,49.30346739425176,1.5,98.95112283655988,100.0,1.0,108.498,89.0,1.0,0.0,0.0,0.0,0.0,0.0
14114.0,40.165934864688566,1.136058906636696,42.88128007846153,74.75995141112179,0.0,78.22800000000001,204.0,1.0,1.0,0.0,0.0,0.0,0.0
26532.0,20.0,1.5,87.80082627164703,100.0,3.0,103.064,122.0,1.0,0.0,0.0,0.0,0.0,0.0
42147.0,26.203115145178774,1.5,100.0,100.0,4.0,134.29399999999998,93.0,1.0,0.0,0.0,0.0,0.0,0.0
27918.0,24.051842572093,1.5,98.01375107807408,100.0,1.0,105.836,89.0,1.0,0.0,0.0,0.0,0.0,0.0
28878.0,42.78212482371743,1.5,86.62592474769836,100.0,4.0,107.756,112.0,1.0,0.0,0.0,0.0,0.0,0.0
30490.0,35.15796692825586,1.5,98.05978221763588,100.0,1.0,110.98,109.0,1.0,0.0,0.0,0.0,0.0,0.0
44994.0,22.865540657066937,1.5,100.0,100.0,2.0,139.988,109.0,0.0,0.0,0.0,0.0,0.0,0.0
17926.0,50.898776160510295,1.1116602788288663,65.9403535000097,87.3452107873285,1.0,85.852,104.0,0.0,0.0,0.0,0.0,0.0,0.0
22598.0,45.24271273364256,1.0281426784051757,82.1121028860498,100.0,2.0,95.196,98.0,0.0,0.0,0.0,0.0,0.0,1.0
13963.0,54.52700614292733,1.2082637932961129,36.81412033934622,70.06136462401997,0.0,77.926,193.0,0.0,0.0,0.0,0.0,0.0,0.0
29782.0,51.03249572330991,1.5,100.0,100.0,3.0,109.564,99.0,0.0,0.0,0.0,0.0,0.0,0.0
51947.0,27.264897083887256,1.5,100.0,100.0,0.0,153.894,99.0,0.0,0.0,0.0,0.0,1.0,0.0
18663.0,34.23694068783758,1.0891796157418132,66.34210184414036,89.45977091861474,0.0,87.326,108.0,0.0,0.0,0.0,0.0,0.0,0.0
16576.0,34.905194851130155,1.3988739211727894,53.69510463685423,84.8587578293396,1.0,83.152,105.0,0.0,0.0,1.0,0.0,0.0,0.0
27963.0,43.191217067447006,1.5,87.41068677021767,100.0,0.0,105.926,113.0,0.0,0.0,0.0,0.0,0.0,0.0
39083.0,52.93475535640592,1.5,100.0,100.0,1.0,128.166,105.0,0.0,0.0,0.0,1.0,0.0,0.0
38636.0,35.20016806016486,1.5,100.0,100.0,1.0,127.272,98.0,0.0,1.0,0.0,0.0,0.0,0.0
13746.0,38.85315244282782,1.0928624855928468,52.02066813195289,64.26164826193806,0.0,77.492,203.0,0.0,1.0,0.0,0.0,0.0,0.0
29385.0,37.68910871200571,1.5,90.95300595444488,100.0,5.0,108.77,111.0,0.0,0.0,0.0,0.0,0.0,0.0
45907.0,30.334532883969256,1.5,100.0,100.0,3.0,141.814,97.0,0.0,0.0,0.0,1.0,0.0,0.0
10566.0,29.527620204335733,1.258749273778376,29.078414525178477,52.850993684738185,2.0,71.132,171.0,0.0,0.0,0.0,0.0,0.0,0.0
51853.0,20.0,1.5,100.0,100.0,2.0,153.70600000000002,99.0,0.0,0.0,1.0,0.0,0.0,0.0
43499.0,34.067120734184165,1.5,100.0,100.0,3.0,136.998,107.0,0.0,1.0,0.0,0.0,0.0,1.0
23168.0,58.16299687188384,1.2689480924906456,85.07998153599686,100.0,1.0,96.336,95.0,0.0,0.0,0.0,0.0,0.0,0.0
25233.0,28.55020016454652,1.5,84.05450805393784,100.0,0.0,100.466,92.0,0.0,0.0,0.0,0.0,1.0,0.0
39653.0,37.10398802095723,1.5,100.0,100.0,3.0,129.30599999999998,88.0,0.0,1.0,0.0,0.0,0.0,0.0
8280.0,43.619715997209696,1.183546845399974,31.090771601006576,38.61690368254947,0.0,66.56,203.0,0.0,0.0,0.0,0.0,0.0,0.0
41545.0,24.98118440737825,1.5,100.0,100.0,1.0,133.09,98.0,0.0,0.0,1.0,0.0,0.0,0.0
36912.0,30.53213791511248,1.5,100.0,100.0,1.0,123.824,96.0,0.0,0.0,0.0,0.0,0.0,0.0
15403.0,55.953967559766575,1.131564289683772,54.17470818292733,72.39402027138809,0.0,80.806,100.0,0.0,0.0,0.0,0.0,0.0,0.0
19559.0,35.60847431397672,1.0207035412124053,65.37152901407843,96.39821240517855,2.0,89.118,95.0,0.0,0.0,0.0,0.0,1.0,0.0
20918.0,42.72393243087698,1.296326016767559,68.54072526888268,100.0,1.0,91.836,101.0,0.0,0.0,0.0,0.0,0.0,0.0
6770.0,37.22558759719132,1.1315733151507068,30.04672917387964,29.68526274428098,0.0,63.54,191.0,0.0,0.0,0.0,0.0,0.0,0.0
36302.0,40.16686698548568,1.5,100.0,100.0,1.0,122.604,113.0,0.0,0.0,0.0,0.0,0.0,1.0
22983.0,50.16147309613252,1.2173812855543156,85.73674124137506,100.0,3.0,95.966,105.0,0.0,0.0,0.0,0.0,0.0,0.0
51493.0,51.35001733914644,1.5,100.0,100.0,0.0,152.986,104.0,0.0,0.0,0.0,0.0,0.0,1.0
12025.0,64.65859892778738,1.0735214985791413,40.5444507478102,62.93448228967527,0.0,74.05,215.0,0.0,0.0,0.0,0.0,0.0,0.0
36683.0,42.42106175050191,1.5,100.0,100.0,1.0,123.366,88.0,0.0,0.0,0.0,0.0,0.0,0.0
17950.0,32.01706603123349,1.170422597910355,60.20071739363206,92.0262037022736,1.0,85.9,85.0,0.0,0.0,0.0,0.0,0.0,0.0
28155.0,43.1156132469017,1.5,91.4783385573551,100.0,2.0,106.31,81.0,0.0,0.0,1.0,0.0,0.0,0.0
26679.0,54.48234995333758,1.5,89.38890654292068,100.0,0.0,103.358,116.0,0.0,1.0,0.0,0.0,0.0,0.0
19107.0,49.62590522676954,1.363833308787123,53.86570469570942,94.88104996278474,0.0,88.214,108.0,0.0,1.0,0.0,0.0,0.0,0.0
53247.0,46.1823525457482,1.5,100.0,100.0,2.0,156.494,99.0,0.0,0.0,0.0,0.0,1.0,0.0
35876.0,31.66376860445852,1.5,100.0,100.0,2.0,121.752,116.0,0.0,0.0,0.0,0.0,1.0,0.0
22933.0,53.967958803511785,1.3349871497039456,74.95238506289628,100.0,1.0,95.866,95.0,0.0,1.0,0.0,0.0,0.0,0.0
13839.0,65.80295643152161,1.2519486062256375,47.6490982487179,65.5721594148022,1.0,77.678,219.0,0.0,0.0,0.0,0.0,0.0,0.0
36742.0,32.76018040492089,1.5,100.0,100.0,0.0,123.484,104.0,0.0,0.0,1.0,0.0,0.0,0.0
16483.0,46.77032822760353,1.0234980545031314,57.49359426484232,87.23409469403194,0.0,82.96600000000001,92.0,0.0,0.0,0.0,1.0,0.0,1.0
21038.0,33.22261480412608,1.2656779476776543,61.49738329502611,100.0,1.0,92.076,115.0,0.0,0.0,0.0,0.0,0.0,0.0
26244.0,33.7946935569566,1.5,85.77135983458203,100.0,1.0,102.488,98.0,1.0,0.0,1.0,0.0,0.0,0.0
18949.0,30.422441849187543,1.1318070692288071,67.40081374130115,91.39629546881666,0.0,87.898,109.0,1.0,0.0,0.0,0.0,0.0,1.0
27469.0,30.396672861301774,1.5,85.20182082379397,100.0,2.0,104.938,99.0,1.0,0.0,0.0,0.0,0.0,0.0
36849.0,32.58209214588638,1.5,100.0,100.0,0.0,123.698,102.0,1.0,0.0,0.0,1.0,0.0,0.0
51104.0,27.71301536713309,1.5,100.0,100.0,0.0,152.208,85.0,1.0,0.0,0.0,0.0,0.0,0.0
28648.0,36.69355704192262,1.5,100.0,100.0,3.0,107.296,95.0,1.0,0.0,0.0,0.0,0.0,0.0
30242.0,36.68154521531483,1.5,100.0,100.0,1.0,110.484,93.0,1.0,0.0,0.0,0.0,0.0,0.0
28091.0,45.02281802322575,1.5,89.86542804138868,100.0,2.0,106.182,94.0,1.0,0.0,0.0,0.0,0.0,1.0
31712.0,44.022099011866935,1.5,96.7851909866977,100.0,1.0,113.424,103.0,1.0,0.0,0.0,0.0,0.0,0.0
62267.0,44.89603987493464,1.5,100.0,100.0,1.0,174.534,111.0,1.0,0.0,0.0,0.0,1.0,0.0
65437.0,32.54291423697111,1.5,100.0,100.0,4.0,180.874,126.0,1.0,0.0,0.0,0.0,0.0,0.0
18376.0,55.17817286474413,1.1340440771313332,64.68379301685802,92.99845060924054,0.0,86.75200000000001,98.0,1.0,0.0,0.0,0.0,0.0,0.0
38788.0,20.0,1.5,100.0,100.0,1.0,127.576,109.0,1.0,0.0,0.0,0.0,0.0,0.0
35412.0,36.79379835371785,1.5,100.0,100.0,1.0,120.824,102.0,1.0,0.0,0.0,0.0,0.0,1.0
18885.0,51.694975570550014,1.136741055523546,70.89275643095286,96.07682215734629,1.0,87.77000000000001,94.0,1.0,1.0,0.0,0.0,0.0,0.0
34237.0,20.90137522222648,1.5,100.0,100.0,0.0,118.474,97.0,1.0,0.0,0.0,0.0,0.0,0.0
24948.0,41.4101980620348,1.3497165395395243,93.11635115214696,100.0,1.0,99.896,102.0,1.0,0.0,1.0,0.0,0.0,0.0
14202.0,35.42747065652402,1.2858868517359854,55.37034577560293,68.84058233527281,1.0,78.404,194.0,0.0,0.0,0.0,0.0,0.0,0.0
10167.0,57.27002573628148,1.3553691198066826,25.24035034060614,52.75604772811098,0.0,70.334,221.0,0.0,0.0,0.0,1.0,0.0,0.0
52019.0,33.95656803723973,1.5,100.0,100.0,2.0,154.038,90.0,0.0,0.0,0.0,0.0,0.0,0.0
34979.0,29.025643578782248,1.5,100.0,100.0,1.0,119.958,100.0,0.0,1.0,0.0,0.0,0.0,0.0
23955.0,41.26291102898109,1.1429328484229362,84.37466933513568,100.0,6.0,97.91,111.0,0.0,0.0,0.0,1.0,0.0,0.0
10081.0,49.4791914188519,1.0692420557642803,36.14550683286718,45.82716455206495,0.0,70.162,206.0,0.0,0.0,0.0,1.0,0.0,0.0
24681.0,37.77735104935039,1.0484339099996638,81.51029244229802,100.0,3.0,99.362,90.0,0.0,0.0,0.0,0.0,0.0,0.0
31368.0,33.755039462919015,1.5,100.0,100.0,2.0,112.736,105.0,0.0,1.0,0.0,0.0,0.0,0.0
31485.0,43.41033639937584,1.5,100.0,100.0,1.0,112.97,112.0,0.0,0.0,0.0,0.0,0.0,0.0
61908.0,41.137238793466494,1.5,100.0,100.0,1.0,173.816,96.0,0.0,1.0,0.0,0.0,0.0,0.0
66660.0,26.06730164080412,1.5,100.0,100.0,2.0,183.32,108.0,0.0,0.0,0.0,0.0,0.0,0.0
26247.0,27.808175532997616,1.5,81.0152391616562,100.0,3.0,102.494,103.0,0.0,0.0,0.0,0.0,0.0,0.0
30566.0,35.60661269234058,1.5,91.88760406249878,100.0,0.0,111.132,104.0,0.0,0.0,0.0,0.0,0.0,1.0
18372.0,52.948687567780176,1.1593870521935752,68.85408503493314,87.14438941241744,0.0,86.744,97.0,0.0,0.0,0.0,0.0,0.0,0.0
19127.0,41.79670466186723,1.1158893920161117,63.17184944486718,93.5970839784644,1.0,88.25399999999999,99.0,0.0,1.0,0.0,0.0,0.0,1.0
37345.0,20.159479741444542,1.5,100.0,100.0,3.0,124.69,96.0,0.0,0.0,0.0,0.0,0.0,1.0
38793.0,40.50992241367934,1.5,100.0,100.0,0.0,127.586,99.0,0.0,0.0,0.0,0.0,0.0,0.0
20880.0,57.732738265199984,1.315292255116276,67.95720352013856,100.0,0.0,91.76,106.0,0.0,0.0,0.0,0.0,0.0,0.0
49474.0,38.033597102859865,1.5,100.0,100.0,3.0,148.94799999999998,102.0,0.0,0.0,1.0,0.0,0.0,0.0
51844.0,27.566743200338436,1.5,100.0,100.0,2.0,153.688,93.0,0.0,0.0,0.0,0.0,0.0,1.0
27541.0,36.02440596314684,1.5,86.08886904461569,100.0,2.0,105.082,92.0,0.0,0.0,0.0,0.0,0.0,0.0
16483.0,53.61225723466313,1.2802462549668023,63.24629727573548,83.317382885175,1.0,82.96600000000001,114.0,0.0,1.0,0.0,0.0,0.0,0.0
32162.0,37.52640628386001,1.5,100.0,100.0,3.0,114.324,100.0,0.0,0.0,0.0,0.0,0.0,0.0
10769.0,44.46532564261207,1.0383445414337893,30.356015797334003,56.00059266509636,0.0,71.538,202.0,0.0,0.0,0.0,0.0,0.0,0.0
23174.0,46.82142090626384,1.0146893830526478,72.99602419629525,100.0,3.0,96.348,109.0,0.0,0.0,0.0,0.0,0.0,0.0
25473.0,48.58904534462064,1.5,75.41283407555886,100.0,1.0,100.946,82.0,0.0,0.0,0.0,0.0,0.0,0.0
58437.0,24.305035952801283,1.5,100.0,100.0,3.0,166.874,112.0,0.0,0.0,0.0,0.0,0.0,0.0
60477.0,50.64632757856612,1.5,100.0,100.0,3.0,170.954,97.0,0.0,0.0,0.0,0.0,0.0,0.0
38148.0,43.76995651271576,1.5,100.0,100.0,2.0,126.296,96.0,0.0,0.0,0.0,1.0,0.0,0.0
9512.0,31.58884620202675,1.333984800828853,25.1092280655428,48.40722859006418,0.0,69.024,201.0,0.0,0.0,0.0,1.0,0.0,0.0
47327.0,37.99100957702108,1.5,100.0,100.0,0.0,144.654,131.0,0.0,0.0,0.0,0.0,0.0,0.0
32001.0,44.95949084760517,1.5,100.0,100.0,3.0,114.002,121.0,0.0,0.0,0.0,0.0,0.0,0.0
39105.0,21.12551095994852,1.5,100.0,100.0,3.0,128.20999999999998,117.0,0.0,0.0,1.0,0.0,0.0,1.0
32065.0,40.77546626413355,1.5,100.0,100.0,3.0,114.13,102.0,0.0,1.0,0.0,0.0,0.0,0.0
15608.0,37.94693413043576,1.2085378632939128,47.08018246866239,74.40427141821719,2.0,81.21600000000001,100.0,0.0,0.0,1.0,0.0,0.0,0.0
42996.0,42.396610909540286,1.5,100.0,100.0,3.0,135.99200000000002,94.0,1.0,0.0,0.0,0.0,0.0,0.0
28314.0,39.27477629507775,1.5,100.0,100.0,4.0,106.628,97.0,1.0,0.0,0.0,0.0,0.0,0.0
19544.0,25.833089919326536,1.1603273396536848,56.49518323532013,93.94330496175452,0.0,89.088,86.0,1.0,0.0,0.0,1.0,0.0,0.0
53106.0,44.08470282365733,1.5,100.0,100.0,2.0,156.212,77.0,1.0,0.0,0.0,0.0,0.0,0.0
18388.0,59.94840126394109,1.1426803080630124,58.826440862903866,90.61003945871916,0.0,86.77600000000001,104.0,1.0,0.0,0.0,0.0,0.0,0.0
37117.0,33.03199322664711,1.5,100.0,100.0,3.0,124.234,94.0,1.0,0.0,0.0,0.0,0.0,0.0
41244.0,29.651794339188665,1.5,100.0,100.0,0.0,132.488,96.0,1.0,0.0,0.0,0.0,0.0,0.0
34753.0,28.07004267302332,1.5,100.0,100.0,3.0,119.506,102.0,1.0,0.0,0.0,0.0,0.0,0.0
22468.0,38.451078601287946,1.2630675335638335,79.3533524159761,100.0,4.0,94.936,92.0,1.0,0.0,0.0,1.0,0.0,0.0
25102.0,62.64903143154464,1.5,93.01827698464687,100.0,3.0,100.204,96.0,1.0,0.0,0.0,0.0,0.0,0.0
34120.0,47.491012245572286,1.5,100.0,100.0,2.0,118.24,97.0,1.0,0.0,1.0,0.0,0.0,0.0
52718.0,39.28382461140386,1.5,100.0,100.0,1.0,155.436,109.0,1.0,0.0,0.0,0.0,0.0,0.0
14352.0,53.96862218191569,1.3202896387744831,39.66033972419591,72.71169911331793,1.0,78.70400000000001,179.0,1.0,0.0,0.0,0.0,0.0,0.0
44136.0,35.1720059235104,1.5,100.0,100.0,3.0,138.272,113.0,1.0,0.0,1.0,0.0,0.0,0.0
13359.0,61.14868925073185,1.3043832478932282,53.52325638396525,66.32030655566491,0.0,76.718,201.0,1.0,0.0,0.0,0.0,0.0,0.0
47161.0,20.44747156327655,1.5,100.0,100.0,3.0,144.322,92.0,1.0,0.0,0.0,0.0,0.0,0.0
20220.0,46.94929656252766,1.230809942691856,61.72227380904944,100.0,0.0,90.44,105.0,1.0,0.0,1.0,0.0,0.0,0.0
34125.0,40.47178143936207,1.5,100.0,100.0,2.0,118.25,90.0,1.0,0.0,0.0,0.0,0.0,0.0
21149.0,45.50291235334468,1.384780798490869,67.05756243823457,100.0,1.0,92.298,90.0,1.0,0.0,0.0,0.0,0.0,0.0
25262.0,24.61920561201896,1.5,84.07402958807278,100.0,2.0,100.524,107.0,1.0,0.0,0.0,0.0,0.0,0.0
12003.0,56.95152510130332,1.2698141028108172,38.839606744851125,59.13928256434542,0.0,74.006,202.0,0.0,0.0,1.0,0.0,0.0,0.0
18616.0,54.414946461079865,1.0645142140198616,72.01232006759076,89.15503099016055,3.0,87.232,101.0,0.0,0.0,0.0,0.0,0.0,1.0
47285.0,20.0,1.5,100.0,100.0,5.0,144.57,102.0,0.0,0.0,0.0,1.0,0.0,0.0
39729.0,20.74568550260249,1.5,100.0,100.0,4.0,129.458,104.0,0.0,0.0,0.0,0.0,0.0,0.0
19388.0,28.19962629968574,1.0864166439518257,64.2599136947656,98.74454490152272,0.0,88.77600000000001,94.0,0.0,0.0,0.0,0.0,0.0,0.0
40882.0,33.87578636449791,1.5,100.0,100.0,2.0,131.764,118.0,0.0,0.0,0.0,1.0,0.0,0.0
14098.0,38.6762775603394,1.2869466070015356,53.43647504230813,69.46498545038332,1.0,78.196,193.0,0.0,0.0,0.0,0.0,0.0,0.0
26780.0,30.04777756290163,1.5,98.42677709473983,100.0,1.0,103.56,109.0,0.0,0.0,0.0,0.0,0.0,1.0
20626.0,43.50977307457703,1.1418040643564515,66.36308849107427,100.0,0.0,91.252,104.0,0.0,0.0,0.0,0.0,0.0,0.0
20389.0,60.73255487533813,1.3142534294455004,63.76726655706924,100.0,0.0,90.778,97.0,0.0,0.0,0.0,0.0,0.0,0.0
26068.0,34.78615033679174,1.5,79.68996997339927,100.0,3.0,102.136,114.0,0.0,0.0,0.0,0.0,0.0,0.0
23938.0,56.84253464560505,1.1152114777244908,89.0368518151654,100.0,2.0,97.876,108.0,0.0,1.0,0.0,0.0,0.0,0.0
45895.0,24.03977208797201,1.5,100.0,100.0,2.0,141.79000000000002,91.0,0.0,1.0,0.0,0.0,0.0,0.0
43620.0,42.06965129409205,1.5,100.0,100.0,1.0,137.24,92.0,0.0,0.0,0.0,0.0,0.0,0.0
13009.0,32.48544011239136,1.116029153395255,34.08425929594965,65.35834578972897,1.0,76.018,197.0,0.0,0.0,0.0,1.0,0.0,0.0
27411.0,51.73050641565003,1.5,95.26320499842684,100.0,3.0,104.822,77.0,0.0,0.0,0.0,0.0,1.0,1.0
22255.0,33.1686782369775,1.3481654414928892,83.6528283742051,100.0,2.0,94.51,83.0,0.0,0.0,1.0,0.0,0.0,0.0
8486.0,40.71520459373604,1.1990002195720624,34.62374409942031,40.0992282099912,0.0,66.97200000000001,200.0,0.0,0.0,1.0,0.0,0.0,0.0
30597.0,27.99888369848306,1.5,93.53063098302738,100.0,3.0,111.194,105.0,0.0,0.0,1.0,0.0,0.0,0.0
41150.0,52.348859131328254,1.5,100.0,100.0,2.0,132.3,106.0,0.0,0.0,0.0,0.0,0.0,0.0
35740.0,35.43570607285189,1.5,100.0,100.0,3.0,121.48,89.0,0.0,0.0,1.0,0.0,0.0,0.0
10180.0,32.81295380988478,1.015211673178123,27.10112925366928,52.93335462725435,1.0,70.36,225.0,0.0,0.0,0.0,0.0,0.0,0.0
40311.0,39.1781757927797,1.5,100.0,100.0,0.0,130.622,90.0,0.0,0.0,0.0,1.0,0.0,0.0
25505.0,20.0,1.5,84.14382442940001,100.0,0.0,101.01,97.0,0.0,0.0,1.0,0.0,0.0,0.0
50654.0,33.23404407741648,1.5,100.0,100.0,2.0,151.308,111.0,0.0,0.0,0.0,0.0,0.0,0.0
44548.0,40.8911754358612,1.5,100.0,100.0,1.0,139.096,100.0,0.0,0.0,0.0,0.0,0.0,0.0
27270.0,55.773211873650574,1.5,100.0,100.0,2.0,104.54,87.0,0.0,0.0,0.0,0.0,0.0,0.0
16140.0,56.790371266471325,1.2020107200520334,54.55191565861803,78.6017325293933,0.0,82.28,104.0,0.0,0.0,0.0,0.0,0.0,0.0
38270.0,47.08666715382928,1.5,100.0,100.0,1.0,126.54,82.0,0.0,0.0,0.0,0.0,0.0,0.0
35755.0,44.28130379491381,1.5,100.0,100.0,1.0,121.51,95.0,0.0,0.0,0.0,0.0,0.0,0.0
16170.0,43.05463404387789,1.2477295009623728,62.8084449563904,79.86757124418057,0.0,82.34,92.0,0.0,1.0,0.0,0.0,0.0,0.0
40659.0,36.28859786231581,1.5,100.0,100.0,0.0,131.31799999999998,98.0,0.0,0.0,0.0,0.0,0.0,0.0
36289.0,25.2127896251353,1.5,100.0,100.0,1.0,122.578,98.0,0.0,0.0,1.0,0.0,0.0,0.0
38851.0,38.387249442318,1.5,100.0,100.0,3.0,127.702,104.0,0.0,0.0,1.0,0.0,0.0,0.0
40774.0,20.0,1.5,100.0,100.0,2.0,131.548,89.0,0.0,0.0,0.0,0.0,0.0,0.0
34935.0,31.054630321913145,1.5,100.0,100.0,1.0,119.87,96.0,0.0,1.0,0.0,0.0,0.0,0.0
28157.0,33.09702213652788,1.5,90.34981135399188,100.0,1.0,106.314,119.0,0.0,0.0,0.0,0.0,0.0,0.0
29154.0,54.40818989228657,1.5,95.28037873664373,100.0,1.0,108.308,83.0,0.0,0.0,0.0,0.0,1.0,0.0
32530.0,25.887757267969917,1.5,100.0,100.0,3.0,115.06,90.0,0.0,0.0,0.0,0.0,0.0,0.0
23779.0,51.26785796254879,1.3158301183277976,82.0065869864968,100.0,0.0,97.558,92.0,0.0,0.0,0.0,0.0,1.0,0.0
14170.0,45.0385843003173,1.3156125669651464,44.68564481308529,74.96945089970623,0.0,78.34,201.0,0.0,0.0,0.0,0.0,0.0,0.0
16599.0,52.24230814358703,1.0303553834797452,58.51261278643461,86.03477237821451,1.0,83.19800000000001,101.0,0.0,0.0,0.0,0.0,0.0,0.0
9934.0,37.16695954434493,1.193555483642411,39.88687773137465,47.09262096529227,1.0,69.868,179.0,0.0,0.0,0.0,0.0,0.0,0.0
25065.0,21.259677073772696,1.5,91.79657355471628,100.0,0.0,100.13,103.0,0.0,1.0,0.0,0.0,0.0,0.0
41634.0,25.129676343752152,1.5,100.0,100.0,0.0,133.268,109.0,0.0,0.0,0.0,0.0,0.0,0.0
34459.0,27.250019382219364,1.5,100.0,100.0,4.0,118.918,114.0,0.0,0.0,0.0,0.0,0.0,0.0
26091.0,38.73059621691719,1.5,84.31776909204274,100.0,2.0,102.182,83.0,0.0,0.0,0.0,0.0,0.0,0.0
43430.0,44.55046749024827,1.5,100.0,100.0,1.0,136.86,99.0,1.0,0.0,1.0,0.0,0.0,0.0
21723.0,37.80440511870123,1.073345673160739,70.64709010547993,100.0,3.0,93.446,103.0,1.0,0.0,0.0,0.0,0.0,0.0
15329.0,33.73177966056866,1.0346060528997945,47.5173554864489,75.37979380947857,0.0,80.658,95.0,1.0,0.0,0.0,0.0,0.0,0.0
42875.0,29.78788071708899,1.5,100.0,100.0,3.0,135.75,127.0,1.0,0.0,0.0,0.0,0.0,1.0
51809.0,30.911083640066305,1.5,100.0,100.0,5.0,153.618,125.0,1.0,0.0,0.0,0.0,0.0,0.0
38519.0,33.11859716456688,1.5,100.0,100.0,3.0,127.038,96.0,1.0,0.0,0.0,0.0,0.0,0.0
20737.0,41.04844762216408,1.3807817730507563,71.60039282553359,100.0,3.0,91.474,110.0,1.0,1.0,0.0,0.0,0.0,0.0
21282.0,56.9081679379799,1.004040240924149,67.16819557879025,100.0,1.0,92.564,99.0,1.0,0.0,1.0,0.0,0.0,0.0
15724.0,40.40325356487871,1.3493037525424665,43.244479220443175,76.86724553128599,1.0,81.44800000000001,98.0,1.0,0.0,0.0,0.0,0.0,0.0
38088.0,34.52467704960778,1.5,100.0,100.0,0.0,126.176,112.0,1.0,0.0,0.0,0.0,0.0,0.0
11455.0,55.23881134977163,1.2897847057704572,29.48106924095597,57.51325252498091,1.0,72.91,189.0,1.0,0.0,0.0,0.0,0.0,1.0
57026.0,41.124461311513045,1.5,100.0,100.0,0.0,164.05200000000002,107.0,1.0,0.0,0.0,0.0,0.0,0.0
29119.0,22.379864979670188,1.5,100.0,100.0,1.0,108.238,89.0,1.0,0.0,0.0,0.0,0.0,0.0
41318.0,31.116683310303763,1.5,100.0,100.0,1.0,132.636,96.0,1.0,0.0,0.0,0.0,0.0,0.0
17109.0,26.574120989458876,1.2402646707396434,50.15123059557388,84.87354398055291,0.0,84.218,96.0,1.0,0.0,0.0,0.0,0.0,0.0
24106.0,50.8089401459522,1.088829557847443,74.5498575547894,100.0,1.0,98.212,110.0,0.0,0.0,1.0,0.0,0.0,0.0
24152.0,35.67073798957518,1.0042327570391978,79.82142368571401,100.0,0.0,98.304,97.0,0.0,0.0,0.0,0.0,0.0,0.0
11160.0,43.89830213285733,1.3277946053960212,43.63374054153627,54.1599204083098,0.0,72.32,191.0,0.0,0.0,0.0,1.0,0.0,0.0
43541.0,44.354497436204966,1.5,100.0,100.0,2.0,137.082,101.0,0.0,0.0,0.0,0.0,0.0,0.0
59924.0,33.69586882642742,1.5,100.0,100.0,3.0,169.848,104.0,0.0,0.0,0.0,0.0,1.0,0.0
35381.0,41.74873356970846,1.5,100.0,100.0,1.0,120.762,97.0,0.0,0.0,0.0,0.0,1.0,0.0
26557.0,22.523218554585576,1.5,95.94880370611853,100.0,0.0,103.114,116.0,0.0,0.0,0.0,0.0,0.0,0.0
33013.0,27.27886999420104,1.5,100.0,100.0,1.0,116.026,105.0,0.0,0.0,0.0,0.0,0.0,0.0
23788.0,41.40884404031344,1.2494150673035145,82.01765919394259,100.0,2.0,97.576,89.0,0.0,0.0,0.0,0.0,0.0,0.0
31494.0,28.051216996681624,1.5,95.0530585130387,100.0,2.0,112.988,106.0,0.0,0.0,0.0,0.0,0.0,1.0
13936.0,36.76844549820478,1.0132131237969526,53.36517759083355,64.9436604001628,0.0,77.872,176.0,0.0,0.0,0.0,0.0,0.0,1.0
38288.0,36.60479880535099,1.5,100.0,100.0,2.0,126.576,99.0,0.0,1.0,0.0,0.0,0.0,0.0
32720.0,40.22308555358297,1.5,100.0,100.0,1.0,115.44,103.0,0.0,0.0,0.0,0.0,0.0,0.0
30730.0,24.88813049615542,1.5,100.0,100.0,3.0,111.46,100.0,0.0,0.0,1.0,0.0,0.0,0.0
45187.0,37.03543171929119,1.5,100.0,100.0,3.0,140.374,91.0,0.0,0.0,1.0,0.0,0.0,0.0
13038.0,58.06453506825694,1.082062469490995,37.996485412943166,64.92928889014529,0.0,76.076,170.0,0.0,0.0,0.0,0.0,0.0,1.0
23004.0,38.43696222149558,1.133571597520512,83.91379794362653,100.0,3.0,96.008,98.0,0.0,0.0,1.0,0.0,0.0,0.0
35327.0,31.572807679468674,1.5,100.0,100.0,1.0,120.654,88.0,0.0,0.0,0.0,0.0,0.0,0.0
36561.0,46.21082149351284,1.5,100.0,100.0,3.0,123.122,97.0,0.0,0.0,0.0,0.0,0.0,0.0
15615.0,54.32529485846536,1.354726331274117,53.15038038237908,75.86937007411761,1.0,81.23,111.0,0.0,0.0,0.0,0.0,0.0,0.0
24452.0,51.63309492084395,1.2168389101639587,84.26050083969439,100.0,0.0,98.904,97.0,0.0,0.0,0.0,0.0,0.0,0.0
38671.0,20.0,1.5,100.0,100.0,4.0,127.342,106.0,0.0,0.0,0.0,0.0,0.0,0.0
22341.0,60.42758056101036,1.2892088186834687,68.49935625940422,100.0,1.0,94.682,105.0,0.0,0.0,0.0,0.0,0.0,0.0
15827.0,61.34345357901938,1.0128021526748952,58.39409606164747,78.48537463052149,1.0,81.654,101.0,0.0,0.0,0.0,0.0,0.0,0.0
29832.0,34.76584377867176,1.5,97.61546644263493,100.0,1.0,109.664,116.0,0.0,0.0,0.0,1.0,0.0,0.0
11838.0,49.38896929523789,1.3110462009171109,47.86178599704464,56.23020436277796,2.0,73.676,182.0,0.0,0.0,0.0,0.0,0.0,0.0
40620.0,37.01057414567522,1.5,100.0,100.0,2.0,131.24,109.0,0.0,0.0,0.0,0.0,0.0,0.0
38704.0,43.581958262129575,1.5,100.0,100.0,3.0,127.408,97.0,0.0,0.0,1.0,0.0,0.0,0.0
33465.0,60.23343348571573,1.5,100.0,100.0,1.0,116.93,93.0,0.0,0.0,1.0,0.0,0.0,0.0
35273.0,31.25743962473209,1.5,100.0,100.0,1.0,120.546,104.0,0.0,1.0,0.0,0.0,0.0,0.0
47449.0,24.939247045033177,1.5,100.0,100.0,3.0,144.898,95.0,0.0,0.0,0.0,0.0,0.0,0.0
18409.0,43.73573400992209,1.1834252350802923,58.08297263439746,94.4573150060636,2.0,86.818,96.0,0.0,0.0,1.0,0.0,0.0,0.0
45897.0,41.893746134047376,1.5,100.0,100.0,1.0,141.79399999999998,96.0,0.0,0.0,0.0,0.0,0.0,0.0
41455.0,33.660472749583526,1.5,100.0,100.0,1.0,132.91,90.0,0.0,0.0,0.0,0.0,0.0,0.0
39964.0,27.463006284369577,1.5,100.0,100.0,1.0,129.928,83.0,0.0,0.0,0.0,0.0,0.0,0.0
42662.0,40.31823433363456,1.5,100.0,100.0,2.0,135.324,115.0,0.0,0.0,0.0,0.0,0.0,0.0
9935.0,31.720309305707584,1.1525154829500894,26.09659010493827,48.62055425179358,0.0,69.87,166.0,0.0,0.0,1.0,0.0,0.0,0.0
20527.0,48.29541155152203,1.157300659439493,70.18649537387908,98.56711160164164,2.0,91.054,106.0,0.0,0.0,0.0,0.0,0.0,0.0
24943.0,42.44218661083437,1.1911624702894474,77.83484001601902,100.0,2.0,99.886,99.0,0.0,0.0,0.0,0.0,0.0,0.0
24139.0,37.68419158414687,1.1817046115239591,73.93117893147134,100.0,1.0,98.278,90.0,0.0,0.0,0.0,0.0,1.0,0.0
26781.0,38.12358492548875,1.5,96.1664010857745,100.0,3.0,103.562,81.0,0.0,0.0,1.0,0.0,0.0,0.0
13298.0,47.91503130283091,1.1516399025881192,46.90049128956871,64.33911336575129,0.0,76.596,213.0,0.0,0.0,0.0,0.0,0.0,0.0
59850.0,40.37606348847432,1.5,100.0,100.0,1.0,169.7,101.0,0.0,0.0,1.0,0.0,0.0,0.0
66055.0,39.3436668475792,1.5,100.0,100.0,1.0,182.11,83.0,0.0,0.0,0.0,0.0,0.0,0.0
13810.0,44.13205377122557,1.3633464662934287,46.04138278111964,68.76494557515402,1.0,77.62,185.0,0.0,0.0,0.0,0.0,0.0,0.0
13530.0,58.63424732252243,1.1588261774245034,54.76364583661216,62.75199352869294,0.0,77.06,207.0,0.0,0.0,0.0,0.0,1.0,0.0
20076.0,40.78811753680798,1.0846703080011766,75.85441556105889,95.8157908901126,6.0,90.152,107.0,0.0,0.0,0.0,1.0,0.0,0.0
29504.0,21.192832203947617,1.5,98.8217153170374,100.0,2.0,109.008,104.0,0.0,0.0,1.0,0.0,0.0,0.0
19516.0,50.009521764188506,1.0329757116644234,66.30843787213257,97.41000773305127,1.0,89.032,117.0,0.0,0.0,0.0,0.0,0.0,0.0
24589.0,56.52336923812146,1.2713145896962863,84.04276887638366,100.0,2.0,99.178,111.0,1.0,0.0,0.0,0.0,0.0,0.0
37688.0,51.56774369522968,1.5,100.0,100.0,3.0,125.376,93.0,1.0,0.0,0.0,0.0,0.0,0.0
7382.0,50.825425982216245,1.065756760444676,18.777419297610194,34.171310127398286,1.0,64.764,198.0,1.0,1.0,0.0,0.0,0.0,0.0
15465.0,63.02945662838716,1.1736979687962634,45.58103981415682,78.56843214819449,0.0,80.93,84.0,1.0,0.0,1.0,0.0,0.0,0.0
39254.0,27.05612824753985,1.5,100.0,100.0,3.0,128.50799999999998,115.0,1.0,0.0,0.0,0.0,0.0,0.0
40230.0,35.13051119874597,1.5,100.0,100.0,1.0,130.45999999999998,115.0,1.0,0.0,0.0,0.0,0.0,0.0
14755.0,53.97248832960096,1.083840528499958,48.51307602670514,69.65418131645058,0.0,79.51,173.0,1.0,0.0,0.0,0.0,0.0,0.0
22551.0,39.56478404050237,1.1405774265285642,68.90426396912386,100.0,1.0,95.102,105.0,1.0,0.0,1.0,0.0,0.0,0.0
21858.0,52.38053806197743,1.3870977028773197,73.4750281607093,100.0,3.0,93.716,115.0,1.0,0.0,0.0,0.0,0.0,0.0
24569.0,32.40266578840018,1.1390129582362454,82.05588318889436,100.0,2.0,99.138,105.0,1.0,0.0,0.0,0.0,0.0,0.0
6813.0,34.74182346158994,1.2867854338925493,22.2009771821907,31.978278033335837,0.0,63.626,190.0,1.0,0.0,0.0,0.0,0.0,0.0
29254.0,23.570382070321983,1.5,91.15415557078477,100.0,1.0,108.508,109.0,1.0,0.0,0.0,0.0,0.0,1.0
30103.0,42.53687609365563,1.5,100.0,100.0,1.0,110.206,97.0,1.0,0.0,0.0,0.0,0.0,0.0
12983.0,39.39053295016594,1.1982911291058105,52.31696757168837,69.40384947179024,0.0,75.96600000000001,204.0,1.0,0.0,0.0,0.0,0.0,0.0
24747.0,54.07769998868276,1.1932489963808128,83.36030110095858,100.0,4.0,99.494,95.0,1.0,0.0,0.0,0.0,0.0,0.0
23069.0,43.72814640428856,1.0318139705382297,75.53933207958254,100.0,1.0,96.138,97.0,1.0,0.0,0.0,0.0,0.0,0.0
14457.0,37.2394369577262,1.327829442156935,58.126224062299855,69.09610371434462,1.0,78.914,202.0,1.0,0.0,0.0,0.0,1.0,0.0
35716.0,30.976837094909765,1.5,100.0,100.0,2.0,121.432,96.0,1.0,0.0,0.0,0.0,0.0,0.0
27136.0,21.875692142168266,1.5,84.68290403620405,100.0,3.0,104.272,92.0,1.0,1.0,0.0,0.0,0.0,0.0
14771.0,50.939218868526,1.0649981296112363,46.95592522722136,78.58793781915578,0.0,79.542,204.0,1.0,0.0,0.0,0.0,0.0,1.0
27038.0,28.918183625060145,1.5,89.39515905448435,100.0,1.0,104.076,99.0,0.0,0.0,0.0,0.0,0.0,0.0
19430.0,46.03396580525975,1.0153022802608302,62.78324733427536,100.0,0.0,88.86,109.0,0.0,0.0,1.0,0.0,0.0,0.0
18348.0,63.66838112897187,1.0842178656628187,70.22557075703304,94.29391713109044,2.0,86.696,102.0,0.0,0.0,0.0,0.0,0.0,0.0
35875.0,37.06297739137912,1.5,100.0,100.0,2.0,121.75,100.0,0.0,0.0,0.0,0.0,0.0,0.0
44103.0,29.360443904234632,1.5,100.0,100.0,1.0,138.20600000000002,91.0,0.0,0.0,0.0,0.0,0.0,0.0
38326.0,36.14146669379887,1.5,100.0,100.0,3.0,126.652,84.0,0.0,0.0,1.0,0.0,0.0,0.0
27451.0,36.19192096019003,1.5,90.14263781979224,100.0,2.0,104.902,106.0,0.0,0.0,0.0,0.0,0.0,0.0
25974.0,29.77390628781196,1.5,84.91153381453397,100.0,2.0,101.948,118.0,0.0,0.0,0.0,0.0,0.0,0.0
18713.0,35.150671317367056,1.1295572236150315,55.488152202091264,91.66452230065327,1.0,87.426,108.0,0.0,1.0,0.0,0.0,0.0,0.0
35323.0,27.90245517598741,1.5,100.0,100.0,3.0,120.646,84.0,0.0,0.0,0.0,0.0,1.0,0.0
44821.0,25.6198755328676,1.5,100.0,100.0,3.0,139.642,91.0,0.0,0.0,0.0,0.0,0.0,0.0
25703.0,39.62106234289024,1.5,95.02008151049668,100.0,4.0,101.406,102.0,0.0,0.0,0.0,0.0,0.0,0.0
29681.0,30.792817230252457,1.5,89.13126614201147,100.0,4.0,109.362,79.0,0.0,1.0,0.0,0.0,0.0,1.0
29144.0,36.00225479160089,1.5,100.0,100.0,2.0,108.288,113.0,0.0,0.0,0.0,0.0,0.0,0.0
33882.0,35.10958187625097,1.5,100.0,100.0,1.0,117.764,95.0,0.0,0.0,0.0,0.0,1.0,0.0
13000.0,38.9637383386557,1.2437255495695485,39.58119338448606,60.99129820383051,1.0,76.0,185.0,0.0,0.0,0.0,0.0,0.0,0.0
21256.0,40.95004936891562,1.288300230862227,67.59553240783143,100.0,0.0,92.512,112.0,0.0,0.0,0.0,0.0,0.0,1.0
9509.0,66.66449128316361,1.3668051267146295,30.956820202553423,48.96806705444302,0.0,69.018,176.0,0.0,1.0,0.0,0.0,0.0,0.0
36016.0,33.213085533567465,1.5,100.0,100.0,3.0,122.032,95.0,0.0,0.0,1.0,0.0,0.0,0.0
10347.0,36.3171862606867,1.1485058138893691,35.6719788175021,47.03913523221448,0.0,70.694,186.0,0.0,0.0,0.0,0.0,0.0,0.0
9585.0,37.6514023830385,1.1146152322849554,22.02461829556226,48.495674354390914,1.0,69.17,206.0,0.0,1.0,0.0,0.0,0.0,0.0
32097.0,45.27859348270482,1.5,100.0,100.0,1.0,114.194,100.0,0.0,0.0,0.0,0.0,0.0,0.0
6323.0,33.91365496149921,1.2635360814959933,24.01789070404488,28.146623201077453,1.0,62.646,201.0,0.0,0.0,0.0,1.0,0.0,0.0
49285.0,31.05407884131217,1.5,100.0,100.0,0.0,148.57,106.0,0.0,0.0,0.0,0.0,0.0,1.0
53004.0,31.791010021945173,1.5,100.0,100.0,1.0,156.00799999999998,103.0,0.0,0.0,0.0,0.0,0.0,0.0
29390.0,30.436440726478917,1.5,100.0,100.0,4.0,108.78,101.0,0.0,0.0,0.0,0.0,0.0,0.0
32279.0,38.1141342573396,1.5,100.0,100.0,2.0,114.558,91.0,0.0,0.0,0.0,0.0,0.0,0.0
12682.0,45.450189915923225,1.378113666982144,39.51486783516699,63.30287965784152,0.0,75.364,205.0,0.0,0.0,0.0,0.0,0.0,0.0
32680.0,27.744617394384605,1.5,100.0,100.0,5.0,115.36,108.0,0.0,0.0,1.0,0.0,0.0,0.0
34130.0,20.0,1.5,100.0,100.0,2.0,118.26,113.0,0.0,0.0,0.0,0.0,0.0,0.0
16199.0,42.44439214289815,1.127562382822334,60.51450102156085,84.46846065530626,1.0,82.398,93.0,0.0,0.0,0.0,0.0,0.0,0.0
45122.0,34.33809552874244,1.5,100.0,100.0,2.0,140.244,107.0,0.0,0.0,0.0,0.0,0.0,0.0
44066.0,39.68182185939466,1.5,100.0,100.0,4.0,138.132,107.0,0.0,0.0,0.0,0.0,0.0,0.0
37019.0,33.99114676536517,1.5,100.0,100.0,1.0,124.038,94.0,0.0,0.0,1.0,0.0,0.0,0.0
57347.0,26.78877190582312,1.5,100.0,100.0,1.0,164.69400000000002,94.0,0.0,0.0,1.0,0.0,0.0,0.0
25516.0,44.04232403906887,1.5,82.76207280525314,100.0,2.0,101.032,111.0,0.0,0.0,0.0,0.0,0.0,0.0
25095.0,31.680257621404326,1.5,78.85454072136115,100.0,4.0,100.19,100.0,0.0,0.0,1.0,0.0,0.0,0.0
35408.0,39.05674474911667,1.5,100.0,100.0,4.0,120.816,101.0,0.0,0.0,0.0,0.0,0.0,0.0
28595.0,20.0,1.5,91.62973930554551,100.0,1.0,107.19,90.0,0.0,0.0,0.0,0.0,0.0,0.0
15311.0,52.334722675905695,1.139905085746498,46.36021191832975,81.23074359542557,0.0,80.622,130.0,0.0,0.0,0.0,0.0,0.0,0.0
44659.0,25.51565217623426,1.5,100.0,100.0,0.0,139.31799999999998,92.0,0.0,0.0,0.0,0.0,0.0,0.0
46871.0,38.51742428366356,1.5,100.0,100.0,3.0,143.74200000000002,99.0,0.0,0.0,0.0,1.0,0.0,1.0
26671.0,44.8759218424679,1.5,79.69015961440931,100.0,4.0,103.342,95.0,0.0,0.0,0.0,0.0,0.0,0.0
10706.0,37.230133917855376,1.241134722920319,36.45822997992728,51.33519935474755,0.0,71.412,191.0,0.0,0.0,0.0,0.0,1.0,1.0
31631.0,44.26744183502547,1.5,100.0,100.0,3.0,113.262,104.0,0.0,0.0,0.0,0.0,0.0,0.0
6936.0,44.0577024368296,1.3043216850537789,15.057882633667468,38.00725025490701,0.0,63.872,218.0,0.0,1.0,0.0,0.0,0.0,1.0
26182.0,36.11014700282056,1.5,88.12694228356216,100.0,4.0,102.364,113.0,1.0,0.0,1.0,0.0,0.0,0.0
33423.0,41.61631481210649,1.5,100.0,100.0,4.0,116.846,95.0,1.0,0.0,0.0,0.0,0.0,0.0
15407.0,58.23565770420703,1.0009485587817564,42.089535879854594,76.98535144938178,1.0,80.814,103.0,1.0,0.0,0.0,0.0,0.0,0.0
29281.0,33.759031731102326,1.5,99.21867785288607,100.0,2.0,108.562,110.0,1.0,0.0,0.0,0.0,0.0,0.0
48832.0,33.96383354002583,1.5,100.0,100.0,2.0,147.664,90.0,1.0,0.0,0.0,0.0,0.0,0.0
52201.0,27.310636883419303,1.5,100.0,100.0,3.0,154.402,82.0,1.0,0.0,0.0,0.0,0.0,0.0
31563.0,27.20616933140045,1.5,100.0,100.0,3.0,113.126,106.0,1.0,0.0,0.0,0.0,0.0,0.0
17222.0,49.53298374341481,1.2906665590821491,51.92272472310863,81.9914631719481,2.0,84.444,108.0,1.0,0.0,1.0,0.0,0.0,0.0
9225.0,47.90620971705493,1.2202679644334051,35.17249910002118,45.19585426227278,0.0,68.45,225.0,1.0,0.0,1.0,0.0,0.0,0.0
49820.0,40.437918577045615,1.5,100.0,100.0,2.0,149.64,89.0,1.0,1.0,0.0,0.0,0.0,0.0
37195.0,20.0,1.5,100.0,100.0,1.0,124.39,98.0,1.0,0.0,0.0,0.0,0.0,0.0
17473.0,49.97563860869096,1.138740926369474,55.38672336182915,90.09588460403442,1.0,84.946,105.0,1.0,0.0,1.0,0.0,0.0,0.0
25888.0,39.02336642748429,1.5,80.5692842198142,100.0,2.0,101.776,92.0,1.0,0.0,0.0,0.0,0.0,0.0
36506.0,36.26968412815883,1.5,100.0,100.0,5.0,123.012,112.0,1.0,0.0,0.0,0.0,0.0,0.0
28206.0,41.00512844363843,1.5,85.78412525508708,100.0,1.0,106.412,85.0,1.0,0.0,0.0,0.0,0.0,0.0
28225.0,26.50791424062708,1.5,89.17940070930486,100.0,3.0,106.45,120.0,1.0,0.0,0.0,1.0,0.0,0.0
25055.0,23.10574355294041,1.5,78.96033240860784,100.0,3.0,100.11,82.0,0.0,0.0,0.0,0.0,0.0,0.0
17718.0,47.444226107915945,1.0726355265697265,49.49610012502387,92.42841731187733,1.0,85.436,115.0,0.0,0.0,1.0,0.0,0.0,0.0
49631.0,41.67108991929203,1.5,100.0,100.0,3.0,149.262,103.0,0.0,0.0,1.0,0.0,0.0,0.0
31265.0,32.507826871626705,1.5,100.0,100.0,2.0,112.53,95.0,0.0,0.0,0.0,0.0,0.0,0.0
38118.0,62.13266845469296,1.5,100.0,100.0,3.0,126.236,91.0,0.0,0.0,0.0,0.0,0.0,0.0
17266.0,68.21068510688198,1.282164777145174,59.90882493994776,87.00408678483959,2.0,84.532,94.0,0.0,0.0,0.0,0.0,0.0,0.0
19367.0,34.464074852796166,1.090070526183596,63.095082746378736,99.02385703886104,1.0,88.73400000000001,123.0,0.0,0.0,0.0,0.0,0.0,0.0
7083.0,38.66302533222508,1.224757563866394,27.73947634165216,31.732411315956966,0.0,64.166,204.0,0.0,0.0,1.0,0.0,0.0,0.0
24218.0,59.934177143063415,1.1005234587826394,83.86007346169984,100.0,2.0,98.436,119.0,0.0,0.0,0.0,0.0,0.0,0.0
46404.0,50.3941796003272,1.5,100.0,100.0,2.0,142.808,94.0,0.0,0.0,0.0,0.0,0.0,0.0
30655.0,20.34187087324298,1.5,100.0,100.0,1.0,111.31,88.0,0.0,0.0,0.0,1.0,0.0,0.0
17385.0,52.77187880755034,1.1013094375699106,57.77133799118271,90.8921209820731,0.0,84.77000000000001,100.0,0.0,0.0,0.0,1.0,0.0,0.0
25071.0,27.98385448848465,1.5,91.97108501015391,100.0,4.0,100.142,109.0,0.0,0.0,0.0,0.0,0.0,0.0
38647.0,20.0,1.5,100.0,100.0,0.0,127.294,97.0,0.0,0.0,0.0,0.0,0.0,0.0
11864.0,41.05003156368,1.1030566018502417,36.06199360597948,62.28870424538637,1.0,73.72800000000001,192.0,0.0,0.0,0.0,0.0,0.0,0.0
18068.0,49.67738747977797,1.2585280320678405,68.37901053787404,87.9421469022216,0.0,86.136,99.0,0.0,0.0,0.0,0.0,0.0,0.0
6259.0,49.50783310133711,1.289459608836819,15.5542931850724,36.2156210878269,0.0,62.518,204.0,0.0,0.0,0.0,0.0,0.0,0.0
19103.0,35.41925122686447,1.3832847525345686,56.78093851230659,93.05909759481956,0.0,88.206,108.0,0.0,0.0,0.0,0.0,1.0,0.0
39999.0,43.14167379619858,1.5,100.0,100.0,2.0,129.998,105.0,0.0,0.0,0.0,0.0,0.0,0.0
43505.0,44.23510469006716,1.5,100.0,100.0,0.0,137.01,103.0,0.0,0.0,1.0,0.0,0.0,0.0
16164.0,35.127757659110934,1.2029695565243868,53.64179994699457,77.3441039844994,0.0,82.328,79.0,0.0,0.0,0.0,0.0,0.0,0.0
19217.0,36.30717416073821,1.3826937953107374,63.46740383366862,93.08933678612205,1.0,88.434,103.0,0.0,0.0,0.0,0.0,0.0,0.0
37594.0,37.89390472369446,1.5,100.0,100.0,1.0,125.188,97.0,0.0,0.0,0.0,0.0,0.0,0.0
27797.0,47.52020739211078,1.5,92.02999823698327,100.0,1.0,105.594,108.0,0.0,0.0,0.0,0.0,1.0,0.0
29197.0,40.31408067312779,1.5,92.43081500183628,100.0,3.0,108.394,97.0,0.0,0.0,0.0,1.0,0.0,0.0
36081.0,35.602888843349085,1.5,100.0,100.0,2.0,122.162,99.0,0.0,0.0,0.0,0.0,0.0,0.0
40111.0,42.77889373758953,1.5,100.0,100.0,2.0,130.22199999999998,99.0,0.0,0.0,1.0,0.0,0.0,0.0
20520.0,48.83328058595975,1.3347650701741107,74.11082474549998,100.0,0.0,91.04,94.0,0.0,0.0,0.0,0.0,0.0,0.0
33572.0,57.9452950863024,1.5,100.0,100.0,6.0,117.144,108.0,0.0,0.0,0.0,0.0,0.0,0.0
7189.0,57.195441913761535,1.17151584303262,25.20438161232053,32.047511658709915,0.0,64.378,167.0,0.0,0.0,0.0,0.0,0.0,0.0
23675.0,67.41580503237151,1.3259285980913804,86.06315768605924,100.0,0.0,97.35,107.0,0.0,0.0,0.0,0.0,0.0,0.0
30811.0,36.325116974386624,1.5,100.0,100.0,2.0,111.622,102.0,0.0,0.0,0.0,1.0,0.0,0.0
51972.0,25.834800829936043,1.5,100.0,100.0,2.0,153.94400000000002,89.0,0.0,0.0,1.0,0.0,0.0,0.0
6139.0,43.7190724684314,1.1262914385880596,11.265104353201584,28.10477283014,0.0,62.278,183.0,0.0,0.0,0.0,0.0,0.0,0.0
41992.0,25.548706807373165,1.5,100.0,100.0,3.0,133.98399999999998,93.0,0.0,0.0,0.0,0.0,0.0,1.0
32220.0,30.81580525552866,1.5,100.0,100.0,0.0,114.44,115.0,0.0,0.0,0.0,0.0,0.0,0.0
31682.0,37.46309120321804,1.5,100.0,100.0,3.0,113.364,107.0,0.0,1.0,0.0,0.0,0.0,0.0
39494.0,20.0,1.5,100.0,100.0,0.0,128.988,103.0,0.0,0.0,1.0,0.0,0.0,0.0
9066.0,39.43307860590223,1.3176336827844215,29.16533960368461,49.731673190653765,1.0,68.132,195.0,0.0,0.0,0.0,0.0,0.0,0.0
44958.0,34.11550095624775,1.5,100.0,100.0,2.0,139.916,88.0,0.0,0.0,0.0,0.0,0.0,1.0
27670.0,28.823308174095104,1.5,91.21226640543324,100.0,2.0,105.34,110.0,0.0,0.0,0.0,0.0,0.0,0.0
49849.0,41.80166807005427,1.5,100.0,100.0,3.0,149.69799999999998,131.0,0.0,0.0,0.0,0.0,0.0,0.0
54667.0,20.97154157377568,1.5,100.0,100.0,3.0,159.334,113.0,0.0,0.0,0.0,1.0,0.0,0.0
28173.0,42.346056627087286,1.5,100.0,100.0,1.0,106.346,106.0,0.0,0.0,0.0,0.0,0.0,1.0
26105.0,34.97881488314489,1.5,88.85482250057927,100.0,3.0,102.21,79.0,0.0,0.0,0.0,0.0,0.0,0.0
22963.0,38.49963820299031,1.1794856211743174,67.46772383264455,100.0,2.0,95.926,101.0,0.0,1.0,0.0,0.0,0.0,0.0
32664.0,42.40714465961885,1.5,100.0,100.0,2.0,115.328,94.0,1.0,0.0,1.0,0.0,0.0,0.0
34904.0,27.61260292850969,1.5,100.0,100.0,1.0,119.808,108.0,1.0,0.0,1.0,0.0,0.0,0.0
16318.0,55.13603911034224,1.200493892813066,60.08532038498856,82.1230854595088,1.0,82.636,89.0,1.0,1.0,0.0,0.0,0.0,0.0
29627.0,26.272925936094666,1.5,96.32836992880956,100.0,2.0,109.254,82.0,1.0,0.0,0.0,0.0,0.0,0.0
65332.0,21.89257109444513,1.5,100.0,100.0,6.0,180.664,125.0,1.0,0.0,0.0,0.0,0.0,0.0
34717.0,23.460346019574395,1.5,100.0,100.0,2.0,119.434,102.0,1.0,1.0,0.0,0.0,0.0,0.0
44464.0,40.77844528367435,1.5,100.0,100.0,3.0,138.928,101.0,1.0,0.0,0.0,0.0,0.0,0.0
20196.0,44.35891771123397,1.2752936029145927,69.657627195349,100.0,1.0,90.392,102.0,1.0,0.0,0.0,0.0,0.0,0.0
10156.0,25.346293413341744,1.324722180467221,27.48468366048092,48.53111163099174,0.0,70.312,189.0,1.0,0.0,0.0,0.0,0.0,0.0
13148.0,42.54072960923416,1.040281646986886,52.71389865329977,63.82590370764987,0.0,76.29599999999999,192.0,1.0,1.0,0.0,0.0,0.0,0.0
28441.0,32.62464177824096,1.5,91.10060084144108,100.0,1.0,106.882,97.0,1.0,0.0,0.0,0.0,0.0,0.0
14553.0,31.46387407104682,1.0379319656974315,55.32627345609221,74.52518497956773,0.0,79.106,184.0,1.0,0.0,0.0,0.0,0.0,0.0
35341.0,46.33435722174053,1.5,100.0,100.0,2.0,120.682,89.0,1.0,0.0,0.0,0.0,0.0,0.0
33997.0,49.1665950980639,1.5,100.0,100.0,4.0,117.994,105.0,1.0,0.0,0.0,0.0,0.0,0.0
21002.0,31.85974701378204,1.2778258810764038,61.92709995934989,100.0,1.0,92.004,93.0,1.0,0.0,0.0,1.0,0.0,0.0
38708.0,57.26314397286565,1.5,100.0,100.0,1.0,127.416,93.0,1.0,1.0,0.0,0.0,0.0,0.0
21531.0,27.854927088365304,1.1251183572825174,66.12475098038287,100.0,0.0,93.062,95.0,0.0,0.0,1.0,0.0,0.0,0.0
27609.0,32.66944802963685,1.5,97.51240765188108,100.0,1.0,105.218,105.0,0.0,0.0,0.0,0.0,0.0,0.0
12518.0,56.85501636168577,1.178671992253102,49.02321401886044,60.788435055058585,0.0,75.036,197.0,0.0,1.0,0.0,0.0,0.0,0.0
33196.0,28.433046684427097,1.5,100.0,100.0,0.0,116.392,99.0,0.0,1.0,0.0,0.0,0.0,0.0
32717.0,46.64927236795503,1.5,100.0,100.0,3.0,115.434,101.0,0.0,0.0,0.0,0.0,0.0,0.0
12361.0,34.01967323839922,1.1981946101063947,36.12848039315174,66.2343528073413,1.0,74.72200000000001,197.0,0.0,0.0,0.0,0.0,0.0,0.0
53813.0,39.54517040278295,1.5,100.0,100.0,3.0,157.626,83.0,0.0,0.0,0.0,0.0,0.0,0.0
26434.0,42.429739600131,1.5,80.65490971667677,100.0,3.0,102.868,105.0,0.0,0.0,0.0,0.0,0.0,0.0
22224.0,72.72611283105618,1.1849542681969472,79.31245586433397,100.0,2.0,94.448,112.0,0.0,0.0,0.0,0.0,0.0,0.0
33876.0,23.649264166175197,1.5,100.0,100.0,2.0,117.752,94.0,0.0,0.0,0.0,0.0,0.0,0.0
20131.0,60.19873966437896,1.2758295270179618,58.43967147777703,100.0,0.0,90.262,91.0,0.0,0.0,1.0,0.0,0.0,0.0
20467.0,35.63618993881921,1.375487866605362,77.1260630470834,100.0,1.0,90.934,115.0,0.0,0.0,0.0,0.0,0.0,0.0
35549.0,42.79297465342529,1.5,100.0,100.0,5.0,121.098,86.0,0.0,0.0,0.0,0.0,0.0,0.0
27807.0,27.741987801283177,1.5,85.80463273275167,100.0,2.0,105.614,119.0,0.0,0.0,0.0,0.0,0.0,0.0
13543.0,45.344824653239314,1.0083125531397794,41.6850521307473,70.95815769088452,0.0,77.086,228.0,0.0,1.0,0.0,0.0,0.0,0.0
32788.0,39.04916661151096,1.5,100.0,100.0,3.0,115.576,102.0,0.0,0.0,0.0,1.0,0.0,0.0
14680.0,40.48553731967968,1.0889237442757704,45.48676191889999,68.94416418077121,1.0,79.36,179.0,0.0,1.0,0.0,0.0,0.0,0.0
49010.0,32.10924271026964,1.5,100.0,100.0,4.0,148.01999999999998,109.0,0.0,0.0,0.0,0.0,0.0,1.0
14729.0,36.169229244849966,1.3823354768277811,46.41477912444212,74.29241470225807,0.0,79.458,195.0,0.0,0.0,0.0,0.0,0.0,0.0
12465.0,43.2430955711099,1.2799981930873303,49.18686126109604,66.46246499876833,1.0,74.93,209.0,0.0,1.0,0.0,0.0,0.0,0.0
12452.0,33.51912490705957,1.213093427438649,41.2175066277488,65.79168487192054,0.0,74.904,193.0,0.0,0.0,0.0,0.0,0.0,0.0
39383.0,40.90837887964899,1.5,100.0,100.0,2.0,128.76600000000002,107.0,0.0,0.0,0.0,0.0,0.0,1.0
39355.0,42.2618496018745,1.5,100.0,100.0,1.0,128.70999999999998,112.0,0.0,0.0,0.0,0.0,0.0,1.0
31608.0,28.65310758051438,1.5,99.05849564321235,100.0,3.0,113.216,105.0,0.0,0.0,0.0,0.0,0.0,0.0
26406.0,32.579785588870635,1.5,81.91540093936199,100.0,1.0,102.812,94.0,0.0,0.0,0.0,0.0,1.0,0.0
22217.0,43.77183223452415,1.3447427510654415,82.0963241817761,100.0,4.0,94.434,94.0,0.0,0.0,0.0,0.0,0.0,0.0
15585.0,41.34231581833601,1.0204016593549798,42.94872319647753,78.4428254836931,0.0,81.17,109.0,0.0,0.0,0.0,0.0,0.0,0.0
32376.0,36.81103999399022,1.5,100.0,100.0,2.0,114.752,105.0,0.0,0.0,0.0,0.0,0.0,0.0
23047.0,53.58077556163597,1.2620777295695285,83.80638653827296,100.0,0.0,96.094,91.0,0.0,0.0,0.0,0.0,0.0,0.0
29580.0,20.940467911523783,1.5,100.0,100.0,3.0,109.16,97.0,0.0,0.0,0.0,0.0,0.0,0.0
51743.0,32.924923033830794,1.5,100.0,100.0,7.0,153.486,110.0,0.0,0.0,0.0,0.0,0.0,0.0
12593.0,31.51750541775518,1.282643552889647,46.75345219283824,61.66623195540042,1.0,75.186,211.0,0.0,0.0,1.0,0.0,0.0,0.0
4233.0,49.87104373361179,1.3843817292302285,21.163531848241146,24.198077478272527,3.0,58.466,206.0,0.0,0.0,0.0,0.0,0.0,0.0
39413.0,38.70885938987183,1.5,100.0,100.0,1.0,128.826,107.0,0.0,0.0,1.0,0.0,0.0,0.0
12872.0,54.60051095508882,1.0711485719724945,37.69299902077183,67.84239078329648,0.0,75.744,193.0,0.0,0.0,0.0,0.0,0.0,0.0
24582.0,30.10666382049715,1.1868553351037845,83.89176047125126,100.0,3.0,99.164,100.0,0.0,0.0,0.0,1.0,0.0,0.0
37615.0,51.27919635447948,1.5,100.0,100.0,1.0,125.23,95.0,0.0,0.0,0.0,0.0,0.0,0.0
10106.0,40.91844432065154,1.0278122304496564,25.112444108829,49.78439506010728,0.0,70.212,187.0,0.0,0.0,0.0,0.0,0.0,1.0
33226.0,35.73474971408234,1.5,100.0,100.0,3.0,116.452,95.0,0.0,0.0,0.0,0.0,0.0,0.0
35292.0,20.0,1.5,100.0,100.0,0.0,120.584,103.0,0.0,0.0,0.0,0.0,0.0,0.0
25403.0,29.30727309068376,1.5,92.86726604538774,100.0,1.0,100.806,103.0,0.0,0.0,0.0,0.0,0.0,0.0
35801.0,38.88512257460163,1.5,100.0,100.0,2.0,121.602,88.0,0.0,0.0,0.0,1.0,0.0,0.0
56293.0,26.03883495517838,1.5,100.0,100.0,3.0,162.586,96.0,0.0,0.0,0.0,0.0,0.0,0.0
13920.0,43.499202343507584,1.1791942516042389,54.62784061576152,67.41834585929077,3.0,77.84,210.0,0.0,0.0,0.0,0.0,0.0,0.0
39674.0,50.71870825305725,1.5,100.0,100.0,2.0,129.348,103.0,0.0,0.0,0.0,1.0,0.0,0.0
20022.0,36.808216870874325,1.2735434372599823,59.99278521859511,99.3244362495466,0.0,90.044,107.0,0.0,1.0,0.0,0.0,0.0,0.0
49899.0,39.4956692844401,1.5,100.0,100.0,2.0,149.798,107.0,0.0,0.0,0.0,0.0,0.0,0.0
37244.0,34.88303743547411,1.5,100.0,100.0,1.0,124.488,111.0,0.0,0.0,0.0,0.0,0.0,0.0
35404.0,29.2955273082563,1.5,100.0,100.0,2.0,120.808,102.0,0.0,0.0,0.0,0.0,0.0,0.0
29322.0,41.76536337338775,1.5,100.0,100.0,2.0,108.644,94.0,0.0,0.0,0.0,0.0,1.0,0.0
51311.0,53.4624452391248,1.5,100.0,100.0,2.0,152.622,92.0,0.0,0.0,0.0,0.0,0.0,0.0
10658.0,62.006255387482646,1.1157692073192034,44.93531383406721,56.4747474904801,0.0,71.316,176.0,0.0,0.0,0.0,0.0,1.0,0.0
8495.0,46.63458904146815,1.062668750577543,28.55948821953317,37.93185258439064,0.0,66.99,198.0,0.0,0.0,0.0,0.0,0.0,1.0
31217.0,26.42588527377276,1.5,100.0,100.0,2.0,112.434,109.0,0.0,1.0,0.0,0.0,0.0,0.0
31334.0,27.55385621378101,1.5,94.51744242309935,100.0,2.0,112.668,106.0,0.0,0.0,0.0,0.0,0.0,0.0
21559.0,36.695042691608776,1.3193880437751528,64.78247001619316,100.0,0.0,93.118,92.0,0.0,0.0,0.0,0.0,0.0,0.0
11383.0,36.77663210706045,1.0496157920550315,29.82645041173913,57.32976725700156,1.0,72.76599999999999,222.0,1.0,0.0,0.0,0.0,0.0,0.0
41545.0,42.366668212243965,1.5,100.0,100.0,2.0,133.09,96.0,1.0,0.0,0.0,0.0,0.0,0.0
30799.0,45.96002515624136,1.5,95.28162731751918,100.0,2.0,111.598,83.0,1.0,1.0,0.0,0.0,0.0,0.0
63264.0,20.0,1.5,100.0,100.0,1.0,176.52800000000002,86.0,1.0,1.0,0.0,0.0,0.0,0.0
26596.0,26.756403470856498,1.5,85.93419225999585,100.0,5.0,103.192,105.0,1.0,0.0,0.0,0.0,0.0,0.0
17752.0,44.32641803739055,1.2254435114810285,51.70862054483469,88.87076398991985,0.0,85.50399999999999,111.0,1.0,0.0,1.0,0.0,0.0,0.0
20715.0,57.33351309403378,1.1987208602504968,72.63655035184935,100.0,4.0,91.43,101.0,1.0,0.0,0.0,1.0,0.0,0.0
9934.0,50.10428875367828,1.2449414773278138,38.182152229720096,52.09096230166716,1.0,69.868,181.0,1.0,0.0,0.0,0.0,0.0,0.0
16436.0,36.54118208401704,1.2123304884507882,47.24506240052511,81.15358358097156,1.0,82.872,111.0,1.0,1.0,0.0,0.0,0.0,0.0
10993.0,45.66385401444752,1.3483074072811605,31.53167135348372,53.10465921463767,1.0,71.986,192.0,1.0,0.0,0.0,0.0,0.0,0.0
15638.0,50.262810346984445,1.3283047326176691,57.2630116346765,73.24435152485191,0.0,81.276,109.0,1.0,0.0,1.0,0.0,0.0,0.0
44054.0,37.37103217240744,1.5,100.0,100.0,5.0,138.108,96.0,1.0,0.0,1.0,0.0,0.0,0.0
14125.0,49.37152466128215,1.2794864829627002,51.28190856268513,68.3324635496134,0.0,78.25,201.0,1.0,0.0,0.0,0.0,0.0,0.0
10768.0,34.29350795750933,1.3929132183179942,27.73639134527779,52.07686362548782,1.0,71.536,231.0,1.0,0.0,0.0,0.0,0.0,0.0
14664.0,35.415395151969854,1.069229233619783,45.76628675368193,72.76487130809497,1.0,79.328,202.0,1.0,0.0,0.0,1.0,0.0,0.0
18065.0,45.74024393554093,1.113372903562152,69.15958679397949,89.21081653086638,0.0,86.13,99.0,1.0,1.0,0.0,0.0,0.0,0.0
28793.0,39.52009162788871,1.5,97.08422634325623,100.0,1.0,107.586,103.0,1.0,0.0,0.0,0.0,0.0,0.0
59667.0,23.95559978506612,1.5,100.0,100.0,1.0,169.334,95.0,1.0,0.0,0.0,0.0,0.0,0.0
24663.0,61.01388441653306,1.3751474897643805,80.38552371701749,100.0,1.0,99.326,112.0,1.0,0.0,0.0,0.0,0.0,0.0
21905.0,59.46399185761445,1.0880751170702474,70.99507415130032,100.0,2.0,93.81,91.0,1.0,0.0,0.0,0.0,0.0,0.0
20280.0,69.06530139628101,1.194392075418497,69.45038854907578,100.0,1.0,90.56,87.0,1.0,0.0,0.0,0.0,0.0,0.0
57944.0,32.79959613319492,1.5,100.0,100.0,1.0,165.888,108.0,0.0,0.0,0.0,0.0,0.0,0.0
13135.0,44.56327817415594,1.0469518800112134,47.91589158277471,61.13827925551074,3.0,76.27,203.0,0.0,0.0,0.0,0.0,0.0,0.0
32122.0,30.222774468441685,1.5,100.0,100.0,1.0,114.244,103.0,0.0,0.0,1.0,0.0,0.0,0.0
15185.0,49.00707466432961,1.3552423398719518,60.26741440469914,75.7215396229813,1.0,80.37,90.0,0.0,0.0,0.0,0.0,0.0,1.0
13258.0,44.010587897611885,1.188402919271446,35.971095334222866,66.45870666015037,0.0,76.51599999999999,198.0,0.0,0.0,0.0,0.0,1.0,0.0
26123.0,26.939784371986896,1.5,77.37910447571387,100.0,1.0,102.246,103.0,0.0,1.0,0.0,0.0,0.0,0.0
54450.0,38.3564663385262,1.5,100.0,100.0,2.0,158.9,108.0,0.0,0.0,1.0,0.0,0.0,0.0
10024.0,46.22881306072842,1.0910161050027374,33.235809355686925,49.09540480280951,1.0,70.048,186.0,0.0,0.0,1.0,0.0,0.0,1.0
6383.0,34.14044538702768,1.028273697036773,15.05246796573998,34.28340442402128,1.0,62.766,193.0,0.0,0.0,0.0,0.0,0.0,0.0
22026.0,42.5009775746784,1.2332063525967,64.22404889458166,100.0,0.0,94.052,88.0,0.0,1.0,0.0,0.0,0.0,0.0
36190.0,38.305890604662544,1.5,100.0,100.0,2.0,122.38,108.0,0.0,0.0,0.0,0.0,0.0,0.0
33992.0,31.31913604314136,1.5,100.0,100.0,2.0,117.984,95.0,0.0,0.0,0.0,0.0,0.0,0.0
17628.0,49.7028514992796,1.3130152011619862,64.55750951150182,85.74960946081067,1.0,85.256,100.0,0.0,0.0,0.0,0.0,0.0,0.0
45464.0,50.27709903309313,1.5,100.0,100.0,1.0,140.928,106.0,0.0,0.0,0.0,0.0,0.0,1.0
48317.0,31.66253017611698,1.5,100.0,100.0,0.0,146.634,88.0,0.0,1.0,0.0,0.0,0.0,0.0
27967.0,35.66703951713301,1.5,91.99733555989356,100.0,1.0,105.934,90.0,0.0,0.0,1.0,0.0,0.0,0.0
42361.0,36.75884257632635,1.5,100.0,100.0,1.0,134.72199999999998,111.0,0.0,1.0,0.0,0.0,0.0,1.0
44068.0,44.211913987652615,1.5,100.0,100.0,2.0,138.136,98.0,0.0,0.0,0.0,0.0,0.0,0.0
20807.0,41.25283953615074,1.153686608092277,78.34653145446883,100.0,2.0,91.614,79.0,0.0,0.0,0.0,0.0,0.0,0.0
23629.0,59.12589542376263,1.0130523111552192,73.23986253859812,100.0,2.0,97.258,102.0,0.0,0.0,0.0,0.0,0.0,0.0
61208.0,40.82274115914514,1.5,100.0,100.0,2.0,172.416,93.0,0.0,0.0,0.0,1.0,0.0,0.0
46062.0,31.72328950791323,1.5,100.0,100.0,1.0,142.124,102.0,0.0,0.0,0.0,1.0,0.0,0.0
24575.0,66.6287000275638,1.0156862692241335,89.99480687136227,100.0,2.0,99.15,100.0,0.0,0.0,1.0,0.0,0.0,0.0
23250.0,41.09369537692034,1.2498676261595252,87.27354969851318,100.0,4.0,96.5,109.0,0.0,0.0,1.0,0.0,0.0,0.0
40977.0,39.73317643750843,1.5,100.0,100.0,1.0,131.954,104.0,0.0,0.0,0.0,0.0,0.0,0.0
22760.0,60.07098322313282,1.0362465992439538,70.59647803500656,100.0,1.0,95.52,109.0,0.0,0.0,1.0,0.0,0.0,0.0
24509.0,46.164273608244926,1.223608267500211,76.75097647810351,100.0,0.0,99.018,90.0,0.0,0.0,0.0,0.0,0.0,0.0
38874.0,36.14153224792793,1.5,100.0,100.0,2.0,127.748,87.0,0.0,0.0,0.0,1.0,0.0,0.0
23089.0,43.378094372665736,1.3032475602075184,73.55496658622725,100.0,4.0,96.178,103.0,0.0,0.0,1.0,0.0,0.0,0.0
46815.0,53.31285246367448,1.5,100.0,100.0,0.0,143.63,101.0,0.0,0.0,0.0,0.0,0.0,0.0
13140.0,59.894305791892975,1.2963569817076683,44.06859768362728,61.28970200332608,0.0,76.28,204.0,0.0,0.0,0.0,0.0,0.0,0.0
33777.0,20.75470553755165,1.5,100.0,100.0,1.0,117.554,81.0,0.0,0.0,0.0,0.0,0.0,1.0
20595.0,51.3789888100945,1.0686985389684929,65.65206053187799,100.0,1.0,91.19,88.0,0.0,0.0,1.0,0.0,0.0,0.0
23375.0,44.08773324390909,1.2038067895936388,72.09022439669985,100.0,5.0,96.75,86.0,0.0,1.0,0.0,0.0,0.0,0.0
10288.0,39.76696510803608,1.3993979507871133,42.7490257129952,47.91565456116266,1.0,70.576,193.0,0.0,0.0,0.0,0.0,0.0,0.0
64048.0,20.0,1.5,100.0,100.0,2.0,178.096,104.0,0.0,0.0,0.0,0.0,0.0,0.0
41207.0,40.65323789015884,1.5,100.0,100.0,1.0,132.414,80.0,0.0,0.0,0.0,1.0,0.0,0.0
30093.0,40.523692851736016,1.5,96.80559737921696,100.0,1.0,110.186,101.0,0.0,0.0,0.0,0.0,0.0,0.0
18292.0,36.1151068579746,1.0394346779531918,67.93772720274363,88.05513920004309,1.0,86.584,107.0,0.0,1.0,0.0,0.0,0.0,1.0
14919.0,21.130374876031087,1.0473802124098537,48.43525076601152,77.2593072855185,0.0,79.838,226.0,0.0,0.0,0.0,1.0,0.0,0.0
36590.0,62.08453522118506,1.5,100.0,100.0,4.0,123.18,108.0,1.0,0.0,0.0,0.0,0.0,0.0
24078.0,58.40097816244559,1.0987147119713416,70.62178697041931,100.0,2.0,98.156,97.0,1.0,0.0,0.0,0.0,0.0,0.0
35745.0,34.45661426139416,1.5,100.0,100.0,0.0,121.49,110.0,1.0,0.0,0.0,0.0,0.0,0.0
14474.0,60.58720109918989,1.263530011414355,47.613381570008144,67.63497714393128,1.0,78.94800000000001,197.0,1.0,0.0,0.0,0.0,0.0,0.0
24636.0,37.00116112784717,1.0603695994618252,86.65333948101039,100.0,3.0,99.272,114.0,1.0,0.0,0.0,0.0,0.0,0.0
30774.0,38.72165237861839,1.5,100.0,100.0,1.0,111.548,88.0,1.0,1.0,0.0,0.0,0.0,0.0
26344.0,44.26357509397808,1.5,85.66415735504202,100.0,1.0,102.688,87.0,1.0,1.0,0.0,0.0,0.0,1.0
13572.0,44.5536629266736,1.237164374109632,42.05325755983266,65.31140797660113,1.0,77.144,202.0,1.0,0.0,1.0,0.0,0.0,0.0
55463.0,32.22827407237442,1.5,100.0,100.0,2.0,160.926,88.0,1.0,0.0,1.0,0.0,0.0,0.0
61639.0,28.64922458807625,1.5,100.0,100.0,0.0,173.27800000000002,86.0,1.0,0.0,0.0,0.0,0.0,1.0
26134.0,34.32374608619258,1.5,85.2503377171012,100.0,3.0,102.268,90.0,1.0,0.0,0.0,0.0,0.0,0.0
19321.0,63.237137593863416,1.0061482152948773,61.6701727511481,96.0213050084962,0.0,88.642,108.0,1.0,0.0,0.0,0.0,0.0,0.0
41050.0,44.23855887817886,1.5,100.0,100.0,1.0,132.1,102.0,1.0,0.0,0.0,0.0,0.0,0.0
6900.0,32.008972311824735,1.064623972217335,18.266883900182897,39.241944866254855,0.0,63.8,195.0,1.0,0.0,1.0,0.0,0.0,0.0
28284.0,26.744161190160856,1.5,91.05390872247462,100.0,1.0,106.568,110.0,1.0,0.0,1.0,0.0,0.0,0.0
21818.0,28.81540782673732,1.2634477052216906,75.86499700364567,100.0,2.0,93.636,97.0,0.0,0.0,0.0,1.0,0.0,0.0
43281.0,33.41548200421518,1.5,100.0,100.0,4.0,136.562,92.0,0.0,0.0,0.0,0.0,0.0,0.0
29576.0,46.99930952010335,1.5,95.65822988152114,100.0,1.0,109.152,90.0,0.0,0.0,0.0,0.0,0.0,0.0
29267.0,37.4070322503222,1.5,100.0,100.0,1.0,108.534,104.0,0.0,0.0,1.0,0.0,0.0,0.0
45771.0,45.65987454513319,1.5,100.0,100.0,4.0,141.542,104.0,0.0,0.0,0.0,0.0,0.0,0.0
12957.0,48.027073557633415,1.3737352123337034,38.32478098519604,68.73291155144315,0.0,75.914,215.0,0.0,1.0,0.0,0.0,0.0,0.0
4734.0,47.45878675890731,1.056684827335954,14.688471107292862,26.82734055910597,2.0,59.468,210.0,0.0,0.0,0.0,0.0,0.0,0.0
37366.0,22.84195653239081,1.5,100.0,100.0,1.0,124.732,90.0,0.0,0.0,0.0,0.0,0.0,0.0
36210.0,31.258513863513443,1.5,100.0,100.0,3.0,122.42,85.0,0.0,0.0,0.0,0.0,0.0,0.0
12929.0,47.97202667967532,1.2484778264823466,44.73369469990627,61.31667061068563,1.0,75.858,201.0,0.0,0.0,0.0,0.0,0.0,0.0
11040.0,41.75739861586169,1.3757076368969,36.42322799006886,51.3111924211377,1.0,72.08,202.0,0.0,1.0,0.0,0.0,0.0,0.0
20190.0,27.34369040289218,1.392389844632948,57.68220325606546,100.0,0.0,90.38,105.0,0.0,1.0,0.0,0.0,0.0,0.0
45200.0,34.55142642076805,1.5,100.0,100.0,2.0,140.4,102.0,0.0,0.0,1.0,0.0,0.0,0.0
28169.0,34.87097609316326,1.5,96.02116127733362,100.0,2.0,106.338,106.0,0.0,0.0,0.0,0.0,0.0,0.0
25519.0,31.76559177821144,1.5,89.33265828525504,100.0,3.0,101.038,105.0,0.0,1.0,0.0,0.0,0.0,0.0
27136.0,28.65562031847022,1.5,99.39554201083963,100.0,3.0,104.272,111.0,0.0,0.0,0.0,0.0,0.0,0.0
34614.0,34.1698709505638,1.5,100.0,100.0,0.0,119.228,110.0,0.0,0.0,0.0,0.0,0.0,0.0
30424.0,39.28985770492437,1.5,100.0,100.0,3.0,110.848,85.0,0.0,0.0,0.0,0.0,0.0,0.0
31384.0,39.75082524472801,1.5,100.0,100.0,2.0,112.768,103.0,0.0,0.0,1.0,0.0,0.0,0.0
18601.0,51.604757604660975,1.0421795472339537,59.898655610204166,93.83552832843272,1.0,87.202,108.0,0.0,0.0,0.0,0.0,0.0,0.0
36099.0,47.77588977393538,1.5,100.0,100.0,3.0,122.198,104.0,0.0,0.0,0.0,0.0,0.0,0.0
42153.0,39.19717954297791,1.5,100.0,100.0,2.0,134.30599999999998,111.0,0.0,0.0,0.0,0.0,0.0,0.0
23625.0,37.67412129131272,1.104655543145218,85.08400774693531,100.0,4.0,97.25,113.0,0.0,0.0,0.0,0.0,0.0,0.0
26656.0,33.95601589101967,1.5,90.8950720971692,100.0,2.0,103.312,109.0,0.0,0.0,0.0,0.0,0.0,0.0
58229.0,26.546179682847946,1.5,100.0,100.0,2.0,166.458,95.0,0.0,0.0,0.0,0.0,0.0,0.0
25159.0,51.1673577565959,1.5,81.20429935928122,100.0,3.0,100.318,93.0,0.0,0.0,0.0,0.0,0.0,0.0
27310.0,40.78766925607699,1.5,95.33757801066422,100.0,1.0,104.62,109.0,0.0,0.0,0.0,0.0,0.0,1.0
34339.0,49.18733579567741,1.5,100.0,100.0,0.0,118.678,101.0,0.0,1.0,0.0,0.0,0.0,0.0
28432.0,25.56302330687923,1.5,95.9351786008896,100.0,2.0,106.864,95.0,0.0,0.0,1.0,0.0,0.0,0.0
39362.0,29.377334727413533,1.5,100.0,100.0,1.0,128.724,97.0,0.0,1.0,0.0,0.0,0.0,0.0
25998.0,38.0896974668738,1.5,93.02197541740864,100.0,6.0,101.996,119.0,0.0,0.0,0.0,1.0,0.0,1.0
22791.0,52.6603631415084,1.2739168813173694,77.83283530060422,100.0,0.0,95.582,97.0,0.0,0.0,1.0,0.0,0.0,0.0
53001.0,20.46944373974741,1.5,100.0,100.0,2.0,156.002,123.0,0.0,1.0,0.0,0.0,0.0,0.0
15026.0,57.51033916618299,1.277403060180219,50.860535354373496,74.07668380423455,0.0,80.05199999999999,108.0,0.0,0.0,0.0,1.0,0.0,0.0
62127.0,39.280924258401534,1.5,100.0,100.0,1.0,174.25400000000002,102.0,0.0,0.0,0.0,0.0,1.0,0.0
46223.0,20.0,1.5,100.0,100.0,2.0,142.446,108.0,0.0,0.0,0.0,0.0,0.0,0.0
15625.0,31.41404330630565,1.03479281196184,44.01571302182268,79.27043356916006,0.0,81.25,106.0,0.0,1.0,0.0,0.0,0.0,1.0
37706.0,40.76486576737882,1.5,100.0,100.0,0.0,125.412,95.0,0.0,0.0,0.0,1.0,0.0,0.0
24514.0,49.41046507579932,1.232006524277364,81.1024822562573,100.0,1.0,99.028,93.0,0.0,1.0,0.0,0.0,0.0,0.0
29870.0,22.644075131652578,1.5,92.74336168278232,100.0,2.0,109.74,122.0,0.0,0.0,1.0,0.0,0.0,0.0
8967.0,40.42592305365535,1.258537418919141,21.16124721849598,43.48559716726995,0.0,67.934,203.0,0.0,0.0,0.0,0.0,0.0,0.0
18888.0,49.02302883441081,1.3428141719902482,59.585020348370215,96.67960854239834,2.0,87.77600000000001,109.0,0.0,1.0,0.0,0.0,0.0,0.0
27390.0,20.0,1.5,98.23984297383257,100.0,2.0,104.78,90.0,0.0,0.0,0.0,0.0,1.0,0.0
47705.0,42.01507183505039,1.5,100.0,100.0,3.0,145.41,110.0,0.0,0.0,0.0,0.0,0.0,0.0
19914.0,51.1899343817082,1.173651889544962,58.5481501770628,100.0,0.0,89.828,103.0,0.0,0.0,0.0,0.0,0.0,0.0
28797.0,45.90319726840725,1.5,92.70115351093855,100.0,1.0,107.594,91.0,0.0,0.0,0.0,0.0,0.0,0.0
6584.0,42.84249408453091,1.0267794317409162,25.10522944169197,33.64506292401822,1.0,63.168,189.0,0.0,0.0,0.0,0.0,0.0,0.0
30916.0,49.55027607651572,1.5,100.0,100.0,4.0,111.832,95.0,0.0,0.0,0.0,1.0,0.0,0.0
11464.0,47.17125440003955,1.3976667161911007,41.77610483882586,61.428004659626296,2.0,72.928,208.0,0.0,0.0,0.0,0.0,0.0,1.0
24820.0,45.22782962533981,1.102917845315193,76.2394176225695,100.0,2.0,99.64,83.0,0.0,0.0,0.0,0.0,0.0,0.0
13899.0,48.03479283903817,1.0190359759923644,40.69079532797645,67.67270409046341,0.0,77.798,198.0,0.0,0.0,1.0,0.0,0.0,0.0
31552.0,57.36321394046596,1.5,100.0,100.0,5.0,113.104,105.0,0.0,0.0,0.0,0.0,0.0,0.0
8843.0,28.324242119848854,1.0618544801358163,26.35915236547628,48.55922015000134,1.0,67.686,199.0,0.0,0.0,0.0,1.0,0.0,0.0
38220.0,30.732087372438112,1.5,100.0,100.0,1.0,126.44,92.0,1.0,0.0,0.0,0.0,0.0,0.0
32931.0,36.0579429004194,1.5,100.0,100.0,3.0,115.862,98.0,1.0,0.0,0.0,0.0,0.0,0.0
16299.0,45.759511053322136,1.244367534831948,56.70659372654836,77.88858417098307,1.0,82.598,98.0,1.0,0.0,0.0,0.0,0.0,0.0
38892.0,28.7104105639496,1.5,100.0,100.0,2.0,127.784,112.0,1.0,1.0,0.0,0.0,0.0,0.0
25000.0,43.91635412244744,1.188180519554684,81.49163632568762,100.0,2.0,100.0,80.0,1.0,0.0,0.0,1.0,0.0,0.0
11761.0,58.76575892747225,1.1855873938006214,35.717325954331415,59.87572037409007,1.0,73.52199999999999,202.0,1.0,0.0,0.0,0.0,0.0,0.0
9054.0,61.45369378270871,1.363987723835326,22.52953234727197,45.4964562090503,0.0,68.108,216.0,1.0,0.0,0.0,1.0,0.0,0.0
49125.0,40.70427384420876,1.5,100.0,100.0,2.0,148.25,94.0,1.0,1.0,0.0,0.0,0.0,0.0
12345.0,35.9181930165728,1.1461946806252117,42.68787446789218,60.39010596372386,1.0,74.69,210.0,1.0,0.0,0.0,1.0,0.0,0.0
9513.0,38.49918736715247,1.153839024908756,37.80753019178155,47.584058152709055,0.0,69.026,187.0,1.0,0.0,0.0,0.0,1.0,0.0
30462.0,49.57374612715896,1.5,100.0,100.0,4.0,110.924,109.0,1.0,0.0,0.0,1.0,0.0,0.0
18062.0,20.935840105290225,1.2051371956824133,65.76701530847002,87.48703310258686,0.0,86.124,79.0,1.0,0.0,0.0,0.0,0.0,1.0
28922.0,47.361887668844325,1.5,100.0,100.0,1.0,107.844,86.0,1.0,0.0,0.0,0.0,0.0,0.0
45747.0,52.71131799495,1.5,100.0,100.0,0.0,141.494,97.0,0.0,0.0,0.0,0.0,0.0,0.0
47002.0,35.01439548404284,1.5,100.0,100.0,1.0,144.00400000000002,113.0,0.0,0.0,0.0,0.0,0.0,1.0
13705.0,52.20636971405568,1.2712042818751168,46.64936028925394,72.53963849825999,1.0,77.41,206.0,0.0,0.0,0.0,0.0,0.0,0.0
47718.0,44.719635780432064,1.5,100.0,100.0,3.0,145.436,89.0,0.0,0.0,1.0,0.0,0.0,0.0
40257.0,26.422478058215543,1.5,100.0,100.0,1.0,130.514,90.0,0.0,0.0,0.0,0.0,0.0,0.0
35989.0,48.37624603779738,1.5,100.0,100.0,2.0,121.978,98.0,0.0,0.0,0.0,0.0,0.0,1.0
40563.0,46.69470868965692,1.5,100.0,100.0,3.0,131.126,100.0,0.0,0.0,0.0,0.0,0.0,0.0
9757.0,44.91359293620142,1.3128604857567947,35.60937741274006,44.47010365525369,0.0,69.514,226.0,0.0,0.0,0.0,0.0,0.0,0.0
45608.0,31.66864812981913,1.5,100.0,100.0,2.0,141.216,85.0,0.0,0.0,1.0,0.0,0.0,0.0
24146.0,33.680882022604855,1.0406937209083729,87.88119678572751,100.0,1.0,98.292,87.0,0.0,0.0,0.0,0.0,0.0,0.0
29106.0,43.32600516023985,1.5,100.0,100.0,2.0,108.212,93.0,0.0,0.0,0.0,1.0,0.0,0.0
6362.0,44.06180004617137,1.1412900391150154,20.265125248733117,34.95396720093835,3.0,62.724,199.0,0.0,0.0,0.0,1.0,0.0,0.0
49872.0,40.85814382688813,1.5,100.0,100.0,6.0,149.744,111.0,0.0,1.0,0.0,0.0,0.0,0.0
8418.0,27.7492561015437,1.2367670711961607,21.102115679400956,42.24082627268532,0.0,66.836,195.0,0.0,0.0,1.0,0.0,0.0,0.0
24433.0,40.72724630559183,1.127887169779056,80.31712465200239,100.0,3.0,98.866,96.0,0.0,0.0,0.0,0.0,0.0,0.0
10019.0,39.47066091895108,1.082215313877184,29.86738841770818,46.99018673833886,1.0,70.038,204.0,0.0,0.0,0.0,0.0,0.0,0.0
34880.0,28.027960221352643,1.5,100.0,100.0,2.0,119.76,101.0,0.0,0.0,0.0,0.0,0.0,0.0
13435.0,31.319001645910024,1.1723339812308424,35.20343035171062,70.64257356662868,1.0,76.87,205.0,0.0,0.0,0.0,1.0,0.0,0.0
44613.0,31.24129323761082,1.5,100.0,100.0,1.0,139.226,102.0,0.0,0.0,0.0,0.0,0.0,0.0
48931.0,29.406690219473717,1.5,100.0,100.0,0.0,147.862,106.0,0.0,0.0,0.0,0.0,0.0,0.0
20836.0,48.08818048149418,1.3016513770290503,68.44572773203068,100.0,0.0,91.672,85.0,0.0,0.0,0.0,0.0,0.0,0.0
43979.0,45.66642739039137,1.5,100.0,100.0,0.0,137.958,98.0,0.0,0.0,0.0,0.0,0.0,0.0
27712.0,20.93262740296138,1.5,89.6887992335902,100.0,2.0,105.424,91.0,0.0,0.0,1.0,0.0,0.0,0.0
28681.0,27.948317411924062,1.5,97.39720361491248,100.0,0.0,107.362,101.0,0.0,0.0,0.0,0.0,0.0,0.0
40226.0,40.840287038386485,1.5,100.0,100.0,2.0,130.452,106.0,0.0,1.0,0.0,0.0,0.0,0.0
13331.0,61.48886706379008,1.1365217814733044,50.145926199194136,69.91642548700175,0.0,76.662,205.0,0.0,0.0,0.0,0.0,0.0,1.0
40342.0,21.365327924210924,1.5,100.0,100.0,2.0,130.684,108.0,0.0,0.0,0.0,1.0,0.0,0.0
44735.0,25.131437583370136,1.5,100.0,100.0,1.0,139.47,98.0,0.0,0.0,0.0,0.0,0.0,0.0
27343.0,35.96851250933382,1.5,90.82520723289706,100.0,3.0,104.686,107.0,0.0,0.0,0.0,0.0,0.0,0.0
27273.0,37.68057853504797,1.5,82.47220273442727,100.0,1.0,104.546,100.0,0.0,0.0,0.0,0.0,0.0,1.0
7908.0,20.11342948373049,1.2577890790038802,19.17543732843821,36.68716097496189,1.0,65.816,186.0,0.0,0.0,0.0,0.0,0.0,0.0
34393.0,55.5984962872998,1.5,100.0,100.0,3.0,118.786,97.0,0.0,0.0,1.0,0.0,0.0,0.0
18708.0,58.97047572453216,1.0781618141102136,60.04877679489237,94.85234724720948,0.0,87.416,90.0,0.0,0.0,0.0,0.0,0.0,0.0
14996.0,30.894790276686585,1.342624757073846,43.34105600264737,75.93218158272778,1.0,79.992,205.0,0.0,0.0,0.0,0.0,0.0,0.0
36943.0,31.266341237966756,1.5,100.0,100.0,0.0,123.886,102.0,0.0,0.0,0.0,0.0,0.0,0.0
12182.0,57.50152260755615,1.1699535012163502,49.10997008442358,63.57225438318204,0.0,74.364,217.0,0.0,0.0,1.0,0.0,0.0,0.0
33711.0,29.47119782702324,1.5,100.0,100.0,2.0,117.422,113.0,0.0,0.0,0.0,0.0,0.0,0.0
45876.0,27.095948480495057,1.5,100.0,100.0,4.0,141.752,104.0,0.0,0.0,0.0,0.0,0.0,0.0
13009.0,38.06617380270784,1.2920643853465483,46.653114715261694,68.68614693706586,0.0,76.018,179.0,0.0,0.0,0.0,0.0,0.0,0.0
49334.0,38.44964863146842,1.5,100.0,100.0,3.0,148.668,97.0,0.0,0.0,1.0,0.0,0.0,0.0
18067.0,42.20020762506333,1.3460361704401662,66.52169400410008,93.44749572706334,0.0,86.134,87.0,0.0,0.0,0.0,0.0,0.0,1.0
35930.0,36.3465012601457,1.5,100.0,100.0,3.0,121.86,84.0,0.0,0.0,0.0,0.0,0.0,0.0
31212.0,38.94758815762462,1.5,100.0,100.0,1.0,112.424,95.0,0.0,0.0,0.0,0.0,0.0,0.0
16063.0,31.373544432918685,1.17325902175254,46.23032057926822,75.37423059126252,0.0,82.126,118.0,0.0,0.0,0.0,0.0,0.0,0.0
51656.0,48.641722703986254,1.5,100.0,100.0,1.0,153.312,108.0,1.0,0.0,0.0,0.0,0.0,0.0
42440.0,39.43081813258485,1.5,100.0,100.0,1.0,134.88,127.0,1.0,0.0,0.0,0.0,0.0,0.0
23198.0,41.28338618894345,1.2745700821803103,83.89841774695853,100.0,4.0,96.396,100.0,1.0,0.0,0.0,0.0,0.0,0.0
7799.0,32.21608156488345,1.1670064145031858,19.810576546112703,42.21839571779692,1.0,65.598,182.0,1.0,0.0,0.0,0.0,0.0,0.0
32479.0,31.880380829571354,1.5,100.0,100.0,1.0,114.958,91.0,1.0,0.0,0.0,0.0,0.0,0.0
45452.0,33.93672881240395,1.5,100.0,100.0,4.0,140.904,111.0,1.0,0.0,0.0,0.0,1.0,0.0
27063.0,34.305329933623355,1.5,81.68062438684636,100.0,1.0,104.126,84.0,1.0,0.0,1.0,0.0,0.0,0.0
16725.0,57.292411573561054,1.192141395761835,49.48317022860504,85.77995882156277,0.0,83.45,119.0,1.0,1.0,0.0,0.0,0.0,0.0
24682.0,35.591526298946135,1.006058454892577,90.14775459824492,100.0,1.0,99.364,99.0,1.0,0.0,1.0,0.0,0.0,0.0
18527.0,38.46298575866436,1.3940316333798295,59.37774119556474,94.14973268934683,1.0,87.054,124.0,1.0,0.0,0.0,0.0,1.0,0.0
13265.0,58.68786631089256,1.0398935379366472,36.13818987842822,63.69564756058096,0.0,76.53,206.0,1.0,0.0,0.0,0.0,0.0,0.0
13165.0,42.50152912633531,1.1994616163618517,40.433939087523584,66.04441981061561,0.0,76.33,201.0,1.0,0.0,1.0,0.0,0.0,0.0
39377.0,26.41561773409405,1.5,100.0,100.0,3.0,128.75400000000002,113.0,1.0,1.0,0.0,0.0,0.0,0.0
23785.0,49.53349435769963,1.1549366157834595,74.61691169322877,100.0,3.0,97.57,96.0,1.0,0.0,0.0,0.0,0.0,0.0
13481.0,43.13265910260916,1.3708832752708284,49.0457880357357,66.74083428274452,0.0,76.962,205.0,1.0,0.0,0.0,0.0,0.0,0.0
46100.0,22.636148862684745,1.5,100.0,100.0,1.0,142.2,103.0,1.0,0.0,0.0,0.0,0.0,0.0
14513.0,53.69195166354224,1.0524848600004304,41.7133726506304,77.195765633887,1.0,79.026,213.0,1.0,1.0,0.0,0.0,0.0,0.0
33506.0,38.16935933217199,1.5,100.0,100.0,1.0,117.012,95.0,1.0,0.0,0.0,0.0,1.0,0.0
40645.0,35.901822460808525,1.5,100.0,100.0,1.0,131.29000000000002,113.0,1.0,0.0,0.0,0.0,0.0,0.0
11095.0,36.09140578968345,1.2795050510034778,40.09962778234652,58.9077501001009,2.0,72.19,224.0,1.0,0.0,1.0,0.0,0.0,0.0
20579.0,55.23481244594397,1.0409776870711858,59.44321255724057,98.52057915595832,0.0,91.158,99.0,1.0,0.0,0.0,1.0,0.0,0.0
23589.0,40.05026501829619,1.0799650584706135,74.44680344127232,100.0,7.0,97.178,97.0,0.0,0.0,1.0,0.0,0.0,0.0
41122.0,47.18986701285733,1.5,100.0,100.0,3.0,132.244,99.0,0.0,0.0,0.0,0.0,0.0,0.0
45365.0,37.64518079396931,1.5,100.0,100.0,1.0,140.73000000000002,88.0,0.0,0.0,0.0,0.0,1.0,0.0
58808.0,41.665843866716095,1.5,100.0,100.0,4.0,167.616,90.0,0.0,0.0,1.0,0.0,0.0,0.0
24677.0,60.10930118489799,1.1872419552401954,75.09539371102936,100.0,0.0,99.354,97.0,0.0,0.0,0.0,0.0,0.0,0.0
11842.0,46.430778953398566,1.2646343589510691,36.76467885579693,58.92197114051593,0.0,73.684,237.0,0.0,0.0,0.0,0.0,0.0,0.0
41458.0,41.52815341702899,1.5,100.0,100.0,4.0,132.916,116.0,0.0,0.0,0.0,0.0,0.0,0.0
10736.0,35.31278490683103,1.3462476770172886,42.580616007399165,57.73923452008638,2.0,71.47200000000001,225.0,0.0,0.0,0.0,0.0,0.0,0.0
13189.0,59.58557480360263,1.363011086340492,45.11671442486741,67.26385996854592,0.0,76.378,209.0,0.0,0.0,1.0,0.0,0.0,0.0
11325.0,59.51969776121265,1.0515656357516714,35.49129866581018,52.6080148571664,1.0,72.65,213.0,0.0,0.0,0.0,0.0,0.0,0.0
23865.0,34.42929874901617,1.3084210777751757,79.97235535108926,100.0,2.0,97.73,104.0,0.0,0.0,0.0,0.0,0.0,0.0
22039.0,32.00261790123515,1.2334593306171229,76.03316738110244,100.0,3.0,94.078,93.0,0.0,0.0,0.0,0.0,0.0,0.0
58395.0,40.53222790473183,1.5,100.0,100.0,0.0,166.79000000000002,102.0,0.0,0.0,1.0,0.0,0.0,0.0
15317.0,48.28807074341824,1.1385059952414722,45.35275361063,81.42958975582415,0.0,80.634,110.0,0.0,0.0,0.0,1.0,0.0,0.0
26140.0,41.822803308705616,1.5,81.58685455419588,100.0,1.0,102.28,105.0,0.0,0.0,0.0,0.0,0.0,0.0
14189.0,34.53159047065331,1.0913713836137968,46.99452617318264,74.82080913036462,0.0,78.378,188.0,0.0,1.0,0.0,0.0,0.0,0.0
33997.0,28.291458329122044,1.5,100.0,100.0,2.0,117.994,88.0,0.0,0.0,0.0,0.0,0.0,0.0
17936.0,47.939484342094325,1.0735856693642252,68.01531205884046,94.2431200866921,0.0,85.872,98.0,0.0,0.0,0.0,0.0,0.0,0.0
21784.0,24.859029275904906,1.3233268648956251,66.23871248682077,100.0,3.0,93.568,93.0,0.0,0.0,0.0,0.0,0.0,0.0
13323.0,36.64216491390118,1.359604224802621,44.73803150907364,67.18435973447103,0.0,76.646,215.0,0.0,1.0,0.0,0.0,0.0,0.0
24229.0,43.47980193336905,1.2666534420401188,81.20963650600679,100.0,3.0,98.458,121.0,0.0,0.0,0.0,0.0,0.0,0.0
15994.0,51.756187421260776,1.2495418532330391,53.96564527747856,78.94360704732306,1.0,81.988,101.0,0.0,0.0,0.0,0.0,0.0,0.0
24770.0,39.69968364868189,1.1771566046420003,83.17397615633936,100.0,4.0,99.54,102.0,0.0,0.0,0.0,0.0,0.0,0.0
45539.0,33.463484321678884,1.5,100.0,100.0,0.0,141.078,84.0,0.0,0.0,0.0,1.0,0.0,0.0
14675.0,51.50199884684992,1.311280289414812,55.4507280835401,78.25408637345912,1.0,79.35,198.0,0.0,0.0,0.0,0.0,0.0,0.0
20625.0,37.526752282198856,1.3794060005003137,77.35264417993946,99.37500232463988,0.0,91.25,105.0,0.0,0.0,0.0,1.0,0.0,0.0
12265.0,42.88669089930344,1.0668470726647743,36.30684920364155,64.31702369529978,1.0,74.53,195.0,0.0,0.0,0.0,1.0,0.0,1.0
39119.0,37.23065653476448,1.5,100.0,100.0,0.0,128.238,105.0,0.0,0.0,0.0,0.0,0.0,0.0
17446.0,20.0,1.0593923677199288,54.57290581998813,90.82390643386589,1.0,84.892,92.0,0.0,0.0,0.0,1.0,0.0,0.0
29736.0,24.641716841067336,1.5,100.0,100.0,2.0,109.472,94.0,0.0,0.0,1.0,0.0,0.0,0.0
20226.0,46.93402946559226,1.1115534151884785,76.36992130881396,100.0,2.0,90.452,117.0,0.0,1.0,0.0,0.0,0.0,0.0
8039.0,64.14875549226964,1.1317004567417124,27.05525887022172,42.03840150103177,1.0,66.078,217.0,0.0,0.0,1.0,0.0,0.0,0.0
24547.0,41.94967924837312,1.0586529343737658,74.74672177385864,100.0,3.0,99.094,107.0,0.0,0.0,0.0,0.0,0.0,0.0
43955.0,38.56695089888201,1.5,100.0,100.0,2.0,137.91,113.0,0.0,0.0,0.0,0.0,1.0,0.0
28806.0,33.79839169890293,1.5,92.05943649819982,100.0,0.0,107.612,81.0,0.0,0.0,0.0,0.0,0.0,0.0
4355.0,37.131266697843365,1.1042759403193254,8.744589385743625,19.944250166415213,2.0,58.71,191.0,0.0,0.0,1.0,0.0,0.0,0.0
58610.0,27.47288115940229,1.5,100.0,100.0,2.0,167.22,94.0,0.0,0.0,0.0,0.0,0.0,0.0
25026.0,41.32756327206592,1.5,87.82442396911821,100.0,0.0,100.052,95.0,0.0,0.0,0.0,1.0,0.0,0.0
28331.0,34.55253234778748,1.5,99.15663989978684,100.0,0.0,106.662,105.0,0.0,0.0,0.0,0.0,0.0,0.0
30321.0,37.43449311726809,1.5,100.0,100.0,1.0,110.642,98.0,0.0,0.0,0.0,0.0,1.0,0.0
37781.0,47.23110863384046,1.5,100.0,100.0,2.0,125.562,99.0,0.0,1.0,0.0,0.0,0.0,0.0
17587.0,56.0487314570044,1.0857888892928365,62.77771029997372,86.48811757464739,1.0,85.174,98.0,0.0,0.0,1.0,0.0,0.0,0.0
17619.0,45.39600776965784,1.3830156917434635,68.64031083921016,87.82570538642238,1.0,85.238,111.0,0.0,0.0,1.0,0.0,0.0,0.0
46474.0,30.92027439074201,1.5,100.0,100.0,0.0,142.94799999999998,108.0,0.0,1.0,0.0,0.0,0.0,1.0
5859.0,61.19455302325659,1.0238203936348445,19.167223885340235,24.922543304705314,0.0,61.718,195.0,0.0,0.0,0.0,0.0,0.0,0.0
21436.0,37.24123715854429,1.211914542592966,73.93941543469593,100.0,3.0,92.872,104.0,0.0,0.0,0.0,0.0,0.0,0.0
9018.0,45.48581919837221,1.169820310210958,25.46825820477513,49.79470811377792,0.0,68.036,204.0,0.0,0.0,0.0,1.0,0.0,0.0
36605.0,24.39847551983788,1.5,100.0,100.0,1.0,123.21,110.0,1.0,0.0,0.0,0.0,0.0,0.0
11981.0,47.9460186729506,1.2494029402249098,39.16588151103545,54.99983642777262,1.0,73.962,210.0,1.0,0.0,1.0,0.0,0.0,0.0
13570.0,44.77239259275985,1.30321184481145,46.85609183519596,64.96340726336958,1.0,77.14,195.0,1.0,0.0,0.0,0.0,0.0,0.0
61508.0,36.03905143952842,1.5,100.0,100.0,3.0,173.01600000000002,101.0,1.0,0.0,0.0,0.0,0.0,0.0
45015.0,32.93449629641253,1.5,100.0,100.0,0.0,140.03,112.0,1.0,0.0,0.0,0.0,0.0,0.0
25015.0,36.250647326943,1.5,81.69099082497743,100.0,4.0,100.03,102.0,1.0,1.0,0.0,0.0,0.0,0.0
37977.0,33.721545982466935,1.5,100.0,100.0,1.0,125.954,105.0,1.0,0.0,0.0,0.0,0.0,0.0
20054.0,37.556127689873335,1.289158983852244,57.72266818765184,96.15440890705756,1.0,90.108,96.0,1.0,0.0,1.0,0.0,0.0,0.0
23060.0,39.10143685550434,1.3351277805933186,76.22484637309293,100.0,2.0,96.12,122.0,1.0,0.0,0.0,0.0,0.0,0.0
26272.0,32.29085512900789,1.5,80.31167375341919,100.0,2.0,102.544,99.0,1.0,1.0,0.0,0.0,0.0,0.0
49534.0,34.64838359688582,1.5,100.0,100.0,0.0,149.06799999999998,106.0,1.0,0.0,1.0,0.0,0.0,0.0
36952.0,35.97116264807575,1.5,100.0,100.0,2.0,123.904,103.0,1.0,0.0,0.0,0.0,0.0,0.0
58250.0,25.868501363004206,1.5,100.0,100.0,0.0,166.5,84.0,1.0,0.0,0.0,0.0,0.0,0.0
34844.0,38.69422916451649,1.5,100.0,100.0,3.0,119.688,106.0,1.0,0.0,0.0,0.0,0.0,0.0
12908.0,46.72902791787431,1.2651936082333937,51.89388983669272,67.7229127837908,0.0,75.816,208.0,1.0,0.0,0.0,0.0,0.0,0.0
29319.0,25.954321461030325,1.5,91.22731982856604,100.0,0.0,108.638,106.0,1.0,0.0,0.0,0.0,0.0,0.0
41189.0,45.02023919287968,1.5,100.0,100.0,2.0,132.378,101.0,1.0,0.0,0.0,0.0,0.0,0.0
37954.0,20.0,1.5,100.0,100.0,1.0,125.908,99.0,1.0,0.0,0.0,0.0,0.0,0.0
13229.0,42.36003057667278,1.393422285218321,38.809638742928,66.4505397063038,0.0,76.458,219.0,1.0,0.0,0.0,0.0,0.0,0.0
45227.0,53.892352625347165,1.5,100.0,100.0,3.0,140.454,109.0,0.0,0.0,1.0,0.0,0.0,0.0
40035.0,44.35171916679374,1.5,100.0,100.0,3.0,130.07,108.0,0.0,0.0,1.0,0.0,0.0,0.0
15578.0,48.90026624837142,1.3510084087535026,50.26163836489116,77.84261734982309,0.0,81.156,97.0,0.0,0.0,0.0,0.0,0.0,0.0
43238.0,40.69375998307011,1.5,100.0,100.0,0.0,136.476,99.0,0.0,0.0,1.0,0.0,0.0,0.0
40154.0,42.938748548636326,1.5,100.0,100.0,5.0,130.308,108.0,0.0,0.0,0.0,1.0,0.0,0.0
43384.0,38.878464155411535,1.5,100.0,100.0,1.0,136.768,114.0,0.0,0.0,1.0,0.0,0.0,0.0
19416.0,55.2841589074725,1.1843042738645766,56.4621749620955,93.33702380784544,0.0,88.832,115.0,0.0,0.0,0.0,1.0,0.0,0.0
12537.0,31.01423468989044,1.2197808579920717,34.97008159022166,65.51912973328587,1.0,75.074,190.0,0.0,0.0,1.0,0.0,0.0,0.0
27543.0,20.0,1.5,92.6224962359468,100.0,1.0,105.086,81.0,0.0,0.0,0.0,0.0,0.0,0.0
15770.0,48.33572152537534,1.368954861279351,50.76921273224518,83.61156257966051,1.0,81.53999999999999,102.0,0.0,1.0,0.0,0.0,0.0,0.0
25402.0,27.17163199896645,1.5,79.93616455409683,100.0,2.0,100.804,97.0,0.0,0.0,0.0,0.0,0.0,0.0
8521.0,57.90993110083129,1.2139285403089226,27.360384372467355,44.62341287514086,1.0,67.042,201.0,0.0,0.0,0.0,1.0,0.0,0.0
47286.0,51.62348118665473,1.5,100.0,100.0,3.0,144.572,85.0,0.0,1.0,0.0,0.0,0.0,0.0
8678.0,42.8335413348572,1.3499805599680053,27.203498144569863,45.36898327880613,0.0,67.356,239.0,0.0,0.0,0.0,1.0,0.0,0.0
42139.0,34.96268130346993,1.5,100.0,100.0,2.0,134.27800000000002,94.0,0.0,0.0,1.0,0.0,0.0,0.0
41268.0,51.85347266218469,1.5,100.0,100.0,2.0,132.536,106.0,0.0,0.0,0.0,0.0,0.0,0.0
34048.0,36.2146976681833,1.5,100.0,100.0,0.0,118.096,86.0,0.0,0.0,1.0,0.0,0.0,0.0
30969.0,32.74816832244828,1.5,100.0,100.0,4.0,111.938,89.0,0.0,0.0,0.0,0.0,1.0,0.0
53158.0,20.0,1.5,100.0,100.0,3.0,156.316,92.0,0.0,0.0,0.0,0.0,0.0,0.0
43317.0,31.721139948342604,1.5,100.0,100.0,2.0,136.634,107.0,0.0,0.0,0.0,0.0,0.0,0.0
33998.0,30.72326275165576,1.5,100.0,100.0,1.0,117.996,104.0,0.0,1.0,0.0,0.0,0.0,0.0
14242.0,26.838076488285346,1.2636274859209269,53.60246025781412,68.61062801603903,0.0,78.48400000000001,207.0,0.0,0.0,0.0,0.0,0.0,0.0
61404.0,20.94848067145884,1.5,100.0,100.0,2.0,172.808,83.0,0.0,0.0,1.0,0.0,0.0,0.0
7290.0,49.297190912171374,1.3969319147728316,33.020641699594634,31.9432611167365,0.0,64.58,203.0,0.0,0.0,0.0,0.0,0.0,0.0
34467.0,22.278925043475432,1.5,100.0,100.0,3.0,118.934,93.0,0.0,0.0,0.0,0.0,0.0,0.0
20009.0,35.16489506326776,1.287495942194511,57.60317283931022,100.0,1.0,90.018,100.0,0.0,0.0,0.0,0.0,0.0,0.0
20341.0,64.43556706664249,1.2951695570224355,73.44857576684828,100.0,0.0,90.682,84.0,0.0,1.0,0.0,0.0,0.0,0.0
50183.0,32.68897719064785,1.5,100.0,100.0,2.0,150.366,88.0,0.0,0.0,0.0,0.0,0.0,0.0
14161.0,35.26834322451442,1.0904981113395462,54.00501243777258,75.59401995406301,2.0,78.322,172.0,0.0,0.0,0.0,0.0,0.0,0.0
24989.0,41.36317459932556,1.0147186089095834,74.35964698033476,100.0,1.0,99.978,108.0,0.0,0.0,0.0,0.0,1.0,0.0
34153.0,45.723815664139465,1.5,100.0,100.0,1.0,118.306,105.0,0.0,0.0,0.0,0.0,0.0,0.0
13863.0,48.476517616975066,1.138172570439011,53.17593325274407,73.65491787195164,1.0,77.726,189.0,0.0,1.0,0.0,0.0,0.0,0.0
24082.0,42.40388674995264,1.2615888145100516,88.40024022761794,100.0,0.0,98.164,98.0,0.0,0.0,0.0,0.0,0.0,0.0
31135.0,35.03600375806937,1.5,96.96858378229972,100.0,3.0,112.27,92.0,0.0,0.0,0.0,0.0,0.0,0.0
35513.0,34.71497082085167,1.5,100.0,100.0,0.0,121.026,95.0,0.0,0.0,0.0,0.0,0.0,0.0
40823.0,20.0,1.5,100.0,100.0,1.0,131.64600000000002,98.0,0.0,0.0,0.0,0.0,0.0,0.0
24455.0,47.32433842389284,1.2569813681648858,83.59499257643927,100.0,1.0,98.91,90.0,0.0,0.0,0.0,0.0,0.0,0.0
53535.0,36.209780700674685,1.5,100.0,100.0,1.0,157.07,90.0,0.0,0.0,0.0,0.0,0.0,0.0
24834.0,40.93421520323153,1.3193935294847168,90.84086121931652,100.0,1.0,99.668,108.0,0.0,0.0,0.0,0.0,0.0,0.0
34769.0,38.77821269712548,1.5,100.0,100.0,2.0,119.538,105.0,0.0,0.0,0.0,0.0,1.0,0.0
40435.0,30.351590320432805,1.5,100.0,100.0,2.0,130.87,97.0,0.0,0.0,0.0,0.0,0.0,0.0
11521.0,33.30804153226672,1.10999493327851,37.31795628808169,57.518309247431226,2.0,73.042,168.0,0.0,0.0,1.0,0.0,0.0,0.0
28967.0,34.45752965988914,1.5,97.69118393542436,100.0,1.0,107.934,107.0,0.0,0.0,1.0,0.0,0.0,0.0
14870.0,43.90804238772191,1.1911853789452116,46.06926310139144,72.21263420432686,0.0,79.74,213.0,0.0,0.0,1.0,0.0,0.0,0.0
24620.0,55.61097950802798,1.2294607184030677,72.26046895459106,100.0,0.0,99.24,114.0,0.0,0.0,0.0,0.0,0.0,1.0
29500.0,39.47084808940068,1.5,100.0,100.0,2.0,109.0,98.0,1.0,0.0,0.0,0.0,1.0,0.0
36515.0,35.16375720358548,1.5,100.0,100.0,2.0,123.03,111.0,1.0,0.0,0.0,0.0,0.0,0.0
22153.0,27.64300105456593,1.0403553189663202,69.28418470381823,100.0,0.0,94.306,108.0,1.0,0.0,1.0,0.0,0.0,0.0
14597.0,58.2953930730416,1.3905542820887191,55.262834094605424,68.14621882644064,1.0,79.194,181.0,1.0,0.0,0.0,1.0,0.0,0.0
27803.0,53.95059093269997,1.5,99.7093286651002,100.0,2.0,105.606,101.0,1.0,0.0,0.0,0.0,0.0,0.0
11186.0,42.46445041741727,1.0278921002487815,40.22399405467755,60.3397886388748,1.0,72.372,187.0,1.0,0.0,0.0,0.0,0.0,0.0
14019.0,29.157625552359452,1.2710551727680033,54.43424301384204,70.9992374482258,0.0,78.038,230.0,1.0,0.0,0.0,1.0,0.0,0.0
26302.0,35.99850483099024,1.5,78.27190937835559,100.0,1.0,102.604,116.0,1.0,0.0,1.0,0.0,0.0,0.0
34313.0,44.14669649330395,1.5,100.0,100.0,1.0,118.626,79.0,1.0,0.0,1.0,0.0,0.0,0.0
7269.0,43.95701689684295,1.1929139942888158,25.62615207555908,38.9492935980107,0.0,64.538,190.0,1.0,0.0,0.0,0.0,0.0,1.0
33110.0,28.23116147487726,1.5,100.0,100.0,1.0,116.22,97.0,1.0,0.0,0.0,0.0,0.0,0.0
13792.0,41.07029967684935,1.137924413865963,54.175703934214525,71.51231856355668,0.0,77.584,186.0,1.0,0.0,0.0,0.0,0.0,1.0
34770.0,42.207369412686816,1.5,100.0,100.0,2.0,119.54,107.0,1.0,0.0,0.0,0.0,0.0,0.0
69494.0,54.62429414102819,1.5,100.0,100.0,1.0,188.988,96.0,1.0,0.0,0.0,1.0,0.0,0.0
11840.0,44.65201333289756,1.0814839874739728,35.965715726290654,55.65646291925982,1.0,73.68,198.0,1.0,0.0,0.0,0.0,0.0,1.0
42189.0,34.33177219192574,1.5,100.0,100.0,4.0,134.378,97.0,1.0,0.0,0.0,0.0,0.0,0.0
15481.0,35.801359373340105,1.2126146367736188,56.65491756079081,80.33773694455773,0.0,80.962,84.0,1.0,0.0,0.0,0.0,0.0,0.0
39761.0,30.03287176132753,1.5,100.0,100.0,2.0,129.522,87.0,1.0,0.0,0.0,0.0,0.0,0.0
21458.0,34.86965023318008,1.3823241599303373,71.3312951648031,100.0,2.0,92.916,106.0,1.0,0.0,0.0,1.0,0.0,0.0
26348.0,45.44306694400632,1.5,95.2330708795374,100.0,3.0,102.696,96.0,0.0,0.0,0.0,1.0,0.0,0.0
14148.0,54.70708168235218,1.219752980141636,47.641287527182726,73.91873905576357,1.0,78.29599999999999,193.0,0.0,0.0,1.0,0.0,0.0,0.0
25608.0,38.1615501912221,1.5,93.12745062621994,100.0,1.0,101.216,93.0,0.0,0.0,0.0,0.0,0.0,0.0
28730.0,33.51414207385961,1.5,87.41812963393168,100.0,0.0,107.46,107.0,0.0,0.0,0.0,0.0,0.0,0.0
28837.0,56.05841391492665,1.5,95.27084513796906,100.0,1.0,107.674,105.0,0.0,1.0,0.0,0.0,0.0,0.0
11014.0,32.473259382612554,1.3989525654923505,35.996584858694966,57.68885245978174,1.0,72.02799999999999,210.0,0.0,0.0,0.0,0.0,0.0,1.0
38063.0,35.71445098587504,1.5,100.0,100.0,4.0,126.126,89.0,0.0,0.0,0.0,0.0,0.0,0.0
26091.0,33.39474839453546,1.5,94.98606411463624,100.0,0.0,102.182,77.0,0.0,1.0,0.0,0.0,0.0,0.0
31072.0,33.722117349576585,1.5,100.0,100.0,3.0,112.144,97.0,0.0,1.0,0.0,0.0,0.0,0.0
13871.0,42.19327477750349,1.281990367369381,44.60559361507023,66.1847425252187,0.0,77.742,185.0,0.0,0.0,1.0,0.0,0.0,0.0
22412.0,44.33753777180424,1.0347198712478247,84.3501832581452,100.0,1.0,94.824,99.0,0.0,0.0,0.0,0.0,0.0,0.0
24869.0,43.32225267825545,1.3762036259641606,78.09352635528175,100.0,1.0,99.738,104.0,0.0,1.0,0.0,0.0,0.0,0.0
24520.0,44.155529110007485,1.0634971301076908,80.36100161724505,100.0,1.0,99.04,107.0,0.0,0.0,0.0,0.0,0.0,1.0
21304.0,46.84773341151576,1.211046808691142,80.0269880800799,100.0,1.0,92.608,97.0,0.0,1.0,0.0,0.0,0.0,0.0
21160.0,42.75923272119451,1.1564041614972038,63.661158543888405,100.0,0.0,92.32,102.0,0.0,1.0,0.0,0.0,0.0,0.0
20947.0,24.952848685632432,1.3287329326672832,60.09820164063044,100.0,1.0,91.894,106.0,0.0,0.0,1.0,0.0,0.0,0.0
45034.0,28.56931341010716,1.5,100.0,100.0,2.0,140.06799999999998,113.0,0.0,0.0,0.0,1.0,0.0,0.0
14992.0,56.61084644423507,1.1657870059010855,55.23154363396032,70.29158921717286,1.0,79.98400000000001,172.0,0.0,1.0,0.0,0.0,0.0,0.0
18994.0,53.11588031612429,1.3085299556037886,70.06244622675992,92.23144193263984,2.0,87.988,94.0,0.0,0.0,1.0,0.0,0.0,0.0
40856.0,52.55174229674907,1.5,100.0,100.0,2.0,131.712,97.0,0.0,0.0,0.0,0.0,0.0,0.0
42618.0,20.0,1.5,100.0,100.0,2.0,135.236,114.0,0.0,0.0,0.0,0.0,0.0,0.0
22147.0,27.26097350677968,1.0812493494494186,77.97957343645714,100.0,2.0,94.294,90.0,0.0,0.0,0.0,1.0,0.0,0.0
25656.0,42.15704040902968,1.5,91.78787469340956,100.0,1.0,101.312,115.0,0.0,0.0,0.0,0.0,0.0,0.0
27174.0,53.66589345067723,1.5,91.84409797967196,100.0,0.0,104.348,95.0,0.0,0.0,1.0,0.0,0.0,0.0
25274.0,43.981161506696736,1.5,76.58767214073858,100.0,0.0,100.548,86.0,0.0,0.0,0.0,0.0,0.0,0.0
19427.0,39.25113037567159,1.0521155303121064,70.58772689673211,96.90745638390396,2.0,88.854,112.0,0.0,0.0,0.0,0.0,0.0,0.0
36329.0,21.05784087761133,1.5,100.0,100.0,5.0,122.658,104.0,0.0,0.0,0.0,0.0,0.0,0.0
23369.0,32.65454849236131,1.0660506843064592,70.98239575688487,100.0,1.0,96.738,97.0,0.0,0.0,0.0,0.0,0.0,0.0
27993.0,39.58989447007862,1.5,96.35945432002396,100.0,4.0,105.986,103.0,0.0,0.0,0.0,0.0,0.0,0.0
46756.0,40.74569731877357,1.5,100.0,100.0,0.0,143.512,106.0,0.0,0.0,0.0,0.0,0.0,1.0
21904.0,50.59129736174166,1.2178495000150014,64.03071613564028,100.0,0.0,93.808,101.0,0.0,0.0,1.0,0.0,0.0,0.0
7670.0,41.29539622226181,1.1224105697305435,23.91426945925093,36.45076921302368,2.0,65.34,207.0,0.0,0.0,0.0,0.0,0.0,0.0
6177.0,53.04533756895532,1.1800736589514815,12.82114067931836,26.570155784066973,0.0,62.354,196.0,0.0,0.0,0.0,0.0,0.0,0.0
35103.0,22.225729302086165,1.5,100.0,100.0,2.0,120.206,96.0,0.0,0.0,0.0,0.0,0.0,1.0
60273.0,20.0,1.5,100.0,100.0,5.0,170.546,98.0,0.0,0.0,1.0,0.0,0.0,0.0
28426.0,22.81086130490557,1.5,94.06071285949662,100.0,4.0,106.852,116.0,0.0,0.0,0.0,0.0,0.0,0.0
53681.0,41.05741237109923,1.5,100.0,100.0,2.0,157.362,90.0,0.0,0.0,0.0,0.0,0.0,0.0
31974.0,34.49886725980529,1.5,100.0,100.0,3.0,113.948,119.0,0.0,0.0,0.0,0.0,0.0,0.0
9181.0,56.35345951754133,1.3530966966968327,34.496194872809376,45.610856515505226,0.0,68.362,209.0,0.0,0.0,0.0,0.0,0.0,1.0
23939.0,58.67488992680754,1.1478781102949185,75.30464181618427,100.0,3.0,97.878,109.0,0.0,0.0,0.0,0.0,0.0,0.0
25990.0,52.78981620587295,1.5,96.43018995915706,100.0,0.0,101.98,110.0,0.0,0.0,1.0,0.0,0.0,0.0
20987.0,38.55146921500329,1.1797190808016196,62.214193235085546,100.0,0.0,91.974,99.0,1.0,0.0,0.0,0.0,0.0,0.0
12496.0,40.72662202133217,1.3528402887226585,43.12704126915979,66.33572197876194,0.0,74.992,194.0,1.0,0.0,1.0,0.0,0.0,0.0
25561.0,20.0,1.5,91.19440947623212,100.0,1.0,101.122,100.0,1.0,0.0,0.0,0.0,0.0,0.0
31406.0,22.49522568161538,1.5,100.0,100.0,0.0,112.812,89.0,1.0,0.0,0.0,1.0,0.0,0.0
29081.0,24.249906364939918,1.5,99.92029105303747,100.0,1.0,108.162,83.0,1.0,0.0,0.0,0.0,0.0,0.0
43831.0,33.940560101584744,1.5,100.0,100.0,2.0,137.662,108.0,1.0,0.0,0.0,0.0,0.0,0.0
50635.0,36.99082359781056,1.5,100.0,100.0,4.0,151.26999999999998,94.0,1.0,1.0,0.0,0.0,0.0,0.0
49336.0,39.459835486950695,1.5,100.0,100.0,1.0,148.672,115.0,1.0,0.0,0.0,0.0,0.0,0.0
31659.0,38.22871485764577,1.5,100.0,100.0,1.0,113.318,92.0,1.0,0.0,0.0,0.0,0.0,0.0
11260.0,65.19714649831828,1.356296497580043,37.67559208030646,56.10598892848606,1.0,72.52,200.0,1.0,0.0,0.0,0.0,0.0,0.0
47742.0,27.46898055505944,1.5,100.0,100.0,4.0,145.48399999999998,94.0,1.0,0.0,0.0,0.0,0.0,0.0
56194.0,35.060812320512966,1.5,100.0,100.0,0.0,162.388,92.0,1.0,0.0,0.0,0.0,0.0,0.0
8290.0,42.18406939924191,1.0185505414627014,20.391156917240743,45.77291178761435,0.0,66.58,187.0,1.0,0.0,0.0,0.0,0.0,0.0
47618.0,41.20426325360401,1.5,100.0,100.0,2.0,145.236,113.0,1.0,0.0,0.0,0.0,0.0,0.0
36194.0,33.547816305324254,1.5,100.0,100.0,2.0,122.388,104.0,1.0,0.0,1.0,0.0,0.0,0.0
25349.0,40.30320453025137,1.5,88.87944801633711,100.0,3.0,100.698,81.0,1.0,0.0,1.0,0.0,0.0,0.0
12738.0,49.799304508839285,1.1012146836491303,41.86262113525172,68.30090900487474,0.0,75.476,193.0,0.0,0.0,0.0,0.0,0.0,0.0
33315.0,48.16106971996622,1.5,100.0,100.0,2.0,116.63,81.0,0.0,0.0,1.0,0.0,0.0,0.0
14203.0,29.168028459452927,1.1942803473286785,52.24191529628762,73.99870474085581,1.0,78.406,214.0,0.0,1.0,0.0,0.0,0.0,0.0
26470.0,32.52699773685243,1.5,86.45815192847395,100.0,1.0,102.94,95.0,0.0,0.0,0.0,0.0,0.0,0.0
40441.0,30.632903253411705,1.5,100.0,100.0,0.0,130.882,115.0,0.0,0.0,1.0,0.0,0.0,0.0
30733.0,47.47147178640668,1.5,100.0,100.0,2.0,111.466,92.0,0.0,0.0,0.0,0.0,0.0,0.0
25488.0,36.61923020089623,1.5,90.12059726369336,100.0,2.0,100.976,109.0,0.0,0.0,0.0,0.0,1.0,0.0
20699.0,57.71155849177079,1.3806681188181784,71.95023447597903,100.0,2.0,91.398,94.0,0.0,0.0,0.0,0.0,0.0,0.0
35165.0,39.02520870255604,1.5,100.0,100.0,4.0,120.33,94.0,0.0,0.0,0.0,0.0,0.0,0.0
21340.0,37.1490528313777,1.0675894436899145,80.33423472766256,100.0,4.0,92.68,113.0,0.0,0.0,1.0,0.0,0.0,0.0
38685.0,34.48561989875606,1.5,100.0,100.0,1.0,127.37,102.0,0.0,0.0,0.0,1.0,0.0,0.0
20524.0,42.67730286552786,1.241451436026263,67.22747399830574,99.79112746549552,0.0,91.048,104.0,0.0,0.0,0.0,0.0,0.0,0.0
31104.0,23.989567578177216,1.5,96.495228050918,100.0,1.0,112.208,116.0,0.0,0.0,0.0,0.0,0.0,0.0
27291.0,43.29776492046659,1.5,91.51349244103464,100.0,3.0,104.582,106.0,0.0,0.0,0.0,1.0,0.0,0.0
5048.0,50.17032677856452,1.2717535720643889,13.220374883260678,20.67351717406488,1.0,60.096,223.0,0.0,0.0,1.0,0.0,0.0,0.0
13300.0,33.464305934856846,1.1390914156230574,36.591189352639006,63.88139741918649,0.0,76.6,194.0,0.0,0.0,0.0,0.0,0.0,0.0
35130.0,44.487384225887325,1.5,100.0,100.0,2.0,120.26,92.0,0.0,0.0,0.0,0.0,0.0,0.0
25831.0,21.434163105962043,1.5,88.15888047262361,100.0,3.0,101.662,102.0,0.0,0.0,0.0,0.0,0.0,0.0
10372.0,52.94433282555032,1.3061015473164657,24.794543802045155,53.593782483249335,0.0,70.744,200.0,0.0,0.0,0.0,0.0,0.0,0.0
34599.0,34.269669936880426,1.5,100.0,100.0,2.0,119.198,101.0,0.0,0.0,0.0,0.0,0.0,0.0
55288.0,43.29892358933243,1.5,100.0,100.0,3.0,160.576,100.0,0.0,1.0,0.0,0.0,0.0,0.0
27167.0,28.346354604938565,1.5,83.04063399440527,100.0,4.0,104.334,93.0,0.0,0.0,0.0,0.0,0.0,0.0
13368.0,37.044795179309695,1.3433753618208977,47.41684782225609,70.12946832882233,1.0,76.736,213.0,0.0,0.0,0.0,0.0,0.0,0.0
30343.0,23.50198506129197,1.5,97.06393372969234,100.0,0.0,110.686,114.0,0.0,1.0,0.0,0.0,0.0,0.0
53156.0,33.53236411628358,1.5,100.0,100.0,2.0,156.312,110.0,0.0,0.0,0.0,0.0,0.0,0.0
45221.0,35.500072756971726,1.5,100.0,100.0,1.0,140.442,86.0,0.0,0.0,0.0,0.0,0.0,0.0
30790.0,30.6545820802862,1.5,100.0,100.0,1.0,111.58,99.0,0.0,0.0,0.0,0.0,0.0,0.0
14346.0,41.61337690805713,1.279980308991192,50.10868407529232,70.6109259909006,0.0,78.69200000000001,205.0,0.0,0.0,0.0,0.0,0.0,0.0
21470.0,28.703715357287276,1.1171684281416303,75.81333386670815,100.0,1.0,92.94,88.0,0.0,0.0,0.0,0.0,0.0,0.0
12830.0,45.0753404650537,1.347906432377991,40.09775306563541,60.31129178349489,0.0,75.66,217.0,0.0,1.0,0.0,0.0,0.0,0.0
38188.0,41.3169571945924,1.5,100.0,100.0,2.0,126.376,94.0,0.0,0.0,0.0,0.0,1.0,1.0
19256.0,38.79999118013671,1.3706263723401697,56.2268858723139,98.72808452118248,0.0,88.512,105.0,0.0,0.0,0.0,0.0,1.0,0.0
67016.0,27.851458012283263,1.5,100.0,100.0,4.0,184.032,94.0,0.0,0.0,1.0,0.0,0.0,0.0
14713.0,42.62880615145673,1.1228490078623807,44.94212069768395,71.3417503517299,0.0,79.426,194.0,0.0,0.0,0.0,0.0,0.0,0.0
45334.0,20.0,1.5,100.0,100.0,4.0,140.668,109.0,0.0,0.0,1.0,0.0,0.0,0.0
26787.0,44.24336119726997,1.5,80.84099811642315,100.0,2.0,103.574,93.0,0.0,0.0,0.0,0.0,0.0,0.0
26269.0,35.845482546000326,1.5,90.44338917597848,100.0,0.0,102.538,98.0,0.0,0.0,0.0,0.0,0.0,0.0
18993.0,28.360632847078787,1.2461114865980492,57.06138602641019,91.30595618484304,1.0,87.98599999999999,95.0,0.0,1.0,0.0,0.0,0.0,0.0
24373.0,54.54076363305789,1.209782118954382,72.30596286226448,100.0,2.0,98.746,101.0,0.0,0.0,0.0,0.0,0.0,1.0
23189.0,60.32956977354453,1.3399876034827822,84.70299413871217,100.0,3.0,96.378,93.0,0.0,0.0,0.0,0.0,0.0,0.0
16811.0,42.30249650467024,1.3829506241612504,52.50749567833381,85.22153423247529,1.0,83.622,94.0,0.0,0.0,0.0,0.0,1.0,0.0
41388.0,34.654510724097605,1.5,100.0,100.0,1.0,132.776,101.0,0.0,0.0,0.0,0.0,0.0,0.0
31246.0,26.539468802544956,1.5,100.0,100.0,1.0,112.492,102.0,0.0,0.0,0.0,0.0,0.0,1.0
38653.0,31.589986222539903,1.5,100.0,100.0,4.0,127.306,91.0,0.0,0.0,0.0,0.0,0.0,0.0
27364.0,20.0,1.5,93.7456398709632,100.0,2.0,104.728,110.0,0.0,0.0,0.0,1.0,0.0,0.0
32407.0,22.224887583067414,1.5,98.73631993492982,100.0,1.0,114.814,92.0,0.0,0.0,1.0,0.0,0.0,0.0
32516.0,42.83368739817752,1.5,100.0,100.0,4.0,115.032,93.0,0.0,0.0,0.0,0.0,0.0,0.0
23570.0,54.53842269572927,1.2945059776433965,87.37145776865748,100.0,2.0,97.14,116.0,0.0,0.0,0.0,1.0,0.0,0.0
20790.0,51.78657633356013,1.2609808436756864,61.99402086670527,100.0,2.0,91.58,97.0,1.0,0.0,0.0,0.0,0.0,0.0
48350.0,35.82960534892928,1.5,100.0,100.0,3.0,146.7,111.0,1.0,0.0,1.0,0.0,0.0,0.0
17894.0,46.882772668762016,1.1696397103669176,67.0902000339697,89.64927835710789,1.0,85.788,98.0,1.0,0.0,0.0,1.0,0.0,0.0
33435.0,38.54547516341207,1.5,100.0,100.0,4.0,116.87,119.0,1.0,0.0,0.0,0.0,0.0,0.0
46073.0,24.419421069132703,1.5,100.0,100.0,2.0,142.14600000000002,91.0,1.0,0.0,0.0,0.0,0.0,0.0
29883.0,20.0,1.5,100.0,100.0,3.0,109.766,112.0,1.0,0.0,0.0,0.0,0.0,0.0
59435.0,39.165061244123976,1.5,100.0,100.0,4.0,168.87,94.0,1.0,0.0,0.0,0.0,0.0,0.0
26893.0,31.698615791547702,1.5,96.26651184650488,100.0,1.0,103.786,116.0,1.0,0.0,0.0,0.0,0.0,0.0
30883.0,31.38540456353034,1.5,95.88821831208878,100.0,0.0,111.766,107.0,1.0,0.0,1.0,0.0,0.0,0.0
14059.0,50.68961647215348,1.0734631790870073,50.31987787316024,65.67928940865836,1.0,78.118,222.0,1.0,0.0,0.0,0.0,1.0,1.0
23677.0,32.247204614206424,1.135029229291073,84.26752374815563,100.0,2.0,97.354,109.0,1.0,1.0,0.0,0.0,0.0,0.0
31111.0,20.0,1.5,100.0,100.0,0.0,112.222,98.0,1.0,0.0,0.0,0.0,0.0,0.0
37605.0,31.22039311475568,1.5,100.0,100.0,0.0,125.21,92.0,1.0,0.0,1.0,0.0,0.0,0.0
17269.0,32.724483809519,1.201535082529682,55.63345376968637,84.78515502427805,0.0,84.538,107.0,1.0,0.0,0.0,0.0,0.0,0.0
29042.0,54.62553014131165,1.5,100.0,100.0,4.0,108.084,86.0,1.0,0.0,0.0,1.0,0.0,0.0
22373.0,30.110929550015115,1.3054966909408097,78.77825894802417,100.0,0.0,94.746,98.0,1.0,0.0,0.0,1.0,0.0,0.0
13346.0,51.33985124231504,1.075449289377996,46.61556275188266,66.93603678494617,2.0,76.69200000000001,181.0,1.0,0.0,0.0,0.0,0.0,0.0
17684.0,24.95712749590476,1.1854866038363203,63.23477042125029,89.6756107497137,1.0,85.368,89.0,1.0,1.0,0.0,0.0,0.0,0.0
24359.0,47.15023460871968,1.3774820174075306,74.15724518300489,100.0,1.0,98.718,97.0,1.0,0.0,1.0,0.0,0.0,1.0
17343.0,27.38893594876233,1.218055048360402,56.875019123101424,91.59549429409464,0.0,84.686,107.0,1.0,0.0,0.0,0.0,1.0,0.0
19296.0,50.27218874129875,1.1808948738156475,56.01327442067463,94.88586143043968,1.0,88.592,92.0,1.0,0.0,0.0,0.0,0.0,0.0
40983.0,36.81052609800086,1.5,100.0,100.0,0.0,131.966,95.0,0.0,0.0,0.0,0.0,0.0,1.0
52764.0,28.71278100546586,1.5,100.0,100.0,0.0,155.52800000000002,103.0,0.0,0.0,0.0,0.0,0.0,0.0
17326.0,49.73654601182271,1.2891002061478118,47.89184042765041,82.79976800005466,2.0,84.652,85.0,0.0,0.0,0.0,0.0,0.0,0.0
15597.0,49.99497031430492,1.3286237960220406,60.98995138974631,78.17757751099354,1.0,81.194,103.0,0.0,0.0,0.0,0.0,0.0,0.0
27841.0,31.55242622907257,1.5,89.7995743203872,100.0,4.0,105.682,88.0,0.0,0.0,0.0,1.0,0.0,0.0
51330.0,39.97980448525902,1.5,100.0,100.0,2.0,152.66,102.0,0.0,0.0,0.0,0.0,0.0,0.0
39298.0,38.27739570791019,1.5,100.0,100.0,2.0,128.596,98.0,0.0,0.0,1.0,0.0,0.0,0.0
57125.0,39.19124246839528,1.5,100.0,100.0,1.0,164.25,108.0,0.0,0.0,0.0,0.0,0.0,0.0
7289.0,37.18138345347694,1.0453086547854675,32.42919798177411,38.48368654125353,0.0,64.578,216.0,0.0,0.0,0.0,0.0,0.0,0.0
24341.0,45.6834805680726,1.1024246344597457,85.47122720098172,100.0,2.0,98.682,96.0,0.0,0.0,0.0,0.0,0.0,0.0
32823.0,42.59797540398193,1.5,100.0,100.0,2.0,115.646,110.0,0.0,0.0,0.0,0.0,0.0,0.0
23406.0,32.7373141214877,1.255475356329782,85.39826394044897,100.0,1.0,96.812,96.0,0.0,0.0,0.0,0.0,0.0,0.0
21830.0,43.90682253915568,1.3610514857526084,65.30498629849701,100.0,2.0,93.66,97.0,0.0,0.0,0.0,0.0,0.0,0.0
42688.0,30.04565357805766,1.5,100.0,100.0,2.0,135.376,100.0,0.0,0.0,0.0,0.0,0.0,0.0
47567.0,24.36643231864457,1.5,100.0,100.0,2.0,145.134,110.0,0.0,1.0,0.0,0.0,0.0,0.0
19745.0,57.82734017307703,1.1569060433083396,60.390132749573496,99.90931887644582,0.0,89.49000000000001,96.0,0.0,0.0,0.0,0.0,0.0,0.0
17148.0,37.54208349159372,1.0886133574686925,66.15686123064447,84.18847773249017,0.0,84.29599999999999,96.0,0.0,0.0,0.0,0.0,0.0,0.0
27253.0,42.08301784003277,1.5,92.65420842057958,100.0,0.0,104.506,109.0,0.0,0.0,0.0,0.0,1.0,0.0
50485.0,38.7582363625106,1.5,100.0,100.0,4.0,150.97,92.0,0.0,0.0,0.0,0.0,0.0,0.0
24101.0,44.51003654414807,1.0858571430195698,75.17415038840979,100.0,2.0,98.202,91.0,0.0,0.0,0.0,0.0,0.0,0.0
24646.0,46.14015686446344,1.1506489233583577,87.24003586670025,100.0,1.0,99.292,101.0,0.0,0.0,0.0,0.0,0.0,0.0
32278.0,40.09124704358737,1.5,100.0,100.0,6.0,114.556,94.0,0.0,1.0,0.0,0.0,0.0,0.0
42606.0,46.81268994033964,1.5,100.0,100.0,2.0,135.212,102.0,0.0,0.0,0.0,0.0,0.0,0.0
48288.0,37.08018820475751,1.5,100.0,100.0,3.0,146.576,103.0,0.0,0.0,1.0,0.0,0.0,0.0
13153.0,23.37322446945622,1.022350978898387,42.37680881290274,63.299126663319015,0.0,76.306,204.0,0.0,0.0,1.0,0.0,0.0,0.0
48055.0,45.93573011451694,1.5,100.0,100.0,1.0,146.11,97.0,0.0,0.0,0.0,0.0,0.0,0.0
29719.0,39.89560507036839,1.5,89.07646376251913,100.0,1.0,109.438,95.0,0.0,0.0,1.0,0.0,0.0,0.0
29332.0,33.78961913829561,1.5,100.0,100.0,4.0,108.664,80.0,0.0,0.0,0.0,0.0,0.0,0.0
14347.0,55.29969649777067,1.046875483272889,38.84060185095987,75.23942220979914,0.0,78.694,206.0,0.0,0.0,1.0,0.0,0.0,0.0
27524.0,41.32902359729879,1.5,84.48436100728232,100.0,1.0,105.048,108.0,0.0,0.0,1.0,0.0,0.0,0.0
54190.0,27.93476682049174,1.5,100.0,100.0,1.0,158.38,104.0,0.0,0.0,0.0,0.0,0.0,0.0
53149.0,43.006713436574,1.5,100.0,100.0,4.0,156.298,113.0,0.0,0.0,1.0,0.0,0.0,0.0
25887.0,20.0,1.5,77.66186478436805,100.0,2.0,101.774,88.0,0.0,0.0,1.0,0.0,0.0,0.0
30975.0,38.006112604217016,1.5,100.0,100.0,1.0,111.95,123.0,0.0,0.0,0.0,1.0,0.0,0.0
24105.0,48.36518809049756,1.2074180536663968,84.91584163496566,100.0,3.0,98.21,100.0,0.0,0.0,0.0,0.0,0.0,0.0
17334.0,44.37212746105287,1.3014210858473023,48.66213520855502,87.778912068203,1.0,84.668,109.0,0.0,0.0,0.0,0.0,0.0,0.0
34541.0,31.601272136707745,1.5,100.0,100.0,6.0,119.082,102.0,0.0,0.0,0.0,0.0,0.0,0.0
32737.0,42.60215142384289,1.5,100.0,100.0,1.0,115.474,92.0,0.0,0.0,1.0,0.0,0.0,0.0
24735.0,54.47377809034962,1.378976791423796,84.48034381444094,100.0,3.0,99.47,120.0,0.0,0.0,0.0,0.0,0.0,0.0
49340.0,41.08385093290847,1.5,100.0,100.0,1.0,148.68,96.0,0.0,0.0,0.0,0.0,0.0,0.0
47599.0,43.3145993927218,1.5,100.0,100.0,3.0,145.19799999999998,108.0,0.0,0.0,0.0,0.0,0.0,0.0
13000.0,33.941858969092,1.2804549684059514,41.25095551640364,67.371587026887,2.0,76.0,212.0,0.0,0.0,0.0,0.0,0.0,0.0
41125.0,37.09289087434046,1.5,100.0,100.0,1.0,132.25,114.0,0.0,0.0,0.0,1.0,0.0,1.0
50740.0,47.878617364362114,1.5,100.0,100.0,2.0,151.48000000000002,89.0,0.0,0.0,1.0,0.0,0.0,0.0
36929.0,21.707345501542942,1.5,100.0,100.0,2.0,123.858,94.0,0.0,0.0,0.0,0.0,1.0,0.0
7929.0,53.31979373740592,1.3703303948253038,32.914750326676824,41.04082369610947,0.0,65.858,213.0,0.0,0.0,0.0,1.0,0.0,0.0
36204.0,46.06820583391204,1.5,100.0,100.0,1.0,122.408,103.0,1.0,0.0,1.0,0.0,0.0,0.0
52491.0,20.201803728526556,1.5,100.0,100.0,3.0,154.982,99.0,1.0,0.0,0.0,0.0,0.0,0.0
9208.0,52.59627177553818,1.3247689572459045,26.85623453487953,43.85910475104938,0.0,68.416,200.0,1.0,0.0,0.0,0.0,0.0,0.0
15562.0,31.61938912033606,1.163411244599789,54.02334033975511,82.23104217703019,0.0,81.124,105.0,1.0,0.0,0.0,1.0,0.0,0.0
50347.0,28.831090641684582,1.5,100.0,100.0,1.0,150.69400000000002,97.0,1.0,0.0,0.0,1.0,0.0,0.0
22799.0,46.48040831086789,1.2320109362392415,66.5671998549929,100.0,0.0,95.598,84.0,1.0,1.0,0.0,0.0,0.0,1.0
34262.0,20.0,1.5,100.0,100.0,0.0,118.524,110.0,1.0,0.0,0.0,1.0,0.0,0.0
16003.0,45.35563426460903,1.154707032431782,52.309352609017786,82.05495945511693,0.0,82.006,100.0,1.0,0.0,0.0,1.0,0.0,0.0
26569.0,40.99605699909109,1.5,90.785888944653,100.0,4.0,103.138,109.0,1.0,0.0,0.0,0.0,0.0,0.0
19676.0,33.3029079677479,1.3525623250478638,68.99333622122373,100.0,0.0,89.352,108.0,1.0,0.0,0.0,0.0,0.0,0.0
26102.0,34.452373216424924,1.5,80.01853867722613,100.0,2.0,102.204,101.0,1.0,0.0,1.0,0.0,0.0,0.0
27534.0,20.0,1.5,98.8685900880634,100.0,2.0,105.068,117.0,1.0,0.0,0.0,0.0,0.0,0.0
45475.0,27.503039856544746,1.5,100.0,100.0,2.0,140.95,87.0,1.0,0.0,1.0,0.0,0.0,0.0
39526.0,35.33038157813141,1.5,100.0,100.0,0.0,129.05200000000002,95.0,1.0,0.0,0.0,0.0,0.0,0.0
34970.0,27.088967094656724,1.5,100.0,100.0,5.0,119.94,97.0,1.0,0.0,0.0,0.0,0.0,0.0
12821.0,45.45849007916599,1.2975036158539217,33.95782146518421,68.93714995096929,1.0,75.642,201.0,1.0,1.0,0.0,0.0,0.0,0.0
34322.0,33.186487421081345,1.5,100.0,100.0,3.0,118.644,99.0,1.0,0.0,0.0,0.0,0.0,0.0
16318.0,48.18793906771063,1.1453890755973837,60.62164015725354,77.99303198237656,0.0,82.636,106.0,1.0,0.0,0.0,0.0,0.0,0.0
33954.0,39.63203298785928,1.5,100.0,100.0,2.0,117.908,106.0,1.0,0.0,0.0,0.0,0.0,0.0
26327.0,52.596606539095774,1.5,95.69748915807764,100.0,1.0,102.654,90.0,1.0,0.0,1.0,0.0,0.0,0.0
35514.0,48.2376656455988,1.5,100.0,100.0,2.0,121.028,102.0,0.0,1.0,0.0,0.0,0.0,0.0
52279.0,30.84766659545785,1.5,100.0,100.0,2.0,154.558,105.0,0.0,0.0,0.0,0.0,0.0,1.0
44843.0,42.677046811059085,1.5,100.0,100.0,0.0,139.686,120.0,0.0,0.0,0.0,0.0,0.0,0.0
15660.0,59.25240079599095,1.0835278499110967,46.57031621827144,77.7582932458885,1.0,81.32,106.0,0.0,0.0,0.0,0.0,0.0,0.0
36536.0,41.18361141543028,1.5,100.0,100.0,2.0,123.072,96.0,0.0,1.0,0.0,0.0,0.0,1.0
48745.0,30.333676452871263,1.5,100.0,100.0,3.0,147.49,88.0,0.0,0.0,0.0,0.0,0.0,0.0
16775.0,56.25671663737768,1.3043627427815128,49.54150694684811,84.16488337430039,1.0,83.55,113.0,0.0,0.0,0.0,0.0,0.0,0.0
7256.0,53.116637964760926,1.2813264825885424,23.27509239124644,38.9449755924534,1.0,64.512,201.0,0.0,0.0,0.0,0.0,0.0,0.0
20567.0,52.29637707174896,1.1151256736223123,69.87131913101524,100.0,1.0,91.134,105.0,0.0,0.0,0.0,0.0,0.0,0.0
36211.0,31.558305327905146,1.5,100.0,100.0,4.0,122.422,110.0,0.0,0.0,0.0,0.0,0.0,0.0
26877.0,46.036548324011584,1.5,82.5393341359958,100.0,3.0,103.754,95.0,0.0,0.0,0.0,0.0,0.0,0.0
23911.0,60.04469357221339,1.2213301181075744,88.0596633706245,100.0,2.0,97.822,108.0,0.0,0.0,0.0,0.0,0.0,0.0
22120.0,57.27672170636077,1.0024164764161991,82.5052589225286,100.0,2.0,94.24,92.0,0.0,0.0,0.0,0.0,0.0,0.0
44140.0,44.785864438298766,1.5,100.0,100.0,1.0,138.28,101.0,0.0,0.0,0.0,0.0,0.0,1.0
43111.0,34.054099307131125,1.5,100.0,100.0,4.0,136.22199999999998,102.0,0.0,0.0,0.0,0.0,0.0,0.0
52264.0,30.99625740926569,1.5,100.0,100.0,4.0,154.52800000000002,86.0,0.0,0.0,0.0,0.0,0.0,0.0
23496.0,47.01500817646768,1.3763429675322358,83.3051769163391,100.0,1.0,96.992,87.0,0.0,0.0,0.0,0.0,0.0,0.0
41250.0,20.0,1.5,100.0,100.0,1.0,132.5,108.0,0.0,1.0,0.0,0.0,0.0,0.0
35874.0,30.34957833615578,1.5,100.0,100.0,3.0,121.748,116.0,0.0,0.0,0.0,0.0,0.0,1.0
30261.0,38.80050463630712,1.5,94.22228224703188,100.0,3.0,110.522,103.0,0.0,0.0,0.0,0.0,0.0,0.0
44557.0,31.085702189962905,1.5,100.0,100.0,4.0,139.114,107.0,0.0,0.0,0.0,0.0,0.0,0.0
46483.0,39.15517359967433,1.5,100.0,100.0,3.0,142.966,105.0,0.0,0.0,1.0,0.0,0.0,0.0
32412.0,45.07462469675136,1.5,100.0,100.0,1.0,114.824,91.0,0.0,0.0,1.0,0.0,0.0,0.0
29862.0,39.14767620116741,1.5,96.54275228826631,100.0,0.0,109.724,103.0,0.0,0.0,0.0,1.0,0.0,0.0
32035.0,35.42899962317483,1.5,100.0,100.0,0.0,114.07,97.0,0.0,0.0,0.0,0.0,0.0,0.0
24834.0,41.416275311328576,1.1290216228035723,89.8993246057806,100.0,3.0,99.668,99.0,0.0,1.0,0.0,0.0,0.0,0.0
22178.0,47.59210076009032,1.1928557645074458,73.19591421412619,100.0,2.0,94.356,106.0,0.0,0.0,1.0,0.0,0.0,0.0
30499.0,40.7391837976486,1.5,94.09902879224369,100.0,2.0,110.998,98.0,0.0,0.0,0.0,0.0,0.0,0.0
27378.0,33.04214420578529,1.5,100.0,100.0,3.0,104.756,104.0,0.0,0.0,0.0,0.0,0.0,0.0
45188.0,28.20124213483276,1.5,100.0,100.0,4.0,140.376,91.0,0.0,0.0,0.0,0.0,0.0,0.0
48692.0,20.0,1.5,100.0,100.0,1.0,147.384,90.0,0.0,0.0,0.0,0.0,0.0,0.0
14914.0,59.17664814634619,1.1061050395671497,53.37431811341243,74.26788815106849,0.0,79.828,189.0,0.0,1.0,0.0,0.0,0.0,0.0
11323.0,28.08852797557084,1.282742680849048,39.2387664376258,59.316201344673765,0.0,72.646,209.0,0.0,1.0,0.0,0.0,0.0,0.0
28334.0,33.18026728677631,1.5,100.0,100.0,3.0,106.668,106.0,0.0,0.0,1.0,0.0,0.0,0.0
17703.0,51.38148339168808,1.3370899190678625,53.7590691465651,84.48156996490845,2.0,85.406,98.0,0.0,0.0,0.0,0.0,0.0,0.0
29341.0,35.30298018591117,1.5,99.27237752078156,100.0,1.0,108.682,93.0,0.0,0.0,0.0,0.0,0.0,0.0
23018.0,54.612892256978505,1.0964983554890706,76.16949240983826,100.0,1.0,96.036,90.0,0.0,0.0,0.0,0.0,0.0,0.0
24550.0,61.03990003927599,1.326674605435422,78.16139855285698,100.0,5.0,99.1,94.0,0.0,0.0,0.0,0.0,0.0,0.0
24776.0,40.70047079257597,1.3775824665816687,90.61511148867989,100.0,3.0,99.552,111.0,0.0,0.0,0.0,0.0,0.0,0.0
14034.0,40.629010528678094,1.2117652757231137,47.176931414492586,71.0776954974297,0.0,78.068,175.0,0.0,0.0,0.0,0.0,0.0,0.0
39920.0,37.64845836767358,1.5,100.0,100.0,3.0,129.84,102.0,0.0,0.0,0.0,0.0,0.0,0.0
30859.0,31.83858990721027,1.5,98.2067193880736,100.0,3.0,111.718,112.0,0.0,0.0,0.0,0.0,0.0,0.0
6743.0,30.05554399921085,1.331170287286938,29.139506016905116,37.01147417604313,1.0,63.486,218.0,0.0,0.0,0.0,0.0,0.0,0.0
20108.0,44.427136426031176,1.0902389262196752,62.97716709423712,100.0,0.0,90.216,105.0,0.0,0.0,0.0,1.0,0.0,0.0
41668.0,40.034585503574206,1.5,100.0,100.0,0.0,133.336,87.0,0.0,0.0,0.0,0.0,0.0,0.0
11677.0,48.77651894990431,1.3512913783311395,40.998864328850274,58.949143297470506,0.0,73.354,192.0,0.0,0.0,0.0,0.0,0.0,0.0
13058.0,46.65997099754984,1.0471324571895162,45.38820952526576,62.42843609382272,0.0,76.116,220.0,0.0,0.0,0.0,0.0,0.0,0.0
23806.0,33.30084005594909,1.0949720334110344,87.92135273783325,100.0,2.0,97.612,106.0,0.0,0.0,0.0,0.0,0.0,0.0
33056.0,56.14855718920461,1.5,100.0,100.0,1.0,116.112,90.0,0.0,0.0,0.0,0.0,0.0,0.0
17151.0,46.12792123581152,1.3730696925785189,58.89837560335138,89.6056475495041,0.0,84.30199999999999,120.0,0.0,0.0,0.0,0.0,0.0,0.0
12279.0,44.90229817442513,1.3630149668271412,32.370455700881855,58.27283659973528,0.0,74.55799999999999,201.0,1.0,0.0,0.0,0.0,0.0,0.0
34755.0,36.76030462638422,1.5,100.0,100.0,2.0,119.51,95.0,1.0,1.0,0.0,0.0,0.0,0.0
15617.0,36.6621261385612,1.0643517027212448,48.08206811582441,76.38781102899947,0.0,81.23400000000001,103.0,1.0,0.0,1.0,0.0,0.0,0.0
40997.0,37.93075249746379,1.5,100.0,100.0,2.0,131.994,111.0,1.0,0.0,0.0,0.0,0.0,0.0
34177.0,46.02059813766012,1.5,100.0,100.0,2.0,118.354,90.0,1.0,0.0,1.0,0.0,0.0,0.0
27725.0,33.45316674774469,1.5,86.70147035874096,100.0,4.0,105.45,92.0,1.0,1.0,0.0,0.0,0.0,0.0
18344.0,52.196597092799664,1.242423800188308,62.83197549246098,91.44393022529708,0.0,86.688,82.0,1.0,1.0,0.0,0.0,0.0,0.0
18849.0,43.25217525958716,1.2921443142145574,66.22617450209772,97.832254943332,0.0,87.69800000000001,82.0,1.0,0.0,0.0,0.0,1.0,0.0
24523.0,52.19371367470616,1.0721076989166205,82.93917362469105,100.0,1.0,99.046,100.0,1.0,0.0,0.0,0.0,0.0,0.0
50784.0,33.892727813762285,1.5,100.0,100.0,2.0,151.56799999999998,118.0,1.0,0.0,0.0,0.0,0.0,0.0
43780.0,35.53251740269973,1.5,100.0,100.0,4.0,137.56,96.0,1.0,0.0,1.0,0.0,0.0,0.0
27689.0,40.770661438600925,1.5,91.97037471912051,100.0,1.0,105.378,97.0,1.0,0.0,0.0,0.0,0.0,0.0
10441.0,57.38226424517025,1.0831339589299391,26.97221410463016,50.685041472831855,1.0,70.882,201.0,1.0,0.0,0.0,0.0,0.0,0.0
47032.0,42.719435319830296,1.5,100.0,100.0,1.0,144.064,114.0,1.0,0.0,1.0,0.0,0.0,0.0
27696.0,52.03546714289027,1.5,94.60369965166318,100.0,1.0,105.392,93.0,1.0,0.0,0.0,0.0,0.0,0.0
25778.0,31.27414647709099,1.5,88.08259391002224,100.0,0.0,101.556,105.0,1.0,0.0,0.0,1.0,0.0,0.0
18703.0,49.43020999641335,1.2158996235531347,68.35314921332031,96.73740278528658,1.0,87.406,95.0,1.0,0.0,0.0,0.0,0.0,0.0
10098.0,36.10580814980918,1.014632146787933,38.15577861265851,55.42778142132,0.0,70.196,206.0,1.0,1.0,0.0,0.0,0.0,0.0
25362.0,37.90647711159245,1.5,93.14964875242846,100.0,0.0,100.724,110.0,0.0,0.0,1.0,0.0,0.0,0.0
36112.0,32.13481689877502,1.5,100.0,100.0,2.0,122.224,87.0,0.0,0.0,0.0,0.0,0.0,0.0
49256.0,24.15198488710356,1.5,100.0,100.0,1.0,148.512,125.0,0.0,0.0,0.0,1.0,0.0,0.0
44740.0,25.25322574067436,1.5,100.0,100.0,4.0,139.48000000000002,101.0,0.0,0.0,0.0,1.0,0.0,0.0
26356.0,23.97367253104217,1.5,78.77205265702219,100.0,0.0,102.712,99.0,0.0,0.0,0.0,1.0,0.0,0.0
37550.0,60.14309360202981,1.5,100.0,100.0,5.0,125.1,112.0,0.0,0.0,0.0,0.0,0.0,0.0
20062.0,37.97851460504549,1.397263317856143,76.25585366541235,100.0,3.0,90.124,107.0,0.0,0.0,0.0,0.0,0.0,1.0
28841.0,23.851845104549824,1.5,100.0,100.0,1.0,107.682,106.0,0.0,0.0,0.0,1.0,0.0,0.0
45427.0,28.639926078009715,1.5,100.0,100.0,2.0,140.85399999999998,88.0,0.0,0.0,0.0,1.0,0.0,0.0
22345.0,37.765843347488754,1.394767059650091,79.05693216919977,100.0,0.0,94.69,112.0,0.0,0.0,0.0,1.0,0.0,0.0
29140.0,40.34383129677566,1.5,100.0,100.0,4.0,108.28,80.0,0.0,0.0,0.0,0.0,0.0,0.0
20313.0,33.406234708294974,1.0991539551370204,69.75781559764974,96.75926627213116,0.0,90.626,98.0,0.0,0.0,0.0,0.0,0.0,1.0
29458.0,25.84051669652572,1.5,93.05037134253566,100.0,3.0,108.916,96.0,0.0,1.0,0.0,0.0,0.0,0.0
13535.0,46.64402861276407,1.1825863547728668,43.435966960904686,68.08040862489815,1.0,77.07,201.0,0.0,0.0,0.0,0.0,0.0,0.0
23332.0,30.488236951687675,1.2317444202742474,81.56555317179672,100.0,3.0,96.664,116.0,0.0,0.0,0.0,0.0,0.0,0.0
17889.0,53.49622760159637,1.183727159773862,60.40820245792953,89.0273415873728,0.0,85.77799999999999,113.0,0.0,1.0,0.0,0.0,0.0,1.0
17795.0,40.07998282931282,1.2539841078178893,54.85441900528347,92.4325102538728,0.0,85.59,110.0,0.0,0.0,0.0,1.0,0.0,0.0
46354.0,37.725617759747685,1.5,100.0,100.0,3.0,142.708,93.0,0.0,0.0,0.0,0.0,0.0,0.0
11101.0,49.78714791796798,1.1197274430090585,41.779529763252725,52.14089995981851,0.0,72.202,204.0,0.0,0.0,0.0,1.0,0.0,0.0
9146.0,52.05989115737499,1.1797227954465912,28.364856060423307,46.6977185712199,0.0,68.292,208.0,0.0,0.0,1.0,0.0,0.0,0.0
43199.0,28.268923572390065,1.5,100.0,100.0,2.0,136.398,82.0,0.0,0.0,0.0,0.0,0.0,0.0
44467.0,35.34022259729132,1.5,100.0,100.0,0.0,138.934,107.0,0.0,1.0,0.0,0.0,0.0,0.0
37688.0,33.948019088676375,1.5,100.0,100.0,4.0,125.376,86.0,0.0,0.0,0.0,0.0,0.0,0.0
44192.0,30.140364850307737,1.5,100.0,100.0,3.0,138.384,105.0,0.0,0.0,0.0,0.0,0.0,0.0
30525.0,49.25126258607101,1.5,93.66340313009304,100.0,2.0,111.05,98.0,0.0,1.0,0.0,0.0,0.0,1.0
30456.0,40.592548502234926,1.5,100.0,100.0,5.0,110.912,98.0,0.0,0.0,1.0,0.0,0.0,0.0
26620.0,36.30530423960571,1.5,78.82626885813389,100.0,5.0,103.24,118.0,0.0,0.0,0.0,0.0,0.0,0.0
48946.0,28.766752819903637,1.5,100.0,100.0,1.0,147.892,88.0,0.0,0.0,0.0,0.0,0.0,0.0
35359.0,47.496064954574265,1.5,100.0,100.0,3.0,120.718,76.0,0.0,1.0,0.0,0.0,0.0,0.0
42613.0,31.57653897717651,1.5,100.0,100.0,4.0,135.226,99.0,0.0,0.0,0.0,0.0,0.0,0.0
22728.0,40.11060226108099,1.253172031555175,80.078757558492,100.0,2.0,95.456,86.0,0.0,0.0,0.0,0.0,0.0,1.0
28455.0,44.4088140057144,1.5,87.41860832192123,100.0,4.0,106.91,95.0,0.0,0.0,0.0,0.0,0.0,0.0
32229.0,41.74112803637016,1.5,98.91874497939308,100.0,2.0,114.458,102.0,0.0,1.0,0.0,0.0,0.0,0.0
10574.0,56.90259637631978,1.3214016103586614,36.578601869609685,52.15537893308375,2.0,71.148,221.0,0.0,0.0,0.0,0.0,0.0,0.0
22541.0,47.80546602217418,1.0634190532687513,76.70233696497647,100.0,3.0,95.082,104.0,0.0,0.0,0.0,0.0,0.0,0.0
23171.0,47.0816969759845,1.0223303834258173,73.74362529670265,100.0,1.0,96.342,99.0,0.0,0.0,0.0,0.0,0.0,1.0
25652.0,20.0,1.5,92.0100012263886,100.0,2.0,101.304,99.0,0.0,1.0,0.0,0.0,0.0,0.0
19456.0,43.13502803806437,1.3267720873898907,70.16237675054599,98.55490145703077,1.0,88.912,112.0,0.0,0.0,0.0,0.0,0.0,0.0
13193.0,41.85571739750932,1.2667006149233075,43.861833840998216,65.95502952412232,0.0,76.386,208.0,0.0,0.0,0.0,0.0,0.0,0.0
14841.0,25.30614726405498,1.079252384301996,39.72416679375575,72.59769415182585,1.0,79.682,176.0,0.0,0.0,0.0,0.0,0.0,0.0
38547.0,28.24300035821873,1.5,100.0,100.0,0.0,127.094,106.0,0.0,1.0,0.0,0.0,0.0,0.0
9962.0,39.48084651790924,1.1328986928811502,36.52632120343682,54.46544576474994,1.0,69.924,209.0,0.0,0.0,0.0,0.0,0.0,0.0
18501.0,67.73118504911591,1.048277309820397,54.743562221984966,87.69934393624659,0.0,87.00200000000001,107.0,0.0,1.0,0.0,0.0,0.0,0.0
9411.0,40.70560130209611,1.3194565491978438,26.16943380288457,47.217076078032655,1.0,68.822,205.0,0.0,0.0,0.0,0.0,0.0,0.0
24646.0,52.17733904991522,1.2277043541519723,83.71151620051768,100.0,2.0,99.292,93.0,0.0,1.0,0.0,0.0,0.0,0.0
36045.0,42.74265193957032,1.5,100.0,100.0,3.0,122.09,109.0,1.0,0.0,0.0,0.0,0.0,0.0
27124.0,38.96638616063844,1.5,95.28040280988306,100.0,5.0,104.248,96.0,1.0,1.0,0.0,0.0,0.0,0.0
26013.0,33.69901954118486,1.5,93.20144048518226,100.0,1.0,102.026,97.0,1.0,0.0,0.0,0.0,0.0,0.0
57996.0,36.09884851190616,1.5,100.0,100.0,2.0,165.99200000000002,113.0,1.0,0.0,0.0,0.0,0.0,0.0
25755.0,20.0,1.5,76.27400287241393,100.0,2.0,101.51,85.0,1.0,1.0,0.0,0.0,0.0,0.0
8746.0,53.49708106046468,1.0158722136752374,35.52957825032644,42.910691223551545,0.0,67.492,215.0,1.0,0.0,0.0,0.0,0.0,0.0
35971.0,32.84857939097642,1.5,100.0,100.0,2.0,121.942,120.0,1.0,0.0,0.0,0.0,0.0,0.0
48452.0,31.939193121187504,1.5,100.0,100.0,7.0,146.904,101.0,1.0,0.0,1.0,0.0,0.0,0.0
10917.0,55.66424258274594,1.0373653837953196,41.95174131857628,51.763794139595845,0.0,71.834,208.0,1.0,1.0,0.0,0.0,0.0,0.0
49903.0,33.92492443731713,1.5,100.0,100.0,2.0,149.80599999999998,97.0,1.0,0.0,0.0,0.0,0.0,0.0
17995.0,33.773102138838205,1.1391719234799558,54.01965720821171,94.45559702309949,1.0,85.99000000000001,96.0,1.0,0.0,0.0,1.0,0.0,0.0
47676.0,40.70938660567176,1.5,100.0,100.0,2.0,145.352,90.0,1.0,0.0,0.0,0.0,1.0,0.0
40557.0,20.64435803997709,1.5,100.0,100.0,0.0,131.114,108.0,1.0,0.0,0.0,0.0,0.0,0.0
30581.0,35.352498745202645,1.5,100.0,100.0,2.0,111.162,105.0,1.0,0.0,0.0,0.0,0.0,0.0
33704.0,47.50681437923354,1.5,100.0,100.0,3.0,117.408,91.0,0.0,0.0,0.0,0.0,0.0,0.0
47578.0,27.831023296686897,1.5,100.0,100.0,0.0,145.156,102.0,0.0,0.0,0.0,0.0,0.0,0.0
13608.0,43.46130109514312,1.0032568147612109,40.645454824564034,65.19243676987257,1.0,77.21600000000001,189.0,0.0,0.0,0.0,0.0,0.0,0.0
55556.0,21.036025998471963,1.5,100.0,100.0,2.0,161.112,107.0,0.0,0.0,1.0,0.0,0.0,1.0
38415.0,24.821267434806742,1.5,100.0,100.0,1.0,126.83,91.0,0.0,0.0,0.0,0.0,0.0,0.0
28269.0,41.854729614840416,1.5,88.56484239591315,100.0,1.0,106.538,110.0,0.0,0.0,0.0,0.0,0.0,0.0
10857.0,36.04389128874268,1.3665813516723353,29.29313170455993,51.529138198517145,0.0,71.714,173.0,0.0,0.0,0.0,0.0,0.0,1.0
29900.0,34.84769959655375,1.5,92.65772908573796,100.0,0.0,109.8,104.0,0.0,0.0,0.0,0.0,0.0,0.0
37222.0,46.20597231418985,1.5,100.0,100.0,2.0,124.444,115.0,0.0,0.0,0.0,0.0,1.0,0.0
20460.0,52.426924444665325,1.017681503418338,68.34373983033407,99.29696360986696,1.0,90.92,109.0,0.0,0.0,0.0,0.0,0.0,0.0
16224.0,25.12467360330205,1.0797848934073309,58.86876371192199,85.37124660944654,1.0,82.44800000000001,108.0,0.0,0.0,0.0,0.0,0.0,1.0
30976.0,23.99494593191854,1.5,100.0,100.0,3.0,111.952,106.0,0.0,0.0,0.0,0.0,0.0,0.0
16483.0,51.08422176169743,1.1680799088272955,50.27118529586368,78.08692078578373,0.0,82.96600000000001,118.0,0.0,0.0,0.0,0.0,0.0,0.0
38897.0,37.3579233698507,1.5,100.0,100.0,2.0,127.794,94.0,0.0,0.0,0.0,0.0,0.0,0.0
37125.0,28.05436985791548,1.5,100.0,100.0,2.0,124.25,102.0,0.0,1.0,0.0,0.0,0.0,0.0
15108.0,41.85783210390329,1.3239153507395964,52.043533496651634,71.11044506082659,1.0,80.21600000000001,99.0,0.0,0.0,0.0,0.0,0.0,0.0
30954.0,37.33279711565783,1.5,100.0,100.0,2.0,111.908,105.0,0.0,0.0,0.0,0.0,0.0,0.0
32096.0,43.01091607286072,1.5,98.72206652529084,100.0,3.0,114.192,105.0,0.0,0.0,0.0,1.0,0.0,0.0
25051.0,41.09708922715511,1.5,75.1878969605441,100.0,1.0,100.102,107.0,0.0,0.0,0.0,0.0,0.0,0.0
30634.0,39.271486963854265,1.5,100.0,100.0,2.0,111.268,92.0,0.0,0.0,0.0,0.0,0.0,0.0
46597.0,27.033423148139452,1.5,100.0,100.0,0.0,143.19400000000002,111.0,0.0,0.0,0.0,0.0,0.0,0.0
22527.0,45.26117005512943,1.342094775087217,80.4451690214434,100.0,2.0,95.054,109.0,0.0,0.0,0.0,0.0,0.0,0.0
24201.0,47.740172493825234,1.253603367181232,88.60444766027163,100.0,2.0,98.402,96.0,0.0,0.0,0.0,1.0,0.0,0.0
28345.0,40.321314139619325,1.5,88.32338326580621,100.0,1.0,106.69,93.0,0.0,0.0,0.0,0.0,0.0,0.0
32080.0,43.49617456864628,1.5,99.55403567027729,100.0,0.0,114.16,81.0,0.0,0.0,0.0,0.0,0.0,0.0
27539.0,43.36651692679944,1.5,99.72498418373743,100.0,3.0,105.078,100.0,0.0,0.0,0.0,1.0,0.0,0.0
10803.0,50.76442303817054,1.3438086226590429,40.44331439538325,56.67369883323545,0.0,71.606,214.0,0.0,0.0,0.0,0.0,0.0,0.0
23041.0,33.40778902330885,1.2775932680261457,85.98932191910183,100.0,1.0,96.082,93.0,0.0,0.0,0.0,0.0,0.0,0.0
23805.0,56.27277955017133,1.1015159218310928,77.92195409620513,100.0,2.0,97.61,90.0,0.0,0.0,0.0,0.0,0.0,0.0
63444.0,30.310387013573663,1.5,100.0,100.0,1.0,176.888,106.0,0.0,0.0,0.0,0.0,0.0,1.0
42885.0,32.58372763242264,1.5,100.0,100.0,0.0,135.76999999999998,90.0,0.0,0.0,0.0,0.0,0.0,0.0
13600.0,26.018968341493395,1.3773667000677985,42.31393136423213,72.91628907853661,0.0,77.2,176.0,0.0,0.0,1.0,0.0,0.0,1.0
38691.0,33.273742764007345,1.5,100.0,100.0,2.0,127.382,114.0,0.0,0.0,0.0,1.0,0.0,0.0
38529.0,29.926925679798263,1.5,100.0,100.0,0.0,127.058,89.0,0.0,0.0,0.0,1.0,0.0,0.0
19711.0,26.66399138086717,1.35947561808217,73.64983368010598,97.68521496442158,2.0,89.422,98.0,0.0,0.0,1.0,0.0,0.0,0.0
22819.0,34.83977040762874,1.141997118241562,82.28697290294545,100.0,2.0,95.638,88.0,0.0,0.0,0.0,0.0,0.0,0.0
21284.0,48.88735101863515,1.07902238896704,72.85560674288217,100.0,4.0,92.568,89.0,0.0,0.0,1.0,0.0,0.0,1.0
24328.0,51.784901527124056,1.3283970209165488,89.54843571278356,100.0,4.0,98.656,91.0,0.0,0.0,0.0,0.0,0.0,0.0
47648.0,48.21549705156887,1.5,100.0,100.0,1.0,145.296,102.0,0.0,0.0,0.0,0.0,0.0,0.0
25749.0,29.80646675303148,1.5,94.3261160984978,100.0,2.0,101.498,101.0,0.0,0.0,0.0,1.0,0.0,0.0
43826.0,36.62314253047694,1.5,100.0,100.0,3.0,137.652,106.0,0.0,0.0,0.0,0.0,0.0,0.0
9834.0,55.24708250886757,1.28654074933884,42.745504739697736,48.49531238555337,1.0,69.668,180.0,0.0,0.0,0.0,0.0,0.0,0.0
23420.0,39.47669075958788,1.1090235606327532,86.10454300434347,100.0,0.0,96.84,117.0,0.0,0.0,1.0,0.0,0.0,0.0
41824.0,20.0,1.5,100.0,100.0,3.0,133.648,68.0,1.0,0.0,0.0,0.0,0.0,0.0
20696.0,72.17826377269168,1.2887361792676295,63.75977269854877,100.0,0.0,91.392,94.0,1.0,0.0,0.0,0.0,0.0,0.0
62703.0,37.85106108998515,1.5,100.0,100.0,4.0,175.406,106.0,1.0,0.0,0.0,0.0,0.0,1.0
20240.0,52.00890963391116,1.2614799663065577,70.52258578283885,100.0,1.0,90.48,107.0,1.0,0.0,0.0,0.0,0.0,0.0
35398.0,29.45461876746005,1.5,100.0,100.0,2.0,120.796,110.0,1.0,0.0,0.0,1.0,0.0,0.0
25378.0,49.06235103942181,1.5,85.87006411867674,100.0,2.0,100.756,102.0,1.0,0.0,0.0,0.0,0.0,0.0
18777.0,28.44948189806231,1.2742827046850302,72.18192357485272,91.04258386569134,1.0,87.554,114.0,1.0,0.0,0.0,0.0,0.0,0.0
31877.0,34.956415690599535,1.5,100.0,100.0,1.0,113.754,109.0,1.0,0.0,0.0,0.0,0.0,0.0
8193.0,56.28310235035613,1.0829004829961866,19.60212291515052,42.76527802600304,0.0,66.386,217.0,1.0,0.0,0.0,0.0,0.0,0.0
35186.0,33.39144533106836,1.5,100.0,100.0,2.0,120.372,111.0,1.0,0.0,0.0,0.0,0.0,0.0
22081.0,48.59119312971627,1.26211964643147,68.62328124406407,100.0,1.0,94.162,98.0,1.0,0.0,0.0,0.0,0.0,0.0
44975.0,23.48231800410693,1.5,100.0,100.0,3.0,139.95,86.0,1.0,0.0,0.0,1.0,0.0,0.0
38809.0,33.5499260625651,1.5,100.0,100.0,1.0,127.618,95.0,1.0,0.0,0.0,0.0,0.0,0.0
25018.0,38.29726627638711,1.5,86.48087149232505,100.0,1.0,100.036,111.0,1.0,0.0,1.0,0.0,0.0,0.0
31886.0,49.90307714334896,1.5,100.0,100.0,2.0,113.772,109.0,1.0,0.0,0.0,0.0,0.0,0.0
49293.0,37.625634102693,1.5,100.0,100.0,2.0,148.586,105.0,1.0,0.0,1.0,0.0,0.0,0.0
13135.0,46.61628106112534,1.2312449804675487,50.56943020883104,66.32905548554557,1.0,76.27,222.0,1.0,1.0,0.0,0.0,0.0,0.0
53313.0,30.794529912977584,1.5,100.0,100.0,2.0,156.626,100.0,1.0,0.0,1.0,0.0,0.0,0.0
55474.0,35.83381410428434,1.5,100.0,100.0,5.0,160.94799999999998,82.0,1.0,1.0,0.0,0.0,0.0,0.0
41302.0,32.236161565805496,1.5,100.0,100.0,3.0,132.60399999999998,108.0,1.0,0.0,1.0,0.0,0.0,0.0
18330.0,32.397889157055985,1.2665801716979777,68.98665127508518,92.5870025709409,1.0,86.66,100.0,1.0,0.0,0.0,0.0,0.0,0.0
26241.0,54.12073226119236,1.5,95.07986598583624,100.0,5.0,102.482,89.0,1.0,0.0,0.0,0.0,0.0,0.0
38635.0,30.25206097560065,1.5,100.0,100.0,2.0,127.27,98.0,0.0,0.0,1.0,0.0,0.0,0.0
42943.0,25.11012951477766,1.5,100.0,100.0,0.0,135.886,115.0,0.0,0.0,0.0,0.0,0.0,0.0
13524.0,56.8454710264281,1.062263454371876,36.3296416705685,69.43664813258049,1.0,77.048,185.0,0.0,0.0,0.0,0.0,1.0,0.0
15108.0,45.68064218121136,1.3714477187657237,52.58302217964433,73.55257509893913,0.0,80.21600000000001,102.0,0.0,0.0,0.0,0.0,0.0,0.0
51750.0,31.87528459422542,1.5,100.0,100.0,1.0,153.5,94.0,0.0,0.0,0.0,0.0,0.0,0.0
54520.0,34.854682793060555,1.5,100.0,100.0,2.0,159.04000000000002,92.0,0.0,0.0,0.0,0.0,0.0,0.0
23175.0,57.07079147945786,1.3966674231425822,69.425427100307,100.0,0.0,96.35,106.0,0.0,0.0,0.0,0.0,0.0,0.0
22801.0,60.63470532165927,1.2696200371483126,71.49766639485681,100.0,0.0,95.602,108.0,0.0,0.0,0.0,0.0,0.0,0.0
38443.0,32.83284914586365,1.5,100.0,100.0,4.0,126.886,99.0,0.0,1.0,0.0,0.0,0.0,0.0
18041.0,35.55797984497213,1.169626681951598,61.87762065366717,90.2159861189689,1.0,86.082,122.0,0.0,0.0,0.0,0.0,0.0,0.0
46344.0,30.64283026090325,1.5,100.0,100.0,3.0,142.688,103.0,0.0,1.0,0.0,0.0,0.0,0.0
44541.0,37.58792023457671,1.5,100.0,100.0,3.0,139.082,97.0,0.0,0.0,0.0,0.0,0.0,0.0
14941.0,44.62747390192479,1.1708394824959012,43.749254347153055,78.45711769782346,0.0,79.882,193.0,0.0,1.0,0.0,0.0,0.0,0.0
13186.0,26.38964541836736,1.193098038537782,35.70739526384842,66.2419713877091,0.0,76.372,168.0,0.0,1.0,0.0,0.0,0.0,0.0
13662.0,57.20740225760446,1.0501123774922114,49.298783264073904,69.05915590411003,0.0,77.324,206.0,0.0,0.0,0.0,0.0,0.0,0.0
23033.0,45.50704130263971,1.0582695633582946,83.66202417476745,100.0,1.0,96.066,96.0,0.0,0.0,1.0,0.0,0.0,0.0
44922.0,56.26555005549214,1.5,100.0,100.0,3.0,139.844,90.0,0.0,0.0,0.0,0.0,0.0,0.0
43057.0,38.85740328215622,1.5,100.0,100.0,0.0,136.114,113.0,0.0,0.0,0.0,0.0,0.0,0.0
34646.0,62.39035474660639,1.5,100.0,100.0,3.0,119.292,106.0,0.0,1.0,0.0,0.0,0.0,0.0
45263.0,44.60847953709529,1.5,100.0,100.0,2.0,140.526,90.0,0.0,0.0,0.0,0.0,0.0,0.0
30517.0,42.06370391893998,1.5,97.5326921960442,100.0,2.0,111.034,97.0,0.0,0.0,0.0,1.0,0.0,0.0
25097.0,31.629522182525807,1.5,90.4284237071327,100.0,3.0,100.194,90.0,0.0,0.0,0.0,0.0,0.0,0.0
17988.0,57.0207965907886,1.289811076437142,62.55317431597736,87.90235000300122,0.0,85.976,100.0,0.0,0.0,0.0,0.0,0.0,0.0
37674.0,30.114799037491544,1.5,100.0,100.0,0.0,125.348,119.0,0.0,0.0,0.0,0.0,0.0,0.0
38429.0,37.74243532432656,1.5,100.0,100.0,2.0,126.858,107.0,0.0,0.0,0.0,0.0,0.0,0.0
23204.0,34.127737492547574,1.1280752504261176,69.47577667621839,100.0,0.0,96.408,87.0,0.0,0.0,0.0,0.0,0.0,0.0
29379.0,33.72468097145671,1.5,98.74435126856493,100.0,5.0,108.758,119.0,0.0,0.0,0.0,1.0,0.0,0.0
21113.0,51.54499643048192,1.130204517864406,66.58840160901372,100.0,2.0,92.226,104.0,0.0,0.0,1.0,0.0,0.0,0.0
24716.0,38.921362746424215,1.0683154949945,89.90762307588305,100.0,1.0,99.432,87.0,0.0,0.0,0.0,0.0,1.0,0.0
51772.0,47.121361007658415,1.5,100.0,100.0,3.0,153.54399999999998,108.0,0.0,0.0,0.0,0.0,0.0,0.0
19054.0,44.30504201646186,1.386925789017472,67.68704626713287,98.0415341438071,0.0,88.108,89.0,0.0,0.0,0.0,0.0,0.0,0.0
31859.0,30.241675892281208,1.5,100.0,100.0,1.0,113.718,89.0,0.0,0.0,0.0,0.0,0.0,0.0
23945.0,34.07400510590642,1.1361311078061065,72.6214990567082,100.0,1.0,97.89,92.0,0.0,0.0,0.0,0.0,0.0,0.0
12170.0,58.43368259269647,1.2710400561972397,34.946755993266684,55.8527057543898,0.0,74.34,221.0,0.0,1.0,0.0,0.0,0.0,0.0
17848.0,54.95549677483286,1.0149580201098314,50.90721443030857,85.44139632326795,0.0,85.696,105.0,0.0,1.0,0.0,0.0,0.0,1.0
58679.0,58.93113602594329,1.5,100.0,100.0,0.0,167.358,88.0,0.0,0.0,0.0,0.0,0.0,0.0
4924.0,53.7774320854106,1.154200478069292,12.565993032225856,25.768412084097864,0.0,59.848,222.0,0.0,0.0,0.0,0.0,0.0,0.0
37683.0,32.12446737546787,1.5,100.0,100.0,2.0,125.366,98.0,0.0,0.0,0.0,0.0,0.0,0.0
39894.0,32.70105416364177,1.5,100.0,100.0,3.0,129.788,99.0,0.0,0.0,1.0,0.0,0.0,0.0
31281.0,29.80378646359498,1.5,97.0380479306949,100.0,4.0,112.562,111.0,0.0,0.0,0.0,0.0,0.0,0.0
38600.0,24.99554879839796,1.5,100.0,100.0,0.0,127.2,101.0,1.0,0.0,0.0,0.0,0.0,0.0
48402.0,45.74112112481362,1.5,100.0,100.0,2.0,146.804,79.0,1.0,0.0,0.0,1.0,0.0,0.0
67271.0,34.39920332366054,1.5,100.0,100.0,2.0,184.542,93.0,1.0,0.0,0.0,0.0,0.0,1.0
18637.0,40.42276192439336,1.2268405657722905,61.88104662852263,98.18342653319029,1.0,87.274,96.0,1.0,0.0,0.0,0.0,0.0,0.0
21791.0,50.46217246560832,1.1535417887656174,80.3089864335663,100.0,1.0,93.582,102.0,1.0,0.0,0.0,0.0,1.0,1.0
34935.0,43.29384603418104,1.5,100.0,100.0,2.0,119.87,88.0,1.0,0.0,0.0,0.0,0.0,0.0
13987.0,40.173849412781486,1.0990650120762813,49.29432122654701,69.33171182941322,0.0,77.974,203.0,1.0,0.0,0.0,0.0,0.0,0.0
27416.0,38.38980700579418,1.5,92.2033996056818,100.0,1.0,104.832,85.0,1.0,0.0,0.0,0.0,0.0,1.0
40697.0,39.74146804053208,1.5,100.0,100.0,2.0,131.394,87.0,1.0,0.0,0.0,0.0,0.0,0.0
9625.0,51.51685151443381,1.1918861378022632,31.82566069769674,53.07762933571073,0.0,69.25,191.0,1.0,0.0,0.0,0.0,0.0,0.0
32263.0,27.321514054176625,1.5,100.0,100.0,3.0,114.526,100.0,1.0,1.0,0.0,0.0,0.0,0.0
34195.0,47.75205556221246,1.5,100.0,100.0,5.0,118.39,110.0,1.0,0.0,1.0,0.0,0.0,0.0
34717.0,36.83517593564355,1.5,100.0,100.0,2.0,119.434,89.0,1.0,0.0,1.0,0.0,0.0,0.0
52173.0,20.0,1.5,100.0,100.0,2.0,154.346,102.0,1.0,0.0,0.0,1.0,0.0,0.0
58371.0,36.43450459248875,1.5,100.0,100.0,4.0,166.74200000000002,90.0,1.0,0.0,0.0,0.0,0.0,0.0
43459.0,43.55273887664835,1.5,100.0,100.0,2.0,136.918,100.0,1.0,0.0,0.0,0.0,1.0,0.0
25812.0,45.51102781034555,1.5,93.10613912488267,100.0,0.0,101.624,122.0,1.0,1.0,0.0,0.0,0.0,1.0
25975.0,28.32182669619735,1.5,91.37520633906584,100.0,0.0,101.95,109.0,1.0,0.0,0.0,0.0,0.0,1.0
28622.0,20.0,1.5,90.9867440818414,100.0,2.0,107.244,100.0,1.0,0.0,0.0,0.0,0.0,0.0
31717.0,32.48794930603971,1.5,99.1101442024884,100.0,2.0,113.434,98.0,1.0,0.0,0.0,0.0,0.0,0.0
16754.0,35.5236588348979,1.1675418900798962,57.3060088703357,81.6333034184354,1.0,83.50800000000001,107.0,1.0,1.0,0.0,0.0,0.0,0.0
23508.0,36.560706444377296,1.0228899988537143,81.25959458921331,100.0,2.0,97.016,105.0,0.0,0.0,0.0,0.0,0.0,0.0
25390.0,20.0,1.5,91.09660937154258,100.0,6.0,100.78,93.0,0.0,0.0,0.0,0.0,0.0,0.0
51447.0,31.458378922514218,1.5,100.0,100.0,0.0,152.894,98.0,0.0,0.0,0.0,0.0,0.0,0.0
22582.0,54.10617934838331,1.0600475525695914,76.04059528248685,100.0,5.0,95.164,98.0,0.0,0.0,1.0,0.0,0.0,1.0
11199.0,46.368322944562735,1.029360077587321,42.77018200744415,51.90628223743781,0.0,72.398,196.0,0.0,0.0,0.0,0.0,0.0,1.0
29031.0,36.774530837452986,1.5,90.44114511069148,100.0,3.0,108.062,91.0,0.0,0.0,0.0,0.0,0.0,0.0
37535.0,22.603119995463903,1.5,100.0,100.0,2.0,125.07,109.0,0.0,0.0,0.0,0.0,0.0,0.0
11255.0,45.77287386539408,1.3976942645226609,27.60383249062477,55.76363230329813,0.0,72.51,203.0,0.0,0.0,0.0,0.0,0.0,0.0
22730.0,40.51054322625762,1.1134321337563242,81.60709452351723,100.0,3.0,95.46,84.0,0.0,0.0,0.0,0.0,0.0,0.0
40912.0,44.62824203036789,1.5,100.0,100.0,3.0,131.824,98.0,0.0,0.0,0.0,0.0,0.0,0.0
16932.0,46.79325947811414,1.339672096883314,65.6963606118546,87.47514651017217,1.0,83.864,98.0,0.0,0.0,0.0,1.0,0.0,0.0
8400.0,32.950646971853466,1.11826173615754,21.88856726524375,43.8441132538176,1.0,66.8,221.0,0.0,1.0,0.0,0.0,0.0,0.0
60314.0,20.0,1.5,100.0,100.0,3.0,170.628,97.0,0.0,0.0,0.0,0.0,0.0,0.0
22017.0,28.69612517703482,1.0681532980958437,65.7940438384267,100.0,0.0,94.034,110.0,0.0,0.0,1.0,0.0,0.0,0.0
40508.0,35.51316400385865,1.5,100.0,100.0,0.0,131.01600000000002,90.0,0.0,0.0,0.0,0.0,0.0,0.0
24906.0,48.11932446827046,1.212853596020844,79.2231996489706,100.0,1.0,99.812,106.0,0.0,0.0,0.0,0.0,0.0,1.0
23397.0,43.48893757026538,1.0312101752702263,69.11648937454565,100.0,0.0,96.794,120.0,0.0,0.0,0.0,0.0,0.0,0.0
18095.0,56.484901778258326,1.1693819535545522,53.27318434694246,89.66091234140139,0.0,86.19,100.0,0.0,0.0,0.0,0.0,0.0,0.0
21798.0,65.31813959920396,1.212206625199403,78.10753542990568,100.0,3.0,93.596,123.0,0.0,1.0,0.0,0.0,0.0,0.0
9636.0,36.51667958928032,1.3826216918414955,22.975508758307488,52.37798099624753,0.0,69.27199999999999,204.0,0.0,0.0,1.0,0.0,0.0,0.0
11814.0,42.9503296510271,1.0251525590099215,42.00966568181909,56.36599860703148,0.0,73.628,212.0,0.0,0.0,0.0,0.0,0.0,0.0
36512.0,47.18708779815986,1.5,100.0,100.0,2.0,123.024,107.0,0.0,0.0,0.0,0.0,0.0,0.0
14165.0,32.18837844713151,1.384205385716875,41.57131213284372,74.0890435073481,1.0,78.33,188.0,0.0,0.0,0.0,0.0,0.0,0.0
50640.0,34.82946931313756,1.5,100.0,100.0,3.0,151.28,88.0,0.0,0.0,1.0,0.0,0.0,0.0
39805.0,33.46333444134804,1.5,100.0,100.0,2.0,129.61,91.0,0.0,0.0,0.0,0.0,0.0,0.0
25228.0,30.0169583933872,1.5,86.25848560343803,100.0,6.0,100.456,97.0,0.0,0.0,0.0,1.0,0.0,0.0
29735.0,31.746490387905247,1.5,100.0,100.0,3.0,109.47,112.0,0.0,0.0,0.0,1.0,0.0,1.0
22177.0,48.17160837123114,1.1865271623145912,73.39617468708903,100.0,2.0,94.354,98.0,0.0,0.0,1.0,0.0,0.0,0.0
38544.0,21.607939838512756,1.5,100.0,100.0,2.0,127.088,99.0,0.0,0.0,0.0,0.0,0.0,0.0
10537.0,48.2173164331682,1.3000168723901524,34.16019651847667,50.18898479547228,1.0,71.074,182.0,0.0,0.0,0.0,0.0,0.0,1.0
31940.0,52.031900145922336,1.5,100.0,100.0,1.0,113.88,113.0,0.0,0.0,0.0,1.0,0.0,0.0
57462.0,35.00922306442532,1.5,100.0,100.0,3.0,164.924,110.0,0.0,0.0,0.0,0.0,0.0,0.0
53516.0,31.9575734289008,1.5,100.0,100.0,2.0,157.03199999999998,102.0,0.0,0.0,0.0,0.0,0.0,0.0
33922.0,26.408519937863616,1.5,100.0,100.0,3.0,117.844,86.0,0.0,0.0,1.0,0.0,0.0,0.0
12386.0,34.005022224422774,1.2428142032153977,48.83284827969042,65.83730600499034,1.0,74.77199999999999,201.0,0.0,0.0,1.0,0.0,0.0,0.0
11213.0,43.78211213245071,1.0247211859955658,41.65131178568432,53.6387565498546,1.0,72.426,197.0,0.0,0.0,0.0,0.0,0.0,0.0
37166.0,24.436352990182968,1.5,100.0,100.0,3.0,124.332,109.0,0.0,0.0,1.0,0.0,0.0,0.0
6970.0,39.31319625544505,1.0086831425427434,16.234125596263077,30.91115805391121,0.0,63.94,182.0,0.0,0.0,0.0,0.0,0.0,1.0
36705.0,33.48674933097264,1.5,100.0,100.0,0.0,123.41,93.0,0.0,0.0,1.0,0.0,0.0,0.0
44069.0,43.77590772268304,1.5,100.0,100.0,1.0,138.138,110.0,0.0,0.0,0.0,0.0,0.0,0.0
9742.0,41.18157384204781,1.037984020347909,36.80743905607024,46.37401127513613,1.0,69.48400000000001,172.0,0.0,1.0,0.0,0.0,0.0,0.0
29128.0,20.0,1.5,95.69622958725203,100.0,1.0,108.256,101.0,0.0,0.0,0.0,1.0,0.0,0.0
32628.0,25.863422695945037,1.5,100.0,100.0,2.0,115.256,88.0,1.0,0.0,0.0,0.0,0.0,0.0
40228.0,33.95026524231594,1.5,100.0,100.0,2.0,130.45600000000002,121.0,1.0,0.0,0.0,1.0,0.0,0.0
16752.0,52.967213573520425,1.2103483332031169,62.461674397398326,88.52185592319118,0.0,83.50399999999999,83.0,1.0,0.0,1.0,0.0,0.0,0.0
30690.0,23.329023513979525,1.5,100.0,100.0,2.0,111.38,89.0,1.0,0.0,0.0,0.0,0.0,0.0
54608.0,20.0,1.5,100.0,100.0,0.0,159.216,83.0,1.0,0.0,0.0,1.0,0.0,1.0
13780.0,38.67231467713875,1.1449818933214684,48.7240982576668,65.14849012736215,1.0,77.56,186.0,1.0,0.0,0.0,0.0,0.0,0.0
17567.0,35.81159983038842,1.0207993752776876,66.66312844649943,87.35037415934791,0.0,85.134,96.0,1.0,0.0,0.0,0.0,0.0,0.0
7013.0,50.27445928770635,1.0318956978852745,15.45169113982626,34.41178139817208,1.0,64.026,179.0,1.0,0.0,1.0,0.0,0.0,0.0
41972.0,27.99557922261309,1.5,100.0,100.0,1.0,133.94400000000002,109.0,1.0,0.0,0.0,0.0,0.0,0.0
38978.0,42.16414899921342,1.5,100.0,100.0,2.0,127.956,106.0,1.0,0.0,0.0,0.0,0.0,0.0
20831.0,32.29134848209055,1.3009463544682736,73.00817355623589,100.0,4.0,91.662,96.0,1.0,0.0,0.0,0.0,0.0,0.0
41887.0,30.903859425075687,1.5,100.0,100.0,1.0,133.774,99.0,1.0,0.0,0.0,0.0,0.0,1.0
55212.0,30.75761887096988,1.5,100.0,100.0,2.0,160.424,93.0,1.0,0.0,0.0,0.0,0.0,0.0
11818.0,44.16880566672619,1.143788656417548,41.11729286049772,63.48352370764175,0.0,73.636,206.0,1.0,1.0,0.0,0.0,0.0,0.0
36676.0,20.202547413056628,1.5,100.0,100.0,2.0,123.352,110.0,1.0,0.0,0.0,0.0,1.0,1.0
20258.0,39.34131419574866,1.140598629814511,68.06833831067696,100.0,1.0,90.516,101.0,1.0,0.0,0.0,0.0,0.0,0.0
18297.0,26.986197805635523,1.2197330465081029,62.190601127855246,86.95828135120178,1.0,86.594,110.0,1.0,1.0,0.0,0.0,0.0,0.0
43120.0,20.0,1.5,100.0,100.0,2.0,136.24,104.0,1.0,0.0,0.0,0.0,0.0,0.0
31236.0,35.09061141274068,1.5,100.0,100.0,1.0,112.472,97.0,0.0,0.0,0.0,0.0,0.0,0.0
25186.0,30.23911493218269,1.5,77.00676104071238,100.0,4.0,100.372,105.0,0.0,0.0,1.0,0.0,0.0,1.0
42608.0,43.759021170872415,1.5,100.0,100.0,2.0,135.216,109.0,0.0,0.0,0.0,0.0,0.0,0.0
14607.0,45.97637159889846,1.0732455361939104,40.28963838875317,73.37771581558162,1.0,79.214,185.0,0.0,0.0,0.0,0.0,0.0,0.0
37401.0,38.20796045554727,1.5,100.0,100.0,2.0,124.802,91.0,0.0,0.0,0.0,0.0,0.0,0.0
23534.0,49.02508575631021,1.3076918775101147,78.08065659049537,100.0,2.0,97.068,96.0,0.0,0.0,0.0,0.0,0.0,0.0
19066.0,36.647568767186215,1.332930871171524,68.06846248350361,100.0,0.0,88.132,110.0,0.0,0.0,0.0,0.0,1.0,0.0
18255.0,43.79417488050255,1.1629180503021004,63.2593106635243,93.79752245723668,0.0,86.50999999999999,121.0,0.0,0.0,1.0,0.0,0.0,0.0
30784.0,32.63996550918649,1.5,100.0,100.0,3.0,111.568,106.0,0.0,0.0,0.0,0.0,1.0,0.0
19434.0,36.96218704211924,1.190874398045617,67.52248183020598,100.0,1.0,88.868,84.0,0.0,0.0,1.0,0.0,0.0,0.0
38297.0,22.933859154858265,1.5,100.0,100.0,3.0,126.594,97.0,0.0,0.0,0.0,0.0,0.0,0.0
39523.0,44.98282805009398,1.5,100.0,100.0,0.0,129.046,89.0,0.0,1.0,0.0,0.0,0.0,0.0
15182.0,39.72174024815756,1.348280616449554,46.51140031391845,73.64868056704701,0.0,80.364,112.0,0.0,0.0,0.0,0.0,0.0,0.0
55703.0,21.163999943627477,1.5,100.0,100.0,1.0,161.406,101.0,0.0,0.0,0.0,0.0,0.0,0.0
25471.0,21.61369618997136,1.5,75.21704625196851,100.0,2.0,100.942,114.0,0.0,0.0,0.0,0.0,0.0,1.0
9521.0,41.575990955105866,1.1502806458733006,35.52476911268194,48.74350705117851,0.0,69.042,209.0,0.0,0.0,0.0,0.0,0.0,1.0
29259.0,41.08739263821945,1.5,99.20700017077768,100.0,2.0,108.518,96.0,0.0,0.0,0.0,0.0,0.0,0.0
24362.0,38.513572326436645,1.0620224928421544,88.468799089189,100.0,0.0,98.724,100.0,0.0,0.0,0.0,0.0,0.0,0.0
11523.0,27.04510403892248,1.3370618605978426,37.14819081904447,62.39909345072982,0.0,73.04599999999999,194.0,0.0,0.0,0.0,1.0,0.0,0.0
30565.0,38.29612907213291,1.5,95.55894930288116,100.0,2.0,111.13,101.0,0.0,0.0,0.0,0.0,1.0,1.0
18701.0,59.70247070368116,1.0440239649511796,64.1473638961104,89.68310909738659,0.0,87.402,94.0,0.0,0.0,0.0,0.0,0.0,0.0
42983.0,46.95480559005479,1.5,100.0,100.0,1.0,135.966,91.0,0.0,0.0,0.0,0.0,1.0,0.0
38258.0,32.72307918623959,1.5,100.0,100.0,0.0,126.516,103.0,0.0,0.0,0.0,0.0,0.0,0.0
21366.0,46.05310417748557,1.1810167761456325,73.8989293632429,100.0,3.0,92.732,75.0,0.0,0.0,0.0,0.0,0.0,0.0
38242.0,24.269039181087685,1.5,100.0,100.0,3.0,126.484,98.0,0.0,0.0,1.0,0.0,0.0,0.0
29263.0,20.0,1.5,96.30364435427845,100.0,3.0,108.526,93.0,0.0,1.0,0.0,0.0,0.0,0.0
8336.0,55.70820884141945,1.360663772820252,35.60707905258785,43.73135716663944,0.0,66.672,191.0,0.0,0.0,0.0,0.0,0.0,0.0
12783.0,45.01549480006635,1.3283930170446423,48.132491561046486,64.9694563930825,0.0,75.566,216.0,0.0,0.0,0.0,0.0,0.0,0.0
27074.0,20.0,1.5,92.17230197591256,100.0,1.0,104.148,120.0,0.0,0.0,0.0,0.0,0.0,0.0
16337.0,39.474404253589896,1.3116801804498155,61.61191999522276,83.92807831452016,3.0,82.674,94.0,0.0,0.0,0.0,0.0,0.0,0.0
30041.0,50.30144099843929,1.5,91.85725849062652,100.0,1.0,110.082,99.0,0.0,0.0,0.0,0.0,0.0,0.0
48012.0,31.652514799139578,1.5,100.0,100.0,1.0,146.024,77.0,0.0,0.0,0.0,1.0,0.0,0.0
20998.0,36.86810029087295,1.0617156157869554,60.85828219445577,100.0,0.0,91.996,119.0,0.0,0.0,0.0,0.0,0.0,0.0
45911.0,42.8133624158752,1.5,100.0,100.0,2.0,141.822,106.0,0.0,0.0,0.0,1.0,0.0,0.0
18361.0,54.9026466890732,1.2815596847726214,69.71010973676587,88.85897550125753,0.0,86.72200000000001,83.0,0.0,0.0,0.0,0.0,0.0,0.0
20576.0,58.18052533239847,1.018048609869116,69.90006198903441,100.0,0.0,91.152,103.0,0.0,0.0,0.0,0.0,0.0,0.0
40205.0,34.60178369420013,1.5,100.0,100.0,5.0,130.41,104.0,0.0,0.0,0.0,0.0,1.0,0.0
37243.0,38.28944725134373,1.5,100.0,100.0,2.0,124.486,103.0,0.0,0.0,0.0,0.0,0.0,0.0
13275.0,48.85287800163036,1.2169850980284995,48.544363461092686,62.03280394419608,1.0,76.55,185.0,0.0,0.0,0.0,0.0,0.0,0.0
27219.0,26.17773345318303,1.5,84.46445622039819,100.0,4.0,104.438,90.0,0.0,0.0,0.0,1.0,0.0,0.0
30666.0,44.902501988924,1.5,100.0,100.0,3.0,111.332,106.0,0.0,1.0,0.0,0.0,0.0,0.0
41346.0,27.990666671078497,1.5,100.0,100.0,1.0,132.692,97.0,0.0,0.0,0.0,0.0,0.0,0.0
48326.0,21.89425155519852,1.5,100.0,100.0,3.0,146.652,105.0,0.0,0.0,0.0,0.0,0.0,1.0
16727.0,41.30295688045054,1.2369977688809417,51.38693848942018,80.652178394707,1.0,83.45400000000001,103.0,0.0,0.0,0.0,0.0,0.0,0.0
29637.0,31.33686440794761,1.5,98.5777202353824,100.0,3.0,109.274,84.0,0.0,0.0,0.0,0.0,0.0,1.0
17752.0,48.549436887849325,1.2242436735757896,51.54399132804336,85.21676751483895,0.0,85.50399999999999,100.0,0.0,0.0,0.0,0.0,0.0,0.0
52646.0,34.76812004261107,1.5,100.0,100.0,0.0,155.292,122.0,1.0,0.0,0.0,0.0,1.0,0.0
16291.0,40.808188176306224,1.3887198198955055,46.66847506155334,84.1725421775566,0.0,82.582,108.0,1.0,1.0,0.0,0.0,0.0,1.0
45449.0,25.090158302497898,1.5,100.0,100.0,2.0,140.898,120.0,1.0,0.0,0.0,0.0,0.0,0.0
52640.0,40.17743515633308,1.5,100.0,100.0,1.0,155.28,114.0,1.0,0.0,0.0,0.0,0.0,0.0
53409.0,29.900209459551537,1.5,100.0,100.0,1.0,156.81799999999998,115.0,1.0,0.0,1.0,0.0,0.0,0.0
42892.0,57.56213958003636,1.5,100.0,100.0,2.0,135.784,98.0,1.0,0.0,0.0,0.0,0.0,0.0
27674.0,55.52270047509347,1.5,94.5325557995544,100.0,0.0,105.348,91.0,1.0,1.0,0.0,0.0,0.0,0.0
33159.0,30.20480516687776,1.5,100.0,100.0,4.0,116.318,115.0,1.0,0.0,0.0,0.0,0.0,0.0
14044.0,44.28943628507847,1.310692726114885,47.03143897664457,68.98550320186754,0.0,78.088,226.0,1.0,0.0,0.0,0.0,0.0,0.0
46987.0,46.7763492084872,1.5,100.0,100.0,0.0,143.974,103.0,1.0,0.0,0.0,0.0,0.0,0.0
35813.0,47.45350808493996,1.5,100.0,100.0,5.0,121.626,97.0,1.0,0.0,1.0,0.0,0.0,0.0
16954.0,55.993745133495295,1.0792189368338303,46.752107080726375,82.3988706520233,0.0,83.908,84.0,1.0,0.0,0.0,0.0,0.0,0.0
58253.0,28.455295638925374,1.5,100.0,100.0,2.0,166.506,103.0,1.0,0.0,0.0,0.0,0.0,0.0
26452.0,25.49715149266779,1.5,95.2225932536324,100.0,0.0,102.904,95.0,1.0,0.0,0.0,0.0,1.0,0.0
11928.0,38.6822896377039,1.1889885537901952,43.15238654072303,56.63522229101485,0.0,73.856,204.0,1.0,0.0,0.0,0.0,0.0,0.0
20818.0,53.03389868829964,1.015759100330374,66.07049960316029,100.0,1.0,91.636,117.0,1.0,0.0,0.0,0.0,0.0,0.0
37279.0,36.63323387970327,1.5,100.0,100.0,1.0,124.558,103.0,1.0,0.0,0.0,0.0,0.0,0.0
27025.0,33.66862095115937,1.5,94.73271924921023,100.0,3.0,104.05,102.0,1.0,0.0,0.0,0.0,0.0,0.0
24722.0,22.422692343557458,1.0357467813451815,84.22650854892167,100.0,2.0,99.444,100.0,0.0,0.0,0.0,0.0,0.0,0.0
48088.0,49.46529332959364,1.5,100.0,100.0,3.0,146.176,90.0,0.0,0.0,0.0,1.0,0.0,0.0
56121.0,23.901944634954354,1.5,100.0,100.0,2.0,162.24200000000002,107.0,0.0,0.0,0.0,1.0,0.0,0.0
28505.0,20.0,1.5,100.0,100.0,1.0,107.01,94.0,0.0,0.0,0.0,0.0,0.0,0.0
49841.0,34.37091241740124,1.5,100.0,100.0,2.0,149.68200000000002,71.0,0.0,0.0,0.0,1.0,0.0,0.0
37524.0,47.77245182706725,1.5,100.0,100.0,5.0,125.048,111.0,0.0,0.0,0.0,0.0,0.0,1.0
16270.0,62.47574411336239,1.104991046981223,61.82733797638221,84.6008612073001,0.0,82.53999999999999,106.0,0.0,0.0,0.0,0.0,0.0,0.0
37604.0,29.55860377073316,1.5,100.0,100.0,4.0,125.208,107.0,0.0,0.0,0.0,0.0,0.0,0.0
18540.0,33.3806910655694,1.19880080831174,69.18222015778028,89.46393958344817,1.0,87.08,104.0,0.0,0.0,0.0,0.0,0.0,0.0
12045.0,51.78371880149954,1.208548442476894,40.92244541993501,64.39452489378323,0.0,74.09,190.0,0.0,0.0,0.0,0.0,0.0,0.0
45897.0,40.76854240133325,1.5,100.0,100.0,3.0,141.79399999999998,91.0,0.0,0.0,1.0,0.0,0.0,0.0
44015.0,49.53111508798007,1.5,100.0,100.0,1.0,138.03,94.0,0.0,0.0,1.0,0.0,0.0,0.0
27515.0,46.13476259194063,1.5,92.39776969490936,100.0,3.0,105.03,87.0,0.0,0.0,1.0,0.0,0.0,0.0
28477.0,42.26129325187043,1.5,99.4792874936116,100.0,1.0,106.954,102.0,0.0,0.0,0.0,1.0,0.0,0.0
43595.0,48.95809384703655,1.5,100.0,100.0,2.0,137.19,113.0,0.0,0.0,0.0,0.0,0.0,0.0
42395.0,26.401007197233085,1.5,100.0,100.0,1.0,134.79000000000002,115.0,0.0,0.0,1.0,0.0,0.0,0.0
34345.0,57.51213612990505,1.5,100.0,100.0,2.0,118.69,98.0,0.0,0.0,0.0,0.0,0.0,0.0
7950.0,67.80142356611044,1.372995981997828,21.11400516342241,43.56605242071852,1.0,65.9,179.0,0.0,0.0,0.0,0.0,0.0,0.0
24188.0,30.285221454148758,1.1980658138290377,76.13053971708499,100.0,1.0,98.376,98.0,0.0,0.0,1.0,0.0,0.0,0.0
35939.0,41.53176954990973,1.5,100.0,100.0,2.0,121.878,124.0,0.0,0.0,0.0,1.0,0.0,0.0
28175.0,50.92446949927013,1.5,100.0,100.0,2.0,106.35,90.0,0.0,0.0,0.0,0.0,0.0,0.0
59361.0,44.9915053723304,1.5,100.0,100.0,6.0,168.72199999999998,96.0,0.0,0.0,0.0,0.0,0.0,0.0
29133.0,24.035279743728363,1.5,100.0,100.0,2.0,108.266,98.0,0.0,0.0,0.0,0.0,0.0,0.0
6132.0,39.691586682320754,1.0714386824541668,27.69206038572769,34.508002627204334,1.0,62.264,212.0,0.0,0.0,0.0,0.0,0.0,0.0
12808.0,30.26019668440553,1.0751950719059509,50.0025881265954,63.52615177074927,3.0,75.616,172.0,0.0,0.0,0.0,1.0,0.0,0.0
43208.0,46.656746668112135,1.5,100.0,100.0,0.0,136.416,112.0,0.0,0.0,1.0,0.0,0.0,0.0
40949.0,25.10904826985352,1.5,100.0,100.0,1.0,131.898,98.0,0.0,0.0,1.0,0.0,0.0,0.0
35849.0,34.00864831576895,1.5,100.0,100.0,3.0,121.698,104.0,0.0,0.0,0.0,0.0,1.0,0.0
40509.0,52.77878735821457,1.5,100.0,100.0,3.0,131.018,95.0,0.0,0.0,0.0,0.0,0.0,0.0
30117.0,52.501817650432514,1.5,100.0,100.0,2.0,110.234,107.0,0.0,0.0,0.0,0.0,0.0,0.0
66418.0,40.81164667811282,1.5,100.0,100.0,1.0,182.836,97.0,0.0,1.0,0.0,0.0,0.0,0.0
30659.0,38.014481508314375,1.5,95.97759158626133,100.0,2.0,111.318,93.0,0.0,0.0,0.0,0.0,0.0,0.0
55528.0,29.64671584040429,1.5,100.0,100.0,2.0,161.05599999999998,98.0,0.0,0.0,0.0,0.0,0.0,0.0
56454.0,27.795280803362854,1.5,100.0,100.0,2.0,162.90800000000002,91.0,0.0,0.0,0.0,0.0,0.0,1.0
25812.0,38.6241267786893,1.5,94.96298354297724,100.0,2.0,101.624,112.0,0.0,0.0,0.0,0.0,0.0,0.0
27809.0,34.39601658745406,1.5,89.98299247757271,100.0,7.0,105.618,104.0,0.0,0.0,0.0,0.0,0.0,0.0
19588.0,67.8394886519402,1.300143788511795,75.24951717013975,93.76401616072012,3.0,89.176,94.0,0.0,0.0,0.0,1.0,0.0,1.0
14813.0,46.9335107987125,1.1261897011299136,49.88814753541344,72.79110485508448,0.0,79.626,219.0,0.0,0.0,0.0,0.0,1.0,0.0
14023.0,48.109215349808245,1.0887747742341924,53.02581057359186,68.75240366723993,0.0,78.04599999999999,191.0,0.0,0.0,0.0,0.0,0.0,1.0
48873.0,25.254672823812754,1.5,100.0,100.0,3.0,147.74599999999998,103.0,0.0,0.0,0.0,0.0,0.0,0.0
34833.0,28.54721558314676,1.5,100.0,100.0,0.0,119.666,118.0,0.0,1.0,0.0,0.0,0.0,0.0
23602.0,44.5475514167222,1.112137787602176,71.1477518649773,100.0,3.0,97.204,100.0,0.0,1.0,0.0,0.0,0.0,0.0
14477.0,43.46285590234413,1.179980634551025,43.08374514065753,72.36738268855339,0.0,78.95400000000001,203.0,0.0,0.0,0.0,0.0,0.0,0.0
13432.0,44.00878553868034,1.2344748258385312,36.317845662254754,67.25073259614757,0.0,76.864,207.0,0.0,0.0,0.0,1.0,0.0,0.0
23668.0,41.48044084522257,1.052227246129731,76.14151347412682,100.0,0.0,97.336,98.0,0.0,1.0,0.0,0.0,0.0,0.0
41263.0,38.99923763635608,1.5,100.0,100.0,2.0,132.526,118.0,0.0,0.0,0.0,0.0,0.0,0.0
35546.0,36.53579909706747,1.5,100.0,100.0,0.0,121.092,117.0,0.0,0.0,0.0,0.0,0.0,1.0
39106.0,49.47067148900675,1.5,100.0,100.0,1.0,128.212,123.0,0.0,1.0,0.0,0.0,0.0,0.0
24921.0,47.11319551852467,1.0169987252717818,88.33115352749878,100.0,2.0,99.842,102.0,1.0,0.0,0.0,0.0,0.0,0.0
40757.0,45.66610954903736,1.5,100.0,100.0,2.0,131.514,112.0,1.0,0.0,0.0,0.0,0.0,0.0
9083.0,42.84395423918459,1.314679764623799,25.44176561537865,46.6450864836697,0.0,68.166,196.0,1.0,1.0,0.0,0.0,0.0,0.0
34589.0,40.89252802266512,1.5,100.0,100.0,4.0,119.178,92.0,1.0,0.0,0.0,1.0,0.0,0.0
44840.0,58.06358018187901,1.5,100.0,100.0,5.0,139.68,90.0,1.0,0.0,0.0,0.0,0.0,0.0
24409.0,49.94353998079667,1.2614981882338807,78.03400629992392,100.0,1.0,98.818,96.0,1.0,0.0,0.0,0.0,1.0,0.0
25717.0,38.14219957315075,1.5,91.70278322785624,100.0,5.0,101.434,90.0,1.0,1.0,0.0,0.0,0.0,0.0
39653.0,28.032370804508133,1.5,100.0,100.0,1.0,129.30599999999998,105.0,1.0,0.0,0.0,0.0,0.0,0.0
19065.0,58.01550186331595,1.3713812039119646,67.55357527854376,98.59312836883026,1.0,88.13,93.0,1.0,0.0,0.0,0.0,0.0,0.0
43879.0,39.75243185206453,1.5,100.0,100.0,3.0,137.75799999999998,101.0,1.0,0.0,1.0,0.0,0.0,0.0
35998.0,41.11375292698678,1.5,100.0,100.0,4.0,121.996,89.0,1.0,0.0,1.0,0.0,0.0,0.0
23326.0,20.0,1.2242427947287031,87.55307155647472,100.0,0.0,96.652,112.0,1.0,0.0,0.0,0.0,0.0,1.0
44448.0,34.35828700108652,1.5,100.0,100.0,3.0,138.89600000000002,99.0,1.0,0.0,0.0,1.0,0.0,0.0
21877.0,52.252047550188216,1.098765386451486,63.24984792617644,100.0,0.0,93.754,101.0,1.0,0.0,0.0,0.0,0.0,0.0
25273.0,25.24191501104246,1.5,85.30036447683007,100.0,3.0,100.546,121.0,1.0,0.0,0.0,0.0,1.0,0.0
26556.0,34.52315667863798,1.5,87.85808432854343,100.0,0.0,103.112,114.0,1.0,0.0,0.0,0.0,0.0,1.0
22010.0,35.588507751404705,1.0415872536121016,64.77034886093344,100.0,1.0,94.02,98.0,1.0,1.0,0.0,0.0,0.0,0.0
31673.0,35.14767477608787,1.5,100.0,100.0,1.0,113.346,102.0,1.0,0.0,1.0,0.0,0.0,0.0
28352.0,28.25954527501844,1.5,91.22632299562927,100.0,4.0,106.704,111.0,1.0,0.0,0.0,0.0,0.0,0.0
14675.0,42.85032774046186,1.1462887452710269,57.23301668322879,75.88240761438621,1.0,79.35,194.0,1.0,0.0,0.0,0.0,0.0,0.0
25295.0,20.0,1.5,90.41166002307752,100.0,3.0,100.59,102.0,0.0,0.0,0.0,0.0,0.0,0.0
24669.0,48.25744903007425,1.0254853025087756,80.0421047825289,100.0,3.0,99.338,121.0,0.0,0.0,0.0,0.0,0.0,0.0
17339.0,25.41142440831426,1.1425536837893828,66.93980718543851,86.73875084093554,1.0,84.678,113.0,0.0,0.0,0.0,1.0,0.0,0.0
44778.0,20.0,1.5,100.0,100.0,2.0,139.55599999999998,108.0,0.0,0.0,0.0,0.0,0.0,0.0
36246.0,46.782452825792944,1.5,100.0,100.0,2.0,122.492,96.0,0.0,0.0,1.0,0.0,0.0,0.0
28409.0,22.50652563077194,1.5,95.50962955706416,100.0,1.0,106.818,99.0,0.0,0.0,0.0,1.0,0.0,0.0
19058.0,37.40656432742688,1.144997239899929,64.58925736799824,96.34538063412484,1.0,88.116,113.0,0.0,0.0,0.0,0.0,0.0,1.0
34233.0,38.82383128249408,1.5,100.0,100.0,4.0,118.466,94.0,0.0,0.0,0.0,0.0,0.0,1.0
22023.0,36.8746912676768,1.060850505397455,71.35146045559242,100.0,1.0,94.046,110.0,0.0,0.0,0.0,0.0,0.0,0.0
61485.0,42.840030146801936,1.5,100.0,100.0,1.0,172.97,87.0,0.0,0.0,0.0,0.0,0.0,0.0
30187.0,36.001354959419444,1.5,100.0,100.0,3.0,110.374,100.0,0.0,0.0,0.0,0.0,0.0,0.0
14937.0,36.110948307202,1.323671771057512,43.27751388795843,78.31019090854882,1.0,79.874,198.0,0.0,0.0,0.0,1.0,0.0,0.0
14664.0,32.72332386701796,1.298752884352501,50.04866097610797,70.17833526716771,1.0,79.328,204.0,0.0,0.0,0.0,1.0,0.0,0.0
46067.0,40.94613276090315,1.5,100.0,100.0,1.0,142.134,102.0,0.0,0.0,0.0,0.0,0.0,1.0
25302.0,48.13437078180949,1.5,76.94455187863247,100.0,2.0,100.604,97.0,0.0,0.0,0.0,0.0,0.0,1.0
38608.0,26.158037271396037,1.5,100.0,100.0,3.0,127.216,114.0,0.0,0.0,0.0,0.0,0.0,0.0
17825.0,55.537163905488256,1.375057828064929,63.99100140158716,84.53899620441454,0.0,85.65,93.0,0.0,0.0,0.0,0.0,0.0,0.0
25237.0,39.16422063061028,1.5,85.84517647579816,100.0,2.0,100.474,94.0,0.0,0.0,0.0,0.0,0.0,0.0
14455.0,61.557878857040464,1.2379716833415315,48.341175153105176,75.32237786118965,0.0,78.91,186.0,0.0,0.0,0.0,0.0,0.0,0.0
20619.0,43.16617596089744,1.185561221501052,61.812002150035774,99.48141494156668,1.0,91.238,86.0,0.0,1.0,0.0,0.0,0.0,0.0
27049.0,23.47214263673056,1.5,93.42428073877828,100.0,1.0,104.098,107.0,0.0,0.0,0.0,0.0,0.0,0.0
27902.0,27.31980832076828,1.5,95.43367192506534,100.0,2.0,105.804,98.0,0.0,0.0,0.0,0.0,0.0,0.0
35475.0,34.26063402302811,1.5,100.0,100.0,1.0,120.95,110.0,0.0,0.0,1.0,0.0,0.0,0.0
26222.0,25.629644361737384,1.5,96.9827688642994,100.0,5.0,102.444,107.0,0.0,0.0,1.0,0.0,0.0,1.0
19487.0,50.856662958937065,1.1327091539524707,68.49967136463292,95.84516957140788,1.0,88.97399999999999,95.0,0.0,0.0,0.0,0.0,0.0,0.0
35985.0,44.30669257432834,1.5,100.0,100.0,0.0,121.97,97.0,0.0,0.0,0.0,0.0,0.0,0.0
26731.0,32.42458872652569,1.5,97.73213805551052,100.0,1.0,103.462,107.0,0.0,0.0,0.0,0.0,0.0,0.0
17022.0,47.66317159685698,1.2025834713632506,46.76242126907227,80.454318454434,0.0,84.044,112.0,0.0,0.0,0.0,0.0,0.0,0.0
63327.0,41.1056026681536,1.5,100.0,100.0,1.0,176.654,98.0,0.0,0.0,0.0,0.0,0.0,1.0
9151.0,64.22603936278065,1.0712689178857535,35.23639045498324,48.78466185939812,0.0,68.30199999999999,238.0,0.0,1.0,0.0,0.0,0.0,1.0
36672.0,43.1493910243256,1.5,100.0,100.0,5.0,123.344,104.0,0.0,0.0,0.0,0.0,0.0,0.0
28376.0,33.83246347782627,1.5,94.29849622965092,100.0,1.0,106.752,102.0,0.0,0.0,0.0,0.0,0.0,0.0
25085.0,24.01386983680734,1.5,78.59631894236178,100.0,3.0,100.17,105.0,0.0,0.0,0.0,0.0,0.0,0.0
10909.0,62.42100017390793,1.0826834309872764,30.0877882795255,53.98842290699252,0.0,71.818,227.0,0.0,0.0,0.0,0.0,0.0,0.0
19789.0,49.4830051909549,1.2634932588583965,73.72342565618749,100.0,1.0,89.578,119.0,0.0,0.0,0.0,0.0,0.0,0.0
6812.0,40.0684364580079,1.372425810004113,22.36934571082195,31.21178679814888,1.0,63.624,210.0,0.0,0.0,0.0,0.0,0.0,0.0
36508.0,36.21948263983732,1.5,100.0,100.0,4.0,123.016,89.0,0.0,0.0,0.0,0.0,0.0,1.0
32119.0,43.05508369186091,1.5,100.0,100.0,4.0,114.238,104.0,0.0,0.0,0.0,1.0,0.0,0.0
23264.0,39.83086991197134,1.247826760053243,87.46059490724745,100.0,4.0,96.528,105.0,0.0,0.0,0.0,0.0,0.0,0.0
13751.0,30.041015737221347,1.1204492708340146,46.37078031911479,65.67631104703588,2.0,77.502,221.0,0.0,0.0,0.0,1.0,0.0,0.0
13625.0,39.46140676494978,1.1267467297479803,41.80995032873263,67.62141410415214,0.0,77.25,198.0,0.0,0.0,0.0,0.0,0.0,0.0
18183.0,67.27729675861372,1.057981558329089,55.74562449280709,92.8163620507316,0.0,86.366,103.0,0.0,0.0,0.0,0.0,1.0,0.0
24162.0,46.41802200225089,1.1752735500247242,74.69524665316058,100.0,2.0,98.324,105.0,0.0,0.0,1.0,0.0,0.0,0.0
10130.0,43.440343259224925,1.358582969867264,30.48634219559897,55.22184205325349,0.0,70.26,204.0,0.0,0.0,0.0,0.0,1.0,0.0
6358.0,33.00496709638597,1.3841013835173,28.966731138467622,27.00528206355972,1.0,62.716,200.0,0.0,0.0,0.0,0.0,0.0,0.0
34881.0,26.38032423646682,1.5,100.0,100.0,2.0,119.762,103.0,1.0,0.0,0.0,0.0,0.0,1.0
36968.0,30.42898773305769,1.5,100.0,100.0,3.0,123.936,98.0,1.0,0.0,0.0,0.0,0.0,0.0
29790.0,39.05352889498805,1.5,99.26743933221248,100.0,2.0,109.58,103.0,1.0,0.0,0.0,0.0,0.0,0.0
16202.0,49.53901099945172,1.1214093143357442,58.9089344116646,78.90274912511667,0.0,82.404,113.0,1.0,0.0,1.0,0.0,0.0,0.0
12803.0,52.33744015610488,1.3027416893855943,47.65465753117349,66.77637503546546,0.0,75.606,191.0,1.0,0.0,0.0,0.0,0.0,0.0
30581.0,46.76854922516507,1.5,94.93951280938468,100.0,1.0,111.162,107.0,1.0,0.0,0.0,0.0,0.0,0.0
48412.0,39.34133006812146,1.5,100.0,100.0,2.0,146.824,89.0,1.0,0.0,0.0,0.0,1.0,0.0
45187.0,33.12015093798905,1.5,100.0,100.0,2.0,140.374,108.0,1.0,0.0,0.0,1.0,0.0,0.0
27671.0,46.2083820907538,1.5,100.0,100.0,1.0,105.342,96.0,1.0,0.0,0.0,0.0,0.0,0.0
31772.0,37.35568122195907,1.5,100.0,100.0,1.0,113.544,102.0,1.0,0.0,0.0,0.0,0.0,0.0
43576.0,47.77389565580602,1.5,100.0,100.0,2.0,137.152,123.0,1.0,0.0,0.0,0.0,0.0,0.0
33962.0,39.72261963052304,1.5,100.0,100.0,1.0,117.924,101.0,1.0,0.0,0.0,0.0,0.0,0.0
24487.0,47.966085580234015,1.0084348744161804,89.27690458066876,100.0,2.0,98.974,110.0,1.0,0.0,0.0,0.0,0.0,0.0
50110.0,27.170126051323702,1.5,100.0,100.0,2.0,150.22,103.0,1.0,0.0,0.0,0.0,0.0,0.0
22809.0,31.60901454428433,1.069329987032484,79.36804899009778,100.0,3.0,95.618,89.0,1.0,0.0,0.0,0.0,0.0,0.0
43301.0,30.157405654178643,1.5,100.0,100.0,6.0,136.602,91.0,1.0,0.0,0.0,0.0,0.0,0.0
44256.0,44.02736074801677,1.5,100.0,100.0,2.0,138.512,88.0,1.0,0.0,0.0,0.0,0.0,0.0
17001.0,36.632732174566165,1.0579246490842455,66.15640957411395,82.8562269848613,0.0,84.00200000000001,99.0,1.0,0.0,0.0,0.0,0.0,0.0
26198.0,20.0,1.5,94.79450807753231,100.0,3.0,102.396,109.0,1.0,0.0,0.0,0.0,0.0,0.0
21527.0,38.243600650343296,1.069178333140271,72.07624822978798,100.0,3.0,93.054,94.0,1.0,0.0,0.0,0.0,0.0,0.0
45528.0,38.04026747892093,1.5,100.0,100.0,3.0,141.05599999999998,108.0,0.0,0.0,0.0,0.0,1.0,0.0
19055.0,54.66485581190591,1.0359847767360342,60.390231548357306,92.30166739645666,0.0,88.11,97.0,0.0,0.0,0.0,0.0,0.0,0.0
50513.0,20.0,1.5,100.0,100.0,1.0,151.026,103.0,0.0,0.0,0.0,0.0,0.0,0.0
45669.0,45.29512351911616,1.5,100.0,100.0,1.0,141.338,121.0,0.0,0.0,0.0,0.0,0.0,1.0
14101.0,57.13529298874101,1.3053846760712742,48.51475344307919,70.43110762605505,0.0,78.202,190.0,0.0,0.0,0.0,0.0,0.0,0.0
41033.0,24.229208358204858,1.5,100.0,100.0,3.0,132.066,95.0,0.0,0.0,0.0,0.0,1.0,0.0
29052.0,43.35223819874723,1.5,97.64493412298782,100.0,0.0,108.104,86.0,0.0,0.0,1.0,0.0,0.0,0.0
30366.0,40.57870042038024,1.5,100.0,100.0,3.0,110.732,82.0,0.0,0.0,0.0,0.0,0.0,0.0
23364.0,38.00819931286332,1.300784901268123,80.10001479988381,100.0,0.0,96.728,96.0,0.0,1.0,0.0,0.0,0.0,0.0
15612.0,48.171752477133445,1.0264131923260895,53.50526790896549,77.12250330449278,0.0,81.224,109.0,0.0,0.0,0.0,1.0,0.0,0.0
22667.0,45.059977062926734,1.2003993274816278,65.74624380359826,100.0,0.0,95.334,98.0,0.0,0.0,0.0,0.0,0.0,0.0
59438.0,35.880405319078115,1.5,100.0,100.0,0.0,168.876,123.0,0.0,0.0,0.0,0.0,0.0,0.0
50414.0,42.00552585754824,1.5,100.0,100.0,0.0,150.828,98.0,0.0,0.0,0.0,0.0,0.0,0.0
40509.0,34.68581102167471,1.5,100.0,100.0,4.0,131.018,96.0,0.0,0.0,0.0,0.0,0.0,0.0
28774.0,43.235604849404346,1.5,92.97235134972428,100.0,4.0,107.548,101.0,0.0,0.0,0.0,0.0,0.0,0.0
30410.0,54.70827847034945,1.5,98.30317481639122,100.0,4.0,110.82,105.0,0.0,0.0,0.0,0.0,0.0,0.0
9110.0,31.0476825067728,1.3192727498364678,24.00239504660228,42.192814751192245,1.0,68.22,216.0,0.0,0.0,0.0,0.0,0.0,0.0
12528.0,39.78083986626069,1.1218975232776405,50.81660671240048,58.49976273486281,0.0,75.056,184.0,0.0,0.0,0.0,0.0,0.0,0.0
11740.0,67.17897977602043,1.0437096217516508,30.90142648867393,53.76890043557495,0.0,73.48,220.0,0.0,0.0,0.0,1.0,0.0,0.0
27340.0,25.92739549391345,1.5,99.6917070332741,100.0,1.0,104.68,106.0,0.0,0.0,0.0,0.0,0.0,0.0
6812.0,45.00851159138422,1.0995045181884826,27.82416997405479,32.25511045374246,0.0,63.624,202.0,0.0,0.0,0.0,0.0,0.0,0.0
13258.0,45.27919688351752,1.1689306824821326,45.2355918941598,63.48804086014043,0.0,76.51599999999999,210.0,0.0,0.0,0.0,0.0,0.0,0.0
13135.0,45.91260372547888,1.3311922236670009,42.17113838532018,69.07316176594946,0.0,76.27,221.0,0.0,0.0,0.0,1.0,0.0,0.0
25633.0,41.91960993325688,1.5,84.05398576161399,100.0,3.0,101.266,107.0,0.0,0.0,0.0,0.0,0.0,0.0
38680.0,35.42926610110169,1.5,100.0,100.0,2.0,127.36,100.0,0.0,0.0,0.0,0.0,0.0,0.0
20169.0,38.17455675385055,1.0688952229369115,66.30387064251475,100.0,1.0,90.338,109.0,0.0,0.0,0.0,0.0,0.0,0.0
31384.0,20.0,1.5,97.90125221363978,100.0,2.0,112.768,115.0,0.0,0.0,1.0,0.0,0.0,0.0
37968.0,33.415806138679834,1.5,100.0,100.0,2.0,125.936,93.0,0.0,0.0,0.0,0.0,0.0,0.0
47848.0,40.12415774718253,1.5,100.0,100.0,3.0,145.696,103.0,0.0,1.0,0.0,0.0,0.0,0.0
25439.0,33.457523697084184,1.5,75.93212450114882,100.0,0.0,100.878,83.0,0.0,0.0,0.0,0.0,0.0,0.0
15777.0,47.8532726146501,1.2343756855415766,53.35991862623101,83.78007171605142,1.0,81.554,108.0,0.0,1.0,0.0,0.0,0.0,0.0
16042.0,47.51201500642765,1.3631177869750006,54.161845948436,81.79065279536482,1.0,82.084,119.0,0.0,0.0,0.0,0.0,0.0,0.0
12301.0,36.09285978960611,1.238686271401235,47.82095362474132,61.63861327307235,0.0,74.602,183.0,0.0,1.0,0.0,0.0,0.0,0.0
23248.0,41.47098234949208,1.1819820792274116,80.21143804058649,100.0,2.0,96.496,110.0,0.0,0.0,0.0,0.0,0.0,0.0
6900.0,53.33924901891565,1.1219370775798796,13.940674412047583,29.57944515883016,1.0,63.8,225.0,0.0,0.0,0.0,0.0,0.0,0.0
12717.0,43.08606564345708,1.372085670942243,48.56741753011531,61.352668676451614,1.0,75.434,189.0,0.0,0.0,0.0,0.0,0.0,0.0
37449.0,49.78242592548891,1.5,100.0,100.0,0.0,124.898,101.0,0.0,1.0,0.0,0.0,0.0,0.0
17063.0,54.74444641955598,1.2625774960735867,61.17569956704996,86.547838827395,0.0,84.126,85.0,0.0,0.0,0.0,0.0,0.0,0.0
20397.0,54.01192905866206,1.339183173438614,73.87366244048498,100.0,1.0,90.794,103.0,0.0,0.0,0.0,0.0,0.0,0.0
33157.0,39.94904482470038,1.5,100.0,100.0,3.0,116.314,92.0,1.0,0.0,0.0,0.0,0.0,0.0
45815.0,29.88297391448478,1.5,100.0,100.0,4.0,141.63,105.0,1.0,0.0,0.0,0.0,0.0,0.0
60037.0,44.23506722693004,1.5,100.0,100.0,3.0,170.074,109.0,1.0,0.0,1.0,0.0,0.0,1.0
64353.0,45.457461766629024,1.5,100.0,100.0,2.0,178.706,92.0,1.0,0.0,0.0,0.0,0.0,0.0
20612.0,55.84765607632118,1.3337118140538011,77.82987744354192,100.0,1.0,91.224,110.0,1.0,0.0,0.0,0.0,0.0,0.0
12679.0,46.73400618691348,1.2391657539239864,50.61587145425223,62.58610344370332,2.0,75.358,218.0,1.0,0.0,0.0,0.0,0.0,1.0
56628.0,21.920494924525865,1.5,100.0,100.0,0.0,163.256,118.0,1.0,0.0,1.0,0.0,0.0,0.0
29915.0,52.36112455016753,1.5,100.0,100.0,3.0,109.83,127.0,1.0,0.0,1.0,0.0,0.0,0.0
21498.0,37.33861468930217,1.292928938606004,66.42023348420037,100.0,1.0,92.996,90.0,1.0,0.0,0.0,0.0,0.0,0.0
33627.0,29.13958565643516,1.5,100.0,100.0,2.0,117.254,90.0,1.0,0.0,0.0,0.0,0.0,0.0
22379.0,33.42311785877738,1.0472932752279769,84.14097176317703,100.0,1.0,94.758,107.0,1.0,0.0,0.0,0.0,0.0,0.0
23854.0,47.82613780533522,1.205939608910661,85.48060326160237,100.0,2.0,97.708,99.0,1.0,0.0,1.0,0.0,0.0,0.0
14106.0,47.08726813402359,1.237597242840332,51.874201555290256,72.87411888692523,0.0,78.212,207.0,1.0,0.0,0.0,0.0,0.0,1.0
11495.0,64.80278663800287,1.337111424335484,30.052408905096783,59.54521783478363,1.0,72.99,224.0,1.0,0.0,0.0,0.0,0.0,0.0
25699.0,31.86023300236404,1.5,79.77143260306289,100.0,3.0,101.398,85.0,1.0,0.0,1.0,0.0,0.0,0.0
36780.0,44.7981461789152,1.5,100.0,100.0,4.0,123.56,86.0,1.0,0.0,0.0,0.0,0.0,0.0
30330.0,45.58719605325321,1.5,97.58255506735372,100.0,3.0,110.66,105.0,1.0,1.0,0.0,0.0,0.0,0.0
28593.0,38.56272087725716,1.5,100.0,100.0,1.0,107.186,104.0,1.0,0.0,0.0,0.0,0.0,0.0
13124.0,41.78180954208778,1.1309145589324243,46.9679218371418,64.44509837237864,0.0,76.248,216.0,1.0,0.0,0.0,0.0,0.0,0.0
39182.0,20.0,1.5,100.0,100.0,3.0,128.364,93.0,0.0,0.0,0.0,0.0,0.0,0.0
33821.0,34.38913902019434,1.5,100.0,100.0,0.0,117.642,109.0,0.0,0.0,1.0,0.0,0.0,0.0
15855.0,67.26906324249441,1.3896641676643309,56.81659631851311,81.86491877475385,0.0,81.71000000000001,84.0,0.0,0.0,1.0,0.0,0.0,0.0
19126.0,62.805010702260816,1.3382136463723031,69.76200648387041,95.72348622629043,0.0,88.25200000000001,115.0,0.0,0.0,1.0,0.0,0.0,0.0
17671.0,36.92955070720294,1.0024134445552784,61.95586728639273,88.54029448903164,1.0,85.342,90.0,0.0,0.0,0.0,0.0,0.0,0.0
29397.0,27.81557202636224,1.5,97.401788883138,100.0,1.0,108.794,105.0,0.0,0.0,0.0,0.0,0.0,0.0
5862.0,57.32854769779948,1.2213416989310228,26.28769110368014,33.76814223977607,0.0,61.724,211.0,0.0,0.0,1.0,0.0,0.0,0.0
29587.0,20.0,1.5,100.0,100.0,7.0,109.174,114.0,0.0,0.0,0.0,0.0,0.0,0.0
50136.0,33.39111711686856,1.5,100.0,100.0,3.0,150.272,103.0,0.0,0.0,1.0,0.0,0.0,1.0
23199.0,33.74527265076382,1.308773453700222,82.98015383850124,100.0,3.0,96.398,102.0,0.0,0.0,0.0,0.0,0.0,1.0
14180.0,51.93617121425053,1.1551429254948258,37.7945031452098,71.38617667775478,1.0,78.36,215.0,0.0,0.0,0.0,0.0,0.0,0.0
28748.0,36.05924093273991,1.5,98.02094840385664,100.0,4.0,107.496,95.0,0.0,0.0,1.0,0.0,0.0,0.0
13878.0,28.085479630439583,1.1727904233798978,53.34441834668078,65.51602212983158,0.0,77.756,197.0,0.0,1.0,0.0,0.0,0.0,1.0
24784.0,44.68272816426084,1.3808629058741857,90.65874874051848,100.0,3.0,99.568,105.0,0.0,0.0,1.0,0.0,0.0,0.0
37482.0,52.14832054832641,1.5,100.0,100.0,1.0,124.964,90.0,0.0,1.0,0.0,0.0,0.0,0.0
21280.0,45.7573673674948,1.296973726265822,61.406070992086114,100.0,0.0,92.56,89.0,0.0,0.0,0.0,0.0,0.0,0.0
30706.0,29.81584471682207,1.5,100.0,100.0,5.0,111.412,95.0,0.0,1.0,0.0,0.0,0.0,0.0
14513.0,52.738183584097456,1.1883214603189654,46.60268775484883,74.34639267169615,0.0,79.026,198.0,0.0,1.0,0.0,0.0,0.0,0.0
17255.0,55.40782375387912,1.385312350944893,60.13745735432844,88.84151975930628,0.0,84.50999999999999,102.0,0.0,0.0,0.0,0.0,1.0,0.0
39549.0,26.066219722171933,1.5,100.0,100.0,1.0,129.098,88.0,0.0,0.0,0.0,1.0,0.0,1.0
20776.0,28.14935357808785,1.285685819201857,72.206183470973,100.0,1.0,91.552,102.0,0.0,0.0,0.0,0.0,0.0,1.0
19561.0,45.21278630747596,1.0051580218783434,57.45892558451938,100.0,0.0,89.122,100.0,0.0,0.0,0.0,0.0,0.0,0.0
20296.0,47.50258433896569,1.3918228961809862,72.6659134796354,100.0,1.0,90.592,92.0,0.0,0.0,0.0,1.0,0.0,0.0
12584.0,49.19245151075934,1.1120915116999623,37.97898537338051,58.950162337618245,2.0,75.168,197.0,0.0,0.0,0.0,0.0,0.0,0.0
33200.0,20.0,1.5,100.0,100.0,2.0,116.4,113.0,0.0,0.0,0.0,0.0,0.0,0.0
17274.0,28.045132443298986,1.3580120742810051,59.95853717053908,87.57279987030589,1.0,84.548,95.0,0.0,0.0,0.0,0.0,0.0,0.0
33762.0,36.177082883224976,1.5,100.0,100.0,3.0,117.524,107.0,0.0,0.0,0.0,0.0,0.0,0.0
33859.0,48.12137474319894,1.5,100.0,100.0,3.0,117.718,97.0,0.0,0.0,1.0,0.0,0.0,0.0
44763.0,20.0,1.5,100.0,100.0,4.0,139.526,116.0,0.0,0.0,0.0,1.0,0.0,0.0
35199.0,53.67395970933748,1.5,100.0,100.0,2.0,120.398,86.0,0.0,0.0,0.0,1.0,0.0,0.0
48418.0,24.8953095736145,1.5,100.0,100.0,2.0,146.836,86.0,0.0,0.0,0.0,0.0,0.0,0.0
17264.0,34.29709441950918,1.2856175412729385,53.10113715272495,87.4964623297569,0.0,84.52799999999999,100.0,0.0,0.0,0.0,0.0,0.0,0.0
24916.0,46.01910926342013,1.324396243367076,89.44525382895922,100.0,2.0,99.832,108.0,0.0,0.0,0.0,0.0,0.0,0.0
24070.0,48.62851561164712,1.0219631190213148,86.31784451547085,100.0,5.0,98.14,103.0,0.0,0.0,0.0,0.0,0.0,0.0
48988.0,28.348096186938164,1.5,100.0,100.0,4.0,147.976,105.0,0.0,0.0,0.0,1.0,0.0,0.0
21517.0,62.39298487340736,1.1275181514611037,71.86550326481999,100.0,4.0,93.034,100.0,0.0,0.0,0.0,0.0,0.0,0.0
16155.0,54.57599402378787,1.0420551397923967,50.76449809210547,82.82886442693706,0.0,82.31,98.0,0.0,0.0,0.0,0.0,0.0,0.0
50593.0,49.7405605478105,1.5,100.0,100.0,4.0,151.186,100.0,0.0,0.0,0.0,0.0,0.0,0.0
56430.0,34.14182239120306,1.5,100.0,100.0,5.0,162.86,107.0,0.0,0.0,0.0,1.0,0.0,0.0
53302.0,20.693433084383354,1.5,100.0,100.0,0.0,156.60399999999998,93.0,0.0,0.0,0.0,1.0,0.0,0.0
37763.0,46.69659579371444,1.5,100.0,100.0,1.0,125.526,103.0,0.0,0.0,0.0,0.0,0.0,0.0
31368.0,60.0416060133627,1.5,97.76394130177783,100.0,1.0,112.736,94.0,0.0,1.0,0.0,0.0,0.0,0.0
14822.0,43.56074830034733,1.3655264794647963,41.1089810333896,72.4682299015949,0.0,79.644,178.0,0.0,0.0,0.0,0.0,0.0,0.0
48959.0,38.69933073225029,1.5,100.0,100.0,3.0,147.918,110.0,0.0,0.0,0.0,0.0,0.0,0.0
35669.0,30.70242072868262,1.5,100.0,100.0,3.0,121.338,106.0,0.0,0.0,0.0,0.0,0.0,0.0
35745.0,20.724067717501704,1.5,100.0,100.0,4.0,121.49,112.0,0.0,0.0,1.0,0.0,0.0,0.0
14098.0,48.700296036205614,1.1406672213524538,51.5219929651529,71.22747233977287,0.0,78.196,220.0,0.0,0.0,0.0,1.0,0.0,0.0
62795.0,20.0,1.5,100.0,100.0,1.0,175.59,88.0,0.0,0.0,0.0,0.0,0.0,0.0
61836.0,50.62493495116699,1.5,100.0,100.0,3.0,173.672,81.0,0.0,0.0,0.0,1.0,0.0,0.0
10635.0,52.08941180430739,1.0110859684281486,29.316741317488358,52.17994910380641,0.0,71.27,190.0,0.0,1.0,0.0,0.0,0.0,0.0
51573.0,49.56932340096731,1.5,100.0,100.0,0.0,153.14600000000002,106.0,0.0,0.0,0.0,0.0,0.0,0.0
27249.0,41.125361588238974,1.5,91.86426996367294,100.0,1.0,104.498,106.0,0.0,0.0,1.0,0.0,0.0,0.0
17998.0,52.48085996171649,1.3826372996748568,59.97690354850539,86.52915455709768,0.0,85.99600000000001,91.0,0.0,0.0,1.0,0.0,0.0,0.0
37345.0,38.28118031320613,1.5,100.0,100.0,2.0,124.69,113.0,0.0,0.0,0.0,0.0,0.0,0.0
30729.0,47.7000983812821,1.5,100.0,100.0,5.0,111.458,105.0,0.0,0.0,0.0,0.0,0.0,0.0
50330.0,32.55659237380719,1.5,100.0,100.0,2.0,150.66,107.0,1.0,0.0,0.0,0.0,0.0,0.0
39048.0,42.26362140842349,1.5,100.0,100.0,0.0,128.096,90.0,1.0,1.0,0.0,0.0,0.0,0.0
14165.0,48.696843064654026,1.3124382667730652,41.37312675383016,66.41101995893015,1.0,78.33,188.0,1.0,1.0,0.0,0.0,0.0,0.0
47971.0,29.75401502263958,1.5,100.0,100.0,4.0,145.942,88.0,1.0,0.0,0.0,0.0,0.0,0.0
16754.0,46.39301220207691,1.3534432478910754,56.06714066691251,81.0353890286559,0.0,83.50800000000001,90.0,1.0,0.0,0.0,0.0,0.0,0.0
26837.0,32.77725518716836,1.5,83.66546722546781,100.0,2.0,103.674,103.0,1.0,0.0,0.0,0.0,0.0,0.0
12822.0,60.238738352163736,1.3299817423820617,52.3844149456252,60.827500545411546,2.0,75.644,198.0,1.0,1.0,0.0,0.0,0.0,0.0
28767.0,34.3153629467428,1.5,100.0,100.0,0.0,107.534,118.0,1.0,0.0,0.0,0.0,0.0,0.0
59306.0,51.77772683986375,1.5,100.0,100.0,2.0,168.612,98.0,1.0,0.0,0.0,0.0,0.0,0.0
17310.0,41.43717092348217,1.039314369687896,59.3817204961767,83.41302520321021,1.0,84.62,82.0,1.0,0.0,0.0,0.0,0.0,0.0
50806.0,20.0,1.5,100.0,100.0,1.0,151.612,99.0,1.0,0.0,0.0,0.0,0.0,1.0
63934.0,20.0,1.5,100.0,100.0,1.0,177.868,109.0,1.0,0.0,0.0,0.0,0.0,0.0
19380.0,61.522242160418514,1.2650910067714702,60.45822747500341,99.50515541231788,1.0,88.75999999999999,98.0,1.0,0.0,0.0,1.0,0.0,0.0
55660.0,45.26000065652086,1.5,100.0,100.0,2.0,161.32,115.0,1.0,0.0,0.0,0.0,0.0,0.0
13205.0,38.94401783843508,1.1706048570744172,42.390051063543616,64.44231214576112,1.0,76.41,211.0,1.0,1.0,0.0,0.0,0.0,0.0
32761.0,48.539587588486896,1.5,100.0,100.0,2.0,115.522,95.0,1.0,0.0,1.0,0.0,0.0,0.0
41923.0,20.0,1.5,100.0,100.0,1.0,133.846,95.0,1.0,0.0,0.0,0.0,0.0,0.0
19479.0,20.0,1.022448792941501,71.87774335652904,100.0,2.0,88.958,88.0,0.0,0.0,0.0,0.0,0.0,0.0
47933.0,39.78579524786728,1.5,100.0,100.0,2.0,145.866,108.0,0.0,0.0,0.0,0.0,0.0,1.0
28799.0,46.21880522988221,1.5,98.32644960499069,100.0,1.0,107.598,95.0,0.0,1.0,0.0,0.0,0.0,0.0
58732.0,34.94801397339161,1.5,100.0,100.0,1.0,167.464,92.0,0.0,0.0,0.0,1.0,0.0,0.0
20651.0,53.701042916960304,1.104478386963002,78.03661135270062,100.0,1.0,91.302,93.0,0.0,0.0,0.0,0.0,0.0,0.0
40344.0,37.05913455010789,1.5,100.0,100.0,4.0,130.688,106.0,0.0,0.0,0.0,0.0,0.0,0.0
37537.0,37.24742977697932,1.5,100.0,100.0,3.0,125.074,108.0,0.0,0.0,0.0,0.0,0.0,0.0
23747.0,46.17006333178469,1.2061270722741688,75.63898781996775,100.0,3.0,97.494,87.0,0.0,0.0,1.0,0.0,0.0,0.0
11172.0,46.641721414675175,1.1586597804188696,38.26000095380565,52.266143050731706,1.0,72.344,203.0,0.0,0.0,0.0,0.0,0.0,0.0
28559.0,45.96390428235782,1.5,100.0,100.0,1.0,107.118,100.0,0.0,0.0,1.0,0.0,0.0,0.0
13722.0,49.66906950169673,1.0749438238196354,50.4506967893886,72.40688328496971,0.0,77.444,222.0,0.0,0.0,0.0,0.0,0.0,0.0
24294.0,57.01181982742988,1.1402476022397865,85.26464432892128,100.0,1.0,98.588,103.0,0.0,0.0,0.0,0.0,0.0,0.0
23303.0,47.65728711636477,1.3031316046269676,69.65484033658394,100.0,1.0,96.606,115.0,0.0,1.0,0.0,0.0,0.0,0.0
24743.0,48.50278257819247,1.0995767368460914,89.96879368693516,100.0,1.0,99.486,95.0,0.0,0.0,0.0,0.0,0.0,0.0
66530.0,31.397230425054165,1.5,100.0,100.0,1.0,183.06,100.0,0.0,0.0,0.0,0.0,0.0,0.0
17078.0,45.094200889013536,1.2714047094669905,63.9242691465056,89.34300410162916,1.0,84.156,122.0,0.0,0.0,0.0,0.0,0.0,0.0
15738.0,41.79340879007046,1.2461547471919945,61.794103751753845,74.98963596754754,1.0,81.476,104.0,0.0,0.0,0.0,0.0,0.0,0.0
21058.0,46.41226585436078,1.0154580933549224,64.02458585472893,100.0,0.0,92.116,86.0,0.0,0.0,0.0,0.0,0.0,0.0
23545.0,44.36447860442576,1.1624630497490736,72.29424613945764,100.0,2.0,97.09,95.0,0.0,0.0,0.0,0.0,0.0,0.0
24607.0,38.25180626790597,1.1098792916274942,72.39694893983997,100.0,4.0,99.214,101.0,0.0,0.0,1.0,0.0,0.0,0.0
9305.0,37.00939183045097,1.2475754252661024,25.797215639266128,48.7142300055051,0.0,68.61,191.0,0.0,0.0,1.0,0.0,0.0,0.0
14374.0,54.30787440156713,1.1401023795203524,40.71454694359807,70.22598449183593,0.0,78.748,202.0,0.0,0.0,1.0,0.0,0.0,0.0
32904.0,35.35603728674215,1.5,100.0,100.0,2.0,115.808,99.0,0.0,0.0,0.0,0.0,0.0,0.0
36597.0,25.02815487997548,1.5,100.0,100.0,4.0,123.194,98.0,0.0,0.0,0.0,0.0,0.0,0.0
50560.0,46.14378089603907,1.5,100.0,100.0,2.0,151.12,106.0,0.0,0.0,0.0,0.0,0.0,0.0
16358.0,45.324105042262985,1.3051092348408264,49.45147705724696,83.8689231655547,0.0,82.71600000000001,100.0,0.0,0.0,1.0,0.0,0.0,0.0
32003.0,41.63507645155507,1.5,100.0,100.0,3.0,114.006,99.0,0.0,0.0,1.0,0.0,0.0,0.0
43016.0,25.022435846300738,1.5,100.0,100.0,2.0,136.03199999999998,89.0,0.0,0.0,0.0,0.0,1.0,0.0
19636.0,52.24838991630821,1.0144240354040313,60.94495306677983,99.4658039678895,0.0,89.27199999999999,104.0,0.0,0.0,0.0,0.0,1.0,0.0
14297.0,41.66415153555849,1.175534036870391,40.478271686137205,71.37209027540693,0.0,78.594,210.0,0.0,0.0,0.0,0.0,0.0,0.0
42964.0,47.64823437328157,1.5,100.0,100.0,1.0,135.928,94.0,0.0,1.0,0.0,0.0,0.0,0.0
38226.0,33.473632752306294,1.5,100.0,100.0,1.0,126.452,88.0,0.0,0.0,1.0,0.0,0.0,0.0
36000.0,42.17075023768478,1.5,100.0,100.0,0.0,122.0,107.0,0.0,0.0,1.0,0.0,0.0,0.0
27890.0,29.224538108105765,1.5,95.01791459221084,100.0,0.0,105.78,101.0,0.0,0.0,0.0,0.0,0.0,0.0
29305.0,61.70400963359257,1.5,94.45203717455342,100.0,2.0,108.61,101.0,0.0,0.0,1.0,0.0,0.0,0.0
40155.0,36.99671757766833,1.5,100.0,100.0,6.0,130.31,112.0,0.0,1.0,0.0,0.0,0.0,0.0
23778.0,58.97382540630388,1.3264624110184746,81.98110920509438,100.0,3.0,97.556,107.0,0.0,0.0,0.0,0.0,0.0,1.0
20267.0,55.29206761681616,1.174031882191876,76.27590143899698,100.0,0.0,90.534,82.0,0.0,0.0,0.0,1.0,0.0,0.0
14975.0,68.11448074421696,1.020541560221368,58.62486549905118,77.46010395718234,0.0,79.95,204.0,0.0,0.0,0.0,1.0,0.0,0.0
24063.0,43.47974147243367,1.3923124821884347,78.61774585854658,100.0,0.0,98.126,85.0,0.0,0.0,0.0,0.0,0.0,0.0
11531.0,44.98920283986021,1.250434095272016,39.60326250569019,56.44893160320176,0.0,73.062,206.0,0.0,0.0,0.0,0.0,0.0,0.0
48287.0,29.659279959324365,1.5,100.0,100.0,2.0,146.574,92.0,0.0,0.0,0.0,0.0,0.0,0.0
38540.0,20.0,1.5,100.0,100.0,0.0,127.08,91.0,0.0,0.0,0.0,0.0,1.0,0.0
13166.0,43.59405892950415,1.3868145674416192,48.67676332981864,62.96433508733604,0.0,76.332,187.0,0.0,0.0,0.0,1.0,0.0,0.0
13380.0,33.249447587817514,1.3695184098773798,52.19073106360993,68.78526624089545,1.0,76.76,167.0,1.0,0.0,0.0,0.0,0.0,0.0
22729.0,37.86589241406819,1.167646633805932,79.88939702651257,100.0,2.0,95.458,106.0,1.0,0.0,1.0,0.0,0.0,0.0
25458.0,36.21754567249354,1.5,83.92668658063397,100.0,1.0,100.916,103.0,1.0,0.0,0.0,0.0,0.0,1.0
21799.0,64.29285368429103,1.0375341532088351,69.86049157215473,100.0,0.0,93.598,95.0,1.0,1.0,0.0,0.0,0.0,0.0
37914.0,20.0,1.5,100.0,100.0,1.0,125.828,117.0,1.0,0.0,0.0,0.0,1.0,0.0
7259.0,37.46242053276836,1.0242676883830617,15.626336523255093,33.03768776274613,0.0,64.518,213.0,1.0,0.0,0.0,0.0,0.0,0.0
28015.0,40.46823712744047,1.5,91.73417177865218,100.0,0.0,106.03,98.0,1.0,0.0,0.0,0.0,0.0,1.0
32926.0,46.40800208648727,1.5,100.0,100.0,2.0,115.852,97.0,1.0,0.0,0.0,1.0,0.0,0.0
44493.0,43.703569446223895,1.5,100.0,100.0,1.0,138.986,119.0,1.0,0.0,0.0,0.0,1.0,0.0
26865.0,40.81484377889944,1.5,85.1920867144051,100.0,2.0,103.73,90.0,1.0,0.0,0.0,0.0,0.0,0.0
43178.0,36.52367903171692,1.5,100.0,100.0,2.0,136.356,103.0,1.0,0.0,0.0,0.0,0.0,0.0
33465.0,24.31300409382644,1.5,100.0,100.0,2.0,116.93,93.0,1.0,0.0,0.0,0.0,0.0,0.0
32603.0,28.07098035255302,1.5,100.0,100.0,0.0,115.206,106.0,1.0,1.0,0.0,0.0,0.0,0.0
47525.0,33.86658327134415,1.5,100.0,100.0,1.0,145.05,88.0,1.0,1.0,0.0,0.0,0.0,0.0
35363.0,29.49678262140375,1.5,100.0,100.0,2.0,120.726,97.0,0.0,0.0,0.0,0.0,0.0,0.0
34643.0,40.42312999019909,1.5,100.0,100.0,2.0,119.286,101.0,0.0,0.0,0.0,0.0,0.0,0.0
22610.0,52.06462725181342,1.2389904236618483,82.65096663695127,100.0,3.0,95.22,109.0,0.0,0.0,1.0,0.0,0.0,0.0
33464.0,27.09636736355167,1.5,100.0,100.0,1.0,116.928,112.0,0.0,1.0,0.0,0.0,0.0,0.0
49748.0,33.91869599769769,1.5,100.0,100.0,1.0,149.49599999999998,96.0,0.0,0.0,1.0,0.0,0.0,0.0
43860.0,39.39243180738455,1.5,100.0,100.0,6.0,137.72,97.0,0.0,0.0,0.0,0.0,0.0,0.0
27274.0,31.65609235840405,1.5,99.4439197803566,100.0,5.0,104.548,94.0,0.0,0.0,1.0,0.0,0.0,0.0
8603.0,44.0227291091079,1.370984665370163,20.819059223795453,39.18400679361008,1.0,67.206,188.0,0.0,0.0,1.0,0.0,0.0,0.0
33601.0,38.44614596819829,1.5,100.0,100.0,2.0,117.202,92.0,0.0,0.0,1.0,0.0,0.0,0.0
45627.0,39.52973954010056,1.5,100.0,100.0,3.0,141.25400000000002,94.0,0.0,0.0,0.0,0.0,0.0,0.0
9204.0,61.56934174031022,1.2937178846674784,33.04443115416064,45.43986840341072,0.0,68.408,208.0,0.0,0.0,0.0,0.0,0.0,0.0
65844.0,44.29076020877172,1.5,100.0,100.0,2.0,181.688,115.0,0.0,0.0,0.0,0.0,0.0,0.0
40755.0,21.894125012179398,1.5,100.0,100.0,4.0,131.51,97.0,0.0,0.0,0.0,0.0,1.0,0.0
41268.0,43.381806648346256,1.5,100.0,100.0,1.0,132.536,95.0,0.0,0.0,1.0,0.0,0.0,0.0
9409.0,26.84321373704169,1.0720752280216506,32.103384770071294,45.17381281956081,1.0,68.818,195.0,0.0,0.0,1.0,0.0,0.0,0.0
23591.0,43.18817525898872,1.3993993286271984,69.18382259874153,100.0,1.0,97.182,105.0,0.0,0.0,0.0,1.0,0.0,0.0
21636.0,60.07952873426696,1.1583292499100215,69.52224193408715,100.0,0.0,93.272,106.0,0.0,0.0,1.0,0.0,0.0,0.0
13192.0,54.157684447127,1.3130467797362069,47.24853009677077,62.18621834197079,0.0,76.384,183.0,0.0,0.0,0.0,0.0,1.0,0.0
24455.0,59.83390085266359,1.0231180744493205,77.68505245764635,100.0,2.0,98.91,92.0,0.0,0.0,0.0,0.0,0.0,0.0
19243.0,56.20776936455129,1.0786670103996605,66.62377134123534,92.5237353226648,0.0,88.48599999999999,106.0,0.0,0.0,0.0,1.0,0.0,0.0
23135.0,46.67596523418851,1.0404565087711748,68.59371669702466,100.0,0.0,96.27,86.0,0.0,0.0,1.0,0.0,0.0,0.0
43983.0,41.87843546564126,1.5,100.0,100.0,0.0,137.966,109.0,0.0,0.0,0.0,0.0,0.0,0.0
29855.0,59.57950448503793,1.5,92.8884798273244,100.0,1.0,109.71,101.0,0.0,0.0,0.0,0.0,1.0,0.0
54728.0,25.411440820774303,1.5,100.0,100.0,3.0,159.45600000000002,97.0,0.0,0.0,0.0,1.0,0.0,0.0
41900.0,31.67016067444215,1.5,100.0,100.0,0.0,133.8,93.0,0.0,0.0,0.0,1.0,0.0,1.0
43031.0,35.88155091367126,1.5,100.0,100.0,3.0,136.062,110.0,0.0,0.0,0.0,0.0,0.0,1.0
20682.0,42.22309545776115,1.109605150470059,66.76319801689445,98.88545019706524,3.0,91.364,96.0,0.0,0.0,0.0,1.0,0.0,0.0
21811.0,47.638756347075024,1.0158299487835585,67.58604807330893,100.0,0.0,93.622,89.0,0.0,0.0,0.0,0.0,0.0,0.0
6430.0,55.66135298585604,1.3550317086358166,28.063703587593118,35.83152636702091,1.0,62.86,206.0,0.0,0.0,0.0,0.0,0.0,0.0
24537.0,42.345493375518345,1.2786202703842835,86.51715787749075,100.0,2.0,99.074,125.0,0.0,0.0,0.0,0.0,0.0,0.0
44244.0,33.723043076970626,1.5,100.0,100.0,1.0,138.488,73.0,0.0,0.0,0.0,1.0,0.0,1.0
13587.0,34.313228773657585,1.2450801848921793,45.2719146680532,69.72025128414843,3.0,77.174,196.0,0.0,0.0,0.0,0.0,1.0,0.0
8550.0,32.841935613394426,1.095308000152192,35.50456437390998,40.55112449475648,0.0,67.1,193.0,0.0,0.0,0.0,0.0,0.0,1.0
30644.0,39.325921280298246,1.5,94.2111600453034,100.0,1.0,111.288,113.0,0.0,0.0,0.0,0.0,0.0,0.0
8087.0,52.89782065202444,1.1916800979682816,18.84606130074402,42.542879683339,1.0,66.174,176.0,0.0,0.0,0.0,0.0,0.0,0.0
38869.0,20.828865369344783,1.5,100.0,100.0,5.0,127.738,83.0,0.0,1.0,0.0,0.0,0.0,0.0
25400.0,31.16025187353012,1.5,80.80112810012822,100.0,2.0,100.8,110.0,0.0,1.0,0.0,0.0,0.0,0.0
22779.0,35.481547038279786,1.000901869592801,79.12809213821832,100.0,3.0,95.558,93.0,0.0,0.0,0.0,0.0,0.0,0.0
14442.0,50.08487085829936,1.2572652694570254,51.46259878349058,67.85514928419823,0.0,78.884,219.0,0.0,0.0,0.0,0.0,0.0,0.0
29834.0,20.0,1.5,96.6964267993678,100.0,3.0,109.668,105.0,0.0,0.0,1.0,0.0,0.0,0.0
41935.0,32.55170705525466,1.5,100.0,100.0,1.0,133.87,102.0,0.0,0.0,0.0,0.0,1.0,0.0
37009.0,27.54359386403292,1.5,100.0,100.0,1.0,124.018,101.0,0.0,0.0,0.0,0.0,0.0,0.0
31023.0,44.86016811108983,1.5,100.0,100.0,2.0,112.046,94.0,0.0,0.0,0.0,0.0,0.0,1.0
29610.0,22.97543402804088,1.5,100.0,100.0,2.0,109.22,76.0,0.0,0.0,1.0,0.0,0.0,1.0
6347.0,50.19251352493217,1.0262811883367031,21.01958852491785,27.26161062963021,0.0,62.694,213.0,0.0,1.0,0.0,0.0,0.0,1.0
38900.0,31.84821857897273,1.5,100.0,100.0,3.0,127.8,108.0,1.0,0.0,1.0,0.0,0.0,0.0
21964.0,59.45042738450186,1.0949007776894149,77.09066155401095,100.0,4.0,93.928,105.0,1.0,0.0,0.0,0.0,1.0,0.0
7162.0,43.662147511179526,1.1559929671791325,29.083924052490687,37.42494077896006,2.0,64.324,218.0,1.0,0.0,0.0,0.0,0.0,1.0
14388.0,41.72430156328689,1.1828432315070898,43.34309913349029,69.66456286480242,0.0,78.776,208.0,1.0,0.0,1.0,0.0,0.0,0.0
60249.0,27.16961802929412,1.5,100.0,100.0,1.0,170.498,97.0,1.0,0.0,0.0,0.0,0.0,0.0
60931.0,39.87302734792589,1.5,100.0,100.0,4.0,171.862,91.0,1.0,0.0,0.0,0.0,0.0,0.0
39255.0,47.70314631389864,1.5,100.0,100.0,3.0,128.51,101.0,1.0,0.0,0.0,0.0,0.0,0.0
30444.0,43.93566124648457,1.5,100.0,100.0,2.0,110.888,109.0,1.0,0.0,0.0,0.0,0.0,0.0
38951.0,51.00958814747298,1.5,100.0,100.0,0.0,127.902,118.0,1.0,0.0,0.0,0.0,0.0,1.0
30817.0,33.54054550591745,1.5,100.0,100.0,3.0,111.634,98.0,1.0,1.0,0.0,0.0,0.0,0.0
22672.0,27.8423822209896,1.2689297788025211,84.902724050572,100.0,0.0,95.344,87.0,1.0,0.0,0.0,0.0,0.0,0.0
39987.0,22.58592379144216,1.5,100.0,100.0,3.0,129.974,88.0,1.0,0.0,0.0,0.0,0.0,0.0
15808.0,44.00710400905212,1.347809650887287,55.08947785718834,78.24727696489286,1.0,81.616,99.0,1.0,0.0,0.0,0.0,0.0,0.0
32770.0,47.11432922645283,1.5,100.0,100.0,3.0,115.54,100.0,1.0,0.0,0.0,1.0,0.0,0.0
14609.0,44.01236140108217,1.0084300995651765,39.04708626430228,68.37847177280655,0.0,79.218,189.0,1.0,0.0,1.0,0.0,0.0,0.0
26934.0,36.97695976504976,1.5,92.09105663614812,100.0,1.0,103.868,108.0,1.0,1.0,0.0,0.0,0.0,0.0
15454.0,44.5363574056439,1.3247551753201616,43.4433986755592,73.12616823964356,0.0,80.908,102.0,1.0,0.0,0.0,1.0,0.0,0.0
29000.0,39.5683136622483,1.5,90.71358131502107,100.0,1.0,108.0,89.0,1.0,0.0,0.0,0.0,0.0,0.0
11515.0,44.50632273669257,1.3814968686042957,29.886413464200288,59.65672053425983,0.0,73.03,204.0,1.0,0.0,1.0,0.0,0.0,1.0
26831.0,35.13504661470823,1.5,92.57159202633306,100.0,1.0,103.662,95.0,1.0,0.0,0.0,0.0,0.0,0.0
24668.0,42.239840857018805,1.114482296558216,76.85375663781737,100.0,4.0,99.336,88.0,0.0,1.0,0.0,0.0,0.0,1.0
37049.0,32.232738843425096,1.5,100.0,100.0,1.0,124.098,92.0,0.0,0.0,0.0,0.0,0.0,0.0
23232.0,69.08640031158652,1.288280197866593,72.67392182152918,100.0,1.0,96.464,82.0,0.0,0.0,1.0,0.0,0.0,0.0
12419.0,42.933117417215165,1.3433595056988747,45.70885054228943,60.13531409231869,0.0,74.838,219.0,0.0,1.0,0.0,0.0,0.0,0.0
34775.0,60.46721243324918,1.5,100.0,100.0,3.0,119.55,116.0,0.0,0.0,0.0,1.0,0.0,0.0
16633.0,45.35682272989123,1.29099191457936,65.25844345696927,86.27935778067274,0.0,83.26599999999999,102.0,0.0,0.0,0.0,0.0,0.0,0.0
41894.0,22.18119862950797,1.5,100.0,100.0,2.0,133.788,100.0,0.0,0.0,0.0,0.0,0.0,0.0
30006.0,24.346597700806164,1.5,94.22842026390263,100.0,0.0,110.012,109.0,0.0,0.0,0.0,0.0,0.0,0.0
24864.0,47.893452597061305,1.2147250070794386,73.74853071959583,100.0,3.0,99.728,81.0,0.0,0.0,0.0,0.0,0.0,0.0
47880.0,39.71031608288395,1.5,100.0,100.0,2.0,145.76,94.0,0.0,0.0,1.0,0.0,0.0,0.0
24893.0,38.729105638744805,1.2436585337776582,79.350782565291,100.0,0.0,99.786,114.0,0.0,0.0,0.0,0.0,0.0,0.0
48311.0,33.18253808990042,1.5,100.0,100.0,3.0,146.622,112.0,0.0,0.0,0.0,0.0,0.0,0.0
30376.0,27.354225693355133,1.5,100.0,100.0,2.0,110.752,116.0,0.0,0.0,0.0,0.0,0.0,0.0
44037.0,30.99929064504611,1.5,100.0,100.0,3.0,138.074,92.0,0.0,0.0,0.0,0.0,0.0,0.0
29806.0,34.08201549057095,1.5,100.0,100.0,0.0,109.612,94.0,0.0,0.0,0.0,0.0,0.0,1.0
19495.0,27.821162280594876,1.2602932691739763,65.7770514247842,100.0,1.0,88.99000000000001,94.0,0.0,0.0,0.0,0.0,0.0,0.0
21376.0,50.892842095720646,1.117877358023627,68.35236626917235,100.0,0.0,92.752,120.0,0.0,0.0,0.0,0.0,0.0,0.0
27260.0,24.99199563366168,1.5,95.09286821627096,100.0,1.0,104.52,82.0,0.0,0.0,0.0,0.0,0.0,0.0
42649.0,20.0,1.5,100.0,100.0,6.0,135.298,102.0,0.0,0.0,0.0,0.0,0.0,0.0
53855.0,34.194375779847746,1.5,100.0,100.0,0.0,157.70999999999998,103.0,0.0,0.0,0.0,0.0,0.0,0.0
15021.0,47.71827565916023,1.2047867697962455,50.79016840420715,79.65886473541991,1.0,80.042,117.0,0.0,0.0,0.0,1.0,0.0,0.0
8705.0,38.58162135994105,1.2389260666148874,26.24223871569204,40.94019264627431,1.0,67.41,189.0,0.0,0.0,1.0,0.0,0.0,1.0
31114.0,43.56349324721673,1.5,100.0,100.0,1.0,112.228,108.0,0.0,0.0,0.0,1.0,0.0,0.0
34030.0,29.86137488084512,1.5,100.0,100.0,2.0,118.06,101.0,0.0,0.0,0.0,1.0,0.0,0.0
40984.0,20.0,1.5,100.0,100.0,2.0,131.96800000000002,100.0,0.0,0.0,0.0,0.0,0.0,0.0
26707.0,47.9478467091242,1.5,94.74993255891548,100.0,3.0,103.414,105.0,0.0,0.0,0.0,1.0,0.0,0.0
38539.0,41.59944450710324,1.5,100.0,100.0,2.0,127.078,101.0,0.0,0.0,0.0,1.0,0.0,0.0
27394.0,36.030578630385406,1.5,84.8442220275943,100.0,0.0,104.788,99.0,0.0,0.0,0.0,0.0,0.0,0.0
13682.0,30.827646890097085,1.0284064087001346,40.29588611878764,70.60538887630948,0.0,77.364,177.0,0.0,0.0,0.0,0.0,0.0,0.0
23752.0,36.73566118717974,1.04036579904993,86.5954433210427,100.0,3.0,97.504,106.0,0.0,1.0,0.0,0.0,0.0,0.0
34829.0,27.99593024119317,1.5,100.0,100.0,1.0,119.658,108.0,0.0,0.0,0.0,0.0,0.0,0.0
20790.0,44.83466236386306,1.1164143741511297,75.20705536599866,99.73495296455116,4.0,91.58,112.0,0.0,0.0,0.0,1.0,0.0,0.0
42614.0,20.0,1.5,100.0,100.0,0.0,135.228,84.0,0.0,0.0,0.0,0.0,0.0,0.0
15676.0,37.70482556771078,1.122293769073396,46.22198834369842,75.50475347128311,0.0,81.352,101.0,0.0,0.0,0.0,0.0,0.0,0.0
54774.0,49.475104463217626,1.5,100.0,100.0,4.0,159.548,98.0,0.0,0.0,0.0,1.0,0.0,0.0
13681.0,39.881749071810525,1.0254707224161177,44.810699731298136,65.1953653040839,0.0,77.362,218.0,0.0,0.0,0.0,0.0,0.0,0.0
30301.0,43.51545642789097,1.5,100.0,100.0,1.0,110.602,91.0,0.0,0.0,0.0,0.0,0.0,0.0
16538.0,48.50155497136375,1.2986308619944,45.73024036716318,85.00530694951514,3.0,83.076,89.0,0.0,0.0,0.0,0.0,1.0,0.0
47359.0,56.87847830023679,1.5,100.0,100.0,2.0,144.71800000000002,99.0,0.0,0.0,0.0,0.0,0.0,0.0
12968.0,49.59696892162153,1.0099120031871651,43.077378754028096,60.177313629771895,1.0,75.936,178.0,0.0,1.0,0.0,0.0,0.0,0.0
24136.0,51.04297959934178,1.1588236783135208,84.61717222785742,100.0,1.0,98.272,98.0,0.0,0.0,0.0,0.0,0.0,0.0
21842.0,38.24478485207944,1.0393630221923358,82.39229039168505,100.0,1.0,93.684,107.0,0.0,0.0,0.0,0.0,0.0,0.0
28204.0,31.190287544841617,1.5,100.0,100.0,2.0,106.408,99.0,0.0,0.0,0.0,0.0,0.0,0.0
40666.0,44.13584509421567,1.5,100.0,100.0,1.0,131.332,101.0,0.0,0.0,0.0,0.0,0.0,1.0
27180.0,34.727976586570534,1.5,87.41937794164795,100.0,3.0,104.36,117.0,0.0,0.0,0.0,0.0,0.0,0.0
18267.0,54.76890475421807,1.2748883620099662,58.93583143335498,93.7870305125963,0.0,86.53399999999999,106.0,0.0,0.0,0.0,0.0,0.0,0.0
27069.0,41.64330535924199,1.5,96.84890030842924,100.0,1.0,104.138,93.0,0.0,0.0,0.0,0.0,0.0,0.0
57360.0,31.183365544471823,1.5,100.0,100.0,1.0,164.72,99.0,1.0,0.0,0.0,0.0,0.0,0.0
49818.0,28.95085536059284,1.5,100.0,100.0,2.0,149.636,99.0,1.0,0.0,0.0,0.0,0.0,0.0
47881.0,35.55936502036597,1.5,100.0,100.0,0.0,145.762,88.0,1.0,0.0,0.0,0.0,0.0,0.0
25906.0,37.920230359343016,1.5,93.04269840081685,100.0,3.0,101.812,85.0,1.0,0.0,0.0,0.0,0.0,0.0
40940.0,36.994801664745786,1.5,100.0,100.0,2.0,131.88,107.0,1.0,0.0,0.0,1.0,0.0,0.0
27281.0,42.36917126297828,1.5,81.49455983072255,100.0,0.0,104.562,91.0,1.0,0.0,0.0,0.0,0.0,0.0
10002.0,52.549430242509445,1.049067759850734,24.324823589717266,45.18276350930618,0.0,70.004,201.0,1.0,0.0,1.0,0.0,0.0,0.0
30397.0,26.59158535911081,1.5,98.84308138494094,100.0,3.0,110.794,110.0,1.0,0.0,0.0,0.0,0.0,1.0
23250.0,20.16982329665151,1.235794303639567,71.4378134082537,100.0,4.0,96.5,105.0,1.0,1.0,0.0,0.0,0.0,0.0
39230.0,40.86777782983884,1.5,100.0,100.0,3.0,128.45999999999998,103.0,1.0,0.0,1.0,0.0,0.0,0.0
36952.0,39.33915196827152,1.5,100.0,100.0,0.0,123.904,90.0,1.0,0.0,0.0,1.0,0.0,0.0
30648.0,43.894908477593695,1.5,94.17047790108522,100.0,2.0,111.296,110.0,1.0,0.0,0.0,0.0,1.0,1.0
29774.0,20.0,1.5,100.0,100.0,0.0,109.548,106.0,1.0,0.0,0.0,0.0,1.0,1.0
59728.0,41.62284055587123,1.5,100.0,100.0,2.0,169.45600000000002,101.0,1.0,0.0,0.0,0.0,0.0,0.0
29323.0,28.60826394040428,1.5,87.78062158480378,100.0,1.0,108.646,91.0,1.0,0.0,0.0,0.0,0.0,0.0
33855.0,36.5676915867601,1.5,100.0,100.0,3.0,117.71,105.0,1.0,0.0,1.0,0.0,0.0,0.0
33030.0,23.73271617983412,1.5,100.0,100.0,1.0,116.06,90.0,1.0,0.0,0.0,0.0,0.0,0.0
25899.0,20.0,1.5,77.60409280803817,100.0,1.0,101.798,96.0,1.0,0.0,1.0,0.0,0.0,0.0
18329.0,46.84368333215944,1.0136984200497363,65.74475364363478,88.4876915357987,0.0,86.658,120.0,1.0,0.0,1.0,0.0,0.0,0.0
37841.0,45.01217773430872,1.5,100.0,100.0,1.0,125.682,105.0,1.0,0.0,0.0,0.0,0.0,0.0
10871.0,34.84178469758691,1.0714994738897134,29.00127760796334,57.81557197818085,0.0,71.742,186.0,1.0,0.0,0.0,1.0,0.0,0.0
49697.0,56.57491145887967,1.5,100.0,100.0,3.0,149.394,93.0,0.0,1.0,0.0,0.0,0.0,0.0
55005.0,37.98362070454869,1.5,100.0,100.0,3.0,160.01,95.0,0.0,0.0,0.0,1.0,0.0,0.0
35134.0,63.46465051119348,1.5,100.0,100.0,2.0,120.268,100.0,0.0,0.0,0.0,0.0,0.0,0.0
46115.0,20.0,1.5,100.0,100.0,2.0,142.23000000000002,94.0,0.0,0.0,0.0,0.0,0.0,0.0
17150.0,44.24677546783583,1.3812831396504963,50.793820944764455,84.09768437228749,0.0,84.3,102.0,0.0,0.0,0.0,0.0,0.0,0.0
24803.0,42.94524054518419,1.0024651490256975,74.92210308043192,100.0,2.0,99.606,111.0,0.0,0.0,1.0,0.0,0.0,0.0
28069.0,33.50849253561333,1.5,87.6684554117887,100.0,2.0,106.138,99.0,0.0,0.0,0.0,0.0,0.0,0.0
29205.0,36.656600051326784,1.5,88.71835774420042,100.0,4.0,108.41,93.0,0.0,0.0,0.0,0.0,0.0,0.0
44934.0,31.17528756574496,1.5,100.0,100.0,1.0,139.868,106.0,0.0,1.0,0.0,0.0,0.0,0.0
12359.0,59.153931074016576,1.187551443128844,34.11106002082648,59.1356322156456,1.0,74.718,189.0,0.0,0.0,1.0,0.0,0.0,1.0
22135.0,32.755413691935715,1.1838661350046051,77.55826625775421,100.0,2.0,94.27,100.0,0.0,0.0,0.0,0.0,0.0,0.0
15188.0,51.251048857729415,1.0429451546585435,44.139322059833766,80.16930914110398,0.0,80.376,113.0,0.0,0.0,0.0,0.0,0.0,0.0
44326.0,24.889966426202022,1.5,100.0,100.0,2.0,138.652,98.0,0.0,0.0,0.0,0.0,0.0,0.0
29401.0,21.900329894644983,1.5,98.00618695062232,100.0,2.0,108.802,107.0,0.0,0.0,0.0,0.0,0.0,1.0
43160.0,23.41863054438384,1.5,100.0,100.0,1.0,136.32,100.0,0.0,0.0,0.0,0.0,0.0,1.0
38383.0,44.45383045475669,1.5,100.0,100.0,4.0,126.766,99.0,0.0,0.0,1.0,0.0,0.0,0.0
26699.0,28.73507191709297,1.5,98.92094151516088,100.0,2.0,103.398,93.0,0.0,0.0,0.0,0.0,0.0,0.0
7610.0,53.69464004205896,1.0437621581519807,29.985619771392848,39.02640649673664,0.0,65.22,185.0,0.0,0.0,0.0,0.0,0.0,0.0
19476.0,47.135208358037325,1.2603585568692033,55.61193510976152,100.0,1.0,88.952,100.0,0.0,0.0,0.0,0.0,0.0,0.0
44878.0,46.2793693299657,1.5,100.0,100.0,0.0,139.756,108.0,0.0,0.0,0.0,0.0,0.0,0.0
24452.0,45.362530788556775,1.0775564157280522,72.84564718329185,100.0,1.0,98.904,98.0,0.0,1.0,0.0,0.0,0.0,0.0
32721.0,30.752186522494675,1.5,100.0,100.0,2.0,115.442,99.0,0.0,0.0,0.0,0.0,0.0,0.0
40852.0,33.724488790238915,1.5,100.0,100.0,2.0,131.704,113.0,0.0,0.0,0.0,1.0,0.0,0.0
45167.0,26.566538829992663,1.5,100.0,100.0,2.0,140.334,100.0,0.0,0.0,0.0,0.0,0.0,0.0
25391.0,52.5400962515003,1.5,79.31946249031988,100.0,6.0,100.782,123.0,0.0,0.0,0.0,0.0,0.0,0.0
39179.0,22.68187148434685,1.5,100.0,100.0,1.0,128.358,82.0,0.0,0.0,0.0,0.0,0.0,0.0
6503.0,43.3658117435702,1.3534056220628652,15.439707280280526,28.925725011979612,1.0,63.006,195.0,0.0,1.0,0.0,0.0,0.0,0.0
20405.0,20.0,1.2205663010319487,61.615346366867406,100.0,0.0,90.81,107.0,0.0,1.0,0.0,0.0,0.0,0.0
53275.0,23.965061248365863,1.5,100.0,100.0,3.0,156.55,92.0,0.0,1.0,0.0,0.0,0.0,0.0
62412.0,40.20521449659049,1.5,100.0,100.0,0.0,174.824,81.0,0.0,0.0,0.0,0.0,0.0,0.0
30301.0,50.46575343161071,1.5,92.71486339722944,100.0,2.0,110.602,81.0,0.0,0.0,0.0,0.0,0.0,0.0
11015.0,67.56901416773093,1.0428296438558575,27.36372019270847,50.321656869779005,0.0,72.03,192.0,0.0,0.0,1.0,0.0,0.0,0.0
46221.0,35.47373118777124,1.5,100.0,100.0,3.0,142.442,101.0,0.0,0.0,1.0,0.0,0.0,0.0
10469.0,52.88633368151176,1.1593845941032923,40.833408208801885,47.87779995468157,0.0,70.938,212.0,0.0,0.0,0.0,0.0,0.0,0.0
17006.0,55.04492030255574,1.1830995078198463,63.87795359149069,83.5528833303006,1.0,84.012,99.0,0.0,0.0,0.0,0.0,1.0,0.0
32935.0,31.21175065963229,1.5,100.0,100.0,2.0,115.87,103.0,0.0,0.0,0.0,0.0,0.0,0.0
21911.0,49.81583364403748,1.2115314649542823,73.17396468234503,100.0,5.0,93.822,88.0,0.0,0.0,1.0,0.0,0.0,0.0
28205.0,44.845543467204855,1.5,97.5748505846472,100.0,4.0,106.41,104.0,0.0,0.0,0.0,1.0,0.0,0.0
26713.0,22.614159757399158,1.5,85.80656961153034,100.0,1.0,103.426,107.0,0.0,0.0,0.0,0.0,0.0,0.0
40910.0,34.17949498156946,1.5,100.0,100.0,2.0,131.82,111.0,0.0,0.0,0.0,1.0,0.0,0.0
41831.0,33.09408961450516,1.5,100.0,100.0,0.0,133.662,104.0,0.0,0.0,1.0,0.0,0.0,0.0
20663.0,40.94070581314621,1.1336029201620077,61.21697213144404,100.0,0.0,91.326,104.0,0.0,0.0,1.0,0.0,0.0,0.0
20626.0,43.66372362197594,1.1222513708456083,71.0163301044278,100.0,1.0,91.252,103.0,1.0,0.0,1.0,0.0,0.0,0.0
27248.0,28.44918056708053,1.5,86.59832066719694,100.0,3.0,104.496,85.0,1.0,0.0,0.0,0.0,0.0,0.0
23045.0,40.0715475367125,1.1989092079674533,73.7666237772081,100.0,4.0,96.09,106.0,1.0,0.0,0.0,0.0,0.0,0.0
15013.0,48.33985461838896,1.3964588501520725,51.99535354284438,73.0593540808332,1.0,80.026,96.0,1.0,0.0,0.0,1.0,0.0,0.0
29721.0,20.06762487836164,1.5,98.83030569670154,100.0,1.0,109.442,94.0,1.0,0.0,0.0,1.0,0.0,0.0
59793.0,33.443446903810226,1.5,100.0,100.0,4.0,169.586,93.0,1.0,0.0,0.0,0.0,0.0,0.0
42336.0,38.110487862720944,1.5,100.0,100.0,1.0,134.672,94.0,1.0,0.0,1.0,0.0,0.0,0.0
16880.0,37.75515367169092,1.3057046053103212,53.28169881637764,85.23868521308597,1.0,83.75999999999999,99.0,1.0,0.0,0.0,0.0,0.0,0.0
19428.0,50.02817658373435,1.1261837316834749,73.13593134505152,93.39783330154826,3.0,88.856,79.0,1.0,0.0,1.0,0.0,0.0,0.0
22143.0,54.01676841457557,1.0829050459745646,72.65406368417035,100.0,1.0,94.286,113.0,1.0,0.0,0.0,0.0,0.0,0.0
12836.0,55.23647212530091,1.2984256314509128,38.93087996320936,60.079256973876845,2.0,75.672,218.0,1.0,0.0,0.0,0.0,1.0,0.0
33619.0,28.78730200372905,1.5,100.0,100.0,2.0,117.238,119.0,1.0,0.0,0.0,1.0,0.0,1.0
49262.0,25.16008097143896,1.5,100.0,100.0,3.0,148.524,88.0,1.0,0.0,0.0,0.0,0.0,0.0
14680.0,42.31036585922428,1.0791098519497084,49.15980266137616,71.61183919720031,0.0,79.36,201.0,1.0,0.0,0.0,0.0,0.0,0.0
21091.0,34.507693048982986,1.1456215037860809,78.57856068654306,100.0,3.0,92.182,94.0,1.0,0.0,1.0,0.0,0.0,0.0
23075.0,49.45985743614996,1.2246966465056148,85.37989082067415,100.0,2.0,96.15,119.0,1.0,0.0,0.0,0.0,0.0,0.0
8853.0,44.01951925777718,1.132767917979692,22.936871677302364,42.36615357501584,2.0,67.706,201.0,1.0,0.0,0.0,0.0,0.0,0.0
11897.0,41.61434264547106,1.0959143235298092,34.390118302553894,62.58875667348134,2.0,73.794,205.0,1.0,0.0,0.0,0.0,0.0,0.0
39753.0,39.27642727072127,1.5,100.0,100.0,0.0,129.506,97.0,0.0,0.0,0.0,0.0,0.0,0.0
36349.0,34.399449309252674,1.5,100.0,100.0,2.0,122.698,96.0,0.0,0.0,1.0,0.0,0.0,0.0
42853.0,33.8212937907418,1.5,100.0,100.0,2.0,135.70600000000002,94.0,0.0,0.0,0.0,0.0,0.0,0.0
43886.0,34.22453170914693,1.5,100.0,100.0,2.0,137.772,104.0,0.0,0.0,1.0,0.0,0.0,0.0
56287.0,41.61622412370805,1.5,100.0,100.0,1.0,162.574,79.0,0.0,0.0,0.0,1.0,0.0,0.0
19102.0,41.29395539753407,1.2832352700923986,68.42332940689614,100.0,1.0,88.20400000000001,93.0,0.0,0.0,0.0,0.0,0.0,0.0
19467.0,54.12723381377127,1.3355528421898986,58.45997169234119,95.668815613156,1.0,88.934,81.0,0.0,0.0,1.0,0.0,0.0,0.0
10025.0,42.27195327267323,1.2117855555837402,35.68668133088872,45.265831670777786,0.0,70.05,194.0,0.0,0.0,0.0,1.0,0.0,1.0
53266.0,20.0,1.5,100.0,100.0,4.0,156.53199999999998,116.0,0.0,0.0,0.0,1.0,0.0,0.0
9307.0,43.95456277451344,1.0209861571561851,21.747230399948517,49.75251275517122,1.0,68.614,192.0,0.0,0.0,0.0,1.0,0.0,0.0
16423.0,43.79102280649711,1.3508636630482744,62.886782135692535,80.89872321755442,0.0,82.846,101.0,0.0,0.0,0.0,0.0,0.0,0.0
47840.0,30.34386684759311,1.5,100.0,100.0,1.0,145.68,85.0,0.0,0.0,0.0,1.0,0.0,0.0
50254.0,20.0,1.5,100.0,100.0,1.0,150.50799999999998,98.0,0.0,0.0,0.0,0.0,0.0,0.0
24319.0,54.69310179530957,1.1480003449434375,82.6775599388785,100.0,3.0,98.638,125.0,0.0,0.0,0.0,0.0,0.0,0.0
34490.0,30.34759051156376,1.5,100.0,100.0,2.0,118.98,113.0,0.0,1.0,0.0,0.0,0.0,0.0
28048.0,33.89207317108826,1.5,95.54540725765732,100.0,1.0,106.096,103.0,0.0,0.0,0.0,0.0,0.0,0.0
25963.0,38.408833571065145,1.5,83.04798023640346,100.0,1.0,101.926,85.0,0.0,0.0,0.0,0.0,1.0,0.0
8848.0,41.99043841874917,1.072112344497541,22.73929653014077,46.43607659525438,0.0,67.696,221.0,0.0,0.0,0.0,1.0,0.0,0.0
27199.0,32.723216452463774,1.5,84.0277294846177,100.0,2.0,104.398,92.0,0.0,0.0,0.0,0.0,0.0,1.0
20107.0,45.883805162262455,1.286989894517805,71.75259031528094,99.32688325114243,2.0,90.214,102.0,0.0,0.0,0.0,0.0,0.0,0.0
17336.0,44.167463596645554,1.257796780901148,54.892236822497125,86.25959221137089,1.0,84.672,115.0,0.0,0.0,0.0,0.0,0.0,0.0
28688.0,59.38548793411073,1.5,92.82356746139178,100.0,2.0,107.376,82.0,0.0,0.0,1.0,0.0,0.0,0.0
45044.0,53.76731282427016,1.5,100.0,100.0,1.0,140.088,97.0,0.0,0.0,0.0,0.0,0.0,0.0
47340.0,27.279399085938817,1.5,100.0,100.0,1.0,144.68,92.0,0.0,1.0,0.0,0.0,0.0,0.0
23041.0,52.27968831394258,1.1707160792724782,75.89962444799039,100.0,0.0,96.082,88.0,0.0,0.0,0.0,0.0,0.0,0.0
12918.0,46.92751818263293,1.2160546241177177,46.00816332695077,64.79426819399511,0.0,75.836,200.0,0.0,0.0,0.0,0.0,0.0,0.0
34598.0,31.96433714390115,1.5,100.0,100.0,3.0,119.196,104.0,0.0,0.0,0.0,0.0,0.0,0.0
9823.0,52.39655569555423,1.14669769189145,38.705809588875,46.96271630215209,1.0,69.646,206.0,0.0,0.0,0.0,1.0,0.0,0.0
14089.0,36.961539342407455,1.3335956814405896,50.77233579120388,72.278206024455,0.0,78.178,201.0,0.0,0.0,0.0,0.0,1.0,0.0
25701.0,34.647528723902134,1.5,85.68429166914127,100.0,3.0,101.402,91.0,0.0,0.0,1.0,0.0,0.0,0.0
49541.0,28.293684682353472,1.5,100.0,100.0,3.0,149.082,106.0,0.0,0.0,0.0,0.0,0.0,0.0
14745.0,33.82640301778116,1.2559421742351742,52.47526354580376,73.46564663872651,0.0,79.49,206.0,0.0,0.0,0.0,0.0,0.0,0.0
37812.0,27.53737015249368,1.5,100.0,100.0,4.0,125.624,93.0,0.0,0.0,0.0,1.0,0.0,0.0
12063.0,58.46593358213974,1.1920385616791314,45.43906291422015,63.94423041871112,0.0,74.126,209.0,0.0,0.0,0.0,0.0,0.0,0.0
31457.0,54.35313700994558,1.5,97.49340426359582,100.0,1.0,112.914,118.0,0.0,0.0,0.0,0.0,0.0,0.0
22276.0,45.04610653250364,1.1729419104416203,79.23226719513555,100.0,3.0,94.552,89.0,0.0,0.0,1.0,0.0,0.0,0.0
54102.0,29.341308877443176,1.5,100.0,100.0,1.0,158.204,96.0,0.0,0.0,0.0,0.0,0.0,0.0
24338.0,37.90833977982342,1.2487601374828312,79.74364780343953,100.0,4.0,98.676,100.0,0.0,0.0,0.0,0.0,0.0,0.0
28707.0,35.19804417949717,1.5,87.67440388819959,100.0,2.0,107.414,95.0,0.0,0.0,0.0,1.0,0.0,1.0
30138.0,62.35629063782435,1.5,96.55468663048374,100.0,1.0,110.276,115.0,0.0,0.0,0.0,0.0,0.0,0.0
36693.0,47.49628318822577,1.5,100.0,100.0,1.0,123.386,99.0,0.0,0.0,0.0,1.0,0.0,0.0
14017.0,58.09975784497825,1.3196884397396136,48.93992397007187,73.54684815272819,0.0,78.03399999999999,214.0,0.0,0.0,0.0,0.0,0.0,0.0
22426.0,53.89674600646589,1.3328447836219433,69.03972794370206,100.0,2.0,94.852,121.0,1.0,0.0,0.0,1.0,0.0,0.0
32759.0,36.61588376964195,1.5,100.0,100.0,2.0,115.518,115.0,1.0,0.0,0.0,0.0,0.0,1.0
22429.0,34.09580475493754,1.2751286440317258,65.73546427705003,100.0,0.0,94.858,97.0,1.0,0.0,0.0,0.0,0.0,0.0
19832.0,44.27923394265158,1.2445682295355738,60.45912881541996,97.28429627473308,0.0,89.664,90.0,1.0,0.0,0.0,0.0,0.0,1.0
8933.0,45.0857847187968,1.3380337411104093,20.15597972397561,41.2882406175881,1.0,67.866,202.0,1.0,0.0,1.0,0.0,0.0,1.0
36383.0,35.04450405359671,1.5,100.0,100.0,3.0,122.766,91.0,1.0,0.0,0.0,0.0,0.0,1.0
52603.0,30.248433430514783,1.5,100.0,100.0,2.0,155.20600000000002,103.0,1.0,0.0,0.0,0.0,1.0,0.0
29946.0,47.08494205190927,1.5,94.74657314239332,100.0,2.0,109.892,108.0,1.0,0.0,0.0,0.0,0.0,0.0
22859.0,33.40108725114228,1.0483447858263577,70.22647161266077,100.0,1.0,95.718,110.0,1.0,0.0,0.0,0.0,0.0,0.0
19909.0,42.12770308417873,1.2078892995218986,66.26994696308778,97.95211016744302,0.0,89.818,98.0,1.0,0.0,1.0,0.0,0.0,0.0
20778.0,37.56895284931733,1.0139617420578366,76.75908083374293,100.0,3.0,91.556,98.0,1.0,0.0,0.0,0.0,0.0,0.0
25035.0,32.92241921201287,1.5,79.3620823935121,100.0,2.0,100.07,86.0,1.0,0.0,0.0,1.0,0.0,0.0
24316.0,32.58943835269528,1.1627310908909427,80.31737435235252,100.0,3.0,98.632,99.0,1.0,0.0,1.0,0.0,0.0,0.0
32003.0,23.702499086075903,1.5,100.0,100.0,1.0,114.006,88.0,1.0,0.0,0.0,0.0,0.0,0.0
13526.0,40.30281765796682,1.0151534431101297,39.59402162729836,69.91754538713938,1.0,77.05199999999999,184.0,1.0,0.0,0.0,1.0,0.0,0.0
29656.0,37.38818901382916,1.5,100.0,100.0,10.0,109.312,91.0,1.0,0.0,0.0,0.0,0.0,0.0
20948.0,44.40104765798297,1.1115750189314006,73.83338346228707,100.0,0.0,91.896,89.0,1.0,0.0,0.0,0.0,0.0,0.0
39420.0,24.0862009710092,1.5,100.0,100.0,2.0,128.84,101.0,1.0,0.0,0.0,0.0,0.0,0.0
27534.0,35.00110933424953,1.5,100.0,100.0,1.0,105.068,112.0,1.0,0.0,0.0,1.0,0.0,0.0
28114.0,25.69141615289792,1.5,88.80641960749419,100.0,2.0,106.228,93.0,1.0,0.0,0.0,0.0,0.0,0.0
28538.0,28.97733968833517,1.5,95.76407536177754,100.0,2.0,107.076,90.0,1.0,0.0,0.0,0.0,0.0,0.0
45777.0,50.72534760398189,1.5,100.0,100.0,1.0,141.554,91.0,0.0,0.0,0.0,0.0,0.0,0.0
23118.0,28.80166381525125,1.0171683682695836,82.42802956781017,100.0,2.0,96.236,122.0,0.0,0.0,0.0,0.0,0.0,0.0
14073.0,42.845994300369725,1.1594663393715574,54.154414204868296,69.09412155853241,0.0,78.146,187.0,0.0,0.0,1.0,0.0,0.0,0.0
32118.0,47.6042675217956,1.5,100.0,100.0,1.0,114.236,109.0,0.0,0.0,0.0,0.0,1.0,0.0
47989.0,34.82430639908642,1.5,100.0,100.0,1.0,145.978,107.0,0.0,0.0,1.0,0.0,0.0,0.0
16290.0,45.14011800130187,1.2871645523276325,47.13487039560543,78.58432191848124,0.0,82.58,108.0,0.0,0.0,0.0,0.0,0.0,0.0
11575.0,62.14977333744509,1.1136485654616188,32.02063581251211,60.09722425215189,0.0,73.15,194.0,0.0,0.0,0.0,0.0,0.0,1.0
53422.0,20.0,1.5,100.0,100.0,3.0,156.844,92.0,0.0,0.0,0.0,0.0,0.0,0.0
18772.0,49.21919689432498,1.317318439713057,67.42865141584033,97.74716422534948,1.0,87.544,104.0,0.0,0.0,0.0,0.0,0.0,0.0
30681.0,28.29758957774944,1.5,94.967114656305,100.0,4.0,111.362,100.0,0.0,0.0,1.0,0.0,0.0,0.0
12477.0,39.549117011913495,1.1003038070037323,48.987444728252825,65.08836652268553,0.0,74.95400000000001,205.0,0.0,0.0,0.0,0.0,0.0,0.0
34425.0,27.660418459405665,1.5,100.0,100.0,2.0,118.85,82.0,0.0,0.0,0.0,0.0,1.0,0.0
9790.0,34.048697208017416,1.1177686018404154,26.59170626176627,49.44108846171194,2.0,69.58,224.0,0.0,0.0,1.0,0.0,0.0,0.0
16469.0,49.06151796825761,1.3582225736128328,59.156371442854784,78.58000320463364,1.0,82.938,99.0,0.0,0.0,0.0,0.0,0.0,0.0
59189.0,20.78455866489854,1.5,100.0,100.0,2.0,168.378,103.0,0.0,0.0,0.0,0.0,0.0,0.0
14182.0,43.12484334200916,1.2642474783363613,55.524194524031245,73.31675297413258,0.0,78.364,191.0,0.0,0.0,0.0,0.0,0.0,0.0
16589.0,20.0,1.399819979426805,49.670919492815145,86.13656408973958,0.0,83.178,96.0,0.0,0.0,0.0,0.0,0.0,0.0
38959.0,32.78720859394396,1.5,100.0,100.0,4.0,127.918,113.0,0.0,0.0,0.0,0.0,0.0,1.0
36620.0,26.29531910869171,1.5,100.0,100.0,7.0,123.24,92.0,0.0,0.0,0.0,0.0,0.0,0.0
23627.0,47.27754729396918,1.0541788639850125,71.40987148213483,100.0,1.0,97.254,103.0,0.0,1.0,0.0,0.0,0.0,0.0
22108.0,37.21281597195339,1.2626214093769053,68.07841060832799,100.0,2.0,94.216,102.0,0.0,0.0,1.0,0.0,0.0,0.0
15307.0,36.55939663652208,1.2591964964723728,60.75638215343058,75.44118477778036,0.0,80.614,102.0,0.0,0.0,0.0,0.0,0.0,0.0
38257.0,20.0,1.5,100.0,100.0,1.0,126.514,111.0,0.0,0.0,0.0,0.0,1.0,0.0
13137.0,33.28537058774536,1.394506294948354,33.95990660680657,66.1528567317036,1.0,76.274,225.0,0.0,0.0,1.0,0.0,0.0,0.0
23154.0,53.548956237246784,1.1292875418838118,80.89170808898061,100.0,2.0,96.308,96.0,0.0,0.0,0.0,0.0,0.0,1.0
32554.0,25.318083002660657,1.5,100.0,100.0,0.0,115.108,101.0,0.0,0.0,0.0,0.0,0.0,0.0
27375.0,20.54368809018316,1.5,100.0,100.0,4.0,104.75,109.0,0.0,0.0,0.0,0.0,0.0,0.0
46876.0,26.322663052252324,1.5,100.0,100.0,1.0,143.752,98.0,0.0,0.0,0.0,0.0,0.0,0.0
5907.0,58.57685762405313,1.1459916907507215,11.529395733598086,30.11585198106926,1.0,61.814,213.0,0.0,0.0,0.0,0.0,0.0,0.0
24806.0,44.048709061083805,1.1612709472765106,82.61733750132109,100.0,1.0,99.612,93.0,0.0,0.0,0.0,0.0,0.0,0.0
19047.0,43.55933203069693,1.3286587170012585,58.60356100964635,90.7578974911938,0.0,88.094,93.0,0.0,0.0,0.0,0.0,0.0,0.0
22458.0,35.00730854932851,1.3102352501422383,75.83056678587961,100.0,3.0,94.916,99.0,0.0,0.0,0.0,0.0,0.0,0.0
47890.0,39.6020611959749,1.5,100.0,100.0,1.0,145.78,109.0,0.0,1.0,0.0,0.0,0.0,1.0
49489.0,55.77854923248945,1.5,100.0,100.0,5.0,148.978,87.0,0.0,0.0,0.0,1.0,0.0,0.0
25275.0,42.01873209510385,1.5,84.21871483665745,100.0,2.0,100.55,108.0,0.0,0.0,0.0,0.0,0.0,0.0
39881.0,43.66887650188392,1.5,100.0,100.0,2.0,129.762,76.0,0.0,0.0,0.0,0.0,0.0,0.0
41714.0,34.09767746264894,1.5,100.0,100.0,3.0,133.428,101.0,0.0,0.0,1.0,0.0,0.0,0.0
20127.0,57.528885180068194,1.144021440863084,60.33345838236747,100.0,0.0,90.254,100.0,0.0,0.0,0.0,0.0,0.0,0.0
19294.0,51.51410133134405,1.303432159395277,55.8387276866798,91.77088546384518,1.0,88.588,115.0,0.0,0.0,0.0,0.0,0.0,0.0
31041.0,40.84540009698992,1.5,100.0,100.0,4.0,112.082,113.0,0.0,1.0,0.0,0.0,0.0,1.0
35825.0,35.3274658768826,1.5,100.0,100.0,3.0,121.65,101.0,0.0,0.0,1.0,0.0,0.0,0.0
17203.0,58.465928694668136,1.089398113560471,58.73174236653902,84.10362812921744,0.0,84.406,91.0,0.0,0.0,0.0,0.0,0.0,0.0
29034.0,40.25176300666509,1.5,100.0,100.0,1.0,108.068,103.0,0.0,0.0,0.0,0.0,0.0,0.0
60293.0,30.82279655781894,1.5,100.0,100.0,0.0,170.586,105.0,0.0,0.0,0.0,0.0,0.0,0.0
38747.0,51.119202160419846,1.5,100.0,100.0,1.0,127.494,105.0,0.0,0.0,0.0,0.0,0.0,0.0
8282.0,52.38463857538185,1.2376111625704742,29.783551854324763,42.7081155242781,0.0,66.564,197.0,0.0,0.0,1.0,0.0,0.0,0.0
22751.0,55.11300729457572,1.0604563232966449,74.6299936988815,100.0,2.0,95.502,118.0,0.0,0.0,1.0,0.0,0.0,0.0
26666.0,33.852876174379695,1.5,94.71826686746746,100.0,3.0,103.332,93.0,0.0,0.0,0.0,0.0,1.0,1.0
11417.0,38.85666614054935,1.035954873913388,38.6011263197847,61.83511516344547,1.0,72.834,199.0,1.0,1.0,0.0,0.0,0.0,0.0
25475.0,38.26971519933102,1.5,75.33091520603713,100.0,1.0,100.95,102.0,1.0,0.0,0.0,0.0,0.0,0.0
30080.0,23.493329861513555,1.5,90.93583603632284,100.0,2.0,110.16,90.0,1.0,0.0,0.0,0.0,1.0,0.0
61903.0,50.70791045744856,1.5,100.0,100.0,2.0,173.80599999999998,88.0,1.0,0.0,0.0,0.0,0.0,0.0
13758.0,47.92930652930447,1.207327592427612,49.90113867260087,71.57839370401076,0.0,77.51599999999999,217.0,1.0,0.0,0.0,0.0,0.0,0.0
25799.0,50.0968043570701,1.5,77.81068643376422,100.0,2.0,101.598,104.0,1.0,0.0,0.0,0.0,0.0,0.0
16292.0,46.11373022506426,1.0193201460960013,55.13332590348672,80.80068689362787,0.0,82.584,85.0,1.0,0.0,0.0,1.0,0.0,0.0
27225.0,32.857396039542785,1.5,86.98045525271861,100.0,4.0,104.45,101.0,1.0,0.0,0.0,0.0,0.0,0.0
18861.0,41.44787408682469,1.3187224246084526,63.14008848261287,95.20396457111084,1.0,87.72200000000001,125.0,1.0,0.0,0.0,0.0,0.0,0.0
7329.0,45.248082631053,1.155824532849312,14.829003955498552,36.65376296020645,0.0,64.658,203.0,1.0,0.0,0.0,0.0,0.0,0.0
11991.0,41.57630473576165,1.1256247368270302,40.747464377993225,58.33852600776969,1.0,73.982,204.0,1.0,1.0,0.0,0.0,0.0,1.0
21574.0,54.9473707575246,1.3335163320342165,78.59512243324667,100.0,3.0,93.148,106.0,1.0,0.0,0.0,0.0,1.0,0.0
22663.0,39.39993384717464,1.2233754899981863,70.29517164330328,100.0,0.0,95.326,115.0,1.0,0.0,0.0,0.0,0.0,0.0
29973.0,48.301886368073966,1.5,99.0740461971823,100.0,4.0,109.946,105.0,1.0,1.0,0.0,0.0,0.0,0.0
28769.0,29.50339662444564,1.5,96.71066327664546,100.0,2.0,107.538,105.0,1.0,0.0,0.0,0.0,0.0,0.0
24728.0,51.9173946021649,1.072729187489823,79.53300996747782,100.0,2.0,99.456,93.0,1.0,0.0,0.0,0.0,0.0,0.0
32541.0,58.15438324338527,1.5,100.0,100.0,2.0,115.082,105.0,1.0,0.0,1.0,0.0,0.0,0.0
8050.0,52.77749607440428,1.209524517286426,18.62455937722225,40.93162214248989,0.0,66.1,220.0,1.0,0.0,0.0,1.0,0.0,0.0
19450.0,40.55540121968753,1.1548144802772815,61.664314582616605,97.20589179091868,0.0,88.9,114.0,1.0,0.0,0.0,0.0,0.0,0.0
17709.0,54.54068296865094,1.3294448272055557,62.14824445224051,90.90630436912993,1.0,85.418,91.0,1.0,0.0,0.0,0.0,0.0,1.0
34041.0,35.69985290877945,1.5,100.0,100.0,1.0,118.082,94.0,1.0,0.0,0.0,1.0,0.0,1.0
25332.0,21.149846748477977,1.5,78.45737291037531,100.0,3.0,100.664,101.0,0.0,0.0,0.0,0.0,0.0,0.0
37398.0,39.39464506625483,1.5,100.0,100.0,1.0,124.796,80.0,0.0,0.0,1.0,0.0,0.0,0.0
58139.0,34.60473350498386,1.5,100.0,100.0,1.0,166.27800000000002,99.0,0.0,0.0,0.0,0.0,0.0,0.0
40768.0,41.685650332148604,1.5,100.0,100.0,1.0,131.536,101.0,0.0,0.0,0.0,0.0,0.0,0.0
25077.0,49.304357382950165,1.5,74.5634717846755,100.0,4.0,100.154,89.0,0.0,0.0,0.0,0.0,0.0,1.0
39422.0,21.753955087530105,1.5,100.0,100.0,0.0,128.844,90.0,0.0,0.0,0.0,0.0,0.0,0.0
23815.0,49.797303609637055,1.3009135019689384,81.7943014938571,100.0,2.0,97.63,111.0,0.0,1.0,0.0,0.0,0.0,1.0
28816.0,49.19892321061062,1.5,96.8675259546446,100.0,4.0,107.632,103.0,0.0,0.0,0.0,1.0,0.0,0.0
22451.0,52.30727573549861,1.3403329271118392,67.80359218201201,100.0,0.0,94.902,106.0,0.0,0.0,0.0,0.0,0.0,0.0
24247.0,40.33246459926168,1.004974653270884,76.03802982106247,100.0,3.0,98.494,100.0,0.0,0.0,0.0,0.0,0.0,0.0
34363.0,34.83443368812992,1.5,100.0,100.0,1.0,118.726,91.0,0.0,1.0,0.0,0.0,0.0,0.0
12454.0,56.439105839690825,1.2004354515975089,46.388650604487616,66.91602977506517,3.0,74.908,203.0,0.0,0.0,0.0,0.0,1.0,0.0
60192.0,22.32820768397077,1.5,100.0,100.0,2.0,170.384,78.0,0.0,0.0,1.0,0.0,0.0,0.0
7654.0,31.969436204245884,1.3656607692464402,18.276412825892518,39.63262515220246,2.0,65.30799999999999,178.0,0.0,1.0,0.0,0.0,0.0,0.0
29590.0,46.32261967383639,1.5,90.70673748756782,100.0,3.0,109.18,87.0,0.0,0.0,0.0,0.0,0.0,0.0
17454.0,51.13143194853731,1.060144679654009,56.84382488896284,87.40986082122501,0.0,84.908,109.0,0.0,1.0,0.0,0.0,0.0,0.0
31487.0,37.39656215251322,1.5,100.0,100.0,2.0,112.974,108.0,0.0,0.0,0.0,0.0,0.0,0.0
21959.0,41.49752150541501,1.2011667641189367,71.44520556270405,100.0,1.0,93.918,93.0,0.0,0.0,0.0,0.0,0.0,0.0
37885.0,43.86867330912305,1.5,100.0,100.0,0.0,125.77,105.0,0.0,0.0,0.0,0.0,0.0,0.0
25170.0,48.3138603026756,1.5,76.92427116306163,100.0,4.0,100.34,109.0,0.0,0.0,1.0,0.0,0.0,0.0
40275.0,33.56825763939956,1.5,100.0,100.0,1.0,130.55,103.0,0.0,1.0,0.0,0.0,0.0,0.0
45046.0,49.90366724058848,1.5,100.0,100.0,2.0,140.09199999999998,113.0,0.0,0.0,1.0,0.0,0.0,0.0
43598.0,43.64364775731496,1.5,100.0,100.0,2.0,137.196,92.0,0.0,0.0,0.0,0.0,0.0,0.0
39561.0,40.89448964184541,1.5,100.0,100.0,2.0,129.122,92.0,0.0,0.0,0.0,0.0,0.0,0.0
22417.0,45.84496035974702,1.160423024237083,77.92068610022989,100.0,0.0,94.834,114.0,0.0,1.0,0.0,0.0,0.0,0.0
19565.0,33.08916053756185,1.324284778852375,55.45961540289411,98.57389323036332,0.0,89.13,75.0,0.0,0.0,0.0,1.0,0.0,0.0
27534.0,46.2851208429487,1.5,98.24554491765714,100.0,4.0,105.068,108.0,0.0,0.0,0.0,1.0,0.0,0.0
22244.0,27.036124351735936,1.3079949586066646,67.87143267295878,100.0,0.0,94.488,97.0,0.0,0.0,0.0,0.0,0.0,0.0
43076.0,20.517628478506232,1.5,100.0,100.0,0.0,136.152,109.0,0.0,0.0,1.0,0.0,0.0,0.0
46775.0,22.399930336254837,1.5,100.0,100.0,1.0,143.55,84.0,0.0,1.0,0.0,0.0,0.0,0.0
45710.0,53.0003275608336,1.5,100.0,100.0,1.0,141.42000000000002,98.0,0.0,1.0,0.0,0.0,0.0,0.0
41705.0,21.83571900190889,1.5,100.0,100.0,2.0,133.41,97.0,0.0,0.0,0.0,0.0,1.0,0.0
28951.0,26.50054857876254,1.5,89.92468834608397,100.0,4.0,107.902,106.0,0.0,0.0,0.0,0.0,0.0,0.0
23968.0,20.0,1.045496326537008,86.52289460779093,100.0,1.0,97.936,108.0,0.0,0.0,0.0,0.0,0.0,0.0
16003.0,71.3700363424731,1.1729658460051149,58.86694111374025,79.99664256009325,2.0,82.006,77.0,0.0,0.0,0.0,1.0,0.0,0.0
37246.0,48.70997985841022,1.5,100.0,100.0,4.0,124.492,91.0,0.0,0.0,0.0,0.0,0.0,0.0
24043.0,33.21348473165077,1.015067303961488,77.03246905533248,100.0,3.0,98.086,88.0,0.0,0.0,0.0,0.0,0.0,0.0
22627.0,47.317738811389376,1.0914385157539566,68.56853390434188,100.0,0.0,95.254,107.0,0.0,0.0,0.0,0.0,0.0,0.0
31534.0,25.393276071596087,1.5,100.0,100.0,1.0,113.068,109.0,0.0,1.0,0.0,0.0,0.0,0.0
50908.0,20.0,1.5,100.0,100.0,1.0,151.816,112.0,0.0,1.0,0.0,0.0,0.0,0.0
13970.0,43.64977711357625,1.3540456491587356,48.542064550080966,66.14887860772244,1.0,77.94,208.0,0.0,0.0,1.0,0.0,0.0,0.0
37754.0,42.098161536238045,1.5,100.0,100.0,2.0,125.508,91.0,0.0,0.0,0.0,0.0,0.0,0.0
36232.0,37.79406679596188,1.5,100.0,100.0,1.0,122.464,104.0,0.0,1.0,0.0,0.0,0.0,0.0
34605.0,55.074287454326566,1.5,100.0,100.0,1.0,119.21,100.0,0.0,1.0,0.0,0.0,0.0,0.0
24384.0,55.12457168765443,1.1911943511472232,79.98412784617827,100.0,4.0,98.768,104.0,0.0,0.0,0.0,1.0,0.0,0.0
9224.0,48.11139484425453,1.3535929587522375,37.18995821289238,48.25527823932997,3.0,68.44800000000001,213.0,0.0,0.0,0.0,0.0,0.0,0.0
29339.0,47.53601024221657,1.5,100.0,100.0,2.0,108.678,100.0,0.0,0.0,0.0,1.0,0.0,0.0
37557.0,29.231806825810377,1.5,100.0,100.0,1.0,125.114,87.0,1.0,0.0,0.0,0.0,0.0,0.0
34576.0,38.24031821058032,1.5,100.0,100.0,2.0,119.152,96.0,1.0,0.0,0.0,1.0,0.0,0.0
22164.0,31.168295420198305,1.0057591372619552,74.30216326453808,100.0,4.0,94.328,96.0,1.0,0.0,0.0,0.0,0.0,0.0
18889.0,44.560828852699416,1.2811300851042302,55.268870668855904,98.9283519866702,0.0,87.77799999999999,105.0,1.0,0.0,0.0,1.0,0.0,0.0
41043.0,39.540898277076494,1.5,100.0,100.0,0.0,132.086,115.0,1.0,0.0,0.0,1.0,0.0,0.0
60017.0,46.35169543436543,1.5,100.0,100.0,4.0,170.034,94.0,1.0,0.0,0.0,0.0,0.0,0.0
39638.0,22.01237293064414,1.5,100.0,100.0,5.0,129.276,130.0,1.0,0.0,0.0,0.0,0.0,0.0
13247.0,49.95143015090457,1.0335786743474726,37.65060986492321,67.2660652586964,1.0,76.494,210.0,1.0,0.0,1.0,0.0,0.0,0.0
14604.0,40.57275886977667,1.2159474029688362,43.33268037744084,77.01428983119462,0.0,79.208,199.0,1.0,0.0,0.0,0.0,0.0,0.0
35338.0,33.032378669344936,1.5,100.0,100.0,2.0,120.676,97.0,1.0,0.0,0.0,0.0,0.0,0.0
6524.0,47.3344860717524,1.1560782801964196,24.991942099616367,37.60384978832663,0.0,63.048,211.0,1.0,0.0,0.0,0.0,0.0,1.0
23585.0,43.31844970334668,1.1088802022939168,83.69214880532974,100.0,1.0,97.17,93.0,1.0,0.0,0.0,1.0,0.0,0.0
31691.0,53.48002008848266,1.5,100.0,100.0,0.0,113.382,113.0,1.0,0.0,1.0,0.0,0.0,0.0
23474.0,57.639687078991045,1.263800288724808,84.39108020736288,100.0,2.0,96.948,104.0,1.0,0.0,0.0,1.0,0.0,0.0
61405.0,35.561127138792806,1.5,100.0,100.0,0.0,172.81,105.0,1.0,0.0,0.0,0.0,0.0,0.0
46083.0,20.0,1.5,100.0,100.0,1.0,142.166,103.0,1.0,0.0,0.0,1.0,0.0,0.0
25627.0,51.04005062875693,1.5,78.79097208200534,100.0,2.0,101.254,102.0,1.0,0.0,0.0,0.0,0.0,0.0
38922.0,28.976914802584684,1.5,100.0,100.0,3.0,127.844,96.0,1.0,0.0,0.0,0.0,0.0,0.0
39972.0,34.28771009867957,1.5,100.0,100.0,5.0,129.94400000000002,97.0,1.0,0.0,0.0,0.0,1.0,0.0
17460.0,45.2653236033108,1.138914120824784,52.285395346423904,86.67155266074987,0.0,84.92,93.0,1.0,0.0,0.0,0.0,0.0,0.0
36023.0,27.080680043089657,1.5,100.0,100.0,0.0,122.046,94.0,0.0,0.0,0.0,0.0,0.0,0.0
25643.0,42.01135762023148,1.5,78.42316062166172,100.0,1.0,101.286,97.0,0.0,0.0,0.0,0.0,0.0,0.0
31521.0,42.02832793129782,1.5,100.0,100.0,1.0,113.042,114.0,0.0,0.0,0.0,1.0,0.0,0.0
29015.0,35.62182572679852,1.5,88.55869535135044,100.0,1.0,108.03,79.0,0.0,0.0,0.0,0.0,0.0,0.0
24224.0,48.82918513042334,1.1625356618550264,76.664561790312,100.0,2.0,98.448,91.0,0.0,0.0,1.0,0.0,0.0,0.0
42034.0,36.82404013527007,1.5,100.0,100.0,0.0,134.06799999999998,100.0,0.0,0.0,0.0,1.0,0.0,0.0
53781.0,36.30769565544171,1.5,100.0,100.0,2.0,157.562,91.0,0.0,1.0,0.0,0.0,0.0,0.0
20505.0,52.04437980825841,1.2230404829190098,73.14787432233783,100.0,2.0,91.01,96.0,0.0,0.0,1.0,0.0,0.0,0.0
19109.0,43.11952904651089,1.239134312939706,66.51106616646734,99.88879689320568,1.0,88.218,93.0,0.0,0.0,0.0,0.0,0.0,0.0
38710.0,40.65486905376682,1.5,100.0,100.0,4.0,127.42,86.0,0.0,0.0,1.0,0.0,0.0,0.0
26773.0,32.0367907183017,1.5,93.92836270858032,100.0,2.0,103.546,82.0,0.0,0.0,0.0,0.0,0.0,0.0
28139.0,31.813749281463497,1.5,90.99515965566192,100.0,1.0,106.278,93.0,0.0,0.0,0.0,0.0,0.0,0.0
39404.0,26.011309015001864,1.5,100.0,100.0,2.0,128.808,89.0,0.0,0.0,0.0,0.0,0.0,0.0
41086.0,30.065068033155995,1.5,100.0,100.0,1.0,132.172,100.0,0.0,0.0,1.0,0.0,0.0,0.0
7950.0,41.75487285023777,1.034802656675094,19.49537421333342,37.32498792085044,0.0,65.9,208.0,0.0,0.0,1.0,0.0,0.0,1.0
40176.0,33.74929859283894,1.5,100.0,100.0,4.0,130.352,105.0,0.0,0.0,0.0,1.0,0.0,0.0
23895.0,47.89248977447826,1.0705551497421324,84.43426658105926,100.0,1.0,97.79,95.0,0.0,0.0,0.0,0.0,0.0,0.0
49590.0,51.57790383674808,1.5,100.0,100.0,4.0,149.18,97.0,0.0,0.0,0.0,0.0,0.0,0.0
14390.0,48.025261181076814,1.2173627113750936,49.449009260875656,68.90954620578958,1.0,78.78,210.0,0.0,0.0,0.0,0.0,0.0,1.0
44533.0,33.24747141788546,1.5,100.0,100.0,1.0,139.066,112.0,0.0,0.0,0.0,0.0,0.0,0.0
28962.0,20.0,1.5,89.18130619571495,100.0,2.0,107.924,94.0,0.0,0.0,1.0,0.0,0.0,0.0
37340.0,38.32532444887624,1.5,100.0,100.0,0.0,124.68,108.0,0.0,0.0,0.0,0.0,0.0,0.0
26502.0,33.652964792099,1.5,80.74099997707815,100.0,4.0,103.004,106.0,0.0,0.0,1.0,0.0,0.0,0.0
27591.0,34.52437434146157,1.5,93.64983478021404,100.0,3.0,105.182,99.0,0.0,0.0,0.0,0.0,0.0,0.0
9193.0,50.55929473372638,1.0295783211264335,38.43126845842074,45.17361157432532,0.0,68.386,185.0,0.0,0.0,0.0,0.0,0.0,0.0
19033.0,39.02528402301942,1.0519719007459871,66.13596393297266,90.60000358203146,1.0,88.066,89.0,0.0,0.0,1.0,0.0,0.0,0.0
10847.0,37.953594264952805,1.1183892466898104,30.135182617938938,58.80176393757373,0.0,71.694,197.0,0.0,0.0,0.0,0.0,0.0,1.0
35199.0,25.624034761912736,1.5,100.0,100.0,1.0,120.398,122.0,0.0,0.0,0.0,0.0,0.0,0.0
33349.0,46.15223854111771,1.5,100.0,100.0,3.0,116.698,100.0,0.0,0.0,0.0,0.0,0.0,0.0
21445.0,20.0,1.3270091026517363,73.97218423184094,100.0,1.0,92.89,103.0,0.0,1.0,0.0,0.0,0.0,0.0
31076.0,20.0,1.5,95.3949351267498,100.0,1.0,112.152,114.0,0.0,0.0,0.0,1.0,0.0,1.0
30326.0,20.0,1.5,100.0,100.0,3.0,110.652,105.0,0.0,0.0,0.0,0.0,1.0,0.0
26722.0,28.776995953547303,1.5,91.93893923748168,100.0,5.0,103.444,95.0,0.0,0.0,0.0,0.0,1.0,0.0
52519.0,38.08416524231036,1.5,100.0,100.0,0.0,155.038,97.0,0.0,0.0,1.0,0.0,0.0,0.0
41597.0,39.726329593518486,1.5,100.0,100.0,1.0,133.19400000000002,104.0,0.0,0.0,0.0,0.0,0.0,0.0
28331.0,27.83206954896955,1.5,100.0,100.0,0.0,106.662,100.0,0.0,0.0,0.0,0.0,0.0,0.0
9562.0,43.85488949732914,1.261167200960497,30.593994817478915,47.74879711126258,0.0,69.124,181.0,0.0,0.0,1.0,0.0,0.0,0.0
29477.0,32.254327810370945,1.5,91.41825641595447,100.0,2.0,108.954,99.0,0.0,0.0,0.0,0.0,0.0,0.0
25369.0,45.357995897977865,1.5,87.55547410197887,100.0,2.0,100.738,96.0,0.0,0.0,0.0,0.0,0.0,0.0
37427.0,38.71012994285991,1.5,100.0,100.0,1.0,124.854,95.0,0.0,0.0,0.0,0.0,0.0,0.0
26414.0,42.47667160263024,1.5,86.36673189118852,100.0,1.0,102.828,92.0,0.0,0.0,0.0,0.0,0.0,0.0
65535.0,20.0,1.5,100.0,100.0,3.0,181.07,92.0,0.0,0.0,0.0,1.0,0.0,0.0
39193.0,35.86775052115867,1.5,100.0,100.0,3.0,128.386,118.0,0.0,0.0,0.0,0.0,0.0,0.0
32714.0,33.68612319860276,1.5,100.0,100.0,5.0,115.428,83.0,0.0,0.0,0.0,1.0,0.0,0.0
9713.0,52.763360088095126,1.2198883384131256,39.10161531080514,46.06503253800618,0.0,69.426,212.0,0.0,0.0,0.0,0.0,0.0,0.0
18297.0,39.64512139235343,1.1682583719489334,53.4808162418182,94.86203892035115,1.0,86.594,84.0,0.0,0.0,0.0,0.0,0.0,1.0
18311.0,42.11253776353808,1.1897306932455407,61.20128889706462,94.42894967623276,1.0,86.622,93.0,0.0,1.0,0.0,0.0,0.0,1.0
17426.0,42.96647093381191,1.0160483447956357,57.497343691385566,85.70464091834475,0.0,84.852,85.0,0.0,0.0,0.0,0.0,0.0,0.0
40005.0,29.515282122186,1.5,100.0,100.0,1.0,130.01,87.0,1.0,0.0,0.0,1.0,0.0,0.0
47838.0,20.0,1.5,100.0,100.0,1.0,145.676,87.0,1.0,1.0,0.0,0.0,0.0,0.0
21688.0,40.34602200454739,1.0692439166078145,79.18480371121736,100.0,2.0,93.376,86.0,1.0,0.0,1.0,0.0,0.0,0.0
22036.0,41.71051117543232,1.3968880033909383,67.05099373975452,100.0,1.0,94.072,81.0,1.0,0.0,1.0,0.0,0.0,0.0
31949.0,25.73165825420859,1.5,98.10414710783807,100.0,1.0,113.898,101.0,1.0,1.0,0.0,0.0,0.0,0.0
32046.0,46.94986357450162,1.5,100.0,100.0,1.0,114.092,82.0,1.0,0.0,1.0,0.0,0.0,0.0
13134.0,46.36907629037144,1.2178572516528163,37.72140461412637,68.84244332721785,0.0,76.268,215.0,1.0,0.0,0.0,0.0,0.0,0.0
19087.0,57.7288821677702,1.347987781663296,59.89148495300365,96.0475196802766,0.0,88.174,99.0,1.0,0.0,0.0,0.0,0.0,0.0
32588.0,44.16718196549689,1.5,100.0,100.0,2.0,115.176,96.0,1.0,0.0,0.0,0.0,0.0,0.0
31712.0,27.896598345953837,1.5,100.0,100.0,1.0,113.424,100.0,1.0,0.0,0.0,1.0,0.0,0.0
40808.0,34.1037252608561,1.5,100.0,100.0,4.0,131.616,85.0,1.0,0.0,0.0,1.0,0.0,1.0
52222.0,21.972178699328893,1.5,100.0,100.0,1.0,154.44400000000002,91.0,1.0,0.0,0.0,0.0,0.0,0.0
30150.0,36.656734537384594,1.5,100.0,100.0,3.0,110.3,96.0,1.0,0.0,0.0,0.0,0.0,0.0
11347.0,46.77617736045108,1.304625061203643,29.72587315137057,56.88212628842743,2.0,72.694,215.0,1.0,0.0,0.0,0.0,0.0,1.0
27393.0,33.49078719508045,1.5,84.85830410880993,100.0,4.0,104.786,106.0,1.0,0.0,0.0,0.0,0.0,0.0
43253.0,41.755847768132725,1.5,100.0,100.0,4.0,136.506,103.0,1.0,0.0,0.0,0.0,0.0,0.0
13027.0,35.18888721983167,1.0772214361233168,43.638227971807545,67.03758942107514,1.0,76.054,195.0,1.0,0.0,0.0,0.0,0.0,0.0
10349.0,60.2235142040041,1.1776405632991382,37.29721338278653,48.6530456800613,1.0,70.69800000000001,190.0,1.0,0.0,0.0,0.0,0.0,0.0
24665.0,41.97540244395969,1.3337386592995597,91.88987033707286,100.0,2.0,99.33,79.0,1.0,0.0,0.0,0.0,1.0,0.0
39204.0,28.783858849436506,1.5,100.0,100.0,2.0,128.40800000000002,101.0,1.0,0.0,0.0,0.0,0.0,0.0
36806.0,38.41334058556404,1.5,100.0,100.0,4.0,123.612,93.0,1.0,0.0,0.0,0.0,0.0,0.0
10694.0,33.72952003209453,1.2842020973743715,36.30272607085652,52.82873350947359,0.0,71.388,190.0,1.0,0.0,0.0,0.0,0.0,0.0
29568.0,50.072682295016655,1.5,100.0,100.0,0.0,109.136,110.0,1.0,0.0,1.0,0.0,0.0,0.0
24062.0,40.47524937520873,1.3079589002473129,74.62546751901874,100.0,5.0,98.124,110.0,0.0,0.0,0.0,0.0,0.0,0.0
12394.0,63.25892141955402,1.0553195859384288,40.01587229937393,62.2116853333486,0.0,74.788,208.0,0.0,0.0,1.0,0.0,0.0,0.0
19731.0,43.76640000897582,1.296751257619123,67.6667283046882,100.0,0.0,89.462,120.0,0.0,1.0,0.0,0.0,0.0,0.0
48868.0,51.72265585953971,1.5,100.0,100.0,1.0,147.736,94.0,0.0,0.0,0.0,0.0,1.0,0.0
31167.0,37.86899930731055,1.5,100.0,100.0,0.0,112.334,100.0,0.0,0.0,0.0,0.0,0.0,0.0
12460.0,52.5207144798397,1.3620849234453574,33.172105593450695,59.57984567614586,2.0,74.92,185.0,0.0,0.0,0.0,0.0,0.0,0.0
22294.0,51.75099344235007,1.0330550869440174,78.95371380837864,100.0,2.0,94.588,122.0,0.0,0.0,0.0,0.0,0.0,0.0
34185.0,20.0,1.5,100.0,100.0,2.0,118.37,102.0,0.0,0.0,0.0,0.0,0.0,0.0
30272.0,34.41939794344154,1.5,96.27754407828164,100.0,4.0,110.544,101.0,0.0,0.0,0.0,1.0,0.0,0.0
22729.0,45.09265951922241,1.091259473969992,72.92995465763428,100.0,1.0,95.458,87.0,0.0,0.0,0.0,1.0,0.0,0.0
27637.0,38.75681081178161,1.5,97.85958697601178,100.0,1.0,105.274,106.0,0.0,0.0,0.0,0.0,0.0,0.0
41056.0,45.6429263953606,1.5,100.0,100.0,2.0,132.112,110.0,0.0,0.0,0.0,0.0,0.0,0.0
17890.0,45.7524567852448,1.2952207931599988,54.96427015727832,88.42569504722947,0.0,85.78,112.0,0.0,0.0,0.0,0.0,0.0,0.0
48650.0,36.53010048044268,1.5,100.0,100.0,2.0,147.3,93.0,0.0,0.0,0.0,1.0,0.0,0.0
15570.0,21.99413725388007,1.1845172818447127,52.38096784117784,75.62204151015746,0.0,81.14,90.0,0.0,0.0,0.0,0.0,0.0,0.0
34602.0,23.88563604675395,1.5,100.0,100.0,2.0,119.204,105.0,0.0,0.0,0.0,0.0,0.0,0.0
40973.0,34.056172996081685,1.5,100.0,100.0,2.0,131.946,101.0,0.0,0.0,0.0,0.0,0.0,0.0
28318.0,30.58745337355388,1.5,100.0,100.0,3.0,106.636,97.0,0.0,0.0,0.0,0.0,0.0,0.0
18152.0,52.07558871850553,1.153528726074833,65.57591758821877,89.5184114106049,0.0,86.304,82.0,0.0,0.0,0.0,1.0,0.0,0.0
47271.0,39.97569963994528,1.5,100.0,100.0,2.0,144.542,103.0,0.0,0.0,0.0,0.0,0.0,0.0
23648.0,24.26171100829508,1.288107534818721,76.67577119842566,100.0,2.0,97.296,104.0,0.0,0.0,0.0,0.0,0.0,0.0
39967.0,34.571943869579904,1.5,100.0,100.0,1.0,129.934,66.0,0.0,0.0,0.0,0.0,0.0,0.0
25464.0,20.0,1.5,86.71217927803167,100.0,2.0,100.928,94.0,0.0,1.0,0.0,0.0,0.0,1.0
68275.0,38.30045962187542,1.5,100.0,100.0,1.0,186.55,88.0,0.0,0.0,0.0,0.0,0.0,0.0
48207.0,33.92698253389431,1.5,100.0,100.0,6.0,146.414,106.0,0.0,0.0,0.0,0.0,0.0,0.0
43586.0,39.6230178684434,1.5,100.0,100.0,0.0,137.172,79.0,0.0,1.0,0.0,0.0,0.0,0.0
30385.0,34.91923334942379,1.5,100.0,100.0,3.0,110.77,101.0,0.0,0.0,0.0,0.0,0.0,0.0
33016.0,38.283132095234286,1.5,100.0,100.0,0.0,116.032,89.0,0.0,0.0,0.0,0.0,0.0,1.0
31481.0,41.95681621925752,1.5,100.0,100.0,1.0,112.962,88.0,0.0,1.0,0.0,0.0,0.0,0.0
22373.0,63.27112982105997,1.293294994314757,70.16817327423622,100.0,3.0,94.746,106.0,0.0,0.0,0.0,0.0,0.0,1.0
31832.0,28.84146329807035,1.5,100.0,100.0,2.0,113.664,100.0,0.0,0.0,0.0,0.0,0.0,0.0
24246.0,30.97718224642899,1.2095574573909629,80.95088279935055,100.0,3.0,98.492,103.0,0.0,0.0,0.0,1.0,0.0,0.0
6181.0,39.67668705198856,1.114459363546792,25.09946561396961,27.385324880001843,1.0,62.362,218.0,0.0,0.0,0.0,0.0,0.0,0.0
21901.0,40.708912307520734,1.1225270407458818,73.99385476096836,100.0,2.0,93.802,93.0,0.0,0.0,0.0,0.0,1.0,0.0
31590.0,30.054674671964097,1.5,100.0,100.0,4.0,113.18,104.0,0.0,0.0,0.0,0.0,0.0,0.0
32628.0,45.96523416022588,1.5,100.0,100.0,1.0,115.256,90.0,0.0,0.0,0.0,1.0,0.0,0.0
48222.0,29.996428823421752,1.5,100.0,100.0,1.0,146.44400000000002,100.0,0.0,0.0,0.0,1.0,0.0,1.0
26389.0,44.74803292576335,1.5,94.41176722479312,100.0,1.0,102.778,94.0,0.0,1.0,0.0,0.0,0.0,0.0
26540.0,41.56630858394288,1.5,96.42825619088428,100.0,2.0,103.08,113.0,0.0,0.0,0.0,0.0,1.0,0.0
30636.0,41.173649046423805,1.5,96.93924603413022,100.0,1.0,111.272,97.0,0.0,0.0,0.0,0.0,0.0,0.0
37864.0,30.50201144143571,1.5,100.0,100.0,2.0,125.728,86.0,0.0,0.0,0.0,0.0,0.0,0.0
20140.0,42.37019367889519,1.029114664156512,61.17677804544213,100.0,1.0,90.28,106.0,0.0,1.0,0.0,0.0,0.0,0.0
24631.0,64.20461735992576,1.097277176012451,76.22295747135576,100.0,3.0,99.262,104.0,0.0,1.0,0.0,0.0,0.0,0.0
23435.0,63.673818196510354,1.1813672007985587,73.48811323923147,100.0,1.0,96.87,85.0,0.0,0.0,0.0,0.0,0.0,0.0
49518.0,29.58780019229116,1.5,100.0,100.0,1.0,149.036,104.0,0.0,0.0,0.0,0.0,0.0,0.0
50387.0,32.051096360696654,1.5,100.0,100.0,4.0,150.774,95.0,0.0,0.0,0.0,0.0,0.0,0.0
16697.0,42.52049386236851,1.2601238462862463,49.99561395530993,87.58282110844466,0.0,83.394,108.0,0.0,0.0,0.0,0.0,0.0,0.0
27815.0,32.09807209966899,1.5,84.97273371183073,100.0,3.0,105.63,114.0,0.0,0.0,0.0,0.0,0.0,0.0
23003.0,40.21963608708358,1.342966158220918,69.5091670289233,100.0,1.0,96.006,106.0,0.0,0.0,0.0,0.0,0.0,0.0
10782.0,43.60176238904832,1.008056367152818,37.9372901103781,50.9683903359313,0.0,71.564,222.0,0.0,0.0,1.0,0.0,0.0,0.0
24044.0,43.58794278990576,1.027465070295459,84.84627320632606,100.0,0.0,98.088,123.0,0.0,0.0,0.0,0.0,0.0,0.0
45939.0,24.23873304540872,1.5,100.0,100.0,1.0,141.878,107.0,0.0,0.0,0.0,1.0,0.0,0.0
29111.0,32.52589401842771,1.5,87.89440705585886,100.0,0.0,108.222,90.0,0.0,0.0,1.0,0.0,0.0,0.0
28347.0,40.05443687234259,1.5,89.8484414776177,100.0,5.0,106.694,98.0,0.0,0.0,0.0,0.0,0.0,0.0
34113.0,36.91157306932659,1.5,100.0,100.0,1.0,118.226,124.0,0.0,0.0,0.0,0.0,0.0,0.0
23938.0,41.87692582760419,1.076635057226051,82.43577608397975,100.0,2.0,97.876,110.0,0.0,0.0,1.0,0.0,0.0,0.0
25698.0,38.59797185748455,1.5,77.28488582653611,100.0,1.0,101.396,105.0,1.0,0.0,0.0,0.0,0.0,0.0
10830.0,48.393182314426845,1.367970798318869,28.54839331411513,49.919748720781975,1.0,71.66,212.0,1.0,0.0,0.0,0.0,0.0,0.0
25029.0,50.38014552482129,1.5,86.5669541739384,100.0,1.0,100.058,102.0,1.0,0.0,0.0,1.0,0.0,1.0
27640.0,39.581736012452666,1.5,95.03307692879837,100.0,0.0,105.28,102.0,1.0,0.0,0.0,0.0,0.0,0.0
28564.0,35.95349029440443,1.5,90.1669509111466,100.0,5.0,107.128,100.0,1.0,0.0,0.0,0.0,0.0,1.0
38123.0,23.974627638364872,1.5,100.0,100.0,3.0,126.246,86.0,1.0,0.0,0.0,0.0,0.0,0.0
35331.0,24.586867807110032,1.5,100.0,100.0,3.0,120.662,98.0,1.0,0.0,1.0,0.0,0.0,0.0
32195.0,34.65637886375746,1.5,100.0,100.0,1.0,114.39,105.0,1.0,0.0,0.0,0.0,0.0,0.0
32157.0,22.20182526309513,1.5,98.28958902402933,100.0,0.0,114.314,98.0,1.0,0.0,1.0,0.0,0.0,0.0
20238.0,55.25639886214692,1.1708691801751248,64.21393642514494,98.79465902054986,0.0,90.476,105.0,1.0,0.0,0.0,0.0,0.0,0.0
55034.0,35.8987808026252,1.5,100.0,100.0,3.0,160.06799999999998,86.0,1.0,0.0,0.0,0.0,1.0,0.0
8437.0,37.54482727542777,1.0549208760536322,18.19813074347728,44.94193473322766,1.0,66.874,214.0,1.0,0.0,0.0,1.0,0.0,1.0
55017.0,22.42070140103512,1.5,100.0,100.0,0.0,160.034,107.0,1.0,0.0,0.0,0.0,0.0,0.0
18180.0,57.41226925120117,1.237394055076414,69.9626721005419,89.09203182044035,1.0,86.36,87.0,1.0,0.0,0.0,0.0,0.0,0.0
46665.0,45.854014737129376,1.5,100.0,100.0,1.0,143.32999999999998,90.0,1.0,0.0,0.0,0.0,0.0,0.0
39538.0,52.70796104808332,1.5,100.0,100.0,1.0,129.076,112.0,1.0,0.0,0.0,0.0,0.0,1.0
27409.0,45.74975209929663,1.5,100.0,100.0,2.0,104.818,107.0,1.0,0.0,1.0,0.0,0.0,0.0
35783.0,42.29211324875593,1.5,100.0,100.0,2.0,121.566,97.0,1.0,0.0,0.0,0.0,0.0,0.0
31236.0,46.54177823975581,1.5,100.0,100.0,1.0,112.472,106.0,1.0,1.0,0.0,0.0,0.0,0.0
7525.0,44.50070333995025,1.218171443345227,22.63223915993806,38.145040766128645,0.0,65.05,192.0,1.0,0.0,1.0,0.0,0.0,0.0
27828.0,51.65037717171441,1.5,98.6081191341306,100.0,3.0,105.656,102.0,0.0,0.0,0.0,0.0,0.0,0.0
44144.0,29.19183028413496,1.5,100.0,100.0,0.0,138.288,105.0,0.0,0.0,1.0,0.0,0.0,0.0
28215.0,33.90467995213076,1.5,94.13721113064037,100.0,1.0,106.43,86.0,0.0,0.0,0.0,0.0,0.0,0.0
14441.0,54.243761589284034,1.2940487066399,54.54275016147382,75.01126342461431,0.0,78.882,198.0,0.0,0.0,0.0,0.0,0.0,0.0
17869.0,30.90362513676144,1.2390397580893335,62.04633762162026,84.94709428281291,0.0,85.738,102.0,0.0,0.0,0.0,0.0,0.0,0.0
27312.0,40.22462294213351,1.5,99.4804065456781,100.0,2.0,104.624,114.0,0.0,0.0,0.0,0.0,0.0,0.0
41839.0,29.42090956999548,1.5,100.0,100.0,2.0,133.678,93.0,0.0,1.0,0.0,0.0,0.0,0.0
28026.0,20.0,1.5,85.41978785216165,100.0,2.0,106.052,108.0,0.0,0.0,0.0,0.0,0.0,0.0
9426.0,42.262008070464645,1.2367796596804046,38.66428528756737,45.181514306236345,1.0,68.852,203.0,0.0,0.0,0.0,0.0,0.0,0.0
8912.0,43.44007185550197,1.1685183225413278,25.289188349623338,44.46501618523303,0.0,67.824,207.0,0.0,0.0,0.0,0.0,0.0,0.0
18223.0,42.02374532288165,1.0228358302542426,51.8562477474506,90.46482129173226,2.0,86.446,78.0,0.0,0.0,0.0,1.0,0.0,0.0
29901.0,36.66906509270338,1.5,100.0,100.0,0.0,109.802,104.0,0.0,0.0,0.0,0.0,0.0,0.0
35080.0,39.923984319559885,1.5,100.0,100.0,1.0,120.16,101.0,0.0,0.0,0.0,0.0,0.0,0.0
27234.0,20.0,1.5,97.06121313865933,100.0,2.0,104.468,104.0,0.0,0.0,0.0,0.0,0.0,0.0
27670.0,34.22029190204206,1.5,84.18095922317164,100.0,7.0,105.34,97.0,0.0,0.0,0.0,0.0,0.0,0.0
52113.0,39.74539832483074,1.5,100.0,100.0,3.0,154.226,102.0,0.0,0.0,0.0,0.0,0.0,0.0
25516.0,38.606938076929424,1.5,84.48310842370783,100.0,2.0,101.032,107.0,0.0,0.0,0.0,0.0,0.0,0.0
39136.0,47.38273698472983,1.5,100.0,100.0,2.0,128.272,92.0,0.0,1.0,0.0,0.0,0.0,0.0
14226.0,34.53907512434928,1.3856848818103842,42.29456694023396,67.72820732070032,0.0,78.452,213.0,0.0,1.0,0.0,0.0,0.0,0.0
25543.0,42.813209257650186,1.5,77.58502804095771,100.0,3.0,101.086,103.0,0.0,0.0,0.0,0.0,0.0,1.0
47533.0,29.733074924781576,1.5,100.0,100.0,1.0,145.066,80.0,0.0,0.0,0.0,0.0,0.0,0.0
35602.0,27.42429423264944,1.5,100.0,100.0,5.0,121.204,80.0,0.0,0.0,0.0,0.0,0.0,0.0
14586.0,37.51378475080772,1.3927265055047522,45.87924608896402,74.03797690037084,0.0,79.172,206.0,0.0,0.0,0.0,0.0,0.0,0.0
26614.0,43.74785835986199,1.5,82.41415533566774,100.0,1.0,103.228,116.0,0.0,0.0,0.0,0.0,0.0,1.0
16876.0,55.576359796224494,1.161212907525172,59.06646933340542,86.55421697478069,1.0,83.75200000000001,94.0,0.0,0.0,0.0,0.0,0.0,1.0
20568.0,31.09217447665131,1.388910409471444,76.58361353365257,100.0,3.0,91.136,102.0,0.0,0.0,0.0,1.0,0.0,0.0
31453.0,41.91065632946079,1.5,98.4678546608093,100.0,1.0,112.906,108.0,0.0,0.0,0.0,0.0,0.0,0.0
26750.0,22.62330604604847,1.5,96.45063507473569,100.0,2.0,103.5,103.0,0.0,0.0,0.0,0.0,0.0,1.0
25022.0,55.92040386661063,1.5,85.21723517556217,100.0,1.0,100.044,87.0,0.0,1.0,0.0,0.0,0.0,0.0
33015.0,23.543595434845887,1.5,100.0,100.0,2.0,116.03,120.0,0.0,1.0,0.0,0.0,0.0,0.0
36281.0,45.68295851337562,1.5,100.0,100.0,2.0,122.562,105.0,0.0,0.0,0.0,0.0,0.0,0.0
31207.0,38.14458106761082,1.5,100.0,100.0,1.0,112.414,105.0,0.0,0.0,0.0,0.0,0.0,0.0
42102.0,30.61882312466652,1.5,100.0,100.0,1.0,134.204,100.0,0.0,0.0,0.0,0.0,0.0,0.0
25684.0,20.0,1.5,95.23528950184236,100.0,5.0,101.368,108.0,0.0,0.0,0.0,0.0,0.0,0.0
8580.0,50.75614878868417,1.329907776374161,28.257483785877707,43.82033133101027,0.0,67.16,205.0,0.0,0.0,0.0,1.0,0.0,0.0
17097.0,41.735034885377885,1.297493626961443,66.36089333315643,82.0112976171734,0.0,84.194,107.0,0.0,0.0,0.0,0.0,0.0,0.0
12590.0,49.64636571952249,1.2647724862124117,43.47882654711833,64.70805218470416,1.0,75.18,171.0,0.0,0.0,1.0,0.0,0.0,0.0
23952.0,30.748515485592826,1.1090453444200228,82.69248761287993,100.0,0.0,97.904,81.0,0.0,1.0,0.0,0.0,0.0,0.0
42988.0,30.382244976868503,1.5,100.0,100.0,2.0,135.976,99.0,0.0,0.0,0.0,0.0,0.0,0.0
6077.0,51.7256334857728,1.1673327991556564,21.630387506309155,32.27255649441475,0.0,62.154,223.0,0.0,0.0,0.0,1.0,0.0,0.0
56283.0,34.361919115232546,1.5,100.0,100.0,3.0,162.566,100.0,0.0,1.0,0.0,0.0,0.0,0.0
42393.0,22.45700644672516,1.5,100.0,100.0,0.0,134.786,85.0,0.0,0.0,0.0,0.0,1.0,1.0
8051.0,63.59446838440792,1.145330667226691,21.050188877190763,41.44951583691474,0.0,66.102,235.0,0.0,0.0,0.0,0.0,1.0,0.0
42094.0,46.10944686252406,1.5,100.0,100.0,2.0,134.188,89.0,0.0,0.0,0.0,0.0,0.0,0.0
26636.0,42.75954347027035,1.5,86.84111078827063,100.0,3.0,103.272,96.0,0.0,0.0,0.0,0.0,0.0,0.0
16890.0,52.01120749415343,1.2394846670169934,66.08231942782888,82.88589320682316,1.0,83.78,74.0,0.0,0.0,0.0,0.0,0.0,0.0
37319.0,26.17865719706232,1.5,100.0,100.0,1.0,124.638,102.0,1.0,0.0,1.0,0.0,0.0,0.0
42635.0,33.08487254909013,1.5,100.0,100.0,0.0,135.26999999999998,100.0,1.0,0.0,0.0,0.0,0.0,0.0
12376.0,28.90603842529648,1.259967586590769,33.50640088487982,64.44327013292911,0.0,74.752,209.0,1.0,1.0,0.0,0.0,0.0,0.0
31386.0,29.08058785846729,1.5,96.75592577392236,100.0,4.0,112.772,107.0,1.0,0.0,1.0,0.0,0.0,0.0
53962.0,40.81492625690096,1.5,100.0,100.0,5.0,157.924,96.0,1.0,0.0,0.0,0.0,1.0,0.0
42182.0,38.56076634449271,1.5,100.0,100.0,0.0,134.364,107.0,1.0,0.0,0.0,0.0,0.0,0.0
31430.0,22.691534202890256,1.5,100.0,100.0,2.0,112.86,103.0,1.0,0.0,1.0,0.0,0.0,0.0
18903.0,30.05539372955234,1.1042620832998442,62.56756892878907,96.67081744946198,1.0,87.806,108.0,1.0,0.0,0.0,0.0,0.0,0.0
23383.0,51.75928839966035,1.366831914633254,79.8106861204886,100.0,2.0,96.766,89.0,1.0,1.0,0.0,0.0,0.0,0.0
23928.0,59.57841187078616,1.2777485936191249,82.57038013046044,100.0,3.0,97.856,88.0,1.0,0.0,0.0,0.0,0.0,0.0
35384.0,45.4101639626907,1.5,100.0,100.0,0.0,120.768,105.0,1.0,0.0,0.0,1.0,0.0,0.0
7324.0,45.73413727280658,1.3984761263831509,24.448272592210287,40.6311986466703,0.0,64.648,164.0,1.0,0.0,0.0,0.0,0.0,0.0
23394.0,40.1739218584656,1.2769574504672805,70.7827862624062,100.0,1.0,96.788,117.0,1.0,1.0,0.0,0.0,0.0,0.0
33821.0,39.897057750254255,1.5,100.0,100.0,3.0,117.642,91.0,1.0,0.0,0.0,0.0,0.0,0.0
29422.0,43.1613555105896,1.5,100.0,100.0,2.0,108.844,106.0,1.0,0.0,0.0,0.0,0.0,0.0
40151.0,20.45327594474456,1.5,100.0,100.0,4.0,130.30200000000002,100.0,1.0,1.0,0.0,0.0,0.0,0.0
16577.0,31.4030577014478,1.0097190321368517,58.59344482299248,83.43670617039895,0.0,83.154,90.0,1.0,0.0,0.0,0.0,0.0,0.0
23049.0,35.6524411787981,1.0939434586298338,67.1096963297001,100.0,0.0,96.098,99.0,1.0,1.0,0.0,0.0,0.0,0.0
21536.0,44.51559693090645,1.0905403420354136,70.07709369435311,100.0,1.0,93.072,109.0,1.0,0.0,0.0,0.0,0.0,0.0
23687.0,43.89889329541606,1.213317957435451,83.4919621678109,100.0,1.0,97.374,85.0,0.0,0.0,0.0,0.0,0.0,0.0
32747.0,34.82013799389716,1.5,100.0,100.0,1.0,115.494,120.0,0.0,0.0,0.0,0.0,1.0,0.0
13317.0,43.47144348229622,1.0264964067320432,34.58961284977522,65.36963981430814,1.0,76.634,202.0,0.0,0.0,0.0,0.0,0.0,0.0
16225.0,46.507336298138746,1.2132489284686,52.77413882043673,85.49287378619937,0.0,82.45,87.0,0.0,0.0,0.0,0.0,0.0,0.0
27336.0,20.0,1.5,93.6926947278658,100.0,0.0,104.672,104.0,0.0,0.0,1.0,0.0,0.0,0.0
55736.0,26.07857181198169,1.5,100.0,100.0,2.0,161.47199999999998,101.0,0.0,0.0,0.0,0.0,0.0,0.0
25188.0,29.890318210324285,1.5,78.68698967772033,100.0,1.0,100.376,101.0,0.0,0.0,1.0,0.0,0.0,0.0
18208.0,29.936791931392307,1.0573758096325618,51.0016368155813,87.66135557875567,0.0,86.416,105.0,0.0,0.0,0.0,0.0,0.0,1.0
48827.0,26.26677847800234,1.5,100.0,100.0,3.0,147.654,90.0,0.0,0.0,0.0,0.0,0.0,0.0
34375.0,42.45573412754503,1.5,100.0,100.0,0.0,118.75,105.0,0.0,0.0,0.0,0.0,0.0,0.0
34896.0,35.51350025051393,1.5,100.0,100.0,1.0,119.792,106.0,0.0,0.0,0.0,0.0,0.0,0.0
27874.0,41.933754789635394,1.5,86.47625483510573,100.0,0.0,105.748,96.0,0.0,0.0,0.0,0.0,0.0,0.0
41972.0,20.0,1.5,100.0,100.0,5.0,133.94400000000002,108.0,0.0,0.0,1.0,0.0,0.0,1.0
7118.0,53.03373834903552,1.2508731722487172,20.72945954146582,31.76205676588886,1.0,64.236,196.0,0.0,0.0,0.0,0.0,0.0,0.0
24410.0,46.69876360570776,1.35136459244317,81.42863735640567,100.0,0.0,98.82,96.0,0.0,1.0,0.0,0.0,0.0,0.0
18691.0,48.76611731775382,1.2556566833981242,72.08795232692083,93.73797067232918,1.0,87.382,114.0,0.0,0.0,1.0,0.0,0.0,0.0
36117.0,24.89886052082511,1.5,100.0,100.0,0.0,122.234,121.0,0.0,0.0,0.0,0.0,0.0,0.0
22885.0,54.93731487015777,1.0728941045472884,74.12720760655611,100.0,2.0,95.77,95.0,0.0,0.0,0.0,0.0,0.0,0.0
22383.0,55.6357780058958,1.2716972109030302,83.41728491094757,100.0,2.0,94.766,92.0,0.0,0.0,0.0,0.0,0.0,0.0
22320.0,41.32628310661456,1.1364757531137708,82.65399593786378,100.0,0.0,94.64,103.0,0.0,0.0,0.0,0.0,0.0,0.0
12980.0,42.949998188902775,1.3846963691502403,48.135180028185886,62.15629639327212,2.0,75.96000000000001,191.0,0.0,0.0,0.0,0.0,0.0,0.0
25855.0,44.74607171611133,1.5,90.95444677676618,100.0,0.0,101.71,127.0,0.0,0.0,1.0,0.0,0.0,0.0
13226.0,44.14049278595744,1.0241872018894056,42.93689320942297,68.03798653947116,1.0,76.452,215.0,0.0,0.0,0.0,0.0,0.0,0.0
39677.0,39.36524840081591,1.5,100.0,100.0,1.0,129.35399999999998,102.0,0.0,0.0,0.0,0.0,1.0,0.0
20011.0,33.7242673293359,1.3687896415413583,59.08274782767086,100.0,0.0,90.02199999999999,96.0,0.0,0.0,0.0,0.0,0.0,0.0
18187.0,29.221865908233127,1.0307918245170662,51.66055499456803,95.85986266031097,1.0,86.374,97.0,0.0,0.0,0.0,0.0,0.0,0.0
10097.0,45.20728938340477,1.340565811337875,23.76093481578673,51.23705045520158,0.0,70.194,192.0,0.0,0.0,0.0,0.0,0.0,0.0
38297.0,26.45579430018813,1.5,100.0,100.0,3.0,126.594,91.0,0.0,0.0,0.0,0.0,0.0,0.0
10852.0,43.6982128267945,1.3432532055338031,34.44381777220245,51.5800888223268,0.0,71.70400000000001,200.0,0.0,0.0,0.0,0.0,0.0,0.0
39676.0,46.36969866860189,1.5,100.0,100.0,4.0,129.352,114.0,0.0,0.0,0.0,0.0,0.0,0.0
14036.0,51.92121185682323,1.32810293527313,38.261135697863,74.60265429148244,1.0,78.072,188.0,0.0,0.0,0.0,0.0,0.0,1.0
22992.0,50.830832529923455,1.027528731852434,69.34967033844445,100.0,1.0,95.984,93.0,0.0,0.0,1.0,0.0,0.0,0.0
43210.0,28.88000436585813,1.5,100.0,100.0,0.0,136.42000000000002,87.0,0.0,0.0,0.0,1.0,0.0,1.0
19880.0,65.72098425695094,1.3950352777324644,57.29141363047681,100.0,0.0,89.75999999999999,109.0,0.0,0.0,1.0,0.0,0.0,0.0
38377.0,40.25542083999815,1.5,100.0,100.0,4.0,126.754,100.0,0.0,0.0,0.0,0.0,1.0,0.0
14127.0,54.14678783712384,1.0022634439516984,48.72838851638166,71.1245844268369,0.0,78.254,201.0,0.0,0.0,0.0,0.0,0.0,0.0
25251.0,32.08797323344041,1.5,93.04731740073824,100.0,0.0,100.502,115.0,0.0,0.0,1.0,0.0,0.0,0.0
46075.0,38.249012492067365,1.5,100.0,100.0,1.0,142.15,101.0,0.0,0.0,1.0,0.0,0.0,1.0
12480.0,37.448208895958494,1.2464936448609674,33.20674313739962,59.23040727159263,0.0,74.96000000000001,155.0,0.0,0.0,0.0,0.0,0.0,0.0
36232.0,24.732953168535623,1.5,100.0,100.0,1.0,122.464,84.0,0.0,0.0,0.0,0.0,0.0,0.0
22353.0,50.39685728691671,1.3969692982358728,76.28280272987432,100.0,2.0,94.706,94.0,0.0,0.0,1.0,0.0,0.0,0.0
28827.0,32.05692824818641,1.5,91.86875761683196,100.0,1.0,107.654,94.0,0.0,0.0,0.0,0.0,0.0,0.0
19351.0,42.931200406029305,1.3244569423976331,68.73768460081955,94.58950826113684,0.0,88.702,101.0,0.0,0.0,0.0,0.0,0.0,0.0
31910.0,50.7492774233745,1.5,100.0,100.0,2.0,113.82,103.0,1.0,0.0,0.0,0.0,0.0,0.0
26844.0,35.09586918029003,1.5,92.67971239267186,100.0,2.0,103.688,99.0,1.0,0.0,0.0,0.0,0.0,0.0
16313.0,41.53019818941833,1.0503731591425374,60.822425057804224,80.20425686372351,0.0,82.626,89.0,1.0,0.0,0.0,0.0,0.0,1.0
14761.0,53.73454524415311,1.17043986686181,49.1009580865479,71.05131351506066,0.0,79.52199999999999,199.0,1.0,0.0,0.0,0.0,1.0,0.0
26585.0,47.7857567583384,1.5,94.69562966211,100.0,1.0,103.17,114.0,1.0,1.0,0.0,0.0,0.0,0.0
25815.0,38.97551609944116,1.5,82.12407807433299,100.0,5.0,101.63,91.0,1.0,0.0,0.0,0.0,1.0,0.0
40510.0,39.32259895582968,1.5,100.0,100.0,2.0,131.01999999999998,112.0,1.0,1.0,0.0,0.0,0.0,0.0
19348.0,50.23394151427095,1.2390508964871616,74.3591809087687,100.0,2.0,88.696,97.0,1.0,1.0,0.0,0.0,0.0,1.0
17403.0,66.31452075870544,1.3755554593427493,53.1477263100283,83.05372597657411,0.0,84.806,102.0,1.0,0.0,0.0,0.0,0.0,0.0
31566.0,33.64655412141225,1.5,96.59746541041312,100.0,1.0,113.132,97.0,1.0,0.0,0.0,1.0,0.0,0.0
37851.0,26.07090430333957,1.5,100.0,100.0,3.0,125.702,105.0,1.0,0.0,0.0,0.0,0.0,0.0
15011.0,34.802108129932584,1.1353472677708931,45.5538377686048,77.45761737732137,0.0,80.02199999999999,94.0,1.0,0.0,0.0,0.0,0.0,0.0
15783.0,38.04340082450871,1.0295317551249057,42.88104348727615,74.0699095078739,0.0,81.566,94.0,1.0,0.0,0.0,0.0,0.0,0.0
49257.0,41.72386433903464,1.5,100.0,100.0,0.0,148.514,100.0,1.0,0.0,0.0,0.0,0.0,0.0
36343.0,43.27745253323447,1.5,100.0,100.0,0.0,122.686,113.0,1.0,0.0,0.0,0.0,0.0,0.0
43257.0,53.60501387572802,1.5,100.0,100.0,1.0,136.514,98.0,1.0,0.0,1.0,0.0,0.0,0.0
14803.0,38.78460920834805,1.1029063414518758,44.22703329450909,72.71026877839645,2.0,79.606,199.0,1.0,0.0,0.0,0.0,0.0,0.0
28042.0,20.0,1.5,90.37996320030987,100.0,4.0,106.084,116.0,1.0,0.0,1.0,0.0,0.0,0.0
35058.0,38.756296192001976,1.5,100.0,100.0,1.0,120.116,125.0,1.0,1.0,0.0,0.0,0.0,0.0
11500.0,52.5261898297289,1.2531838678247138,43.84223631389115,61.476442734057485,2.0,73.0,196.0,0.0,0.0,0.0,0.0,0.0,0.0
33911.0,34.410161466412646,1.5,100.0,100.0,0.0,117.822,123.0,0.0,0.0,1.0,0.0,0.0,0.0
21905.0,58.48598834963968,1.3632500403976409,68.57842949856895,100.0,0.0,93.81,111.0,0.0,0.0,0.0,0.0,0.0,0.0
30798.0,22.525800190118662,1.5,97.61311718088236,100.0,0.0,111.596,96.0,0.0,0.0,0.0,0.0,0.0,1.0
28725.0,20.633712001943035,1.5,86.91067867625341,100.0,1.0,107.45,93.0,0.0,0.0,0.0,0.0,0.0,0.0
12444.0,51.84250960471361,1.0367226256318625,44.700911713370594,59.3998583193129,0.0,74.888,207.0,0.0,0.0,0.0,0.0,0.0,0.0
40421.0,24.4974072933861,1.5,100.0,100.0,1.0,130.84199999999998,100.0,0.0,0.0,0.0,0.0,0.0,0.0
16344.0,35.235162025531935,1.1767422007433057,62.9333518845521,83.31207062059026,0.0,82.688,98.0,0.0,0.0,0.0,1.0,0.0,0.0
39824.0,23.56552774543197,1.5,100.0,100.0,2.0,129.648,108.0,0.0,0.0,0.0,0.0,0.0,0.0
22530.0,26.34100200082515,1.0000385482661114,81.80301928447754,100.0,1.0,95.06,109.0,0.0,0.0,1.0,0.0,0.0,0.0
8874.0,32.63557182423533,1.0776776360077174,36.99558028812726,42.21255228190198,0.0,67.748,190.0,0.0,0.0,0.0,0.0,0.0,0.0
22030.0,56.1627535064864,1.323300708125105,65.93234284280973,100.0,0.0,94.06,85.0,0.0,0.0,0.0,0.0,0.0,0.0
52996.0,34.47669393968486,1.5,100.0,100.0,4.0,155.99200000000002,95.0,0.0,0.0,0.0,0.0,0.0,0.0
15712.0,57.37949310410532,1.0740618227586165,54.78236563004306,82.81634010423319,0.0,81.424,93.0,0.0,0.0,0.0,0.0,0.0,0.0
31101.0,20.14568435016966,1.5,100.0,100.0,1.0,112.202,84.0,0.0,0.0,0.0,0.0,0.0,0.0
40303.0,37.11764257360669,1.5,100.0,100.0,2.0,130.606,88.0,0.0,0.0,0.0,0.0,0.0,0.0
25183.0,25.102318448145304,1.5,86.78975117265409,100.0,4.0,100.366,100.0,0.0,1.0,0.0,0.0,0.0,0.0
37526.0,34.94745321367623,1.5,100.0,100.0,1.0,125.052,110.0,0.0,0.0,0.0,0.0,0.0,0.0
27415.0,41.85332263699403,1.5,81.82399144168349,100.0,3.0,104.83,106.0,0.0,0.0,0.0,0.0,0.0,0.0
42707.0,24.79448460413253,1.5,100.0,100.0,2.0,135.414,115.0,0.0,0.0,0.0,0.0,0.0,0.0
14495.0,57.41878521601021,1.0631297370493724,54.08599643042596,73.3397940022594,0.0,78.99,195.0,0.0,0.0,0.0,0.0,0.0,0.0
47373.0,24.26597179804782,1.5,100.0,100.0,1.0,144.74599999999998,86.0,0.0,0.0,0.0,0.0,1.0,0.0
56361.0,52.94629157795498,1.5,100.0,100.0,3.0,162.72199999999998,104.0,0.0,0.0,0.0,0.0,0.0,0.0
28420.0,29.396044305557798,1.5,98.1960018894364,100.0,0.0,106.84,94.0,0.0,0.0,0.0,0.0,0.0,0.0
16935.0,48.475670388435255,1.02582818221691,47.69835682511969,87.59671669789194,1.0,83.87,82.0,0.0,0.0,0.0,0.0,0.0,0.0
32693.0,42.21796685154854,1.5,100.0,100.0,1.0,115.386,103.0,0.0,0.0,0.0,0.0,1.0,0.0
41135.0,46.41841911321861,1.5,100.0,100.0,1.0,132.26999999999998,98.0,0.0,0.0,0.0,0.0,0.0,0.0
26840.0,27.18966262704381,1.5,97.5827809007673,100.0,1.0,103.68,99.0,0.0,0.0,0.0,0.0,0.0,1.0
42202.0,33.652683561678394,1.5,100.0,100.0,1.0,134.404,99.0,0.0,1.0,0.0,0.0,0.0,0.0
19000.0,45.58537320595008,1.272506563506266,72.93423776881751,98.27526516868382,3.0,88.0,112.0,0.0,0.0,0.0,0.0,0.0,0.0
21447.0,41.795617799439725,1.2130393585795718,76.33459547300973,100.0,3.0,92.894,104.0,0.0,0.0,0.0,0.0,0.0,0.0
13812.0,62.713065900604505,1.2010232912183507,40.99442195591243,65.73151555290113,0.0,77.624,197.0,0.0,0.0,0.0,0.0,0.0,0.0
37184.0,45.5953119867543,1.5,100.0,100.0,2.0,124.368,89.0,0.0,0.0,0.0,0.0,0.0,0.0
38235.0,30.09225593652957,1.5,100.0,100.0,2.0,126.47,104.0,0.0,0.0,1.0,0.0,0.0,0.0
24237.0,43.190047475706606,1.127783063265967,73.34478810797948,100.0,3.0,98.474,91.0,0.0,1.0,0.0,0.0,0.0,0.0
50094.0,58.96397816829032,1.5,100.0,100.0,2.0,150.188,103.0,0.0,0.0,0.0,0.0,0.0,0.0
15382.0,51.67753500814683,1.2643260719506868,46.26395543682551,78.45446967412605,0.0,80.764,113.0,0.0,0.0,0.0,1.0,0.0,0.0
24334.0,57.10638872160333,1.3813602522714543,87.20268053516179,100.0,3.0,98.668,93.0,0.0,0.0,0.0,1.0,0.0,0.0
15951.0,29.15041740638372,1.195234612376992,47.14003804313144,79.40096110359305,0.0,81.902,91.0,0.0,0.0,0.0,1.0,0.0,0.0
36101.0,34.28040701551154,1.5,100.0,100.0,3.0,122.202,88.0,0.0,0.0,0.0,0.0,0.0,0.0
30308.0,24.190884304999777,1.5,94.6482136956424,100.0,1.0,110.616,97.0,0.0,0.0,0.0,0.0,0.0,0.0
42595.0,26.336386484775417,1.5,100.0,100.0,3.0,135.19,115.0,0.0,0.0,1.0,0.0,0.0,0.0
25014.0,43.823403821692665,1.5,77.96669209134419,100.0,0.0,100.028,117.0,0.0,0.0,0.0,0.0,0.0,0.0
15293.0,40.709847428474745,1.0709883222661818,54.47395370707473,76.36117672306547,1.0,80.586,96.0,0.0,0.0,0.0,0.0,0.0,0.0
43778.0,47.83549478767648,1.5,100.0,100.0,1.0,137.55599999999998,105.0,0.0,0.0,0.0,0.0,0.0,0.0
26084.0,72.89974542579527,1.5,84.13903800025805,100.0,1.0,102.168,74.0,0.0,0.0,0.0,0.0,0.0,1.0
30900.0,25.87301621029149,1.5,93.11618256204984,100.0,3.0,111.8,103.0,0.0,1.0,0.0,0.0,0.0,0.0
23471.0,56.08559993935808,1.1173039705086414,74.34590008617583,100.0,2.0,96.942,107.0,0.0,0.0,1.0,0.0,0.0,0.0
27207.0,39.958215009529205,1.5,93.00263308312832,100.0,2.0,104.414,80.0,0.0,0.0,0.0,0.0,0.0,0.0
32934.0,56.38269647943976,1.5,100.0,100.0,3.0,115.868,105.0,0.0,0.0,0.0,1.0,0.0,0.0
21292.0,51.00583586160616,1.0330312693264176,61.31216486840026,100.0,0.0,92.584,90.0,0.0,0.0,0.0,0.0,0.0,0.0
18279.0,39.2697803185101,1.1387418338754718,56.07930247763388,90.72741740194266,1.0,86.55799999999999,102.0,0.0,0.0,0.0,0.0,0.0,0.0
34852.0,27.371508467419105,1.5,100.0,100.0,3.0,119.704,108.0,1.0,0.0,0.0,0.0,0.0,0.0
37418.0,54.10995615714493,1.5,100.0,100.0,0.0,124.836,125.0,1.0,0.0,0.0,0.0,0.0,0.0
20966.0,66.48443668661855,1.091688471087341,62.72630431769255,100.0,1.0,91.932,88.0,1.0,0.0,0.0,0.0,0.0,0.0
62636.0,36.69243087321945,1.5,100.0,100.0,4.0,175.272,110.0,1.0,0.0,1.0,0.0,0.0,0.0
64203.0,21.97763628556057,1.5,100.0,100.0,1.0,178.406,81.0,1.0,1.0,0.0,0.0,0.0,0.0
58576.0,51.46138184294526,1.5,100.0,100.0,2.0,167.152,91.0,1.0,0.0,0.0,1.0,0.0,0.0
16475.0,61.40898818403039,1.1524891826124066,54.237637538479575,78.52228521646559,0.0,82.95,90.0,1.0,0.0,1.0,0.0,0.0,0.0
32528.0,52.31261921806995,1.5,100.0,100.0,3.0,115.056,97.0,1.0,0.0,0.0,0.0,0.0,0.0
8541.0,55.65253182675023,1.1127213526617985,30.38722441784216,39.64842466975012,1.0,67.082,208.0,1.0,0.0,0.0,0.0,0.0,0.0
14973.0,45.00337255748689,1.38942290636708,49.47691183820898,77.9148688087892,0.0,79.946,197.0,1.0,0.0,0.0,0.0,0.0,0.0
41526.0,37.49819769807359,1.5,100.0,100.0,1.0,133.05200000000002,101.0,1.0,0.0,0.0,0.0,0.0,0.0
33281.0,48.29086831941524,1.5,100.0,100.0,1.0,116.562,100.0,1.0,0.0,0.0,0.0,0.0,0.0
46299.0,44.03120402086968,1.5,100.0,100.0,4.0,142.598,91.0,1.0,0.0,0.0,0.0,0.0,0.0
31457.0,41.07700203122408,1.5,100.0,100.0,1.0,112.914,102.0,1.0,0.0,0.0,0.0,0.0,0.0
53106.0,37.60291588773154,1.5,100.0,100.0,0.0,156.212,84.0,1.0,0.0,0.0,0.0,1.0,0.0
35721.0,49.56202527815205,1.5,100.0,100.0,1.0,121.442,106.0,1.0,1.0,0.0,0.0,0.0,0.0
26630.0,20.0,1.5,82.62754289191935,100.0,2.0,103.26,104.0,1.0,0.0,0.0,1.0,0.0,0.0
23500.0,49.872303275560455,1.0010291925556367,72.05921585429279,100.0,1.0,97.0,109.0,1.0,0.0,0.0,0.0,0.0,0.0
34000.0,30.07657172996497,1.5,100.0,100.0,2.0,118.0,94.0,1.0,0.0,0.0,0.0,0.0,0.0
31666.0,38.70972219424507,1.5,100.0,100.0,2.0,113.332,101.0,1.0,0.0,0.0,0.0,0.0,0.0
22337.0,38.228779519884895,1.0266117695110883,79.5983480558757,100.0,1.0,94.674,97.0,0.0,0.0,0.0,0.0,0.0,0.0
35060.0,64.0708814459458,1.5,100.0,100.0,5.0,120.12,90.0,0.0,1.0,0.0,0.0,0.0,0.0
17133.0,56.61162351270048,1.1031616425443107,54.96170544644876,83.64119961250694,3.0,84.26599999999999,114.0,0.0,0.0,1.0,0.0,0.0,0.0
66958.0,40.22770210518672,1.5,100.0,100.0,1.0,183.916,105.0,0.0,0.0,0.0,0.0,1.0,0.0
60076.0,35.78581320741384,1.5,100.0,100.0,0.0,170.152,84.0,0.0,0.0,1.0,0.0,0.0,0.0
56511.0,43.91439192553512,1.5,100.0,100.0,0.0,163.022,108.0,0.0,0.0,0.0,0.0,0.0,0.0
39271.0,25.01196667669217,1.5,100.0,100.0,0.0,128.542,98.0,0.0,0.0,0.0,0.0,0.0,0.0
26407.0,25.00078644802424,1.5,81.34166790022351,100.0,4.0,102.814,105.0,0.0,0.0,0.0,0.0,1.0,0.0
25665.0,26.85207643568279,1.5,81.68293574962178,100.0,5.0,101.33,110.0,0.0,0.0,1.0,0.0,0.0,0.0
31384.0,46.58346730232222,1.5,100.0,100.0,4.0,112.768,84.0,0.0,0.0,0.0,0.0,0.0,0.0
24337.0,48.04897596604099,1.1020790053568306,78.58355711975591,100.0,0.0,98.674,101.0,0.0,0.0,0.0,0.0,0.0,0.0
21274.0,20.0,1.339021888542399,68.16286370534733,100.0,0.0,92.548,91.0,0.0,0.0,0.0,0.0,0.0,0.0
45405.0,40.07587153327599,1.5,100.0,100.0,3.0,140.81,101.0,0.0,0.0,0.0,0.0,0.0,0.0
27802.0,30.47065956710816,1.5,99.14936058118316,100.0,1.0,105.604,115.0,0.0,0.0,0.0,0.0,0.0,0.0
8449.0,46.51904809204422,1.3262135567705249,34.38480703894358,44.985581813347366,0.0,66.898,217.0,0.0,0.0,1.0,0.0,0.0,0.0
61041.0,48.85893715933575,1.5,100.0,100.0,0.0,172.082,121.0,0.0,0.0,0.0,1.0,0.0,0.0
44971.0,24.414080195834277,1.5,100.0,100.0,0.0,139.942,102.0,0.0,0.0,0.0,0.0,0.0,0.0
19325.0,46.40290037381455,1.2982889958472152,57.84237485147356,93.69022413681576,0.0,88.65,90.0,0.0,1.0,0.0,0.0,0.0,0.0
36612.0,35.35458358413502,1.5,100.0,100.0,1.0,123.224,114.0,0.0,0.0,0.0,0.0,0.0,0.0
36036.0,42.59130442676644,1.5,100.0,100.0,2.0,122.072,101.0,0.0,0.0,0.0,0.0,0.0,0.0
15690.0,27.299915908992972,1.0196449553222742,57.07158499523845,83.37172827662565,1.0,81.38,111.0,0.0,0.0,0.0,0.0,0.0,0.0
38145.0,37.90648189057704,1.5,100.0,100.0,0.0,126.29,92.0,0.0,0.0,0.0,0.0,0.0,0.0
13714.0,39.347556346786206,1.3404486732320986,51.70993855319631,67.1178899244462,2.0,77.428,213.0,0.0,0.0,0.0,0.0,0.0,0.0
10587.0,50.16760282069168,1.2175076307566404,31.648507121838776,54.15889591110325,0.0,71.174,192.0,0.0,0.0,0.0,0.0,0.0,0.0
26619.0,32.54333091676295,1.5,98.14934036295796,100.0,2.0,103.238,105.0,0.0,0.0,0.0,0.0,1.0,0.0
37612.0,23.751888531170568,1.5,100.0,100.0,3.0,125.224,97.0,0.0,0.0,0.0,0.0,0.0,0.0
43513.0,25.526647357711035,1.5,100.0,100.0,3.0,137.026,113.0,0.0,0.0,1.0,0.0,0.0,0.0
20229.0,43.34164490148586,1.3067256941713208,74.76620712808818,100.0,2.0,90.458,87.0,0.0,0.0,0.0,0.0,0.0,0.0
41070.0,39.33846547952927,1.5,100.0,100.0,1.0,132.14,89.0,0.0,0.0,0.0,0.0,0.0,0.0
61554.0,26.37777316191752,1.5,100.0,100.0,1.0,173.108,92.0,0.0,0.0,0.0,0.0,0.0,0.0
27228.0,32.56901424616975,1.5,84.70566833323808,100.0,1.0,104.456,88.0,0.0,0.0,0.0,0.0,0.0,1.0
29798.0,25.252404041399902,1.5,100.0,100.0,1.0,109.596,91.0,0.0,0.0,1.0,0.0,0.0,0.0
15322.0,51.982112908484616,1.1259382134436062,50.21870039895656,81.0966108237379,1.0,80.644,100.0,0.0,0.0,0.0,0.0,0.0,0.0
34362.0,32.88043599863466,1.5,100.0,100.0,1.0,118.724,109.0,0.0,0.0,0.0,0.0,0.0,1.0
23930.0,32.350958131072524,1.3833298796035751,77.97878333104083,100.0,2.0,97.86,112.0,0.0,0.0,0.0,0.0,0.0,0.0
28243.0,46.36248316362536,1.5,100.0,100.0,1.0,106.486,97.0,0.0,1.0,0.0,0.0,0.0,0.0
32546.0,38.89491872645257,1.5,100.0,100.0,4.0,115.092,98.0,0.0,0.0,0.0,1.0,0.0,0.0
40479.0,29.072936868208323,1.5,100.0,100.0,1.0,130.958,96.0,0.0,0.0,0.0,1.0,0.0,0.0
8926.0,22.29106341928031,1.1474793143755566,35.30707083493277,47.33786618776836,0.0,67.852,170.0,0.0,0.0,0.0,0.0,0.0,0.0
31762.0,42.03304964888083,1.5,100.0,100.0,0.0,113.524,78.0,0.0,0.0,1.0,0.0,0.0,0.0
47965.0,31.638753136716364,1.5,100.0,100.0,0.0,145.93,107.0,0.0,0.0,0.0,0.0,0.0,0.0
17156.0,57.629958593721504,1.2735790976185353,65.62279125550187,85.21780287794793,0.0,84.312,101.0,0.0,0.0,0.0,0.0,0.0,0.0
14226.0,51.52068716314548,1.331590179405611,55.54765080381792,67.18356704543629,0.0,78.452,185.0,0.0,0.0,1.0,0.0,0.0,0.0
17319.0,46.19399573034754,1.0816954869856277,63.566181575355415,83.23018554795296,1.0,84.638,104.0,0.0,1.0,0.0,0.0,0.0,0.0
13089.0,55.39612657624647,1.1432242080800092,53.059624954408974,69.34260777472014,1.0,76.178,200.0,0.0,0.0,0.0,0.0,0.0,0.0
38965.0,25.49934403546084,1.5,100.0,100.0,5.0,127.93,91.0,0.0,0.0,0.0,0.0,0.0,0.0
37527.0,28.60489184949467,1.5,100.0,100.0,1.0,125.054,119.0,0.0,0.0,0.0,0.0,0.0,0.0
26601.0,20.0,1.5,94.1012277611393,100.0,0.0,103.202,112.0,1.0,0.0,1.0,0.0,0.0,0.0
18708.0,44.27982445317741,1.1068476609660611,60.16504263397197,89.95078223017543,0.0,87.416,92.0,1.0,0.0,1.0,0.0,0.0,0.0
28901.0,30.87606568778204,1.5,92.37256349182414,100.0,0.0,107.802,96.0,1.0,0.0,1.0,0.0,0.0,1.0
38393.0,35.81869697953775,1.5,100.0,100.0,0.0,126.786,105.0,1.0,0.0,0.0,0.0,0.0,0.0
8197.0,36.55061067195316,1.073744330115555,30.88851149791579,43.39586074075943,0.0,66.394,194.0,1.0,0.0,0.0,0.0,0.0,0.0
33219.0,35.14013144800815,1.5,100.0,100.0,0.0,116.438,100.0,1.0,0.0,0.0,0.0,0.0,0.0
48370.0,23.82449916528448,1.5,100.0,100.0,4.0,146.74,105.0,1.0,0.0,1.0,0.0,0.0,0.0
47029.0,36.08071102371168,1.5,100.0,100.0,0.0,144.058,95.0,1.0,0.0,0.0,0.0,0.0,0.0
17083.0,40.62337741820622,1.161256763084301,61.18036471504713,84.34769232437083,0.0,84.166,114.0,1.0,0.0,1.0,0.0,0.0,1.0
36627.0,42.5461610504416,1.5,100.0,100.0,5.0,123.254,87.0,1.0,0.0,0.0,0.0,0.0,0.0
39586.0,51.82926849065761,1.5,100.0,100.0,2.0,129.172,89.0,1.0,0.0,0.0,0.0,1.0,1.0
8081.0,46.188161769597805,1.3150144670179598,22.790804364206327,38.84842338577476,0.0,66.162,202.0,1.0,0.0,0.0,0.0,0.0,0.0
18850.0,32.65027877608819,1.2873668407692989,67.84528140787691,92.50616628374436,0.0,87.7,88.0,1.0,0.0,0.0,0.0,0.0,0.0
19877.0,35.27213735669917,1.0779029001549376,60.28288410311739,100.0,0.0,89.75399999999999,96.0,1.0,0.0,0.0,0.0,0.0,0.0
50769.0,26.259058497938494,1.5,100.0,100.0,1.0,151.538,97.0,0.0,0.0,0.0,1.0,0.0,1.0
44067.0,47.08908459373687,1.5,100.0,100.0,2.0,138.134,97.0,0.0,0.0,0.0,0.0,0.0,0.0
26173.0,20.0,1.5,88.1798061390803,100.0,2.0,102.346,80.0,0.0,0.0,1.0,0.0,0.0,0.0
61815.0,35.30913408702666,1.5,100.0,100.0,4.0,173.63,96.0,0.0,0.0,0.0,0.0,0.0,0.0
45560.0,54.18989306168535,1.5,100.0,100.0,0.0,141.12,90.0,0.0,0.0,0.0,0.0,0.0,0.0
17380.0,53.57448152264683,1.2238027985509583,61.488342111617946,91.04640811031936,1.0,84.75999999999999,88.0,0.0,0.0,0.0,1.0,0.0,0.0
24216.0,60.78468029969567,1.0433913101544694,70.80226057817559,100.0,2.0,98.432,107.0,0.0,0.0,1.0,0.0,0.0,0.0
15197.0,34.166460449970884,1.3974875931756283,48.64233925668695,77.67211041053527,1.0,80.394,89.0,0.0,0.0,1.0,0.0,0.0,0.0
29117.0,23.22246532859717,1.5,89.81199449874008,100.0,2.0,108.234,106.0,0.0,0.0,0.0,0.0,0.0,0.0
34022.0,33.1116389844213,1.5,100.0,100.0,2.0,118.044,101.0,0.0,0.0,0.0,0.0,0.0,0.0
12218.0,36.30860318729043,1.2140446830311298,32.79301799380829,58.9720679596199,0.0,74.436,215.0,0.0,0.0,0.0,0.0,0.0,0.0
30418.0,42.26553993328493,1.5,100.0,100.0,1.0,110.836,95.0,0.0,0.0,0.0,0.0,1.0,0.0
36054.0,26.90699081208016,1.5,100.0,100.0,2.0,122.108,92.0,0.0,1.0,0.0,0.0,0.0,1.0
22544.0,60.14187141190468,1.3963839090461017,67.95393678510341,100.0,0.0,95.088,111.0,0.0,0.0,1.0,0.0,0.0,0.0
15088.0,57.42796597246016,1.0373052138256988,53.06033826209023,78.94300652943537,0.0,80.176,97.0,0.0,0.0,0.0,0.0,0.0,0.0
43880.0,37.73664418865612,1.5,100.0,100.0,4.0,137.76,109.0,0.0,0.0,1.0,0.0,0.0,0.0
41318.0,26.479375502323517,1.5,100.0,100.0,3.0,132.636,81.0,0.0,0.0,1.0,0.0,0.0,0.0
37098.0,24.64254133965905,1.5,100.0,100.0,0.0,124.196,94.0,0.0,0.0,0.0,0.0,0.0,0.0
27173.0,20.0,1.5,99.52369749749442,100.0,2.0,104.346,100.0,0.0,0.0,0.0,0.0,0.0,0.0
21836.0,35.03612188394148,1.1901336702674996,72.37277466375996,100.0,3.0,93.672,69.0,0.0,0.0,0.0,0.0,1.0,0.0
26641.0,35.83394711098714,1.5,87.73828419957579,100.0,4.0,103.282,107.0,0.0,1.0,0.0,0.0,0.0,0.0
23086.0,52.94548627125038,1.316274300106068,78.70420873938274,100.0,3.0,96.172,95.0,0.0,0.0,1.0,0.0,0.0,0.0
24538.0,41.00372261539744,1.2246465169188443,88.35369445141221,100.0,4.0,99.076,110.0,0.0,1.0,0.0,0.0,0.0,0.0
18807.0,53.9200056270447,1.117892374564613,58.31727980493389,91.18472493073668,1.0,87.614,86.0,0.0,0.0,0.0,0.0,0.0,0.0
15879.0,49.30298314462742,1.0558828193825829,55.15139639829332,82.48054209742574,1.0,81.758,108.0,0.0,0.0,0.0,0.0,0.0,0.0
28016.0,48.50579129899003,1.5,100.0,100.0,3.0,106.032,99.0,0.0,1.0,0.0,0.0,0.0,0.0
47610.0,34.473452057993825,1.5,100.0,100.0,1.0,145.22,121.0,0.0,1.0,0.0,0.0,0.0,1.0
15619.0,54.3972095421419,1.3606685641402123,51.82322245393802,78.10523813838914,0.0,81.238,102.0,0.0,0.0,0.0,0.0,0.0,0.0
26305.0,32.50233476989551,1.5,85.25105461591343,100.0,1.0,102.61,95.0,0.0,0.0,0.0,0.0,0.0,0.0
21257.0,55.95603328101684,1.2944134469463555,66.36839829679911,100.0,0.0,92.514,100.0,0.0,0.0,0.0,0.0,0.0,0.0
17924.0,41.82588857208394,1.3840056710261948,65.29273838142834,87.62694373070822,2.0,85.848,91.0,0.0,0.0,0.0,0.0,0.0,0.0
33342.0,44.54285360639722,1.5,100.0,100.0,1.0,116.684,103.0,0.0,0.0,1.0,0.0,0.0,0.0
30828.0,38.52118643378439,1.5,100.0,100.0,4.0,111.656,69.0,0.0,0.0,0.0,0.0,0.0,0.0
12684.0,64.35210636438161,1.0211863368539291,41.12785901660096,66.00709694689303,0.0,75.368,191.0,0.0,0.0,0.0,0.0,0.0,0.0
35248.0,32.32446121091941,1.5,100.0,100.0,1.0,120.496,89.0,0.0,0.0,0.0,0.0,0.0,0.0
30593.0,52.06967549620923,1.5,100.0,100.0,0.0,111.186,88.0,0.0,0.0,0.0,0.0,1.0,0.0
17275.0,25.9238776289368,1.0747387605391578,62.08540954456035,86.3969856362957,1.0,84.55,115.0,0.0,0.0,0.0,0.0,0.0,0.0
31140.0,38.46776254460649,1.5,100.0,100.0,4.0,112.28,98.0,0.0,0.0,0.0,0.0,0.0,0.0
18655.0,36.97105967496389,1.059999341998632,69.79524544261771,96.12889881349255,1.0,87.31,118.0,0.0,0.0,1.0,0.0,0.0,0.0
24764.0,44.37744124410979,1.171252522612516,82.73705940677674,100.0,2.0,99.528,99.0,0.0,0.0,0.0,0.0,0.0,0.0
11608.0,27.531208718817016,1.102115035382604,43.08456855483728,61.66115951547079,0.0,73.21600000000001,178.0,0.0,0.0,0.0,0.0,0.0,0.0
49995.0,41.650550744685845,1.5,100.0,100.0,1.0,149.99,102.0,0.0,0.0,0.0,1.0,0.0,0.0
14749.0,46.41171898755189,1.335969889996161,48.70702485807405,73.35815708200545,1.0,79.498,195.0,0.0,0.0,0.0,0.0,0.0,0.0
41548.0,30.94155840201602,1.5,100.0,100.0,3.0,133.096,85.0,0.0,0.0,0.0,0.0,0.0,0.0
22467.0,32.464459160239954,1.2923832195009273,76.87798444083535,100.0,2.0,94.934,94.0,0.0,0.0,1.0,0.0,0.0,0.0
28697.0,20.0,1.5,100.0,100.0,2.0,107.394,96.0,0.0,0.0,0.0,0.0,0.0,0.0
24382.0,72.40552227114902,1.1608391272457546,72.81099109000915,100.0,2.0,98.764,91.0,1.0,0.0,0.0,0.0,0.0,0.0
19585.0,53.08863378171753,1.137928059528573,63.858032696209335,96.68487541779504,2.0,89.17,99.0,1.0,0.0,0.0,1.0,0.0,0.0
53777.0,45.792616049223575,1.5,100.0,100.0,2.0,157.554,89.0,1.0,0.0,0.0,0.0,0.0,0.0
58367.0,61.520520958975446,1.5,100.0,100.0,0.0,166.73399999999998,105.0,1.0,0.0,0.0,0.0,0.0,0.0
17332.0,51.022606752381634,1.3523042518944792,48.294276206278646,82.56580400427461,0.0,84.664,95.0,1.0,0.0,1.0,0.0,0.0,1.0
38820.0,28.47117807958995,1.5,100.0,100.0,1.0,127.64,81.0,1.0,0.0,0.0,1.0,0.0,0.0
10187.0,41.06306832450505,1.3594354025419029,34.11764778587968,51.94983617028463,2.0,70.374,179.0,1.0,0.0,0.0,0.0,0.0,0.0
27022.0,32.2072311666396,1.5,96.27366212449031,100.0,2.0,104.044,100.0,1.0,0.0,0.0,0.0,0.0,0.0
24098.0,48.137303854934025,1.3135774223391528,73.82484516486764,100.0,1.0,98.196,110.0,1.0,0.0,0.0,0.0,0.0,0.0
22512.0,49.19843490243363,1.3530825013577807,66.67737476048887,100.0,2.0,95.024,84.0,1.0,0.0,0.0,0.0,0.0,0.0
29570.0,38.202292308181015,1.5,100.0,100.0,0.0,109.14,111.0,1.0,0.0,0.0,0.0,0.0,0.0
46041.0,32.19472601254786,1.5,100.0,100.0,0.0,142.082,102.0,1.0,0.0,0.0,0.0,0.0,0.0
47166.0,33.84273964577161,1.5,100.0,100.0,6.0,144.332,112.0,1.0,1.0,0.0,0.0,0.0,1.0
26479.0,28.887674095873045,1.5,89.22807168085265,100.0,3.0,102.958,99.0,1.0,0.0,0.0,0.0,0.0,0.0
28356.0,48.99915866899968,1.5,100.0,100.0,3.0,106.712,92.0,1.0,0.0,0.0,0.0,0.0,0.0
24848.0,31.130068467041,1.3218639364342732,88.48021903182764,100.0,4.0,99.696,115.0,1.0,0.0,1.0,0.0,0.0,0.0
23436.0,46.64911088668465,1.2410316669853128,72.39403238901345,100.0,2.0,96.872,112.0,1.0,0.0,0.0,0.0,0.0,1.0
15597.0,21.780773807279346,1.346290932331217,57.32536753848206,74.94442441208223,0.0,81.194,123.0,1.0,0.0,0.0,0.0,0.0,0.0
28435.0,40.81288203735271,1.5,95.02173704825503,100.0,3.0,106.87,103.0,1.0,1.0,0.0,0.0,0.0,0.0
6451.0,41.322423594669566,1.1080938220016905,17.615288452920336,31.809430554291843,1.0,62.902,214.0,1.0,0.0,0.0,0.0,0.0,0.0
43569.0,41.20494886081952,1.5,100.0,100.0,1.0,137.138,83.0,0.0,0.0,1.0,0.0,0.0,0.0
11825.0,50.97538844172483,1.2484703170607991,37.69507863906317,56.25915734028914,3.0,73.65,202.0,0.0,0.0,0.0,1.0,0.0,1.0
23308.0,47.101267355221,1.2683480581351765,75.89703634175083,100.0,4.0,96.616,94.0,0.0,0.0,0.0,0.0,0.0,0.0
30699.0,23.551841928162386,1.5,100.0,100.0,3.0,111.398,90.0,0.0,0.0,0.0,0.0,0.0,0.0
13028.0,47.86130466120266,1.006449671494532,48.86161556065386,64.75625736509066,1.0,76.056,191.0,0.0,0.0,0.0,0.0,0.0,0.0
32802.0,26.21944892502652,1.5,100.0,100.0,0.0,115.604,91.0,0.0,0.0,1.0,0.0,0.0,1.0
38877.0,20.0,1.5,100.0,100.0,1.0,127.754,86.0,0.0,0.0,0.0,0.0,0.0,0.0
39818.0,45.51172508211757,1.5,100.0,100.0,3.0,129.636,89.0,0.0,0.0,0.0,0.0,0.0,0.0
33706.0,26.722818408840176,1.5,100.0,100.0,2.0,117.412,91.0,0.0,0.0,0.0,0.0,0.0,0.0
11398.0,38.03077081279049,1.3828154804606645,31.417082749303503,53.68938823263961,0.0,72.79599999999999,214.0,0.0,0.0,1.0,0.0,0.0,0.0
12157.0,37.67470213920871,1.0964966665381168,31.08669417114572,56.55073720651262,0.0,74.314,201.0,0.0,0.0,0.0,1.0,0.0,0.0
45099.0,26.36822962852914,1.5,100.0,100.0,0.0,140.19799999999998,89.0,0.0,1.0,0.0,0.0,0.0,0.0
22159.0,48.12904996484926,1.0841475533258658,69.62839249581278,100.0,0.0,94.318,97.0,0.0,0.0,0.0,0.0,1.0,0.0
14274.0,37.74147725145173,1.0052928059549548,54.81838319336747,73.17934850100686,0.0,78.548,174.0,0.0,1.0,0.0,0.0,0.0,0.0
32197.0,36.99944790971189,1.5,100.0,100.0,1.0,114.394,94.0,0.0,0.0,0.0,0.0,0.0,0.0
27180.0,35.20036306137454,1.5,87.36060017796709,100.0,2.0,104.36,96.0,0.0,0.0,0.0,0.0,0.0,0.0
36593.0,42.30365346985596,1.5,100.0,100.0,0.0,123.186,99.0,0.0,0.0,1.0,0.0,0.0,1.0
42166.0,42.565117689514615,1.5,100.0,100.0,2.0,134.332,105.0,0.0,0.0,0.0,0.0,0.0,0.0
36642.0,36.55250900583782,1.5,100.0,100.0,0.0,123.284,97.0,0.0,1.0,0.0,0.0,0.0,0.0
23995.0,45.660292529841264,1.28507212869433,73.55339773123767,100.0,2.0,97.99,114.0,0.0,0.0,0.0,1.0,0.0,0.0
28917.0,34.50919162165476,1.5,100.0,100.0,2.0,107.834,93.0,0.0,0.0,0.0,0.0,0.0,0.0
39901.0,48.59586436031694,1.5,100.0,100.0,0.0,129.80200000000002,110.0,0.0,0.0,0.0,0.0,0.0,0.0
36394.0,37.754083047409424,1.5,100.0,100.0,2.0,122.788,114.0,0.0,0.0,0.0,0.0,0.0,0.0
34206.0,35.48710280914528,1.5,100.0,100.0,0.0,118.412,101.0,0.0,0.0,0.0,0.0,0.0,0.0
16639.0,48.39809386598533,1.2609509679180844,49.02173663463992,87.39906562128647,1.0,83.27799999999999,88.0,0.0,0.0,1.0,0.0,0.0,0.0
40125.0,20.0,1.5,100.0,100.0,1.0,130.25,102.0,0.0,0.0,0.0,0.0,0.0,0.0
5657.0,44.00450477759112,1.1409493226257,18.353005737988525,26.86278697457706,1.0,61.314,206.0,0.0,0.0,0.0,0.0,0.0,0.0
25260.0,26.49071309717943,1.5,79.67782967018327,100.0,0.0,100.52,128.0,0.0,0.0,0.0,0.0,0.0,0.0
12850.0,51.70753006657618,1.116410681507248,35.84545249157682,63.5019713271406,0.0,75.7,190.0,0.0,0.0,0.0,0.0,0.0,0.0
37387.0,55.77208973731345,1.5,100.0,100.0,1.0,124.774,104.0,0.0,0.0,0.0,0.0,0.0,0.0
5220.0,65.27652629329543,1.049248187297736,24.59028114333077,26.067654303919863,0.0,60.44,189.0,0.0,0.0,0.0,0.0,0.0,0.0
19234.0,50.1124775808331,1.3157720393743042,56.548777737313216,93.79777858823071,0.0,88.468,108.0,0.0,0.0,0.0,0.0,0.0,0.0
34886.0,36.70973987590624,1.5,100.0,100.0,1.0,119.772,111.0,0.0,0.0,0.0,0.0,0.0,0.0
27411.0,48.334606432081095,1.5,85.81194899647764,100.0,1.0,104.822,118.0,0.0,0.0,1.0,0.0,0.0,0.0
19999.0,43.156906065227794,1.0355699692906006,76.21929726932582,100.0,3.0,89.99799999999999,105.0,0.0,0.0,1.0,0.0,0.0,1.0
57812.0,22.684852064564712,1.5,100.0,100.0,4.0,165.624,96.0,0.0,0.0,0.0,0.0,0.0,0.0
50886.0,34.35761733910084,1.5,100.0,100.0,2.0,151.772,94.0,0.0,0.0,0.0,0.0,0.0,1.0
23205.0,39.77333039528759,1.0619835993376765,77.49035144318333,100.0,2.0,96.41,95.0,0.0,0.0,0.0,0.0,0.0,0.0
38332.0,23.920250048798813,1.5,100.0,100.0,1.0,126.664,95.0,0.0,1.0,0.0,0.0,0.0,0.0
26473.0,30.29130380006088,1.5,89.46489076894687,100.0,2.0,102.946,87.0,0.0,0.0,1.0,0.0,0.0,0.0
20853.0,46.79540756861192,1.0124015010414826,59.95085091578582,100.0,0.0,91.706,108.0,0.0,0.0,0.0,0.0,0.0,0.0
15537.0,28.89695862608441,1.2531729037278576,53.25348870956538,78.2932693685406,2.0,81.074,85.0,0.0,0.0,0.0,1.0,0.0,1.0
28589.0,47.48710430212642,1.5,88.54296020259025,100.0,4.0,107.178,97.0,0.0,0.0,1.0,0.0,0.0,0.0
45304.0,38.41439238635191,1.5,100.0,100.0,3.0,140.608,100.0,0.0,0.0,0.0,0.0,1.0,1.0
24031.0,49.2690689165046,1.1367128250942775,73.35280387770308,100.0,0.0,98.062,119.0,0.0,0.0,0.0,0.0,0.0,0.0
15312.0,55.28577889624113,1.1305416614083588,44.10437825473689,78.95050811571154,1.0,80.624,95.0,0.0,0.0,0.0,0.0,0.0,0.0
21699.0,35.69563197014526,1.2872302305673875,77.622098348131,100.0,1.0,93.398,99.0,0.0,0.0,0.0,0.0,0.0,0.0
5816.0,38.15665556485622,1.3166556255771091,26.39904181894869,26.764714614653887,1.0,61.632,202.0,0.0,0.0,0.0,0.0,0.0,0.0
20999.0,44.63802971056292,1.10805523847546,68.12868371181962,100.0,1.0,91.998,118.0,0.0,0.0,0.0,0.0,0.0,0.0
28173.0,33.51997932957755,1.5,91.12384368564324,100.0,1.0,106.346,92.0,0.0,0.0,0.0,0.0,0.0,1.0
34303.0,41.82070246774024,1.5,100.0,100.0,1.0,118.606,104.0,1.0,0.0,1.0,0.0,0.0,0.0
49247.0,26.251814230572137,1.5,100.0,100.0,3.0,148.494,113.0,1.0,0.0,1.0,0.0,0.0,0.0
25046.0,40.76356850682578,1.5,90.57351208773416,100.0,0.0,100.092,105.0,1.0,1.0,0.0,0.0,0.0,0.0
64609.0,44.85248272062094,1.5,100.0,100.0,2.0,179.218,112.0,1.0,0.0,0.0,0.0,0.0,0.0
67805.0,31.982684801557696,1.5,100.0,100.0,1.0,185.61,118.0,1.0,0.0,0.0,1.0,0.0,0.0
40113.0,35.06286189891486,1.5,100.0,100.0,2.0,130.226,101.0,1.0,1.0,0.0,0.0,0.0,0.0
11854.0,51.295698439532366,1.0951142799183209,32.49205510202916,56.83391419649932,1.0,73.708,234.0,1.0,0.0,0.0,0.0,0.0,1.0
18555.0,55.36057801757611,1.3372832106460493,63.25954976970391,90.0489756390569,0.0,87.11,93.0,1.0,0.0,0.0,0.0,0.0,0.0
26533.0,40.57563774625768,1.5,98.07786080185691,100.0,0.0,103.066,103.0,1.0,0.0,0.0,0.0,0.0,0.0
39759.0,38.80922367034106,1.5,100.0,100.0,0.0,129.518,105.0,1.0,0.0,0.0,0.0,0.0,0.0
8985.0,46.69944770247241,1.290512342326373,23.426554350495888,40.44546888636763,1.0,67.97,207.0,1.0,0.0,0.0,0.0,0.0,0.0
32299.0,45.18441339803531,1.5,99.5453761976154,100.0,4.0,114.598,116.0,1.0,0.0,0.0,0.0,0.0,0.0
11570.0,48.00247532660995,1.0353647020976535,30.31366247069897,59.29317280903371,0.0,73.14,186.0,1.0,0.0,0.0,0.0,0.0,0.0
26027.0,35.41148069400878,1.5,92.26416058108772,100.0,1.0,102.054,96.0,1.0,0.0,0.0,1.0,0.0,0.0
21814.0,48.35384946920659,1.3358789951566268,72.78145199998842,100.0,2.0,93.628,89.0,1.0,0.0,1.0,0.0,0.0,0.0
14004.0,23.6571765995201,1.3355553540927831,40.57328022447872,65.67268318523959,1.0,78.008,197.0,1.0,0.0,0.0,0.0,0.0,1.0
62000.0,30.57278835942937,1.5,100.0,100.0,3.0,174.0,95.0,1.0,0.0,0.0,0.0,0.0,0.0
29433.0,31.427582491458345,1.5,100.0,100.0,2.0,108.866,106.0,1.0,0.0,0.0,1.0,0.0,0.0
53342.0,34.70215702428158,1.5,100.0,100.0,4.0,156.684,120.0,1.0,0.0,0.0,0.0,0.0,0.0
30152.0,20.0,1.5,99.8874923427876,100.0,3.0,110.304,97.0,1.0,0.0,0.0,0.0,0.0,0.0
14825.0,45.17852458721367,1.3089578962339845,53.94025820876781,73.50497825481678,0.0,79.65,183.0,1.0,0.0,0.0,0.0,0.0,0.0
13835.0,62.02910105915379,1.310913863663522,37.95652225896276,67.33569179883479,0.0,77.67,212.0,1.0,0.0,0.0,0.0,0.0,0.0
39046.0,23.006028950290386,1.5,100.0,100.0,2.0,128.09199999999998,87.0,0.0,0.0,0.0,0.0,0.0,0.0
26820.0,35.499459167146085,1.5,82.68977311537067,100.0,2.0,103.64,91.0,0.0,0.0,1.0,0.0,0.0,0.0
21415.0,58.38752498399281,1.3852703649799183,68.43268267452407,100.0,1.0,92.83,108.0,0.0,1.0,0.0,0.0,0.0,0.0
44934.0,32.94465813587442,1.5,100.0,100.0,1.0,139.868,88.0,0.0,0.0,0.0,0.0,0.0,0.0
32488.0,20.0,1.5,100.0,100.0,2.0,114.976,104.0,0.0,0.0,0.0,0.0,1.0,0.0
39046.0,35.80557651918343,1.5,100.0,100.0,1.0,128.09199999999998,116.0,0.0,0.0,0.0,0.0,0.0,0.0
31238.0,39.501739456994784,1.5,100.0,100.0,2.0,112.476,106.0,0.0,0.0,1.0,0.0,0.0,0.0
10930.0,65.45965811026085,1.2017852385940824,30.56653521560873,54.59402504659365,0.0,71.86,213.0,0.0,0.0,0.0,0.0,1.0,0.0
12128.0,46.98713463339892,1.0886400976578825,34.95389588812621,62.50662177828409,1.0,74.256,197.0,0.0,0.0,1.0,0.0,0.0,0.0
37149.0,43.14635803026772,1.5,100.0,100.0,3.0,124.298,88.0,0.0,0.0,1.0,0.0,0.0,0.0
44748.0,31.26061030978792,1.5,100.0,100.0,3.0,139.49599999999998,107.0,0.0,0.0,0.0,0.0,0.0,0.0
8277.0,49.26360286308039,1.3265345686168677,29.233671839570444,43.08507348048515,0.0,66.554,208.0,0.0,0.0,0.0,0.0,0.0,0.0
9548.0,55.36368701678305,1.2033074473543477,35.569927559297,52.048910110739605,0.0,69.096,206.0,0.0,0.0,0.0,1.0,0.0,0.0
33454.0,33.407211878048315,1.5,100.0,100.0,3.0,116.908,107.0,0.0,0.0,0.0,0.0,0.0,0.0
6436.0,22.932790137921295,1.0332113384872494,14.217003362314497,32.43430922764682,1.0,62.872,203.0,0.0,0.0,0.0,0.0,0.0,0.0
24036.0,52.754010813828096,1.0602087675221856,83.48837295489835,100.0,0.0,98.072,112.0,0.0,0.0,0.0,0.0,0.0,0.0
31045.0,20.0,1.5,100.0,100.0,0.0,112.09,91.0,0.0,0.0,0.0,0.0,0.0,0.0
60867.0,31.312334341642547,1.5,100.0,100.0,4.0,171.73399999999998,85.0,0.0,0.0,0.0,0.0,0.0,0.0
29343.0,39.15340371004872,1.5,100.0,100.0,2.0,108.686,82.0,0.0,0.0,0.0,0.0,0.0,1.0
24882.0,42.23738914503723,1.2429751256151964,78.00749569065098,100.0,1.0,99.764,109.0,0.0,1.0,0.0,0.0,0.0,0.0
25362.0,54.33381334673638,1.5,75.84507335780431,100.0,2.0,100.724,104.0,0.0,0.0,0.0,0.0,0.0,0.0
27517.0,28.18609513240687,1.5,95.51537787443594,100.0,3.0,105.034,84.0,0.0,0.0,0.0,0.0,0.0,0.0
9801.0,36.34911605751386,1.3229618823566975,22.75079434893252,45.06889114495134,2.0,69.602,194.0,0.0,0.0,0.0,0.0,0.0,0.0
42666.0,22.319218121737507,1.5,100.0,100.0,1.0,135.332,95.0,0.0,0.0,1.0,0.0,0.0,0.0
11437.0,34.59000990898983,1.318963899173771,34.14179132437283,55.97707239061014,0.0,72.874,213.0,0.0,0.0,0.0,0.0,0.0,1.0
34557.0,37.77160902420045,1.5,100.0,100.0,7.0,119.114,99.0,0.0,0.0,0.0,0.0,0.0,0.0
49784.0,31.398800698072872,1.5,100.0,100.0,1.0,149.56799999999998,107.0,0.0,0.0,0.0,0.0,0.0,0.0
28038.0,37.06358812264717,1.5,97.36990039528628,100.0,7.0,106.076,96.0,0.0,0.0,1.0,0.0,0.0,1.0
6976.0,32.49778827348348,1.035667471942719,30.279717085739996,36.79782139160008,0.0,63.952,205.0,0.0,0.0,1.0,0.0,0.0,0.0
41088.0,38.550237462911255,1.5,100.0,100.0,1.0,132.176,83.0,0.0,0.0,0.0,0.0,0.0,0.0
44993.0,30.523802559826382,1.5,100.0,100.0,3.0,139.986,101.0,0.0,0.0,0.0,0.0,0.0,0.0
29243.0,37.10204044583665,1.5,100.0,100.0,3.0,108.486,96.0,0.0,0.0,0.0,0.0,0.0,0.0
37059.0,36.24287085244652,1.5,100.0,100.0,4.0,124.118,103.0,0.0,0.0,0.0,0.0,0.0,1.0
9435.0,68.99070646986311,1.1464194306203213,28.562529738789763,50.77027157621865,0.0,68.87,214.0,0.0,0.0,0.0,0.0,0.0,0.0
18995.0,34.42831393791548,1.2181582589804876,57.577048185994286,98.89701070285436,0.0,87.99000000000001,111.0,0.0,0.0,0.0,0.0,0.0,0.0
23627.0,35.06227086391175,1.148864521507445,80.66354218393445,100.0,2.0,97.254,95.0,0.0,0.0,0.0,0.0,0.0,0.0
43484.0,20.0,1.5,100.0,100.0,2.0,136.96800000000002,86.0,0.0,0.0,0.0,1.0,0.0,0.0
23470.0,44.54221641776782,1.213264928245147,75.40211579768847,100.0,1.0,96.94,81.0,0.0,0.0,0.0,1.0,0.0,0.0
40571.0,25.254547301424303,1.5,100.0,100.0,1.0,131.142,104.0,0.0,0.0,0.0,0.0,0.0,0.0
27451.0,44.16284069763253,1.5,100.0,100.0,1.0,104.902,101.0,0.0,0.0,1.0,0.0,0.0,1.0
44053.0,29.383733400745733,1.5,100.0,100.0,3.0,138.106,89.0,0.0,0.0,1.0,0.0,0.0,0.0
9469.0,52.41760455761055,1.316325627358979,32.74798238718611,52.08253609877433,0.0,68.938,217.0,1.0,0.0,1.0,0.0,0.0,0.0
33434.0,25.59274351072477,1.5,100.0,100.0,4.0,116.868,118.0,1.0,1.0,0.0,0.0,0.0,0.0
22870.0,42.79682641497628,1.2791860357291935,77.67876921370966,100.0,1.0,95.74,112.0,1.0,0.0,1.0,0.0,0.0,0.0
49533.0,57.26154755321565,1.5,100.0,100.0,5.0,149.066,96.0,1.0,0.0,0.0,1.0,0.0,0.0
11772.0,44.24224812934094,1.2579339346240457,31.328164738271575,57.82166805986112,1.0,73.544,225.0,1.0,0.0,0.0,0.0,0.0,0.0
33442.0,38.545667730264114,1.5,100.0,100.0,1.0,116.884,95.0,1.0,0.0,0.0,0.0,0.0,0.0
50950.0,20.994545179782264,1.5,100.0,100.0,2.0,151.9,82.0,1.0,0.0,0.0,0.0,0.0,0.0
24583.0,38.15306596784917,1.0938017547962045,86.54457454095414,100.0,2.0,99.166,105.0,1.0,0.0,0.0,0.0,0.0,1.0
19291.0,40.43904882862229,1.3629996531286055,73.69012675325834,91.7857605646309,4.0,88.582,96.0,1.0,0.0,0.0,0.0,1.0,1.0
15329.0,49.7229688146964,1.2339616810061764,50.30010583385268,71.7942088801961,0.0,80.658,115.0,1.0,0.0,0.0,0.0,0.0,0.0
24689.0,41.1469604318344,1.2646402642394552,85.00444678326029,100.0,3.0,99.378,103.0,1.0,0.0,0.0,0.0,0.0,0.0
25999.0,37.681738070952136,1.5,77.34848339194498,100.0,2.0,101.998,112.0,1.0,1.0,0.0,0.0,0.0,0.0
49334.0,30.45702481326614,1.5,100.0,100.0,2.0,148.668,109.0,1.0,1.0,0.0,0.0,0.0,0.0
14052.0,21.29613946826226,1.1090995814761415,42.71483810948985,72.35825300492749,0.0,78.104,190.0,1.0,0.0,0.0,0.0,0.0,0.0
15571.0,54.50961494925366,1.10244759946213,47.27347923827466,77.77729043735167,1.0,81.142,94.0,1.0,0.0,0.0,1.0,0.0,1.0
42166.0,32.09036244435901,1.5,100.0,100.0,1.0,134.332,105.0,1.0,0.0,0.0,1.0,0.0,0.0
20504.0,46.34724403769125,1.3488726047739878,58.7573340383299,100.0,0.0,91.008,99.0,1.0,0.0,0.0,0.0,0.0,0.0
18614.0,44.11958052743915,1.2530314826625202,67.32092417518896,92.40765860884235,0.0,87.22800000000001,103.0,1.0,0.0,0.0,0.0,0.0,0.0
40579.0,49.617963561970654,1.5,100.0,100.0,6.0,131.15800000000002,90.0,1.0,0.0,0.0,1.0,0.0,0.0
25778.0,31.42848008347204,1.5,76.3618145986137,100.0,3.0,101.556,94.0,1.0,0.0,1.0,0.0,0.0,1.0
19835.0,64.88172158730649,1.369144885394017,65.78408780814836,98.84343396441795,0.0,89.67,106.0,1.0,0.0,0.0,0.0,0.0,0.0
23616.0,40.67577335660323,1.1368602872066451,88.13880044474361,100.0,4.0,97.232,105.0,1.0,0.0,0.0,0.0,0.0,0.0
24906.0,49.17532943953248,1.1155102398318195,88.49621368422795,100.0,2.0,99.812,102.0,1.0,0.0,1.0,0.0,0.0,0.0
39225.0,39.80357653194434,1.5,100.0,100.0,1.0,128.45,83.0,0.0,0.0,0.0,0.0,0.0,0.0
40559.0,32.51911195574894,1.5,100.0,100.0,2.0,131.118,96.0,0.0,0.0,0.0,0.0,0.0,0.0
26278.0,27.39199127235601,1.5,88.59779671167169,100.0,1.0,102.556,97.0,0.0,0.0,0.0,0.0,0.0,0.0
30037.0,30.11634622075407,1.5,100.0,100.0,2.0,110.074,91.0,0.0,0.0,0.0,0.0,0.0,0.0
14752.0,40.359508728509454,1.2294306475562389,57.91084434258059,69.79248300315143,1.0,79.504,194.0,0.0,0.0,0.0,0.0,0.0,0.0
38891.0,30.36257928668057,1.5,100.0,100.0,1.0,127.782,106.0,0.0,0.0,0.0,0.0,0.0,0.0
39520.0,31.973252986626747,1.5,100.0,100.0,2.0,129.04000000000002,93.0,0.0,0.0,0.0,0.0,0.0,0.0
24387.0,30.51896384886174,1.2191781287458634,79.8392124270209,100.0,3.0,98.774,112.0,0.0,0.0,0.0,0.0,0.0,0.0
27215.0,36.23314712908768,1.5,92.6679460197097,100.0,1.0,104.43,90.0,0.0,0.0,0.0,0.0,0.0,0.0
49234.0,22.99405234151159,1.5,100.0,100.0,3.0,148.46800000000002,93.0,0.0,0.0,0.0,0.0,0.0,1.0
44915.0,23.654028203521897,1.5,100.0,100.0,2.0,139.82999999999998,106.0,0.0,0.0,0.0,0.0,0.0,0.0
56420.0,37.53280463559773,1.5,100.0,100.0,2.0,162.84,98.0,0.0,0.0,0.0,0.0,0.0,0.0
13061.0,24.021536527351405,1.2713093877111046,36.99828760972581,61.83774294556606,0.0,76.122,204.0,0.0,0.0,0.0,0.0,1.0,0.0
12632.0,52.6789734416716,1.1250182496600805,41.42008694752744,65.23633961472261,0.0,75.264,208.0,0.0,0.0,1.0,0.0,0.0,1.0
24733.0,44.36173567914869,1.1642803476103374,91.662187129459,100.0,2.0,99.466,91.0,0.0,0.0,0.0,0.0,0.0,0.0
19338.0,46.43995542576438,1.30723465011071,58.2123074035875,98.52924384601572,1.0,88.676,106.0,0.0,0.0,0.0,0.0,0.0,0.0
33481.0,40.3852281044846,1.5,100.0,100.0,2.0,116.962,103.0,0.0,0.0,0.0,0.0,0.0,0.0
35701.0,34.835168592353014,1.5,100.0,100.0,2.0,121.402,94.0,0.0,0.0,0.0,0.0,0.0,0.0
36050.0,20.0,1.5,100.0,100.0,0.0,122.1,100.0,0.0,0.0,0.0,0.0,0.0,0.0
48794.0,41.42541028967752,1.5,100.0,100.0,1.0,147.588,100.0,0.0,0.0,0.0,0.0,0.0,0.0
32427.0,36.030161932804624,1.5,100.0,100.0,2.0,114.854,100.0,0.0,1.0,0.0,0.0,0.0,0.0
7425.0,39.63517265457424,1.2353399313584053,33.165224979834214,35.287265204625434,1.0,64.85,183.0,0.0,0.0,0.0,0.0,0.0,0.0
46333.0,33.17976483889325,1.5,100.0,100.0,4.0,142.666,95.0,0.0,0.0,0.0,0.0,0.0,0.0
45660.0,41.10606389901429,1.5,100.0,100.0,1.0,141.32,103.0,0.0,0.0,1.0,0.0,0.0,0.0
43866.0,35.05913171166504,1.5,100.0,100.0,3.0,137.732,111.0,0.0,0.0,0.0,0.0,1.0,0.0
39330.0,38.73851114957549,1.5,100.0,100.0,5.0,128.66,87.0,0.0,0.0,0.0,0.0,0.0,0.0
26258.0,34.076020678149106,1.5,79.3596507295277,100.0,2.0,102.516,101.0,0.0,1.0,0.0,0.0,0.0,0.0
37301.0,30.745785318514216,1.5,100.0,100.0,3.0,124.602,106.0,0.0,0.0,1.0,0.0,0.0,0.0
19603.0,39.49090260823198,1.3950770622939743,59.39830861561882,96.03191597459796,1.0,89.206,110.0,0.0,1.0,0.0,0.0,0.0,0.0
13924.0,45.42207554710694,1.372655260650646,55.562845523969926,70.42800815510847,1.0,77.848,200.0,0.0,0.0,0.0,0.0,0.0,0.0
30341.0,44.8963173124594,1.5,92.94200186592845,100.0,2.0,110.682,101.0,0.0,0.0,0.0,0.0,0.0,0.0
23702.0,51.39641347000226,1.0758185107705704,86.78181143989715,100.0,4.0,97.404,117.0,0.0,0.0,0.0,0.0,0.0,1.0
65056.0,50.28771406512787,1.5,100.0,100.0,2.0,180.112,78.0,0.0,1.0,0.0,0.0,0.0,0.0
15674.0,37.49366629853728,1.077024627784107,61.67078705554181,77.03704533540888,0.0,81.348,102.0,0.0,0.0,1.0,0.0,0.0,0.0
37518.0,25.677104988321915,1.5,100.0,100.0,1.0,125.036,85.0,0.0,0.0,0.0,0.0,0.0,0.0
27223.0,41.46741198260757,1.5,93.68015377577964,100.0,3.0,104.446,105.0,0.0,1.0,0.0,0.0,0.0,0.0
21504.0,34.26873842916457,1.036188496394323,62.60906031322761,100.0,1.0,93.008,110.0,0.0,0.0,0.0,0.0,0.0,0.0
28488.0,40.77703001444599,1.5,92.8589650326748,100.0,3.0,106.976,91.0,0.0,0.0,0.0,0.0,0.0,1.0
31397.0,42.96488950022208,1.5,100.0,100.0,2.0,112.794,116.0,0.0,0.0,1.0,0.0,0.0,0.0
40598.0,20.0,1.5,100.0,100.0,0.0,131.196,99.0,0.0,0.0,0.0,0.0,0.0,0.0
15283.0,50.838252730380326,1.1542837724832604,42.97896218164863,71.88137757149403,1.0,80.566,98.0,0.0,0.0,1.0,0.0,0.0,0.0
32396.0,36.95460317071306,1.5,99.99441973970028,100.0,1.0,114.792,101.0,0.0,0.0,0.0,1.0,0.0,0.0
14891.0,44.85519979888265,1.15306503574524,55.182333869299526,70.7400324397731,1.0,79.782,200.0,0.0,1.0,0.0,0.0,0.0,1.0
15091.0,37.62504787501284,1.2295035469197897,41.87902128806324,77.70740156585369,0.0,80.182,95.0,0.0,0.0,0.0,0.0,0.0,0.0
38019.0,27.37202130555561,1.5,100.0,100.0,2.0,126.038,108.0,0.0,1.0,0.0,0.0,0.0,0.0
37161.0,38.40710654598364,1.5,100.0,100.0,2.0,124.322,91.0,0.0,0.0,0.0,0.0,0.0,0.0
26603.0,36.958929000827546,1.5,94.95336019105714,100.0,1.0,103.206,85.0,0.0,0.0,0.0,0.0,0.0,0.0
22122.0,27.47946997916048,1.1364228968148136,81.02803788265918,100.0,2.0,94.244,92.0,0.0,0.0,0.0,0.0,0.0,0.0
21431.0,46.346940332028176,1.051080478733261,66.89513902542647,100.0,2.0,92.862,108.0,1.0,0.0,0.0,0.0,0.0,0.0
39366.0,26.87084818158608,1.5,100.0,100.0,3.0,128.732,94.0,1.0,0.0,0.0,0.0,1.0,0.0
7355.0,53.992195574766725,1.0574766594853875,16.823334743579455,32.846383313745015,0.0,64.71000000000001,208.0,1.0,0.0,1.0,0.0,0.0,1.0
53939.0,23.96707729844718,1.5,100.0,100.0,1.0,157.878,109.0,1.0,0.0,0.0,0.0,0.0,0.0
33999.0,49.174702362177634,1.5,100.0,100.0,2.0,117.998,104.0,1.0,0.0,0.0,0.0,0.0,0.0
33513.0,46.99549990559835,1.5,100.0,100.0,4.0,117.026,98.0,1.0,1.0,0.0,0.0,0.0,0.0
29668.0,41.48148831041616,1.5,89.67243557271077,100.0,2.0,109.336,112.0,1.0,0.0,0.0,0.0,0.0,0.0
48932.0,34.97076451359605,1.5,100.0,100.0,0.0,147.864,94.0,1.0,0.0,0.0,0.0,0.0,0.0
23616.0,54.15210336877638,1.2261402628678777,77.86137109709315,100.0,2.0,97.232,93.0,1.0,0.0,0.0,0.0,0.0,0.0
59519.0,32.000532988170505,1.5,100.0,100.0,0.0,169.038,103.0,1.0,0.0,0.0,0.0,0.0,0.0
26436.0,38.22559530693757,1.5,84.12826893607462,100.0,3.0,102.872,80.0,1.0,0.0,0.0,0.0,0.0,0.0
21675.0,49.49832408325268,1.3304438973431985,64.92928951781184,100.0,1.0,93.35,100.0,1.0,0.0,0.0,0.0,0.0,0.0
38498.0,25.26403810624766,1.5,100.0,100.0,1.0,126.996,78.0,1.0,0.0,0.0,0.0,1.0,0.0
17867.0,50.44644597426783,1.1409609705041208,52.07777873024942,86.00063613669134,1.0,85.73400000000001,103.0,1.0,1.0,0.0,0.0,0.0,0.0
18052.0,51.93178089961058,1.3306693092477746,67.76666390731616,89.40393058003104,0.0,86.104,106.0,1.0,0.0,0.0,0.0,0.0,0.0
24505.0,45.10263679172857,1.188341635464732,80.72681565344875,100.0,1.0,99.01,112.0,1.0,0.0,0.0,0.0,0.0,0.0
37032.0,42.514008515268,1.5,100.0,100.0,5.0,124.064,94.0,0.0,0.0,0.0,0.0,0.0,0.0
26223.0,20.0,1.5,92.69405927586574,100.0,1.0,102.446,104.0,0.0,0.0,0.0,0.0,0.0,0.0
21742.0,45.21288435516553,1.2514144816916923,66.6658784364577,100.0,1.0,93.484,83.0,0.0,0.0,0.0,0.0,0.0,0.0
15671.0,38.36632627661477,1.337570013147555,56.2673917610032,77.68774072357154,1.0,81.342,81.0,0.0,0.0,1.0,0.0,0.0,0.0
13876.0,32.60976531429665,1.3425413488716662,38.9910149437032,64.71300589771077,0.0,77.752,189.0,0.0,0.0,0.0,0.0,0.0,0.0
26502.0,26.109847241008907,1.5,97.97735313905665,100.0,3.0,103.004,114.0,0.0,1.0,0.0,0.0,0.0,0.0
14965.0,45.57780360858754,1.3271850894514534,42.57386953628506,71.49106305445903,0.0,79.93,206.0,0.0,0.0,0.0,0.0,1.0,0.0
34594.0,36.25974343289985,1.5,100.0,100.0,2.0,119.188,106.0,0.0,0.0,1.0,0.0,0.0,0.0
23168.0,45.91137668104407,1.1335370829679867,74.14275827474047,100.0,3.0,96.336,100.0,0.0,0.0,1.0,0.0,0.0,0.0
46757.0,33.94860728502779,1.5,100.0,100.0,4.0,143.514,110.0,0.0,0.0,1.0,0.0,0.0,0.0
15688.0,64.14044664658051,1.0975198032970543,47.969608315115536,80.08211217633772,0.0,81.376,109.0,0.0,1.0,0.0,0.0,0.0,1.0
32461.0,45.5126891751559,1.5,100.0,100.0,2.0,114.922,90.0,0.0,0.0,1.0,0.0,0.0,0.0
30575.0,40.107729088106176,1.5,100.0,100.0,1.0,111.15,118.0,0.0,0.0,1.0,0.0,0.0,0.0
30943.0,49.75514910742424,1.5,95.64169746205248,100.0,2.0,111.886,84.0,0.0,0.0,0.0,0.0,0.0,1.0
6258.0,48.239003223787215,1.04841747989824,13.121837661756103,33.7144833639004,1.0,62.516,196.0,0.0,0.0,0.0,0.0,0.0,0.0
43108.0,36.21060794356799,1.5,100.0,100.0,1.0,136.216,101.0,0.0,0.0,0.0,0.0,0.0,0.0
28504.0,45.66932873019876,1.5,93.70288577192728,100.0,5.0,107.008,99.0,0.0,0.0,0.0,0.0,0.0,0.0
22414.0,51.32189757883487,1.1698901008809752,76.825933654541,100.0,1.0,94.828,89.0,0.0,0.0,1.0,0.0,0.0,0.0
27824.0,41.25903380748722,1.5,100.0,100.0,2.0,105.648,89.0,0.0,0.0,0.0,1.0,0.0,1.0
14912.0,31.642336230089285,1.1440720072643211,40.71356697474232,71.09441994307812,0.0,79.824,210.0,0.0,0.0,0.0,0.0,0.0,0.0
46292.0,41.09658486004932,1.5,100.0,100.0,1.0,142.584,100.0,0.0,0.0,0.0,0.0,0.0,0.0
22670.0,41.29015846772234,1.141039963792822,71.88891380327564,100.0,2.0,95.34,111.0,0.0,0.0,0.0,0.0,0.0,0.0
44444.0,20.0,1.5,100.0,100.0,0.0,138.888,110.0,0.0,0.0,0.0,1.0,0.0,0.0
15822.0,42.23952185304943,1.2817442144873443,54.11307757054794,82.29590198987465,1.0,81.644,89.0,0.0,0.0,0.0,0.0,0.0,0.0
34463.0,34.622744863491974,1.5,100.0,100.0,3.0,118.926,106.0,0.0,0.0,0.0,0.0,0.0,0.0
51464.0,42.40632359985844,1.5,100.0,100.0,0.0,152.928,89.0,0.0,0.0,0.0,0.0,0.0,0.0
19770.0,51.867800885849306,1.3065617487617407,62.38667814810898,100.0,2.0,89.53999999999999,104.0,0.0,0.0,0.0,0.0,0.0,0.0
20612.0,30.365621858906263,1.1553757523979484,60.582942514545984,99.64418216206948,0.0,91.224,90.0,0.0,0.0,0.0,0.0,0.0,0.0
5627.0,57.0656191573193,1.1536343591077594,22.75997340728576,29.30162798124126,0.0,61.254,217.0,0.0,0.0,0.0,0.0,0.0,1.0
29553.0,35.50903441258936,1.5,100.0,100.0,9.0,109.106,98.0,0.0,0.0,0.0,0.0,0.0,0.0
21319.0,52.22301793128239,1.082855516770294,69.41490136206677,100.0,0.0,92.638,106.0,0.0,0.0,0.0,1.0,0.0,0.0
19448.0,27.84244682039709,1.3513672100409182,74.60823793797474,96.78808192741351,1.0,88.896,108.0,0.0,0.0,1.0,0.0,0.0,0.0
45697.0,31.740460796244072,1.5,100.0,100.0,2.0,141.394,96.0,0.0,0.0,1.0,0.0,0.0,1.0
27583.0,31.67194070471296,1.5,95.43259458481296,100.0,2.0,105.166,99.0,0.0,0.0,0.0,0.0,0.0,0.0
34572.0,24.856939968384527,1.5,100.0,100.0,4.0,119.144,107.0,0.0,0.0,0.0,1.0,0.0,0.0
40095.0,49.19736295141001,1.5,100.0,100.0,3.0,130.19,99.0,0.0,0.0,0.0,0.0,0.0,1.0
38728.0,32.71404124945757,1.5,100.0,100.0,2.0,127.456,89.0,0.0,0.0,1.0,0.0,0.0,0.0
27133.0,42.77834656862246,1.5,95.10230373946928,100.0,5.0,104.266,102.0,0.0,0.0,0.0,0.0,0.0,0.0
19252.0,49.03156547760306,1.1830935088227907,68.23692228933449,98.38172385710271,0.0,88.50399999999999,82.0,0.0,0.0,0.0,0.0,0.0,1.0
16516.0,38.03201558016414,1.1259020448238186,60.321392881729096,82.55813869481005,0.0,83.032,107.0,0.0,0.0,0.0,0.0,0.0,0.0
20113.0,42.664740106462645,1.049493385463652,74.70889391572523,100.0,3.0,90.226,98.0,0.0,0.0,1.0,0.0,0.0,0.0
28957.0,37.3205336888582,1.5,94.33646499697342,100.0,2.0,107.914,104.0,0.0,0.0,0.0,0.0,0.0,0.0
33707.0,32.33168454156423,1.5,100.0,100.0,3.0,117.414,96.0,0.0,1.0,0.0,0.0,0.0,0.0
22872.0,58.03201581016616,1.0115377259817036,84.91255055491939,100.0,5.0,95.744,103.0,0.0,0.0,0.0,0.0,0.0,0.0
24346.0,34.71262247394787,1.2935680123950095,83.79510401069913,100.0,3.0,98.692,132.0,0.0,0.0,0.0,0.0,0.0,0.0
44007.0,20.0,1.5,100.0,100.0,1.0,138.014,104.0,0.0,0.0,0.0,0.0,0.0,0.0
30646.0,59.97852926406897,1.5,98.69609127883469,100.0,1.0,111.292,126.0,0.0,0.0,0.0,0.0,0.0,0.0
17164.0,26.389579908472854,1.3737546788157562,67.06364061401743,86.16971272175554,0.0,84.328,101.0,0.0,0.0,0.0,1.0,0.0,1.0
22344.0,64.22516994972149,1.1206931962164552,76.25287927166335,100.0,3.0,94.688,100.0,0.0,0.0,0.0,0.0,0.0,0.0
43863.0,26.482309148141283,1.5,100.0,100.0,1.0,137.726,96.0,0.0,0.0,0.0,0.0,0.0,0.0
28483.0,36.25752856128032,1.5,96.1237781340452,100.0,1.0,106.966,92.0,0.0,0.0,0.0,0.0,0.0,1.0
28641.0,30.7819034376444,1.5,92.80834201469376,100.0,1.0,107.282,100.0,0.0,0.0,0.0,0.0,0.0,0.0
21436.0,40.03363176138856,1.299035651768378,67.58139137829707,100.0,1.0,92.872,107.0,0.0,0.0,0.0,0.0,0.0,0.0
22817.0,34.522007787757474,1.1002058409407516,75.68539027377231,100.0,0.0,95.634,104.0,0.0,0.0,0.0,0.0,0.0,0.0
4471.0,59.231726158258745,1.305807962076043,5.160279008043586,18.73977149973116,0.0,58.942,185.0,0.0,0.0,0.0,0.0,0.0,0.0
38278.0,32.795208107018205,1.5,100.0,100.0,2.0,126.556,96.0,1.0,0.0,0.0,0.0,0.0,0.0
38129.0,35.824115094792376,1.5,100.0,100.0,1.0,126.258,98.0,1.0,0.0,0.0,1.0,0.0,0.0
29261.0,63.9331469135966,1.5,100.0,100.0,5.0,108.522,117.0,1.0,0.0,0.0,0.0,0.0,0.0
27569.0,48.22128219454885,1.5,90.57618261508271,100.0,2.0,105.138,97.0,1.0,0.0,0.0,0.0,0.0,0.0
48103.0,31.450366765438844,1.5,100.0,100.0,2.0,146.20600000000002,93.0,1.0,0.0,0.0,0.0,0.0,0.0
27319.0,26.62575549307929,1.5,82.70913324726328,100.0,2.0,104.638,92.0,1.0,0.0,1.0,0.0,0.0,0.0
25607.0,53.60158866487565,1.5,86.44291072446279,100.0,3.0,101.214,79.0,1.0,0.0,0.0,0.0,0.0,0.0
39435.0,40.99808610664775,1.5,100.0,100.0,1.0,128.87,90.0,1.0,0.0,1.0,0.0,0.0,0.0
26972.0,41.865028406644086,1.5,80.66354768857695,100.0,2.0,103.944,92.0,1.0,0.0,0.0,0.0,0.0,0.0
31492.0,37.22773656703514,1.5,97.96960232090952,100.0,1.0,112.984,91.0,1.0,0.0,1.0,0.0,0.0,0.0
19387.0,36.13879776529177,1.2300110109798994,72.39830031269321,94.12939092520736,2.0,88.774,93.0,1.0,0.0,0.0,0.0,0.0,0.0
17128.0,51.35783916139987,1.168196573376968,64.32941321651401,84.10702678568529,0.0,84.256,121.0,1.0,1.0,0.0,0.0,0.0,0.0
34061.0,22.61955092241628,1.5,100.0,100.0,1.0,118.122,110.0,1.0,0.0,0.0,0.0,0.0,0.0
30924.0,53.49245162402303,1.5,100.0,100.0,1.0,111.848,118.0,1.0,0.0,0.0,0.0,0.0,0.0
31354.0,36.431790885220536,1.5,100.0,100.0,2.0,112.708,97.0,1.0,0.0,0.0,0.0,0.0,0.0
42603.0,32.01169046358432,1.5,100.0,100.0,1.0,135.20600000000002,108.0,1.0,0.0,0.0,1.0,0.0,0.0
40896.0,40.18464887716626,1.5,100.0,100.0,1.0,131.792,97.0,1.0,1.0,0.0,0.0,0.0,0.0
46049.0,45.86439182628472,1.5,100.0,100.0,2.0,142.098,109.0,1.0,0.0,1.0,0.0,0.0,0.0
14742.0,44.50389617762178,1.0221851723667503,41.64909824407194,71.08760648756298,2.0,79.48400000000001,222.0,1.0,0.0,0.0,0.0,0.0,0.0
17462.0,37.74450390702169,1.0631781216033604,51.1014663468545,87.55467988550521,0.0,84.924,107.0,1.0,0.0,1.0,0.0,0.0,0.0
25914.0,31.639030972869023,1.5,91.88002568488773,100.0,1.0,101.828,80.0,1.0,0.0,0.0,0.0,0.0,0.0
21507.0,41.42007807838269,1.3154341284092337,68.37459104104241,100.0,0.0,93.014,107.0,1.0,0.0,0.0,0.0,0.0,0.0
31832.0,32.46686914360812,1.5,100.0,100.0,3.0,113.664,88.0,0.0,0.0,0.0,0.0,0.0,0.0
25068.0,48.83926177264203,1.5,79.98313341665032,100.0,1.0,100.136,79.0,0.0,0.0,0.0,0.0,1.0,0.0
15338.0,41.28942688534909,1.3117196794348442,46.01188464694239,73.88858164218053,0.0,80.676,100.0,0.0,0.0,0.0,0.0,0.0,0.0
14919.0,41.9015817851086,1.3735723404765707,42.63794781074912,73.2420970879115,0.0,79.838,194.0,0.0,0.0,0.0,0.0,0.0,0.0
29202.0,24.23180430096036,1.5,100.0,100.0,4.0,108.404,97.0,0.0,0.0,0.0,0.0,0.0,0.0
32935.0,43.36612571971968,1.5,100.0,100.0,5.0,115.87,93.0,0.0,0.0,0.0,0.0,0.0,0.0
19656.0,51.38510950613825,1.1777310804132617,61.77920730107364,94.59418263665538,2.0,89.312,95.0,0.0,0.0,0.0,0.0,0.0,0.0
37572.0,20.0,1.5,100.0,100.0,4.0,125.144,101.0,0.0,0.0,0.0,0.0,0.0,0.0
34209.0,26.688313294818983,1.5,100.0,100.0,3.0,118.418,103.0,0.0,0.0,0.0,0.0,0.0,0.0
32612.0,31.241419301278537,1.5,98.97417699671124,100.0,2.0,115.224,80.0,0.0,0.0,0.0,0.0,0.0,0.0
31249.0,28.119332974592872,1.5,100.0,100.0,2.0,112.498,112.0,0.0,0.0,0.0,0.0,0.0,0.0
35333.0,20.0,1.5,100.0,100.0,0.0,120.666,87.0,0.0,0.0,1.0,0.0,0.0,0.0
23674.0,54.17594367299238,1.0867146287112972,80.95452885057963,100.0,3.0,97.348,90.0,0.0,0.0,0.0,0.0,0.0,0.0
60222.0,27.784045144293923,1.5,100.0,100.0,0.0,170.44400000000002,113.0,0.0,0.0,0.0,1.0,0.0,0.0
42721.0,37.44671628887133,1.5,100.0,100.0,2.0,135.442,90.0,0.0,0.0,0.0,0.0,0.0,0.0
13961.0,55.11529536440274,1.21765843343124,49.05087328891578,70.96634120089219,1.0,77.922,203.0,0.0,0.0,0.0,0.0,0.0,0.0
26030.0,33.938164841766245,1.5,91.6937753752366,100.0,4.0,102.06,101.0,0.0,0.0,0.0,1.0,0.0,0.0
18907.0,44.44796481588256,1.1097010480707732,60.7226115662745,97.94971117808704,0.0,87.814,106.0,0.0,0.0,0.0,0.0,0.0,0.0
16413.0,52.37587891885492,1.1272076270227789,45.543111441464525,81.3275284307698,0.0,82.826,95.0,0.0,0.0,0.0,0.0,0.0,0.0
30860.0,41.619205145091925,1.5,100.0,100.0,4.0,111.72,95.0,0.0,0.0,1.0,0.0,0.0,0.0
15645.0,35.551394735818064,1.3023467845226842,50.31376014734568,73.97549362150338,0.0,81.28999999999999,105.0,0.0,0.0,0.0,0.0,0.0,0.0
37692.0,45.33022856571972,1.5,100.0,100.0,1.0,125.384,106.0,0.0,0.0,0.0,0.0,0.0,0.0
40008.0,41.09935518164116,1.5,100.0,100.0,0.0,130.01600000000002,114.0,0.0,0.0,0.0,0.0,0.0,0.0
21263.0,39.469301412305015,1.0653367141487036,64.26584030687934,100.0,1.0,92.526,107.0,0.0,0.0,0.0,0.0,0.0,0.0
72039.0,29.98376093655875,1.5,100.0,100.0,2.0,194.078,95.0,0.0,0.0,0.0,0.0,0.0,0.0
58452.0,52.48087631405832,1.5,100.0,100.0,3.0,166.904,104.0,0.0,0.0,1.0,0.0,0.0,0.0
23711.0,44.94374032940168,1.2271309155715833,70.91038311347707,100.0,4.0,97.422,109.0,0.0,0.0,1.0,0.0,0.0,0.0
39142.0,32.364372442332005,1.5,100.0,100.0,2.0,128.284,93.0,0.0,0.0,0.0,0.0,0.0,0.0
15691.0,39.78571573687463,1.1681574577272338,44.705651535670896,82.85658447743904,1.0,81.382,117.0,0.0,0.0,0.0,0.0,0.0,0.0
23163.0,50.89714364122676,1.223295262691668,76.96142517931447,100.0,2.0,96.326,100.0,0.0,0.0,0.0,0.0,0.0,0.0
21741.0,34.512811074257186,1.2630311584774745,75.30927491164105,100.0,2.0,93.482,97.0,0.0,0.0,1.0,0.0,0.0,0.0
9055.0,48.268587319440925,1.3500951917874862,38.20629305412909,48.350150816874205,3.0,68.11,193.0,0.0,0.0,0.0,0.0,1.0,0.0
57096.0,20.0,1.5,100.0,100.0,3.0,164.192,92.0,0.0,0.0,0.0,0.0,0.0,0.0
29993.0,39.712689232237054,1.5,100.0,100.0,0.0,109.986,110.0,0.0,0.0,0.0,0.0,0.0,0.0
28116.0,30.683598804158304,1.5,100.0,100.0,1.0,106.232,98.0,0.0,0.0,0.0,0.0,0.0,0.0
34442.0,29.01876829305915,1.5,100.0,100.0,3.0,118.884,99.0,0.0,0.0,0.0,0.0,0.0,0.0
14250.0,30.008569876899365,1.0502887537685646,54.825692844669774,66.84980670139859,1.0,78.5,208.0,0.0,0.0,0.0,0.0,0.0,0.0
12441.0,45.98766632965862,1.1716845429940348,47.76253061279317,61.90734922509744,0.0,74.882,194.0,0.0,0.0,1.0,0.0,0.0,0.0
16400.0,34.85360056535813,1.3111536428555146,54.45386794457928,77.97933701823953,1.0,82.8,103.0,0.0,0.0,0.0,0.0,0.0,0.0
25893.0,38.33112838728029,1.5,87.85316968039199,100.0,0.0,101.786,92.0,0.0,0.0,0.0,0.0,0.0,0.0
45674.0,31.36984486673827,1.5,100.0,100.0,1.0,141.348,114.0,0.0,0.0,0.0,0.0,0.0,0.0
25605.0,49.34934782312784,1.5,91.35467502809938,100.0,0.0,101.21,93.0,0.0,0.0,0.0,1.0,0.0,0.0
22529.0,34.87394898057852,1.0073031371479837,70.85099562298085,100.0,0.0,95.058,87.0,0.0,0.0,0.0,0.0,0.0,0.0
23428.0,32.26470931192424,1.0378973839284618,68.30703780562345,100.0,1.0,96.856,93.0,0.0,0.0,0.0,0.0,0.0,0.0
31816.0,63.76495126998614,1.5,100.0,100.0,5.0,113.632,96.0,0.0,0.0,1.0,0.0,0.0,0.0
16660.0,41.53900588997156,1.1937485287285343,45.78281086874764,81.06727408243451,2.0,83.32,93.0,0.0,0.0,0.0,0.0,1.0,0.0
23220.0,38.15694810916203,1.2095366089950343,85.96153156132793,100.0,4.0,96.44,85.0,1.0,0.0,0.0,0.0,0.0,0.0
51719.0,25.079950094889504,1.5,100.0,100.0,6.0,153.438,100.0,1.0,0.0,0.0,1.0,0.0,0.0
50866.0,48.866803442248106,1.5,100.0,100.0,2.0,151.732,100.0,1.0,1.0,0.0,0.0,0.0,0.0
29149.0,33.214123245611084,1.5,89.64327813715208,100.0,5.0,108.298,90.0,1.0,0.0,0.0,0.0,0.0,0.0
42873.0,28.521033412413004,1.5,100.0,100.0,2.0,135.74599999999998,111.0,1.0,0.0,1.0,0.0,0.0,0.0
26720.0,28.36974269628856,1.5,81.85427847422291,100.0,3.0,103.44,108.0,1.0,0.0,0.0,0.0,0.0,0.0
20224.0,56.92104228403325,1.358354558881784,71.3693854579533,100.0,3.0,90.448,101.0,1.0,0.0,0.0,0.0,0.0,0.0
17283.0,47.011963244586376,1.0564576733854143,47.80059706119164,91.24455986167396,0.0,84.566,110.0,1.0,0.0,0.0,1.0,0.0,0.0
12252.0,43.50098921118309,1.2236897204005273,37.65877722343457,57.61285213906847,0.0,74.504,208.0,1.0,1.0,0.0,0.0,0.0,0.0
36671.0,33.78096205622547,1.5,100.0,100.0,1.0,123.342,105.0,1.0,0.0,0.0,0.0,0.0,0.0
22588.0,36.48213543894192,1.23771648634365,77.05280719419049,100.0,1.0,95.176,91.0,1.0,0.0,0.0,0.0,0.0,0.0
14532.0,47.58777125743464,1.156690535032363,46.31359430195624,72.77219701621135,0.0,79.064,187.0,1.0,0.0,0.0,0.0,0.0,0.0
31312.0,27.44597926184785,1.5,100.0,100.0,4.0,112.624,88.0,1.0,0.0,0.0,0.0,0.0,0.0
26603.0,35.09476736264914,1.5,93.8042779218278,100.0,1.0,103.206,90.0,1.0,0.0,0.0,0.0,0.0,0.0
12777.0,47.675308325392216,1.3962189097834692,51.816195351422834,67.44876173230782,0.0,75.554,221.0,1.0,0.0,0.0,0.0,0.0,0.0
13906.0,51.98960809357605,1.2860643887851837,49.89447096756936,68.43337834010354,0.0,77.812,202.0,1.0,0.0,0.0,0.0,0.0,0.0
24081.0,39.66137350012254,1.0622343451275476,75.52482645829608,100.0,0.0,98.162,111.0,1.0,0.0,0.0,0.0,0.0,0.0
19548.0,45.8416753524104,1.3709228324479166,69.44793545764286,97.5889869425304,0.0,89.096,99.0,1.0,1.0,0.0,0.0,0.0,0.0
24817.0,60.584977668485976,1.039858690752734,73.53648925802672,100.0,2.0,99.634,101.0,1.0,1.0,0.0,0.0,0.0,0.0
29375.0,50.50411143576865,1.5,91.60188856710064,100.0,1.0,108.75,87.0,1.0,1.0,0.0,0.0,0.0,0.0
7739.0,58.84373532234586,1.3278584411208372,29.578673430227887,35.24035577825086,0.0,65.478,200.0,1.0,0.0,0.0,1.0,0.0,0.0
36130.0,28.01785928197045,1.5,100.0,100.0,1.0,122.26,87.0,0.0,0.0,0.0,0.0,0.0,0.0
37045.0,28.193988688264756,1.5,100.0,100.0,3.0,124.09,98.0,0.0,0.0,0.0,1.0,0.0,0.0
42253.0,20.0,1.5,100.0,100.0,1.0,134.506,116.0,0.0,1.0,0.0,0.0,0.0,0.0
34297.0,28.794281750148528,1.5,100.0,100.0,3.0,118.594,105.0,0.0,0.0,0.0,0.0,0.0,0.0
23444.0,49.0554440661357,1.3313128258571338,74.1081860118843,100.0,2.0,96.888,112.0,0.0,0.0,1.0,0.0,0.0,0.0
13173.0,47.19127439728223,1.253872932110237,35.01065465500113,65.95239088515493,1.0,76.346,196.0,0.0,0.0,0.0,0.0,0.0,0.0
23972.0,38.09277677945936,1.3915157391765822,79.37804037703052,100.0,1.0,97.944,92.0,0.0,0.0,0.0,0.0,0.0,0.0
27464.0,56.89447592605299,1.5,83.338745317278,100.0,2.0,104.928,110.0,0.0,0.0,0.0,0.0,0.0,0.0
45441.0,34.00603480227876,1.5,100.0,100.0,3.0,140.882,101.0,0.0,0.0,0.0,0.0,0.0,0.0
31648.0,39.15426888549502,1.5,99.456038757851,100.0,4.0,113.296,108.0,0.0,1.0,0.0,0.0,0.0,0.0
13084.0,46.41564132501652,1.2037443906642016,34.99773303865091,63.735331977883874,0.0,76.168,213.0,0.0,0.0,0.0,0.0,0.0,0.0
11175.0,32.561661399608774,1.195200879123285,41.20676537271539,57.4357057648296,1.0,72.35,207.0,0.0,0.0,0.0,0.0,0.0,0.0
35790.0,30.15637510144858,1.5,100.0,100.0,0.0,121.58,102.0,0.0,0.0,0.0,0.0,0.0,1.0
40364.0,44.326270253485845,1.5,100.0,100.0,3.0,130.728,98.0,0.0,1.0,0.0,0.0,0.0,0.0
12029.0,50.6179737885531,1.0391226115627117,31.617680782219374,64.7880652987739,0.0,74.05799999999999,190.0,0.0,1.0,0.0,0.0,0.0,0.0
43175.0,20.0,1.5,100.0,100.0,3.0,136.35,98.0,0.0,0.0,0.0,0.0,0.0,0.0
25538.0,37.624433138230685,1.5,79.32238208744798,100.0,2.0,101.076,86.0,0.0,1.0,0.0,0.0,0.0,0.0
17681.0,49.08108314330051,1.1355528321232689,53.722747450966594,87.71795211036282,0.0,85.362,85.0,0.0,0.0,0.0,0.0,0.0,0.0
22053.0,26.84116261903371,1.0939680596533692,79.57354751546703,100.0,1.0,94.106,98.0,0.0,1.0,0.0,0.0,0.0,0.0
33335.0,45.71753467113629,1.5,100.0,100.0,1.0,116.67,111.0,0.0,0.0,0.0,0.0,0.0,0.0
15384.0,54.820592716535536,1.0795313780721827,44.876562957461445,74.09990897262907,0.0,80.768,98.0,0.0,0.0,0.0,0.0,0.0,0.0
22793.0,34.77979583019232,1.0039542094958724,72.18663365497413,100.0,3.0,95.586,105.0,0.0,0.0,0.0,0.0,0.0,0.0
10716.0,34.03671262389785,1.3565909529429143,43.1921490943341,56.81339592467877,2.0,71.432,197.0,0.0,0.0,0.0,0.0,0.0,0.0
29765.0,25.336173631115603,1.5,100.0,100.0,2.0,109.53,103.0,0.0,0.0,0.0,0.0,1.0,0.0
13053.0,50.246892465067,1.3085251798964337,44.53815156411667,67.87545548844857,0.0,76.106,191.0,0.0,0.0,0.0,0.0,1.0,0.0
37839.0,23.874588082571297,1.5,100.0,100.0,2.0,125.678,110.0,0.0,0.0,0.0,0.0,0.0,0.0
17270.0,34.91786715373157,1.231984098670505,63.660210777558525,86.48265517226923,1.0,84.53999999999999,108.0,0.0,0.0,0.0,0.0,1.0,0.0
15562.0,69.72304618223843,1.3632034106394075,52.71180660978958,77.91755940404539,0.0,81.124,99.0,0.0,0.0,1.0,0.0,0.0,0.0
35152.0,42.69236240377042,1.5,100.0,100.0,3.0,120.304,94.0,0.0,0.0,0.0,0.0,0.0,0.0
27988.0,31.395288405123413,1.5,90.16731626820577,100.0,2.0,105.976,122.0,0.0,0.0,0.0,0.0,0.0,0.0
45642.0,24.368498474708524,1.5,100.0,100.0,4.0,141.284,99.0,0.0,0.0,0.0,0.0,0.0,0.0
13060.0,40.14795326828971,1.0204323429311464,50.12270764312348,67.43720048545696,1.0,76.12,203.0,0.0,1.0,0.0,0.0,0.0,0.0
47587.0,37.44857974076577,1.5,100.0,100.0,4.0,145.174,94.0,0.0,0.0,0.0,0.0,1.0,1.0
28194.0,34.10103447720936,1.5,87.81599121173055,100.0,2.0,106.388,101.0,0.0,0.0,1.0,0.0,0.0,0.0
27203.0,44.60800179062011,1.5,85.28556128618874,100.0,1.0,104.406,99.0,0.0,0.0,0.0,0.0,0.0,0.0
31511.0,26.070994789292943,1.5,97.35646808363497,100.0,4.0,113.022,127.0,0.0,0.0,0.0,0.0,0.0,0.0
11034.0,49.42219822058824,1.2213477590182702,45.60219905998924,57.1973134007271,0.0,72.068,203.0,0.0,0.0,0.0,0.0,0.0,0.0
43702.0,22.042955518188133,1.5,100.0,100.0,2.0,137.404,105.0,0.0,0.0,0.0,0.0,0.0,0.0
18918.0,43.69198660073106,1.1213733137209128,63.13819051672289,94.96798831051925,0.0,87.836,94.0,0.0,0.0,0.0,1.0,0.0,0.0
21990.0,27.42803829933837,1.0566135214725605,67.9106999361912,100.0,1.0,93.98,91.0,0.0,0.0,0.0,0.0,0.0,0.0
49197.0,32.47624262233299,1.5,100.0,100.0,0.0,148.394,91.0,0.0,1.0,0.0,0.0,0.0,1.0
61900.0,48.17838166715469,1.5,100.0,100.0,1.0,173.8,96.0,0.0,0.0,0.0,0.0,0.0,0.0
52879.0,46.94835943397557,1.5,100.0,100.0,2.0,155.75799999999998,110.0,0.0,0.0,0.0,0.0,0.0,0.0
28700.0,33.74442118741128,1.5,90.68844898235018,100.0,2.0,107.4,100.0,0.0,0.0,0.0,0.0,0.0,0.0
15201.0,41.707704433216016,1.1601736334990655,51.98099674090068,72.13025131320006,0.0,80.402,100.0,0.0,0.0,0.0,0.0,0.0,0.0
32547.0,24.70523730942388,1.5,100.0,100.0,2.0,115.094,121.0,0.0,0.0,0.0,0.0,0.0,0.0
15974.0,53.66745008632076,1.2351012329824589,58.27877652167623,79.11186126203502,0.0,81.94800000000001,105.0,0.0,0.0,0.0,0.0,0.0,0.0
52282.0,28.47361557532067,1.5,100.0,100.0,1.0,154.564,103.0,1.0,0.0,0.0,0.0,0.0,0.0
10797.0,53.9148728986448,1.1920348208705345,27.18335523101259,55.95571516228679,0.0,71.594,222.0,1.0,0.0,1.0,0.0,0.0,0.0
30830.0,49.298707043507406,1.5,95.04038023104562,100.0,2.0,111.66,113.0,1.0,0.0,1.0,0.0,0.0,0.0
64536.0,39.053024873531065,1.5,100.0,100.0,7.0,179.072,97.0,1.0,0.0,0.0,0.0,0.0,0.0
45014.0,35.14859641335049,1.5,100.0,100.0,2.0,140.02800000000002,105.0,1.0,1.0,0.0,0.0,0.0,0.0
12161.0,43.97589406096219,1.2381236578996009,49.83656377193502,62.98627230304035,0.0,74.322,205.0,1.0,0.0,0.0,0.0,0.0,0.0
24859.0,51.05760292264765,1.0867436528524732,82.0274704710127,100.0,4.0,99.718,80.0,1.0,0.0,0.0,0.0,0.0,0.0
33068.0,36.99209214798002,1.5,100.0,100.0,2.0,116.136,96.0,1.0,0.0,0.0,0.0,0.0,0.0
15710.0,26.826494490237945,1.1327522322415924,55.29833002171271,83.18675067542912,0.0,81.42,94.0,1.0,0.0,0.0,0.0,0.0,0.0
24464.0,43.07308721163013,1.2407905976112437,87.1326706980105,100.0,0.0,98.928,103.0,1.0,0.0,0.0,0.0,0.0,1.0
30258.0,41.327070577749126,1.5,100.0,100.0,3.0,110.516,94.0,1.0,0.0,0.0,0.0,0.0,0.0
24434.0,43.776747724696826,1.057125499592264,80.86187929963135,100.0,3.0,98.868,115.0,1.0,0.0,0.0,0.0,0.0,0.0
43862.0,41.53965665009945,1.5,100.0,100.0,1.0,137.724,85.0,1.0,0.0,1.0,0.0,0.0,0.0
27768.0,26.77323191118845,1.5,83.37164920116054,100.0,1.0,105.536,105.0,1.0,0.0,0.0,0.0,0.0,0.0
52194.0,28.44349321539976,1.5,100.0,100.0,1.0,154.388,103.0,1.0,1.0,0.0,0.0,0.0,0.0
12411.0,46.774024905355056,1.2216763006980302,45.35671541667753,63.795012133398295,0.0,74.822,219.0,1.0,0.0,0.0,1.0,0.0,0.0
27952.0,48.26946414259483,1.5,85.35766718280777,100.0,2.0,105.904,116.0,1.0,0.0,0.0,0.0,0.0,0.0
13962.0,46.15810453387572,1.3305347760389397,38.80575463884731,66.44723451041952,0.0,77.924,204.0,1.0,0.0,1.0,0.0,0.0,0.0
24495.0,43.11132218614998,1.1346205086792591,74.71481018557033,100.0,1.0,98.99,93.0,0.0,0.0,0.0,0.0,0.0,0.0
33458.0,34.814819782540035,1.5,100.0,100.0,3.0,116.916,89.0,0.0,0.0,0.0,0.0,0.0,0.0
13414.0,44.722470647615005,1.0377235865320953,35.751858553188484,62.22709829482176,1.0,76.828,191.0,0.0,0.0,0.0,0.0,0.0,0.0
27417.0,20.0,1.5,91.50227384258564,100.0,3.0,104.834,99.0,0.0,0.0,0.0,0.0,0.0,0.0
45702.0,35.499277344263,1.5,100.0,100.0,1.0,141.404,82.0,0.0,0.0,0.0,0.0,0.0,0.0
16305.0,43.59366215645495,1.091009542152651,59.87322584493408,85.04710044019319,0.0,82.61,98.0,0.0,0.0,0.0,0.0,0.0,0.0
49623.0,34.434442618478286,1.5,100.0,100.0,1.0,149.24599999999998,116.0,0.0,0.0,0.0,0.0,0.0,0.0
27566.0,31.01911404972368,1.5,97.12518874520694,100.0,2.0,105.132,111.0,0.0,0.0,0.0,1.0,0.0,0.0
35403.0,47.86734605757598,1.5,100.0,100.0,1.0,120.806,101.0,0.0,0.0,0.0,0.0,0.0,0.0
18962.0,47.29908466956479,1.1708697571787705,71.48629957088858,91.00340624778872,2.0,87.924,100.0,0.0,0.0,0.0,0.0,0.0,0.0
18092.0,37.72570169625898,1.12240600225525,50.627597863264825,93.7016295197428,0.0,86.184,100.0,0.0,0.0,0.0,0.0,0.0,0.0
34831.0,36.791369465550005,1.5,100.0,100.0,3.0,119.662,91.0,0.0,0.0,0.0,0.0,0.0,1.0
65375.0,38.47116605764885,1.5,100.0,100.0,2.0,180.75,110.0,0.0,0.0,0.0,0.0,0.0,0.0
13631.0,46.115350752089626,1.3627366010684523,49.650132384774665,66.54959670421886,1.0,77.262,203.0,0.0,0.0,1.0,0.0,0.0,1.0
24993.0,53.56064917540301,1.1119286686906655,86.83419777277975,100.0,1.0,99.986,88.0,0.0,0.0,0.0,0.0,0.0,0.0
35393.0,27.52203674853257,1.5,100.0,100.0,0.0,120.786,79.0,0.0,1.0,0.0,0.0,0.0,1.0
36805.0,43.06960944494546,1.5,100.0,100.0,1.0,123.61,112.0,0.0,0.0,0.0,0.0,0.0,0.0
13250.0,47.63712660122545,1.0802951266304128,53.08913271165003,64.8607535102966,1.0,76.5,191.0,0.0,0.0,0.0,0.0,0.0,0.0
31365.0,35.99298682837429,1.5,100.0,100.0,2.0,112.73,106.0,0.0,0.0,0.0,0.0,0.0,0.0
36365.0,42.65798396092434,1.5,100.0,100.0,3.0,122.73,98.0,0.0,0.0,0.0,0.0,0.0,0.0
16084.0,44.1757792099294,1.2874266069719165,49.40722845197951,81.2280144842722,0.0,82.168,95.0,0.0,0.0,0.0,0.0,0.0,1.0
57040.0,42.563642434000805,1.5,100.0,100.0,1.0,164.07999999999998,93.0,0.0,0.0,0.0,0.0,0.0,0.0
56395.0,36.50541261674744,1.5,100.0,100.0,3.0,162.79000000000002,75.0,0.0,0.0,1.0,0.0,0.0,0.0
26610.0,33.0623416317401,1.5,96.67136735730104,100.0,5.0,103.22,112.0,0.0,0.0,0.0,0.0,0.0,0.0
28001.0,34.78114608411444,1.5,91.9986261561186,100.0,5.0,106.002,95.0,0.0,0.0,0.0,0.0,0.0,0.0
29064.0,36.17745039680005,1.5,92.32807028332375,100.0,1.0,108.128,111.0,0.0,0.0,0.0,1.0,0.0,0.0
20237.0,37.634707007419166,1.0378530104386712,65.41843547472634,100.0,0.0,90.474,107.0,0.0,0.0,0.0,0.0,0.0,0.0
42668.0,29.819004885373023,1.5,100.0,100.0,3.0,135.336,93.0,0.0,0.0,1.0,0.0,0.0,1.0
40112.0,23.381873725714588,1.5,100.0,100.0,1.0,130.224,96.0,0.0,0.0,1.0,0.0,0.0,1.0
22185.0,37.89464687480082,1.2204995135304668,68.54997246882856,100.0,0.0,94.37,111.0,0.0,0.0,1.0,0.0,0.0,0.0
18532.0,43.54045960080682,1.2855398226610737,55.22567455113166,96.91353988722722,0.0,87.064,89.0,0.0,0.0,0.0,0.0,0.0,0.0
51353.0,36.72930435827386,1.5,100.0,100.0,2.0,152.70600000000002,114.0,0.0,0.0,0.0,0.0,0.0,0.0
13667.0,50.51687001927133,1.364213678089266,37.11826691743381,71.40179758306434,1.0,77.334,192.0,0.0,0.0,1.0,0.0,0.0,1.0
35426.0,41.56118083463706,1.5,100.0,100.0,2.0,120.852,113.0,0.0,0.0,0.0,0.0,0.0,0.0
49080.0,20.0,1.5,100.0,100.0,2.0,148.16,109.0,0.0,0.0,0.0,0.0,0.0,1.0
22992.0,39.622264291397485,1.248430128890207,77.095700961424,100.0,4.0,95.984,121.0,0.0,0.0,0.0,1.0,0.0,0.0
28776.0,26.852736201241875,1.5,92.7067443189691,100.0,2.0,107.552,72.0,0.0,0.0,0.0,0.0,0.0,0.0
9738.0,36.81203116565148,1.121667649231923,36.65657844912637,49.94491391830204,2.0,69.476,204.0,0.0,0.0,0.0,0.0,0.0,0.0
29111.0,21.810637292715505,1.5,93.21214981363735,100.0,0.0,108.222,93.0,0.0,0.0,0.0,0.0,1.0,0.0
20505.0,44.86598717341714,1.2879728247181814,59.0354963433127,100.0,1.0,91.01,93.0,0.0,0.0,1.0,0.0,0.0,0.0
32957.0,47.36678309471846,1.5,100.0,100.0,0.0,115.914,85.0,0.0,0.0,0.0,0.0,0.0,0.0
22366.0,75.8628113264772,1.0960941321159845,77.90845798245985,100.0,1.0,94.732,120.0,0.0,0.0,0.0,0.0,0.0,0.0
6530.0,55.78589116389919,1.2511931130898577,31.0549614998848,36.48398778960759,0.0,63.06,202.0,0.0,0.0,0.0,0.0,0.0,0.0
15909.0,50.61744269127017,1.317009903730821,45.813435660576616,81.94553194839615,1.0,81.818,112.0,0.0,0.0,0.0,0.0,0.0,0.0
15309.0,47.93630292296075,1.3012903347563576,56.462647368583,73.68442817345985,0.0,80.618,91.0,0.0,0.0,0.0,0.0,0.0,0.0
66063.0,47.58614163336616,1.5,100.0,100.0,0.0,182.126,91.0,0.0,0.0,0.0,0.0,0.0,0.0
27528.0,29.223323229306416,1.5,96.80281051806918,100.0,0.0,105.056,100.0,0.0,0.0,0.0,0.0,0.0,0.0
24455.0,51.98788674191084,1.2503190588993631,89.13432238574379,100.0,0.0,98.91,98.0,0.0,0.0,0.0,0.0,0.0,1.0
29084.0,63.72461303470728,1.5,91.87483881701374,100.0,2.0,108.168,101.0,0.0,0.0,0.0,0.0,0.0,0.0
19899.0,52.95255134392016,1.361055415964603,57.43223488435923,97.9766448912527,0.0,89.798,119.0,0.0,0.0,0.0,0.0,0.0,0.0
26846.0,60.72731665335661,1.5,98.63446602318972,100.0,2.0,103.692,99.0,0.0,0.0,1.0,0.0,0.0,0.0
15343.0,45.55729710095528,1.2380284229043037,41.53114695090508,81.35231315944526,2.0,80.686,103.0,0.0,0.0,0.0,0.0,0.0,0.0
54706.0,29.722705772536926,1.5,100.0,100.0,4.0,159.412,108.0,1.0,0.0,0.0,0.0,0.0,0.0
26461.0,23.094432811589662,1.5,96.81599999487146,100.0,2.0,102.922,80.0,1.0,0.0,0.0,1.0,0.0,1.0
29469.0,26.941641207934413,1.5,95.62123592328275,100.0,4.0,108.938,100.0,1.0,0.0,0.0,0.0,0.0,0.0
40798.0,31.733714498847085,1.5,100.0,100.0,1.0,131.596,98.0,1.0,0.0,0.0,0.0,0.0,0.0
37815.0,36.66691974647639,1.5,100.0,100.0,3.0,125.63,95.0,1.0,1.0,0.0,0.0,0.0,0.0
26532.0,26.019515042400403,1.5,83.9758777725476,100.0,5.0,103.064,91.0,1.0,0.0,1.0,0.0,0.0,0.0
34405.0,29.39355291263164,1.5,100.0,100.0,0.0,118.81,96.0,1.0,1.0,0.0,0.0,0.0,0.0
21314.0,23.24692694488091,1.1584413769640465,67.3933737762058,100.0,1.0,92.628,102.0,1.0,0.0,0.0,0.0,0.0,0.0
29964.0,28.769504618705007,1.5,100.0,100.0,0.0,109.928,82.0,1.0,0.0,0.0,0.0,0.0,0.0
26579.0,35.80082643268217,1.5,92.2866324431396,100.0,2.0,103.158,111.0,1.0,0.0,0.0,0.0,0.0,0.0
36721.0,57.7323802524963,1.5,100.0,100.0,1.0,123.442,89.0,1.0,0.0,1.0,0.0,0.0,0.0
28454.0,45.55535066999396,1.5,98.5455606032332,100.0,2.0,106.908,97.0,1.0,0.0,0.0,0.0,0.0,0.0
44098.0,38.39635534938371,1.5,100.0,100.0,2.0,138.196,95.0,1.0,0.0,0.0,0.0,0.0,0.0
15793.0,40.00964974472369,1.1626381902794478,45.59750517385569,75.76854716119716,0.0,81.586,90.0,1.0,0.0,1.0,0.0,0.0,0.0
19690.0,54.66153682829559,1.1713740364174714,68.70364559538879,100.0,1.0,89.38,112.0,1.0,0.0,0.0,0.0,0.0,0.0
49382.0,40.842500001893455,1.5,100.0,100.0,5.0,148.764,74.0,1.0,0.0,0.0,0.0,0.0,0.0
33630.0,35.58565103475532,1.5,100.0,100.0,1.0,117.26,105.0,1.0,0.0,0.0,0.0,0.0,0.0
17632.0,51.24846566733233,1.0360239471226291,65.3155978587904,89.29097271207579,0.0,85.26400000000001,75.0,1.0,1.0,0.0,0.0,0.0,0.0
17656.0,32.725895089741286,1.088022868605629,68.53545499471835,90.94960681266556,0.0,85.312,95.0,1.0,0.0,1.0,0.0,0.0,0.0
36442.0,47.31235402299877,1.5,100.0,100.0,4.0,122.884,96.0,0.0,1.0,0.0,0.0,0.0,0.0
51906.0,24.267187498986356,1.5,100.0,100.0,3.0,153.812,87.0,0.0,0.0,0.0,0.0,0.0,0.0
26660.0,24.699252957037,1.5,84.36322581626862,100.0,4.0,103.32,98.0,0.0,0.0,0.0,0.0,0.0,0.0
24174.0,64.44708313301184,1.31788907181171,85.54549961059195,100.0,2.0,98.348,119.0,0.0,0.0,0.0,0.0,0.0,0.0
28401.0,40.92425480048468,1.5,86.10609713009906,100.0,3.0,106.802,83.0,0.0,0.0,0.0,0.0,0.0,0.0
22085.0,43.35316273298995,1.2463496554592453,74.20896491764861,100.0,0.0,94.17,98.0,0.0,1.0,0.0,0.0,0.0,0.0
22437.0,50.15512178838105,1.29280219211348,76.25439772551304,100.0,4.0,94.874,102.0,0.0,0.0,0.0,0.0,0.0,0.0
24316.0,34.25816147370938,1.129928799835826,82.60142606709184,100.0,2.0,98.632,103.0,0.0,0.0,0.0,0.0,0.0,1.0
21296.0,68.48546997788681,1.1909453518877746,74.30044185432209,100.0,1.0,92.592,109.0,0.0,1.0,0.0,0.0,0.0,0.0
17680.0,44.62838848875116,1.1397647180235244,61.52615679625307,84.90761921660206,1.0,85.36,101.0,0.0,0.0,0.0,0.0,0.0,1.0
18334.0,42.69991959925569,1.1957295709092426,55.28047359928907,92.70308846671074,0.0,86.668,99.0,0.0,0.0,0.0,0.0,0.0,0.0
57027.0,27.27093346950535,1.5,100.0,100.0,3.0,164.054,101.0,0.0,1.0,0.0,0.0,0.0,0.0
26481.0,30.13287868812885,1.5,87.79414312289265,100.0,4.0,102.962,87.0,0.0,0.0,0.0,0.0,0.0,0.0
36105.0,29.800509007529307,1.5,100.0,100.0,1.0,122.21,96.0,0.0,0.0,1.0,0.0,0.0,0.0
9224.0,61.635670677709655,1.2561045425226325,39.62391690759223,50.54879990767237,1.0,68.44800000000001,196.0,0.0,0.0,1.0,0.0,0.0,0.0
54628.0,44.96156961212741,1.5,100.0,100.0,3.0,159.256,87.0,0.0,0.0,1.0,0.0,0.0,0.0
32355.0,33.44227724778665,1.5,100.0,100.0,5.0,114.71,108.0,0.0,0.0,0.0,0.0,0.0,0.0
32790.0,29.8783807216054,1.5,100.0,100.0,0.0,115.58,107.0,0.0,0.0,0.0,0.0,0.0,0.0
27999.0,27.924997535201708,1.5,83.55398118349812,100.0,2.0,105.998,93.0,0.0,0.0,0.0,0.0,0.0,0.0
33752.0,38.21792772737856,1.5,100.0,100.0,1.0,117.504,113.0,0.0,0.0,0.0,0.0,0.0,1.0
32912.0,38.63952881792224,1.5,100.0,100.0,2.0,115.824,100.0,0.0,0.0,1.0,0.0,0.0,0.0
11520.0,64.63094700384961,1.0591198345149424,47.94496798786652,53.06734530611126,0.0,73.03999999999999,196.0,0.0,0.0,1.0,0.0,0.0,0.0
53564.0,41.195037234235485,1.5,100.0,100.0,3.0,157.128,83.0,0.0,0.0,1.0,0.0,0.0,0.0
36745.0,47.58393320096828,1.5,100.0,100.0,2.0,123.49,98.0,0.0,1.0,0.0,0.0,0.0,0.0
8264.0,41.61875006248441,1.2094785196440514,25.26709262072668,38.98250433628246,1.0,66.52799999999999,195.0,0.0,0.0,0.0,0.0,0.0,0.0
10931.0,42.06600461610883,1.3487344385049882,42.70133210078764,57.55721002204572,0.0,71.862,213.0,0.0,0.0,0.0,0.0,0.0,0.0
37016.0,31.69947485543237,1.5,100.0,100.0,1.0,124.032,92.0,0.0,0.0,0.0,0.0,0.0,0.0
36475.0,33.61821364212348,1.5,100.0,100.0,5.0,122.95,100.0,0.0,0.0,0.0,0.0,1.0,0.0
22270.0,50.13208018056895,1.299362434930252,80.29263059372443,100.0,1.0,94.54,71.0,0.0,0.0,1.0,0.0,0.0,0.0
27616.0,22.45003256976299,1.5,96.64928601792585,100.0,1.0,105.232,95.0,0.0,1.0,0.0,0.0,0.0,0.0
23608.0,50.30056574204452,1.32107070596196,74.22640102049591,100.0,3.0,97.216,112.0,0.0,1.0,0.0,0.0,0.0,0.0
44658.0,37.53617490721161,1.5,100.0,100.0,0.0,139.316,110.0,0.0,0.0,1.0,0.0,0.0,0.0
33168.0,29.67746611571227,1.5,100.0,100.0,2.0,116.336,116.0,0.0,0.0,0.0,0.0,0.0,1.0
56429.0,20.0,1.5,100.0,100.0,1.0,162.858,94.0,0.0,0.0,0.0,0.0,0.0,0.0
15362.0,53.87249937253944,1.1519795239869817,58.30800952006621,75.92977611170456,1.0,80.724,104.0,0.0,0.0,0.0,0.0,0.0,0.0
43377.0,31.52144073733067,1.5,100.0,100.0,2.0,136.75400000000002,83.0,0.0,0.0,0.0,1.0,0.0,0.0
23848.0,53.27101062734699,1.1568841023941747,76.08507552506228,100.0,2.0,97.696,93.0,0.0,0.0,0.0,0.0,0.0,1.0
28721.0,55.99318637866389,1.5,88.61365663830081,100.0,2.0,107.442,97.0,0.0,0.0,0.0,0.0,0.0,0.0
32172.0,47.69417178855263,1.5,100.0,100.0,3.0,114.344,99.0,0.0,0.0,1.0,0.0,0.0,0.0
24445.0,42.23214082200112,1.279906006832101,87.54390039407657,100.0,2.0,98.89,108.0,1.0,0.0,0.0,0.0,0.0,0.0
26007.0,40.45865241538161,1.5,84.6894180122335,100.0,0.0,102.014,106.0,1.0,0.0,0.0,1.0,0.0,0.0
16370.0,48.16718436580405,1.374451236213336,59.84221642602184,80.712299757024,1.0,82.74000000000001,96.0,1.0,0.0,0.0,1.0,0.0,0.0
28827.0,20.0,1.5,95.207691753485,100.0,0.0,107.654,90.0,1.0,0.0,1.0,0.0,0.0,0.0
22364.0,49.8752763868097,1.3930907404219726,80.25305278973667,100.0,2.0,94.728,99.0,1.0,0.0,0.0,0.0,0.0,0.0
24105.0,33.33686768722979,1.055870466616834,70.60842097453113,100.0,0.0,98.21,109.0,1.0,0.0,0.0,0.0,0.0,0.0
29730.0,31.483601948754107,1.5,91.96994795029572,100.0,0.0,109.46,103.0,1.0,0.0,0.0,0.0,0.0,0.0
34441.0,47.5580329065,1.5,100.0,100.0,2.0,118.882,114.0,1.0,0.0,0.0,0.0,0.0,0.0
18476.0,53.16899837043088,1.1166934288412564,53.98829786439831,94.47126126404392,0.0,86.952,121.0,1.0,0.0,1.0,0.0,0.0,0.0
9020.0,54.752153768712034,1.1923230008609298,23.374187593686376,40.75150157727846,1.0,68.03999999999999,158.0,1.0,0.0,1.0,0.0,0.0,0.0
36775.0,43.62964459562404,1.5,100.0,100.0,1.0,123.55,108.0,1.0,0.0,0.0,0.0,0.0,0.0
35018.0,34.46905479168179,1.5,100.0,100.0,2.0,120.036,104.0,1.0,0.0,0.0,0.0,0.0,0.0
16894.0,66.26873396394458,1.1468843328647502,54.96536527432939,89.13203077078009,0.0,83.788,107.0,1.0,1.0,0.0,0.0,0.0,1.0
23559.0,38.65464997383057,1.0840431176904592,81.56815170027785,100.0,3.0,97.118,95.0,1.0,0.0,0.0,0.0,0.0,0.0
43420.0,27.07849273801422,1.5,100.0,100.0,4.0,136.84,95.0,1.0,0.0,1.0,0.0,0.0,0.0
44888.0,24.61870189276428,1.5,100.0,100.0,2.0,139.776,102.0,1.0,0.0,0.0,1.0,0.0,0.0
36732.0,26.065127130179068,1.5,100.0,100.0,2.0,123.464,102.0,1.0,0.0,1.0,0.0,0.0,1.0
35665.0,42.51059090134612,1.5,100.0,100.0,2.0,121.33,88.0,1.0,0.0,1.0,0.0,0.0,1.0
37223.0,29.94266514155575,1.5,100.0,100.0,3.0,124.446,103.0,1.0,1.0,0.0,0.0,0.0,0.0
27409.0,41.56444139837351,1.5,85.9771256975959,100.0,2.0,104.818,86.0,1.0,0.0,0.0,0.0,0.0,0.0
9534.0,47.19114819998528,1.0584964848216163,37.62754047911211,46.80795568571689,1.0,69.068,188.0,1.0,0.0,1.0,0.0,0.0,0.0
18342.0,56.40761910017319,1.1531790983701076,62.25561067340942,91.82097165153374,0.0,86.684,96.0,1.0,0.0,0.0,0.0,0.0,0.0
44795.0,38.46678428036861,1.5,100.0,100.0,2.0,139.59,113.0,0.0,0.0,0.0,1.0,0.0,0.0
24148.0,47.630539197086776,1.2373231544823355,86.37116546807795,100.0,0.0,98.296,97.0,0.0,0.0,0.0,1.0,0.0,0.0
33258.0,48.40875197935092,1.5,100.0,100.0,1.0,116.516,96.0,0.0,0.0,0.0,0.0,0.0,0.0
29930.0,20.0,1.5,100.0,100.0,1.0,109.86,93.0,0.0,0.0,0.0,0.0,0.0,1.0
46074.0,21.34225365056781,1.5,100.0,100.0,3.0,142.148,107.0,0.0,0.0,0.0,0.0,0.0,1.0
21532.0,30.742303583895165,1.303134184650777,79.35594921285508,100.0,0.0,93.064,97.0,0.0,0.0,0.0,0.0,0.0,0.0
39376.0,36.23594064537639,1.5,100.0,100.0,5.0,128.752,102.0,0.0,0.0,0.0,0.0,1.0,0.0
27266.0,46.66430016456928,1.5,85.16189870750898,100.0,0.0,104.532,100.0,0.0,0.0,1.0,0.0,0.0,0.0
7307.0,59.4859923089249,1.2511358269417725,31.401994317947334,32.85582344740743,0.0,64.614,192.0,0.0,0.0,0.0,0.0,0.0,1.0
21772.0,42.45344831396531,1.0708231390642085,76.32394145529106,100.0,0.0,93.544,107.0,0.0,0.0,0.0,0.0,0.0,0.0
22140.0,45.54336263935995,1.2385880669864109,63.89154280498256,100.0,1.0,94.28,108.0,0.0,0.0,0.0,0.0,0.0,0.0
44392.0,51.669625477370914,1.5,100.0,100.0,1.0,138.784,111.0,0.0,0.0,0.0,1.0,0.0,0.0
49105.0,20.0,1.5,100.0,100.0,3.0,148.20999999999998,102.0,0.0,0.0,1.0,0.0,0.0,0.0
26760.0,40.29607865485626,1.5,83.89790266864945,100.0,2.0,103.52,96.0,0.0,0.0,1.0,0.0,0.0,0.0
34572.0,51.18825607829227,1.5,100.0,100.0,1.0,119.144,118.0,0.0,1.0,0.0,0.0,0.0,0.0
38226.0,20.0,1.5,100.0,100.0,0.0,126.452,95.0,0.0,0.0,0.0,0.0,0.0,0.0
32625.0,46.87747642526425,1.5,100.0,100.0,1.0,115.25,89.0,0.0,0.0,0.0,0.0,0.0,0.0
25573.0,37.25692390899682,1.5,83.42733454493688,100.0,4.0,101.146,95.0,0.0,0.0,0.0,0.0,0.0,0.0
25982.0,33.82255099944595,1.5,90.55393369961912,100.0,5.0,101.964,105.0,0.0,0.0,0.0,0.0,0.0,0.0
25813.0,20.0,1.5,84.85611044252775,100.0,4.0,101.626,104.0,0.0,0.0,0.0,0.0,0.0,0.0
20976.0,60.853384728858565,1.278925829325225,78.20836557609307,100.0,2.0,91.952,109.0,0.0,0.0,0.0,0.0,0.0,0.0
49975.0,37.78582174807799,1.5,100.0,100.0,1.0,149.95,99.0,0.0,0.0,0.0,0.0,0.0,0.0
12611.0,42.90350099358245,1.1934109203334773,42.78789001116107,65.46332846291888,1.0,75.22200000000001,199.0,0.0,0.0,0.0,0.0,0.0,0.0
15021.0,32.862774918194184,1.3232739166556369,45.10181365125345,72.56778037278326,1.0,80.042,115.0,0.0,0.0,0.0,0.0,0.0,0.0
51213.0,35.44718201636704,1.5,100.0,100.0,5.0,152.426,103.0,0.0,0.0,0.0,0.0,1.0,0.0
56312.0,31.98419814735473,1.5,100.0,100.0,0.0,162.624,75.0,0.0,0.0,0.0,0.0,0.0,0.0
10976.0,56.17018453757122,1.1696894127305326,38.74355863299478,59.38765352132316,2.0,71.952,199.0,0.0,0.0,0.0,0.0,0.0,0.0
25779.0,40.11630515279862,1.5,78.94309801606745,100.0,0.0,101.558,96.0,0.0,0.0,0.0,0.0,0.0,0.0
25440.0,20.0,1.5,80.02636035763567,100.0,3.0,100.88,120.0,0.0,1.0,0.0,0.0,0.0,0.0
14535.0,37.74249244997038,1.3924933565040951,52.94910686555259,69.13473313332099,0.0,79.07,208.0,0.0,0.0,0.0,1.0,0.0,0.0
41746.0,42.91666899919062,1.5,100.0,100.0,1.0,133.49200000000002,99.0,0.0,0.0,0.0,0.0,1.0,0.0
24503.0,45.99854673946892,1.0545017590706702,78.97871687396257,100.0,1.0,99.006,121.0,0.0,0.0,0.0,0.0,0.0,1.0
23654.0,32.78863435915033,1.0767157358803106,70.94011864288902,100.0,4.0,97.308,112.0,0.0,0.0,1.0,0.0,0.0,0.0
37815.0,41.35330147784086,1.5,100.0,100.0,1.0,125.63,101.0,0.0,0.0,0.0,1.0,0.0,0.0
30208.0,44.44783760118797,1.5,100.0,100.0,3.0,110.416,111.0,0.0,0.0,1.0,0.0,0.0,1.0
25780.0,30.82349968448648,1.5,95.03742386644872,100.0,0.0,101.56,78.0,0.0,0.0,0.0,0.0,0.0,1.0
15267.0,47.80370462821765,1.0267452293505857,42.55454800802868,72.45195711537679,0.0,80.53399999999999,95.0,0.0,0.0,0.0,0.0,0.0,1.0
38096.0,28.129277537973657,1.5,100.0,100.0,4.0,126.192,90.0,0.0,0.0,1.0,0.0,0.0,0.0
44404.0,30.04556108029442,1.5,100.0,100.0,4.0,138.808,122.0,0.0,0.0,0.0,0.0,1.0,0.0
24352.0,44.2110424057048,1.37966168737555,79.35717327388588,100.0,1.0,98.704,96.0,0.0,0.0,0.0,0.0,0.0,0.0
18525.0,36.93093136229623,1.1339564384885603,57.34336743495938,95.56396923791128,2.0,87.05,98.0,0.0,0.0,0.0,0.0,0.0,1.0
22119.0,38.72729316931873,1.2076554381011602,83.26601570088799,100.0,2.0,94.238,88.0,0.0,0.0,0.0,0.0,0.0,0.0
14622.0,44.66532820866635,1.2916221589928345,57.863348942579776,70.2157441163531,0.0,79.244,212.0,0.0,0.0,0.0,0.0,0.0,0.0
40795.0,20.0,1.5,100.0,100.0,1.0,131.59,98.0,0.0,0.0,0.0,0.0,0.0,0.0
35308.0,46.20884444450009,1.5,100.0,100.0,2.0,120.616,87.0,0.0,0.0,0.0,0.0,0.0,0.0
27683.0,48.14182534706002,1.5,88.63861446803357,100.0,3.0,105.366,109.0,0.0,0.0,0.0,0.0,0.0,0.0
24788.0,52.73294199173875,1.1882324869475889,89.58923940894078,100.0,2.0,99.576,91.0,1.0,1.0,0.0,0.0,0.0,0.0
29286.0,31.99806590844416,1.5,100.0,100.0,2.0,108.572,101.0,1.0,0.0,1.0,0.0,0.0,0.0
44317.0,20.052245132222403,1.5,100.0,100.0,3.0,138.634,90.0,1.0,0.0,0.0,1.0,0.0,0.0
52290.0,33.658649778693515,1.5,100.0,100.0,1.0,154.57999999999998,95.0,1.0,0.0,1.0,0.0,0.0,0.0
40368.0,37.15086300824208,1.5,100.0,100.0,2.0,130.736,114.0,1.0,0.0,0.0,0.0,0.0,0.0
25719.0,30.79783700601112,1.5,87.41914797908342,100.0,3.0,101.438,110.0,1.0,0.0,0.0,0.0,0.0,0.0
29529.0,29.205387597426565,1.5,90.4792787927532,100.0,1.0,109.058,90.0,1.0,0.0,0.0,0.0,0.0,0.0
39680.0,46.70029232094545,1.5,100.0,100.0,2.0,129.36,78.0,1.0,1.0,0.0,0.0,0.0,0.0
22300.0,42.6963949854913,1.0126873576745656,71.42109220668627,100.0,1.0,94.6,85.0,1.0,0.0,1.0,0.0,0.0,0.0
33243.0,41.6901595544896,1.5,100.0,100.0,1.0,116.486,92.0,1.0,0.0,0.0,0.0,0.0,0.0
22745.0,61.36734279733134,1.3263322513394136,70.05115258560048,100.0,2.0,95.49,98.0,1.0,0.0,0.0,0.0,0.0,0.0
37332.0,21.47559413999064,1.5,100.0,100.0,2.0,124.664,87.0,1.0,0.0,0.0,0.0,0.0,1.0
40323.0,32.41501154208871,1.5,100.0,100.0,1.0,130.64600000000002,87.0,1.0,0.0,0.0,0.0,0.0,0.0
15795.0,62.78498975466658,1.0313084090997502,48.19858936941206,79.10867941296034,1.0,81.59,96.0,1.0,0.0,0.0,0.0,0.0,0.0
25259.0,37.43462362422424,1.5,92.23929208527515,100.0,1.0,100.518,110.0,1.0,0.0,0.0,0.0,0.0,0.0
26205.0,28.570028355635987,1.5,80.82523154496204,100.0,2.0,102.41,93.0,1.0,1.0,0.0,0.0,0.0,0.0
20533.0,41.98645478640249,1.0946478612052222,62.84375954693504,100.0,0.0,91.066,90.0,1.0,0.0,1.0,0.0,0.0,0.0
21497.0,35.720595975508346,1.1002650124215054,81.1216238722277,100.0,2.0,92.994,120.0,0.0,0.0,0.0,0.0,0.0,0.0
23609.0,49.37554519140883,1.2297885354542517,81.78815272562028,100.0,2.0,97.218,116.0,0.0,0.0,0.0,0.0,0.0,0.0
41743.0,57.68047533219253,1.5,100.0,100.0,2.0,133.486,105.0,0.0,0.0,0.0,1.0,0.0,0.0
52910.0,32.976484406382525,1.5,100.0,100.0,5.0,155.82,90.0,0.0,0.0,0.0,0.0,0.0,1.0
37211.0,25.501058125563347,1.5,100.0,100.0,1.0,124.422,103.0,0.0,0.0,1.0,0.0,0.0,0.0
40478.0,46.94509570522224,1.5,100.0,100.0,4.0,130.95600000000002,84.0,0.0,0.0,0.0,0.0,0.0,0.0
14815.0,39.03238229719695,1.1865329910832425,40.53075923805261,69.24046095459717,0.0,79.63,200.0,0.0,0.0,0.0,0.0,0.0,0.0
36059.0,29.84663467464249,1.5,100.0,100.0,1.0,122.118,98.0,0.0,0.0,0.0,0.0,0.0,0.0
37436.0,28.400624929192134,1.5,100.0,100.0,4.0,124.872,95.0,0.0,0.0,0.0,1.0,0.0,0.0
23725.0,29.265929429188372,1.3370803128875224,87.91763555421029,100.0,2.0,97.45,102.0,0.0,1.0,0.0,0.0,0.0,0.0
30680.0,48.5853446766037,1.5,95.33573840318564,100.0,2.0,111.36,107.0,0.0,0.0,1.0,0.0,0.0,0.0
17584.0,50.81370781858919,1.063193594181178,59.68829360535415,87.2404446221942,0.0,85.168,88.0,0.0,0.0,0.0,0.0,0.0,0.0
21989.0,34.84179612939745,1.3830642520205554,81.25133143027455,100.0,2.0,93.978,99.0,0.0,0.0,1.0,0.0,0.0,0.0
13024.0,44.531878157663634,1.2178142258851636,35.84692123662586,68.74185281661686,0.0,76.048,211.0,0.0,0.0,0.0,0.0,0.0,0.0
22186.0,41.02667634842185,1.059076763852302,79.09221972790878,100.0,4.0,94.372,98.0,0.0,1.0,0.0,0.0,0.0,0.0
27309.0,20.0,1.5,88.40770698744943,100.0,2.0,104.618,91.0,0.0,0.0,0.0,0.0,0.0,0.0
30481.0,27.404970741314223,1.5,100.0,100.0,2.0,110.962,114.0,0.0,1.0,0.0,0.0,0.0,0.0
28940.0,20.0,1.5,100.0,100.0,0.0,107.88,95.0,0.0,0.0,0.0,0.0,0.0,0.0
37732.0,44.47299058183553,1.5,100.0,100.0,2.0,125.464,115.0,0.0,0.0,0.0,0.0,0.0,0.0
33995.0,33.715553870458244,1.5,100.0,100.0,0.0,117.99,107.0,0.0,0.0,1.0,0.0,0.0,0.0
15532.0,43.29731553660008,1.128380705467067,58.01613119786157,74.12510387592273,0.0,81.064,103.0,0.0,0.0,0.0,1.0,0.0,0.0
32494.0,35.58512557833658,1.5,100.0,100.0,1.0,114.988,94.0,0.0,0.0,0.0,0.0,1.0,0.0
49158.0,42.12304180473522,1.5,100.0,100.0,2.0,148.316,78.0,0.0,0.0,0.0,1.0,0.0,0.0
36438.0,40.05403852760963,1.5,100.0,100.0,1.0,122.876,103.0,0.0,0.0,0.0,0.0,0.0,0.0
26864.0,35.72717736720564,1.5,88.5130292752483,100.0,3.0,103.728,119.0,0.0,0.0,1.0,0.0,0.0,0.0
24175.0,55.58323632979656,1.0766296354131528,71.94057141856752,100.0,0.0,98.35,86.0,0.0,0.0,0.0,0.0,0.0,0.0
28976.0,26.88631924112547,1.5,94.92561882330676,100.0,0.0,107.952,97.0,0.0,0.0,0.0,0.0,0.0,0.0
33522.0,39.74720765350991,1.5,100.0,100.0,4.0,117.044,102.0,0.0,0.0,0.0,0.0,0.0,0.0
34371.0,28.32080601263414,1.5,100.0,100.0,1.0,118.742,108.0,0.0,0.0,0.0,0.0,0.0,0.0
31492.0,32.23218693215907,1.5,100.0,100.0,5.0,112.984,102.0,0.0,0.0,1.0,0.0,0.0,1.0
21059.0,37.85373851661699,1.1033589362412994,65.18326263249088,100.0,0.0,92.118,110.0,0.0,0.0,0.0,0.0,0.0,0.0
13671.0,28.53648119369893,1.3107271624265506,48.73766641168496,72.7874743143359,0.0,77.342,187.0,0.0,0.0,1.0,0.0,0.0,0.0
48543.0,61.700153008807206,1.5,100.0,100.0,3.0,147.086,98.0,0.0,0.0,0.0,0.0,0.0,0.0
20999.0,49.302382938329416,1.0365974555611577,71.73974219248426,100.0,1.0,91.998,102.0,0.0,0.0,0.0,0.0,0.0,0.0
23567.0,38.662500110779455,1.228435959081657,83.05645262531239,100.0,1.0,97.134,102.0,0.0,0.0,0.0,0.0,0.0,0.0
35638.0,36.68608807061113,1.5,100.0,100.0,3.0,121.276,106.0,0.0,0.0,1.0,0.0,0.0,0.0
61109.0,26.614223598921097,1.5,100.0,100.0,4.0,172.21800000000002,113.0,0.0,0.0,1.0,0.0,0.0,0.0
28056.0,47.50273419749305,1.5,100.0,100.0,0.0,106.112,103.0,0.0,1.0,0.0,0.0,0.0,0.0
28222.0,20.0,1.5,100.0,100.0,3.0,106.444,101.0,0.0,0.0,0.0,0.0,0.0,0.0
25546.0,41.01901070732213,1.5,76.78586536395298,100.0,2.0,101.092,98.0,0.0,0.0,0.0,0.0,0.0,0.0
11218.0,26.14760472253256,1.0070043568649507,31.429056906148197,52.291193910102926,1.0,72.436,228.0,0.0,0.0,1.0,0.0,0.0,0.0
12675.0,40.81340703246576,1.3988396991234553,40.71138202673757,63.05481448443653,0.0,75.35,190.0,1.0,0.0,0.0,0.0,0.0,0.0
31352.0,38.590536925490014,1.5,100.0,100.0,1.0,112.704,106.0,1.0,0.0,1.0,0.0,0.0,0.0
21400.0,40.43208168417107,1.0324254715481622,62.27647625908727,100.0,1.0,92.8,102.0,1.0,0.0,0.0,0.0,0.0,1.0
37536.0,28.284595811360628,1.5,100.0,100.0,3.0,125.072,106.0,1.0,0.0,0.0,0.0,1.0,0.0
30790.0,31.297412048865013,1.5,99.15045041342626,100.0,1.0,111.58,104.0,1.0,0.0,0.0,0.0,0.0,0.0
12830.0,42.87361631804994,1.3272678728953615,48.8944816390182,59.398874721691065,0.0,75.66,191.0,1.0,0.0,0.0,0.0,0.0,0.0
15135.0,32.028358927306726,1.2799854054542383,51.8782272918618,73.56281249428974,2.0,80.27,116.0,1.0,0.0,0.0,1.0,0.0,0.0
18446.0,53.40488615777698,1.0270106473101783,64.85758612341306,89.35889617297288,0.0,86.892,102.0,1.0,0.0,0.0,0.0,0.0,0.0
20306.0,43.97566950018706,1.3035329817313657,70.51047366418076,100.0,1.0,90.612,105.0,1.0,0.0,1.0,0.0,0.0,0.0
20454.0,55.45168784926892,1.0226041148578708,77.41940995892065,100.0,0.0,90.908,89.0,1.0,0.0,0.0,0.0,0.0,0.0
22916.0,56.171331630967984,1.078752825998627,74.65697667946736,100.0,1.0,95.832,107.0,1.0,0.0,1.0,0.0,0.0,0.0
29501.0,42.65333051242185,1.5,100.0,100.0,5.0,109.002,98.0,1.0,0.0,0.0,0.0,0.0,0.0
15492.0,47.825740664861065,1.1253091274831104,58.42836289128277,78.34954739838355,0.0,80.98400000000001,120.0,1.0,0.0,1.0,0.0,0.0,1.0
31529.0,46.56676514761048,1.5,100.0,100.0,1.0,113.058,90.0,1.0,0.0,0.0,0.0,0.0,0.0
21763.0,54.056984172572015,1.1927808697930482,69.6450600395724,100.0,0.0,93.526,99.0,1.0,0.0,0.0,0.0,0.0,0.0
43468.0,44.03368298762075,1.5,100.0,100.0,1.0,136.936,89.0,1.0,0.0,1.0,0.0,0.0,0.0
24813.0,31.970774774502303,1.1703170787244852,85.21151214442203,100.0,2.0,99.626,97.0,1.0,0.0,0.0,1.0,0.0,0.0
12346.0,56.94746381609591,1.1761287480406564,39.7104442000824,63.319828466275126,0.0,74.69200000000001,176.0,1.0,0.0,0.0,1.0,0.0,0.0
19496.0,32.70054525475883,1.3807816637597774,71.57395733851523,100.0,1.0,88.99199999999999,107.0,1.0,0.0,0.0,0.0,0.0,0.0
48988.0,41.69119191045493,1.5,100.0,100.0,0.0,147.976,90.0,0.0,0.0,0.0,0.0,0.0,0.0
12526.0,50.66641698334601,1.053965105399165,37.2417169648441,58.47132387465747,0.0,75.05199999999999,191.0,0.0,1.0,0.0,0.0,0.0,0.0
35907.0,39.32355245631437,1.5,100.0,100.0,2.0,121.814,102.0,0.0,0.0,0.0,0.0,0.0,0.0
21416.0,56.76502339943344,1.3740109093247208,75.60291193427209,100.0,3.0,92.832,100.0,0.0,0.0,0.0,0.0,0.0,0.0
33258.0,36.26229221076453,1.5,100.0,100.0,2.0,116.516,94.0,0.0,0.0,0.0,0.0,0.0,0.0
15060.0,50.631291752370124,1.3294686029139249,48.78155261751387,74.6583099412167,0.0,80.12,95.0,0.0,0.0,0.0,0.0,0.0,0.0
40906.0,37.84799469640205,1.5,100.0,100.0,1.0,131.812,81.0,0.0,0.0,0.0,0.0,0.0,0.0
19490.0,29.7646202320158,1.115436573342453,69.35867833393588,98.76161110086883,1.0,88.97999999999999,107.0,0.0,0.0,1.0,0.0,0.0,0.0
18303.0,64.52227094342747,1.3914726603591672,57.40605218494426,95.41944526717351,0.0,86.606,86.0,0.0,0.0,0.0,0.0,1.0,0.0
34147.0,54.39930619845346,1.5,100.0,100.0,0.0,118.294,119.0,0.0,0.0,1.0,0.0,0.0,0.0
13702.0,40.7278768431554,1.3885310089842862,45.12437435938366,63.88575327593984,1.0,77.404,218.0,0.0,0.0,0.0,0.0,0.0,0.0
42792.0,43.83634426086982,1.5,100.0,100.0,1.0,135.584,104.0,0.0,0.0,1.0,0.0,0.0,0.0
27252.0,34.68919711339536,1.5,87.43539344656597,100.0,3.0,104.504,82.0,0.0,0.0,0.0,0.0,0.0,0.0
29831.0,42.68701255660525,1.5,100.0,100.0,0.0,109.662,87.0,0.0,0.0,0.0,0.0,0.0,0.0
44298.0,39.5688199439693,1.5,100.0,100.0,1.0,138.596,88.0,0.0,0.0,0.0,0.0,0.0,0.0
8984.0,51.5987165194264,1.3609943326157667,36.60869101445891,49.11335279862216,0.0,67.968,195.0,0.0,0.0,0.0,0.0,0.0,0.0
38922.0,53.23905390456951,1.5,100.0,100.0,1.0,127.844,108.0,0.0,0.0,0.0,0.0,0.0,0.0
36716.0,43.65575319605608,1.5,100.0,100.0,0.0,123.432,94.0,0.0,0.0,0.0,1.0,0.0,1.0
17600.0,37.06114561488347,1.317135215792936,68.04777227694584,87.95052432068428,2.0,85.2,99.0,0.0,0.0,0.0,1.0,0.0,0.0
23524.0,35.684426819551874,1.056586367985156,73.24609759284795,100.0,5.0,97.048,84.0,0.0,0.0,0.0,0.0,0.0,0.0
18364.0,55.50243768999332,1.3536496383190206,53.17591051102221,92.12550352166632,1.0,86.72800000000001,106.0,0.0,0.0,0.0,1.0,0.0,0.0
13935.0,39.86503997988989,1.2131429599332382,39.271273185781936,69.57552863831674,0.0,77.87,197.0,0.0,0.0,0.0,0.0,0.0,0.0
11763.0,32.96734068001522,1.1513510796666933,32.05820350334538,60.30158433331632,0.0,73.526,171.0,0.0,0.0,1.0,0.0,0.0,0.0
37025.0,46.09043427710002,1.5,100.0,100.0,3.0,124.05,81.0,0.0,0.0,0.0,0.0,0.0,0.0
65484.0,41.18199977630962,1.5,100.0,100.0,0.0,180.968,92.0,0.0,0.0,0.0,0.0,0.0,0.0
66169.0,33.39427472564846,1.5,100.0,100.0,2.0,182.338,106.0,0.0,0.0,1.0,0.0,0.0,0.0
26789.0,46.69628367103172,1.5,91.25734285728186,100.0,4.0,103.578,107.0,0.0,0.0,1.0,0.0,0.0,0.0
51570.0,46.53344998512054,1.5,100.0,100.0,2.0,153.14,113.0,0.0,0.0,0.0,0.0,0.0,0.0
34455.0,41.707981475401056,1.5,100.0,100.0,0.0,118.91,111.0,0.0,0.0,0.0,0.0,0.0,0.0
28734.0,35.99395490684704,1.5,92.49253213530471,100.0,0.0,107.468,122.0,0.0,0.0,0.0,0.0,0.0,0.0
12935.0,26.876845670837813,1.0294585774531375,49.44327760912674,60.49424172820845,0.0,75.87,194.0,0.0,0.0,0.0,0.0,0.0,0.0
13922.0,35.60923503445488,1.030511850946061,51.58193609460175,68.45839453335407,1.0,77.844,186.0,0.0,0.0,1.0,0.0,0.0,0.0
38138.0,44.50888291580439,1.5,100.0,100.0,1.0,126.276,114.0,0.0,0.0,0.0,0.0,0.0,0.0
14567.0,38.04886189391824,1.0309036150903417,47.88544947226228,76.01939321014999,0.0,79.134,203.0,0.0,0.0,0.0,0.0,0.0,1.0
31965.0,24.256909880987067,1.5,100.0,100.0,0.0,113.93,110.0,0.0,0.0,0.0,0.0,0.0,0.0
28458.0,60.89222677520827,1.5,88.00182760610143,100.0,2.0,106.916,89.0,0.0,0.0,0.0,0.0,0.0,0.0
36915.0,44.74020954301251,1.5,100.0,100.0,4.0,123.83,87.0,0.0,0.0,1.0,0.0,0.0,0.0
27491.0,44.98694343062911,1.5,83.9316067419111,100.0,1.0,104.982,96.0,0.0,0.0,0.0,0.0,0.0,0.0
32547.0,20.0,1.5,100.0,100.0,4.0,115.094,119.0,0.0,1.0,0.0,0.0,0.0,0.0
37519.0,40.44219264674285,1.5,100.0,100.0,4.0,125.038,132.0,0.0,0.0,0.0,0.0,0.0,0.0
12370.0,62.96681401641069,1.0130138677544889,42.465816526143634,59.293877993699056,0.0,74.74,209.0,0.0,0.0,0.0,0.0,0.0,0.0
22897.0,39.90889411533298,1.3762278292557668,71.54973629818555,100.0,0.0,95.794,137.0,0.0,0.0,0.0,0.0,0.0,0.0
34578.0,21.988592270200748,1.5,100.0,100.0,1.0,119.156,93.0,0.0,0.0,0.0,0.0,1.0,1.0
23682.0,36.750408815867495,1.060222835041315,78.33507229066089,100.0,1.0,97.364,110.0,0.0,0.0,0.0,0.0,0.0,0.0
24733.0,45.1551479096139,1.2516058123673577,83.07166976828971,100.0,4.0,99.466,96.0,0.0,0.0,0.0,0.0,0.0,0.0
44066.0,40.63540803515971,1.5,100.0,100.0,1.0,138.132,104.0,0.0,0.0,0.0,0.0,0.0,0.0
29717.0,30.744457935236,1.5,97.23107750268277,100.0,2.0,109.434,102.0,0.0,0.0,0.0,0.0,0.0,0.0
39824.0,26.90128615987808,1.5,100.0,100.0,4.0,129.648,110.0,0.0,0.0,0.0,0.0,0.0,0.0
36152.0,27.43538599419521,1.5,100.0,100.0,3.0,122.304,106.0,0.0,0.0,0.0,0.0,0.0,0.0
26713.0,41.500301782557,1.5,88.969632090084,100.0,2.0,103.426,90.0,0.0,0.0,1.0,0.0,0.0,0.0
18119.0,20.0,1.321075289524936,52.72712707571751,90.15171174925686,0.0,86.238,97.0,0.0,0.0,0.0,0.0,0.0,1.0
47274.0,38.11280072653098,1.5,100.0,100.0,2.0,144.548,95.0,1.0,1.0,0.0,0.0,0.0,0.0
36727.0,32.18674029759377,1.5,100.0,100.0,3.0,123.454,108.0,1.0,0.0,0.0,0.0,0.0,0.0
43792.0,20.0,1.5,100.0,100.0,1.0,137.584,104.0,1.0,1.0,0.0,0.0,0.0,0.0
28326.0,41.46990456227533,1.5,99.33238546758244,100.0,4.0,106.652,111.0,1.0,0.0,0.0,0.0,0.0,0.0
17944.0,40.81747496073597,1.1027154656732885,60.91645952546059,87.42164739613457,0.0,85.888,118.0,1.0,0.0,0.0,0.0,0.0,0.0
40478.0,39.81829045015522,1.5,100.0,100.0,2.0,130.95600000000002,103.0,1.0,0.0,0.0,0.0,0.0,0.0
13244.0,36.44612710398607,1.3687213817045472,43.05961726603417,66.305212373691,0.0,76.488,219.0,1.0,0.0,0.0,0.0,0.0,0.0
35155.0,40.8390435887651,1.5,100.0,100.0,1.0,120.31,102.0,1.0,0.0,0.0,0.0,0.0,0.0
24079.0,46.8257723800854,1.0583591238929664,81.99489746551733,100.0,1.0,98.158,113.0,1.0,0.0,0.0,0.0,0.0,0.0
19088.0,54.30042053909,1.189735975593948,60.87953133259626,93.91357875521084,2.0,88.176,107.0,1.0,0.0,0.0,1.0,0.0,0.0
21470.0,82.12795345114864,1.2081874430327102,78.60871170846501,100.0,1.0,92.94,91.0,1.0,0.0,0.0,0.0,0.0,0.0
13654.0,26.728411576514013,1.298882591211055,36.63349145092578,68.48960965913017,0.0,77.30799999999999,209.0,1.0,0.0,0.0,0.0,0.0,0.0
47097.0,39.62777073097837,1.5,100.0,100.0,4.0,144.19400000000002,95.0,1.0,0.0,1.0,0.0,0.0,0.0
30781.0,41.98150401925571,1.5,100.0,100.0,3.0,111.562,89.0,1.0,0.0,1.0,0.0,0.0,0.0
12346.0,38.73258942380981,1.040057933436684,35.277234156758425,65.61300135300442,0.0,74.69200000000001,199.0,1.0,0.0,1.0,0.0,0.0,0.0
37547.0,43.60399080300704,1.5,100.0,100.0,5.0,125.094,85.0,1.0,0.0,0.0,0.0,0.0,0.0
41512.0,51.62155502413198,1.5,100.0,100.0,2.0,133.024,94.0,1.0,0.0,0.0,0.0,1.0,1.0
33396.0,27.033312150260365,1.5,100.0,100.0,0.0,116.792,92.0,1.0,0.0,0.0,0.0,1.0,0.0
10991.0,25.40328130336892,1.2281828997657072,44.970535386893225,56.68488424145022,1.0,71.982,203.0,1.0,0.0,0.0,1.0,0.0,0.0
29750.0,41.860257375127816,1.5,100.0,100.0,3.0,109.5,89.0,1.0,0.0,1.0,0.0,0.0,0.0
13438.0,54.57967023383036,1.0208863988397778,41.74099086342359,70.87695625033922,0.0,76.876,224.0,1.0,0.0,0.0,0.0,1.0,0.0
49615.0,38.57426529962088,1.5,100.0,100.0,2.0,149.23000000000002,97.0,0.0,0.0,0.0,0.0,1.0,0.0
37397.0,58.153040243801975,1.5,100.0,100.0,1.0,124.794,93.0,0.0,1.0,0.0,0.0,0.0,0.0
18986.0,28.69830033558693,1.32412730886242,55.66541962432333,91.44408845417448,0.0,87.97200000000001,89.0,0.0,1.0,0.0,0.0,0.0,1.0
24205.0,51.60858059125009,1.3550547473194117,72.45767356538744,100.0,1.0,98.41,101.0,0.0,0.0,0.0,0.0,0.0,0.0
41093.0,31.92174195440826,1.5,100.0,100.0,2.0,132.186,87.0,0.0,0.0,0.0,0.0,0.0,0.0
27529.0,28.260441435365696,1.5,87.38725681215035,100.0,5.0,105.058,97.0,0.0,0.0,1.0,0.0,0.0,0.0
49396.0,31.691648250269854,1.5,100.0,100.0,2.0,148.792,101.0,0.0,1.0,0.0,0.0,0.0,1.0
26946.0,27.999971764797724,1.5,96.11816778783086,100.0,2.0,103.892,101.0,0.0,0.0,0.0,0.0,0.0,0.0
9472.0,35.66000986491815,1.2844120906669287,32.30770682295142,42.917717893314695,0.0,68.944,197.0,0.0,0.0,0.0,0.0,0.0,0.0
13548.0,52.87825612299966,1.167013897800891,54.52685702044462,69.79077951256015,1.0,77.096,199.0,0.0,0.0,0.0,0.0,0.0,0.0
36570.0,37.35149705348236,1.5,100.0,100.0,2.0,123.14,117.0,0.0,0.0,1.0,0.0,0.0,0.0
30912.0,39.57308541871446,1.5,100.0,100.0,0.0,111.824,113.0,0.0,0.0,0.0,0.0,0.0,0.0
22030.0,46.12704527524564,1.135721653519765,70.10335788388515,100.0,0.0,94.06,99.0,0.0,0.0,1.0,0.0,0.0,0.0
21941.0,59.2173908452187,1.1060513998092243,76.6435175171682,100.0,2.0,93.882,102.0,0.0,1.0,0.0,0.0,0.0,0.0
33867.0,33.15348558413673,1.5,100.0,100.0,3.0,117.734,91.0,0.0,0.0,0.0,0.0,0.0,0.0
13697.0,48.44659544589673,1.0325569199991067,39.244384377373095,72.16373857527776,0.0,77.394,210.0,0.0,0.0,0.0,0.0,0.0,0.0
53635.0,34.864198114900965,1.5,100.0,100.0,1.0,157.26999999999998,89.0,0.0,0.0,0.0,0.0,0.0,0.0
33061.0,38.60869899452015,1.5,100.0,100.0,3.0,116.122,89.0,0.0,0.0,0.0,0.0,0.0,0.0
31053.0,33.03762105433634,1.5,100.0,100.0,1.0,112.106,121.0,0.0,0.0,1.0,0.0,0.0,1.0
15272.0,51.71620081049882,1.102036608574846,52.856595060523176,75.84908221632011,0.0,80.544,93.0,0.0,0.0,0.0,0.0,0.0,0.0
24657.0,52.89479461505695,1.2519655732255204,76.68220262580657,100.0,2.0,99.314,103.0,0.0,0.0,0.0,0.0,0.0,0.0
35315.0,38.03549669318444,1.5,100.0,100.0,2.0,120.63,97.0,0.0,0.0,0.0,0.0,0.0,0.0
47810.0,36.22885126519489,1.5,100.0,100.0,3.0,145.62,106.0,0.0,0.0,0.0,0.0,0.0,0.0
16736.0,45.85666634402437,1.101702029073549,52.600525629380456,82.75875065883156,0.0,83.47200000000001,97.0,0.0,1.0,0.0,0.0,0.0,0.0
27049.0,37.27731335908987,1.5,98.00996768702532,100.0,2.0,104.098,95.0,0.0,0.0,0.0,0.0,0.0,0.0
28085.0,41.37932460438661,1.5,92.31688307074336,100.0,5.0,106.17,92.0,0.0,0.0,0.0,1.0,0.0,0.0
16390.0,39.8712488286324,1.2509388191679678,62.58457992849806,82.68835268003122,0.0,82.78,105.0,0.0,1.0,0.0,0.0,0.0,0.0
16331.0,56.83874163689866,1.3805072661725617,61.080383726526,79.28597910152013,0.0,82.662,132.0,0.0,0.0,0.0,0.0,0.0,0.0
53914.0,28.0470175481373,1.5,100.0,100.0,1.0,157.828,88.0,0.0,0.0,0.0,0.0,0.0,1.0
42171.0,46.22812523811362,1.5,100.0,100.0,2.0,134.34199999999998,79.0,0.0,1.0,0.0,0.0,0.0,0.0
22505.0,48.74558423258988,1.0203748141199902,82.8063611720691,100.0,3.0,95.01,114.0,0.0,1.0,0.0,0.0,0.0,0.0
17549.0,40.91433128649757,1.0828511353802222,53.97280628983617,90.77603161921331,0.0,85.098,105.0,0.0,0.0,0.0,0.0,0.0,0.0
9992.0,33.015058522572986,1.078626781719893,37.5286317300218,49.21854612929157,0.0,69.98400000000001,195.0,0.0,0.0,0.0,0.0,1.0,0.0
14654.0,38.05689541528914,1.139822168201123,42.6174967897803,70.34225349077151,0.0,79.30799999999999,199.0,0.0,0.0,0.0,1.0,0.0,0.0
34715.0,27.7534922878234,1.5,100.0,100.0,3.0,119.43,90.0,0.0,0.0,0.0,0.0,0.0,0.0
26805.0,26.08275189920363,1.5,88.94025927366253,100.0,1.0,103.61,107.0,0.0,0.0,0.0,0.0,0.0,0.0
7224.0,35.393798373515125,1.0342374894980098,14.31190928541972,36.14761234732184,0.0,64.44800000000001,190.0,0.0,0.0,1.0,0.0,0.0,0.0
42685.0,42.04207261680706,1.5,100.0,100.0,2.0,135.37,103.0,0.0,1.0,0.0,0.0,0.0,0.0
26848.0,20.0,1.5,94.3313934719716,100.0,1.0,103.696,93.0,0.0,0.0,0.0,0.0,0.0,0.0
52527.0,44.64510345685868,1.5,100.0,100.0,0.0,155.054,114.0,0.0,0.0,1.0,0.0,0.0,0.0
30264.0,28.11151152484649,1.5,92.87228498199669,100.0,1.0,110.528,95.0,0.0,0.0,0.0,0.0,0.0,0.0
32761.0,35.5953614416227,1.5,100.0,100.0,2.0,115.522,113.0,0.0,0.0,0.0,0.0,0.0,0.0
20514.0,31.28857878704473,1.3872577930522596,61.06467842554893,99.96263892278996,0.0,91.028,98.0,0.0,1.0,0.0,0.0,0.0,0.0
11445.0,47.41223870145331,1.2060969998528164,48.13412594845912,56.64259864767992,0.0,72.89,190.0,0.0,0.0,0.0,0.0,0.0,0.0
61961.0,33.44762456359753,1.5,100.0,100.0,2.0,173.922,91.0,0.0,0.0,0.0,0.0,0.0,1.0
28491.0,32.71425875430874,1.5,88.95756991279893,100.0,0.0,106.982,114.0,0.0,0.0,0.0,0.0,0.0,0.0
8717.0,46.51708162693984,1.3032333926353283,33.33182002454882,48.45989832630951,0.0,67.434,200.0,0.0,0.0,0.0,0.0,0.0,0.0
48195.0,23.979272154273023,1.5,100.0,100.0,5.0,146.39,92.0,0.0,0.0,0.0,1.0,0.0,0.0
46493.0,42.875303120813385,1.5,100.0,100.0,2.0,142.986,105.0,0.0,1.0,0.0,0.0,0.0,0.0
28491.0,31.44361084888028,1.5,96.0525619858676,100.0,0.0,106.982,105.0,0.0,0.0,0.0,0.0,0.0,0.0
37865.0,20.0,1.5,100.0,100.0,1.0,125.73,98.0,1.0,0.0,0.0,0.0,0.0,0.0
32632.0,38.79874777022202,1.5,100.0,100.0,4.0,115.264,110.0,1.0,0.0,0.0,0.0,0.0,0.0
29006.0,43.53559305192614,1.5,100.0,100.0,1.0,108.012,97.0,1.0,0.0,1.0,0.0,0.0,0.0
13612.0,50.59021568113104,1.1466314904450237,42.69846100614454,64.73884789776655,1.0,77.224,204.0,1.0,0.0,0.0,0.0,0.0,0.0
14065.0,44.05764234762531,1.0522512724314297,43.6619126322603,68.73955740091543,0.0,78.13,204.0,1.0,0.0,0.0,0.0,0.0,0.0
13048.0,27.70136857075375,1.0671277159834742,48.96120888844244,62.33757225233631,2.0,76.096,180.0,1.0,0.0,0.0,0.0,0.0,0.0
18077.0,27.1778605112304,1.393030149460915,54.422629458607055,93.30869337667602,0.0,86.154,99.0,1.0,0.0,0.0,1.0,0.0,0.0
25740.0,29.935138087762155,1.5,77.29949672200601,100.0,1.0,101.48,106.0,1.0,0.0,1.0,0.0,0.0,0.0
15430.0,31.150380088783063,1.0111982494750311,58.91426153548589,80.72711688387594,0.0,80.86,104.0,1.0,0.0,0.0,0.0,1.0,0.0
24062.0,47.49216253109292,1.336754432686103,83.90626318641371,100.0,0.0,98.124,100.0,1.0,0.0,0.0,0.0,0.0,0.0
26507.0,43.20052533419346,1.5,91.14639635431875,100.0,0.0,103.014,116.0,1.0,0.0,0.0,0.0,0.0,0.0
27008.0,30.625271072365084,1.5,90.74236963293984,100.0,1.0,104.016,84.0,1.0,0.0,0.0,0.0,0.0,0.0
15821.0,49.25496011942708,1.3673397716369948,50.72834227054596,81.89584514724214,1.0,81.642,93.0,1.0,1.0,0.0,0.0,0.0,0.0
47199.0,37.72658525804352,1.5,100.0,100.0,3.0,144.398,112.0,1.0,0.0,1.0,0.0,0.0,0.0
38651.0,46.839927244419485,1.5,100.0,100.0,1.0,127.302,102.0,1.0,0.0,0.0,0.0,0.0,1.0
12270.0,44.897129399477336,1.3805080255432347,43.42504231339976,64.0677181217833,0.0,74.53999999999999,181.0,1.0,0.0,0.0,0.0,0.0,0.0
33375.0,29.279104079320117,1.5,100.0,100.0,0.0,116.75,92.0,1.0,1.0,0.0,0.0,0.0,0.0
18066.0,52.81117718754149,1.2916627143728698,54.84373826236221,92.08035398131614,0.0,86.132,91.0,1.0,0.0,0.0,0.0,1.0,0.0
33120.0,40.67600094738073,1.5,100.0,100.0,3.0,116.24,106.0,0.0,0.0,0.0,0.0,0.0,0.0
32040.0,46.01451619520779,1.5,100.0,100.0,1.0,114.08,85.0,0.0,0.0,0.0,1.0,0.0,0.0
29266.0,27.42640018142603,1.5,95.3746423279526,100.0,5.0,108.532,110.0,0.0,0.0,0.0,0.0,0.0,0.0
30631.0,36.63357480374298,1.5,100.0,100.0,2.0,111.262,90.0,0.0,0.0,0.0,0.0,0.0,1.0
13502.0,47.27663282242106,1.1908127703855915,39.47995288689344,68.32862929724385,1.0,77.004,218.0,0.0,0.0,1.0,0.0,0.0,0.0
27719.0,32.86655396781485,1.5,84.47074215227602,100.0,4.0,105.438,106.0,0.0,0.0,0.0,0.0,0.0,0.0
63390.0,63.46434641470984,1.5,100.0,100.0,0.0,176.78,120.0,0.0,0.0,0.0,0.0,0.0,0.0
20546.0,34.24976024903871,1.116130435249853,58.794811800134426,100.0,2.0,91.092,94.0,0.0,0.0,0.0,1.0,0.0,0.0
10195.0,45.03660442619972,1.1324015094159572,30.29946416554729,50.8455777998886,0.0,70.39,209.0,0.0,0.0,0.0,0.0,1.0,0.0
9200.0,52.52414490125913,1.2959938525757535,35.07112135581458,50.96784803828881,0.0,68.4,212.0,0.0,0.0,0.0,0.0,0.0,0.0
21319.0,48.14529991060397,1.0879304255513158,63.48767495914281,100.0,0.0,92.638,98.0,0.0,1.0,0.0,0.0,0.0,0.0
38341.0,27.68322588899841,1.5,100.0,100.0,2.0,126.682,98.0,0.0,0.0,1.0,0.0,0.0,0.0
39097.0,32.988663967265815,1.5,100.0,100.0,2.0,128.19400000000002,95.0,0.0,0.0,0.0,0.0,0.0,0.0
22346.0,45.20080369156013,1.0700590316810867,77.6291546154258,100.0,1.0,94.692,86.0,0.0,0.0,0.0,0.0,0.0,0.0
65926.0,45.674636543347575,1.5,100.0,100.0,1.0,181.852,101.0,0.0,0.0,0.0,0.0,0.0,0.0
37703.0,33.16141078995294,1.5,100.0,100.0,4.0,125.406,105.0,0.0,0.0,0.0,0.0,0.0,0.0
50466.0,20.0,1.5,100.0,100.0,0.0,150.93200000000002,92.0,0.0,0.0,0.0,0.0,1.0,0.0
37918.0,23.952334007543666,1.5,100.0,100.0,2.0,125.836,105.0,0.0,0.0,0.0,0.0,0.0,0.0
20019.0,36.10903756303447,1.122089920127037,73.86615212520633,100.0,5.0,90.038,106.0,0.0,0.0,0.0,1.0,0.0,0.0
34584.0,40.11615365568353,1.5,100.0,100.0,3.0,119.168,89.0,0.0,0.0,0.0,0.0,0.0,0.0
49776.0,20.0,1.5,100.0,100.0,3.0,149.55200000000002,110.0,0.0,0.0,0.0,0.0,1.0,0.0
8547.0,37.77218456916593,1.3448532323449027,20.239802862099356,44.27720976169436,0.0,67.094,186.0,0.0,0.0,0.0,0.0,1.0,0.0
14527.0,62.64577936048762,1.2482607124736356,49.72395144662873,69.20542948876643,0.0,79.054,194.0,0.0,0.0,0.0,0.0,0.0,0.0
41796.0,31.30608000401729,1.5,100.0,100.0,3.0,133.59199999999998,97.0,0.0,0.0,0.0,0.0,0.0,0.0
50425.0,39.82042690517783,1.5,100.0,100.0,1.0,150.85,107.0,0.0,0.0,0.0,0.0,0.0,0.0
37387.0,30.057851433451347,1.5,100.0,100.0,1.0,124.774,102.0,0.0,0.0,0.0,1.0,0.0,0.0
36694.0,35.92622100057224,1.5,100.0,100.0,4.0,123.388,104.0,0.0,0.0,0.0,0.0,0.0,1.0
19434.0,58.54380013079307,1.399908666264177,70.18510376799271,96.22169940584637,0.0,88.868,97.0,0.0,0.0,1.0,0.0,0.0,0.0
11596.0,39.52856900752593,1.2096485608476752,47.87252150451542,58.43055979575778,1.0,73.19200000000001,219.0,0.0,0.0,0.0,0.0,0.0,0.0
26174.0,33.61368329148964,1.5,79.04237255233669,100.0,2.0,102.348,94.0,0.0,0.0,0.0,0.0,0.0,0.0
6382.0,53.41715279342349,1.1359457691310442,15.406716830986944,28.02724910114531,0.0,62.764,194.0,0.0,0.0,0.0,1.0,0.0,0.0
14435.0,31.145898354027743,1.1820045640314183,45.29895418943495,73.06790490091026,0.0,78.87,198.0,0.0,0.0,0.0,0.0,0.0,0.0
16101.0,53.71978498960752,1.0304561177734015,50.26658230659351,84.33068909457558,0.0,82.202,109.0,0.0,0.0,0.0,0.0,0.0,0.0
25395.0,22.88634491920809,1.5,92.17185690786624,100.0,1.0,100.79,90.0,0.0,0.0,0.0,0.0,0.0,0.0
40093.0,40.13917540693614,1.5,100.0,100.0,0.0,130.186,95.0,0.0,0.0,0.0,1.0,0.0,1.0
21028.0,45.58848645917908,1.2083738278112564,72.41250687644562,100.0,2.0,92.056,99.0,0.0,0.0,0.0,0.0,0.0,0.0
34613.0,43.71806003690641,1.5,100.0,100.0,0.0,119.226,100.0,0.0,1.0,0.0,0.0,0.0,0.0
11873.0,50.89305341968488,1.0352462412200063,41.99773513751149,60.82400266948994,0.0,73.746,218.0,0.0,0.0,0.0,0.0,0.0,1.0
34026.0,37.79879217579176,1.5,100.0,100.0,1.0,118.052,102.0,0.0,0.0,0.0,0.0,0.0,0.0
24659.0,34.90106232664084,1.1816133502536337,76.59549570366441,100.0,1.0,99.318,99.0,0.0,0.0,0.0,0.0,0.0,0.0
62879.0,21.27701433410737,1.5,100.0,100.0,1.0,175.75799999999998,101.0,0.0,0.0,0.0,1.0,0.0,0.0
58028.0,43.13890142995344,1.5,100.0,100.0,0.0,166.05599999999998,100.0,0.0,0.0,1.0,0.0,0.0,0.0
18961.0,40.62873661080312,1.1002908861363123,59.63972710667591,91.8694124360402,1.0,87.922,109.0,0.0,0.0,1.0,0.0,0.0,1.0
38173.0,30.65315234335359,1.5,100.0,100.0,0.0,126.346,99.0,0.0,0.0,0.0,0.0,0.0,0.0
13547.0,47.94568726231958,1.3668488195441486,53.07396792681986,64.91972572107869,1.0,77.094,215.0,0.0,0.0,0.0,0.0,0.0,0.0
7358.0,43.38626476634145,1.3552708473574069,23.214332523602668,34.67538198188217,0.0,64.716,194.0,0.0,0.0,0.0,0.0,0.0,0.0
24250.0,30.99246697702897,1.222116049876777,79.21951178678395,100.0,7.0,98.5,98.0,1.0,0.0,1.0,0.0,0.0,1.0
35215.0,23.8914480047459,1.5,100.0,100.0,1.0,120.43,88.0,1.0,1.0,0.0,0.0,0.0,1.0
19961.0,57.7801506908482,1.1557362662507082,57.28780351996855,100.0,0.0,89.922,102.0,1.0,0.0,0.0,0.0,0.0,0.0
43921.0,34.2836128381252,1.5,100.0,100.0,1.0,137.84199999999998,101.0,1.0,0.0,0.0,0.0,0.0,0.0
61157.0,35.25752636804469,1.5,100.0,100.0,6.0,172.314,102.0,1.0,0.0,0.0,0.0,0.0,0.0
11962.0,61.39530514107243,1.1153903931224378,36.714227313113625,62.43538938725118,0.0,73.924,209.0,1.0,0.0,1.0,0.0,0.0,0.0
48216.0,37.757693337287805,1.5,100.0,100.0,2.0,146.43200000000002,112.0,1.0,0.0,0.0,0.0,0.0,0.0
31090.0,29.15844815484578,1.5,98.63325623087778,100.0,2.0,112.18,96.0,1.0,0.0,0.0,0.0,0.0,0.0
30140.0,42.56069731838777,1.5,99.07268456155018,100.0,1.0,110.28,95.0,1.0,0.0,0.0,1.0,0.0,1.0
28231.0,26.8347170380573,1.5,88.67393026025167,100.0,4.0,106.462,83.0,1.0,0.0,0.0,0.0,0.0,0.0
6443.0,20.0,1.3528340534278305,30.060059919438967,30.544323235495543,1.0,62.886,197.0,1.0,0.0,0.0,0.0,0.0,0.0
36421.0,24.02425954186252,1.5,100.0,100.0,2.0,122.842,102.0,1.0,0.0,0.0,0.0,0.0,0.0
27915.0,50.21427965037023,1.5,89.02727012889466,100.0,0.0,105.83,106.0,1.0,1.0,0.0,0.0,0.0,0.0
17431.0,43.353448153911366,1.0797899121422656,57.7127155815041,82.25448601135786,1.0,84.862,99.0,1.0,0.0,1.0,0.0,0.0,0.0
33080.0,20.0,1.5,100.0,100.0,1.0,116.16,85.0,1.0,1.0,0.0,0.0,0.0,0.0
33091.0,48.69561068101999,1.5,100.0,100.0,1.0,116.182,112.0,1.0,0.0,0.0,0.0,0.0,0.0
24714.0,42.48107917287962,1.0377356967256313,92.0099397386441,100.0,1.0,99.428,90.0,1.0,1.0,0.0,0.0,0.0,0.0
44949.0,37.23198825998436,1.5,100.0,100.0,2.0,139.898,85.0,1.0,0.0,0.0,0.0,0.0,0.0
21572.0,49.31643472464571,1.3834798093095717,69.1621712712321,100.0,2.0,93.144,82.0,1.0,0.0,0.0,0.0,0.0,0.0
30555.0,45.04634805821382,1.5,100.0,100.0,1.0,111.11,104.0,1.0,0.0,1.0,0.0,0.0,0.0
29418.0,40.135263468767256,1.5,100.0,100.0,5.0,108.836,104.0,1.0,1.0,0.0,0.0,0.0,0.0
27387.0,44.90748612613169,1.5,100.0,100.0,3.0,104.774,114.0,0.0,0.0,0.0,0.0,0.0,0.0
12867.0,75.12173833361044,1.0258941452372652,37.56958693966962,60.67713931110538,0.0,75.73400000000001,183.0,0.0,0.0,0.0,0.0,0.0,0.0
31743.0,20.0,1.5,100.0,100.0,5.0,113.486,105.0,0.0,0.0,1.0,0.0,0.0,0.0
45941.0,20.0,1.5,100.0,100.0,0.0,141.882,108.0,0.0,0.0,1.0,0.0,0.0,0.0
40950.0,43.66690458291808,1.5,100.0,100.0,1.0,131.9,115.0,0.0,0.0,0.0,0.0,0.0,0.0
53620.0,20.0,1.5,100.0,100.0,1.0,157.24,103.0,0.0,0.0,0.0,0.0,1.0,0.0
16482.0,63.644039280867446,1.0214330746126714,46.66374338478192,81.67294814447092,1.0,82.964,100.0,0.0,0.0,1.0,0.0,0.0,0.0
9890.0,42.81243158648447,1.284671538511346,34.37165137721158,51.468224722360986,0.0,69.78,192.0,0.0,0.0,0.0,1.0,0.0,0.0
18520.0,62.80610831361677,1.057536131562807,69.66467294324804,90.11708005494144,0.0,87.03999999999999,91.0,0.0,0.0,0.0,0.0,0.0,0.0
38466.0,33.195352521866546,1.5,100.0,100.0,0.0,126.932,88.0,0.0,0.0,0.0,0.0,0.0,0.0
10833.0,59.52193821068353,1.3573514148447132,36.86725239890978,49.76125223289202,0.0,71.666,197.0,0.0,0.0,1.0,0.0,0.0,0.0
15019.0,38.7795053813163,1.3769035959307163,41.78244778031772,70.36792942375294,0.0,80.038,84.0,0.0,0.0,0.0,0.0,0.0,0.0
10789.0,45.3705944486122,1.3081877844005698,30.63232058357821,53.2867058004471,0.0,71.578,218.0,0.0,0.0,0.0,0.0,0.0,0.0
24083.0,56.41816028214146,1.184609630628093,90.26966315961502,100.0,2.0,98.166,104.0,0.0,0.0,0.0,0.0,0.0,0.0
33706.0,45.125683357073456,1.5,100.0,100.0,2.0,117.412,109.0,0.0,0.0,0.0,0.0,0.0,1.0
36662.0,34.558506973162025,1.5,100.0,100.0,2.0,123.324,96.0,0.0,0.0,0.0,1.0,0.0,1.0
20727.0,53.61278105150475,1.0483852799023643,69.3130662185518,100.0,0.0,91.454,118.0,0.0,0.0,0.0,1.0,0.0,0.0
41341.0,52.17645024392718,1.5,100.0,100.0,2.0,132.68200000000002,85.0,0.0,0.0,0.0,0.0,0.0,0.0
37376.0,39.98487363330397,1.5,100.0,100.0,0.0,124.752,110.0,0.0,0.0,0.0,0.0,0.0,0.0
29265.0,40.24329115210934,1.5,99.25665982086612,100.0,5.0,108.53,93.0,0.0,0.0,1.0,0.0,0.0,0.0
49353.0,27.8592769618188,1.5,100.0,100.0,3.0,148.70600000000002,75.0,0.0,0.0,0.0,1.0,0.0,0.0
24041.0,41.18417715483391,1.1541104831591669,70.41650178533256,100.0,1.0,98.082,101.0,0.0,0.0,0.0,0.0,0.0,0.0
25348.0,37.04097934087352,1.5,92.8356658181594,100.0,1.0,100.696,109.0,0.0,1.0,0.0,0.0,0.0,0.0
20774.0,46.24634908737885,1.2713327927647406,66.81576572834925,100.0,1.0,91.548,92.0,0.0,0.0,0.0,0.0,0.0,0.0
40633.0,50.33249886059488,1.5,100.0,100.0,0.0,131.26600000000002,95.0,0.0,0.0,1.0,0.0,0.0,0.0
18198.0,44.938201445192426,1.2113409670623534,66.49715809276805,90.73464574699072,1.0,86.396,113.0,0.0,1.0,0.0,0.0,0.0,0.0
13571.0,45.52384019666822,1.3484141502795104,38.51781883758458,69.56394908640773,3.0,77.142,188.0,0.0,0.0,0.0,0.0,0.0,0.0
33164.0,53.665187928042165,1.5,100.0,100.0,3.0,116.328,112.0,0.0,0.0,1.0,0.0,0.0,0.0
38653.0,39.48189081303276,1.5,100.0,100.0,1.0,127.306,104.0,0.0,0.0,0.0,0.0,0.0,0.0
15277.0,39.79157677475213,1.1768978755482575,52.7589500240597,78.05188238481429,0.0,80.554,103.0,0.0,0.0,1.0,0.0,0.0,0.0
10747.0,49.27283761151761,1.0446145344724904,35.20966784083606,56.88461716175141,1.0,71.494,191.0,0.0,0.0,0.0,1.0,0.0,0.0
41253.0,28.59421939105344,1.5,100.0,100.0,0.0,132.506,93.0,0.0,0.0,0.0,0.0,0.0,0.0
18806.0,43.66991975251887,1.1558362226519907,60.8487199032814,90.4859711826526,1.0,87.612,105.0,0.0,1.0,0.0,0.0,0.0,0.0
11958.0,50.25403242476308,1.356495809531009,33.156963759512045,58.36152084161419,3.0,73.916,241.0,0.0,0.0,0.0,0.0,0.0,0.0
49782.0,33.90652315844692,1.5,100.0,100.0,1.0,149.564,103.0,0.0,1.0,0.0,0.0,0.0,0.0
18617.0,56.57740100896269,1.1762318508185368,58.917997026562624,88.60697868360805,1.0,87.23400000000001,106.0,0.0,1.0,0.0,0.0,0.0,0.0
47788.0,33.5288118630032,1.5,100.0,100.0,2.0,145.576,96.0,0.0,0.0,0.0,0.0,0.0,0.0
47773.0,35.55853623863987,1.5,100.0,100.0,0.0,145.546,89.0,0.0,0.0,0.0,0.0,0.0,0.0
12597.0,62.51271626549641,1.0162202966494984,46.42348028916118,66.84260635199553,2.0,75.194,198.0,0.0,0.0,0.0,0.0,1.0,0.0
20816.0,29.35797748789589,1.0637676906255278,73.16600880650441,100.0,1.0,91.632,94.0,0.0,0.0,0.0,0.0,0.0,0.0
30067.0,32.24635082020423,1.5,100.0,100.0,0.0,110.134,101.0,0.0,0.0,1.0,0.0,0.0,1.0
36097.0,33.43147440322975,1.5,100.0,100.0,1.0,122.194,94.0,1.0,0.0,1.0,0.0,0.0,0.0
12806.0,39.47395178452633,1.199180538368999,48.46161387940333,67.3610107588974,1.0,75.612,212.0,1.0,0.0,0.0,1.0,0.0,1.0
25353.0,32.26659098348903,1.5,77.02237874972202,100.0,2.0,100.706,99.0,1.0,0.0,0.0,0.0,0.0,0.0
31772.0,52.07985201873674,1.5,100.0,100.0,2.0,113.544,116.0,1.0,0.0,0.0,0.0,0.0,0.0
32077.0,33.444793478798935,1.5,100.0,100.0,1.0,114.154,113.0,1.0,0.0,1.0,0.0,0.0,0.0
39800.0,34.72336722297953,1.5,100.0,100.0,3.0,129.6,99.0,1.0,0.0,0.0,0.0,0.0,0.0
13504.0,50.107393963390265,1.3816984866849304,52.33427543071811,64.68431670552424,1.0,77.008,200.0,1.0,1.0,0.0,0.0,0.0,0.0
23040.0,20.0,1.2628273799632566,68.11360341627883,100.0,0.0,96.08,112.0,1.0,1.0,0.0,0.0,0.0,0.0
18808.0,41.88822280603185,1.0022110059031248,59.22950982161116,89.5032769930099,0.0,87.616,92.0,1.0,0.0,0.0,0.0,0.0,1.0
25149.0,33.095658042451134,1.5,81.36562897204716,100.0,1.0,100.298,102.0,1.0,0.0,0.0,0.0,0.0,0.0
46301.0,44.95698913126935,1.5,100.0,100.0,1.0,142.602,100.0,1.0,0.0,1.0,0.0,0.0,0.0
13678.0,38.10116537441114,1.0433211761235934,44.91349320894116,65.43300047109213,0.0,77.356,185.0,1.0,1.0,0.0,0.0,0.0,0.0
57658.0,36.556842980684806,1.5,100.0,100.0,1.0,165.316,94.0,1.0,0.0,0.0,0.0,0.0,0.0
31279.0,34.86029951885683,1.5,100.0,100.0,1.0,112.558,88.0,1.0,0.0,0.0,0.0,0.0,0.0
5839.0,36.42575203067268,1.003070527048268,18.719104806394053,33.886185904238026,0.0,61.678,198.0,1.0,0.0,0.0,0.0,0.0,0.0
40112.0,40.400439250564325,1.5,100.0,100.0,5.0,130.224,76.0,1.0,1.0,0.0,0.0,0.0,0.0
23916.0,39.19172776328392,1.075785977809626,85.60136947386194,100.0,2.0,97.832,107.0,1.0,0.0,0.0,0.0,0.0,0.0
22949.0,55.73084894650688,1.3956404717114843,80.5240425415749,100.0,4.0,95.898,117.0,1.0,1.0,0.0,0.0,0.0,0.0
33335.0,35.42970559616457,1.5,100.0,100.0,2.0,116.67,95.0,1.0,1.0,0.0,0.0,0.0,0.0
45496.0,42.21127924245849,1.5,100.0,100.0,1.0,140.99200000000002,95.0,0.0,0.0,1.0,0.0,0.0,0.0
50839.0,41.48397810495207,1.5,100.0,100.0,1.0,151.678,119.0,0.0,0.0,0.0,0.0,0.0,0.0
15007.0,53.84135319774136,1.3335898329971567,51.16817072930496,75.40421201501972,0.0,80.014,98.0,0.0,0.0,0.0,1.0,0.0,0.0
28412.0,32.578463573059366,1.5,87.83469246804329,100.0,2.0,106.824,94.0,0.0,0.0,0.0,0.0,0.0,0.0
15580.0,38.96902199993823,1.3210326533312933,60.18279208251207,79.51247237036097,0.0,81.16,92.0,0.0,0.0,1.0,0.0,0.0,0.0
12216.0,40.724697123402166,1.2882511069162863,38.78873126458584,61.59238237268863,1.0,74.432,219.0,0.0,0.0,0.0,0.0,0.0,0.0
41124.0,44.4313690217888,1.5,100.0,100.0,3.0,132.248,113.0,0.0,0.0,0.0,0.0,0.0,0.0
41345.0,39.44319568113395,1.5,100.0,100.0,3.0,132.69,92.0,0.0,0.0,0.0,0.0,0.0,0.0
39338.0,31.524838158937605,1.5,100.0,100.0,1.0,128.676,108.0,0.0,0.0,0.0,0.0,0.0,0.0
19869.0,44.629099306033936,1.396600078441687,70.39406106658618,98.0437646554202,2.0,89.738,102.0,0.0,0.0,0.0,0.0,1.0,0.0
22625.0,40.51264200879736,1.3983299893884933,84.8595561587599,100.0,1.0,95.25,103.0,0.0,0.0,1.0,0.0,0.0,0.0
41184.0,25.10240606669115,1.5,100.0,100.0,2.0,132.368,88.0,0.0,1.0,0.0,0.0,0.0,0.0
6505.0,39.81742304446068,1.2877539895183714,22.98172493259262,36.86532634805425,1.0,63.01,184.0,0.0,0.0,0.0,0.0,0.0,0.0
43309.0,43.761735546654776,1.5,100.0,100.0,4.0,136.618,108.0,0.0,0.0,0.0,0.0,1.0,0.0
18424.0,45.4077743888196,1.1828376043411524,62.52238439099996,94.21564355840488,1.0,86.848,88.0,0.0,0.0,1.0,0.0,0.0,0.0
40434.0,20.0,1.5,100.0,100.0,2.0,130.868,84.0,0.0,1.0,0.0,0.0,0.0,0.0
39799.0,28.55857888292799,1.5,100.0,100.0,3.0,129.598,85.0,0.0,0.0,0.0,0.0,0.0,0.0
32452.0,31.355144808040315,1.5,100.0,100.0,5.0,114.904,102.0,0.0,0.0,0.0,0.0,0.0,0.0
16284.0,40.58125534297236,1.0500562115579402,62.90478483051204,83.07013180442001,0.0,82.568,99.0,0.0,0.0,0.0,0.0,0.0,0.0
20987.0,46.60323075582058,1.0173386423551036,74.526224115849,100.0,3.0,91.974,91.0,0.0,0.0,0.0,0.0,0.0,0.0
23846.0,28.66339015621494,1.3077746757395323,87.68864728774781,100.0,0.0,97.692,107.0,0.0,0.0,1.0,0.0,0.0,0.0
48620.0,28.75597414566254,1.5,100.0,100.0,3.0,147.24,98.0,0.0,0.0,1.0,0.0,0.0,1.0
16164.0,36.45027688096717,1.0085052739248903,59.57838225355261,82.31029619516627,0.0,82.328,114.0,0.0,0.0,0.0,0.0,0.0,0.0
15821.0,44.27201059346718,1.1634220009630372,56.757969297474624,84.0755887764926,0.0,81.642,102.0,0.0,0.0,0.0,0.0,0.0,1.0
47447.0,20.0,1.5,100.0,100.0,1.0,144.894,118.0,0.0,0.0,0.0,1.0,0.0,0.0
16866.0,33.3772338092831,1.0946875957387598,62.13078069746237,81.1470491098109,1.0,83.732,94.0,0.0,1.0,0.0,0.0,0.0,0.0
12188.0,50.44743441753195,1.1560208880445717,46.723924244483314,62.044536164835925,1.0,74.376,189.0,0.0,1.0,0.0,0.0,0.0,0.0
16860.0,38.31162601849111,1.258647209615816,64.37988105475647,83.57486987699009,0.0,83.72,99.0,0.0,0.0,0.0,0.0,0.0,0.0
31157.0,23.122644588272287,1.5,100.0,100.0,2.0,112.314,103.0,0.0,0.0,0.0,0.0,0.0,0.0
14712.0,50.79196886879631,1.0345520394472798,44.56096774537141,70.58161487260503,0.0,79.424,213.0,0.0,0.0,1.0,0.0,0.0,0.0
11990.0,53.33244000206197,1.1284966432554746,31.070878513093525,56.117246788643925,0.0,73.98,191.0,0.0,0.0,0.0,0.0,0.0,0.0
39897.0,45.236880837864106,1.5,100.0,100.0,1.0,129.79399999999998,102.0,0.0,0.0,0.0,0.0,0.0,0.0
20469.0,53.01442500287117,1.143356678365519,69.2915085355511,99.65994025940886,2.0,90.938,105.0,0.0,0.0,1.0,0.0,0.0,0.0
44649.0,39.28108380676362,1.5,100.0,100.0,4.0,139.298,105.0,0.0,0.0,1.0,0.0,0.0,0.0
40309.0,43.47115950605297,1.5,100.0,100.0,3.0,130.618,125.0,0.0,1.0,0.0,0.0,0.0,0.0
28945.0,41.586034289575615,1.5,91.22128253195504,100.0,0.0,107.89,89.0,0.0,0.0,0.0,0.0,0.0,1.0
29483.0,34.201227934514804,1.5,97.96364702409114,100.0,1.0,108.966,96.0,0.0,0.0,0.0,0.0,0.0,0.0
17386.0,46.512133304900885,1.1944753814420888,55.615869070939816,89.34257611136682,1.0,84.77199999999999,98.0,0.0,0.0,0.0,0.0,0.0,1.0
40861.0,32.571285414530074,1.5,100.0,100.0,1.0,131.72199999999998,103.0,0.0,0.0,0.0,0.0,0.0,0.0
41483.0,44.39871522918203,1.5,100.0,100.0,2.0,132.966,101.0,0.0,0.0,0.0,0.0,0.0,0.0
27955.0,39.62903933745899,1.5,100.0,100.0,1.0,105.91,101.0,0.0,0.0,0.0,0.0,0.0,0.0
17289.0,37.31471058575725,1.15589572668669,48.40167853494635,83.93702288855347,0.0,84.578,106.0,0.0,0.0,1.0,0.0,0.0,0.0
28920.0,25.272247232575342,1.5,100.0,100.0,1.0,107.84,99.0,0.0,0.0,0.0,0.0,0.0,0.0
23756.0,69.81906712808089,1.385015899162196,78.19889940019037,100.0,1.0,97.512,110.0,0.0,0.0,0.0,0.0,0.0,0.0
25372.0,28.808486125418472,1.5,77.60874757370311,100.0,1.0,100.744,101.0,0.0,0.0,0.0,0.0,0.0,0.0
11349.0,53.56811769379167,1.0060013854609158,43.77198361978392,57.6041467036288,0.0,72.69800000000001,197.0,1.0,1.0,0.0,0.0,0.0,0.0
42964.0,33.08647748971431,1.5,100.0,100.0,3.0,135.928,98.0,1.0,0.0,0.0,0.0,0.0,1.0
29319.0,32.70229127247055,1.5,93.75750350552916,100.0,3.0,108.638,107.0,1.0,0.0,0.0,0.0,0.0,0.0
25446.0,29.831498771123776,1.5,91.73192323756146,100.0,2.0,100.892,113.0,1.0,1.0,0.0,0.0,0.0,0.0
40189.0,21.61861369190566,1.5,100.0,100.0,3.0,130.378,98.0,1.0,0.0,0.0,0.0,1.0,0.0
26463.0,36.937021720393,1.5,87.49441875016282,100.0,0.0,102.926,124.0,1.0,0.0,1.0,0.0,0.0,0.0
34981.0,28.191909825122856,1.5,100.0,100.0,1.0,119.962,123.0,1.0,0.0,0.0,0.0,0.0,0.0
24024.0,32.203124608570334,1.0931609960160118,88.63195144756375,100.0,2.0,98.048,118.0,1.0,0.0,0.0,0.0,0.0,0.0
18624.0,21.044651849416045,1.2861105316000052,65.08701134189404,92.16504688731932,0.0,87.24799999999999,108.0,1.0,0.0,1.0,0.0,0.0,1.0
24473.0,34.16908286221046,1.2463589651466749,82.94900240243841,100.0,1.0,98.946,110.0,1.0,0.0,0.0,0.0,0.0,0.0
23905.0,60.21189705246073,1.2353379605284316,76.40808778580815,100.0,4.0,97.81,99.0,1.0,0.0,0.0,0.0,0.0,0.0
20581.0,39.11393941698201,1.1016570659700842,76.67795544051526,100.0,2.0,91.162,114.0,1.0,0.0,0.0,0.0,0.0,0.0
41927.0,32.92739141500071,1.5,100.0,100.0,1.0,133.85399999999998,101.0,1.0,0.0,0.0,0.0,0.0,0.0
45458.0,38.34972830563787,1.5,100.0,100.0,1.0,140.916,96.0,1.0,0.0,0.0,0.0,0.0,0.0
37685.0,20.0,1.5,100.0,100.0,1.0,125.37,88.0,1.0,0.0,0.0,0.0,1.0,0.0
46879.0,27.29146644879449,1.5,100.0,100.0,1.0,143.75799999999998,108.0,1.0,1.0,0.0,0.0,0.0,0.0
28077.0,43.89435572757925,1.5,100.0,100.0,2.0,106.154,86.0,1.0,0.0,0.0,0.0,0.0,0.0
35241.0,44.628541755298464,1.5,100.0,100.0,2.0,120.482,104.0,1.0,0.0,1.0,0.0,0.0,0.0
28454.0,34.597398274642906,1.5,90.58519881889164,100.0,6.0,106.908,94.0,1.0,0.0,0.0,0.0,0.0,0.0
14897.0,39.45899753187477,1.1918492062322357,57.54372424625954,69.4964513146747,0.0,79.794,202.0,1.0,0.0,0.0,1.0,0.0,0.0
11722.0,30.984828333715697,1.139739434310565,30.114146111765372,59.59400753245617,1.0,73.444,191.0,0.0,0.0,0.0,0.0,0.0,0.0
24467.0,48.04527994354641,1.2602816182079628,87.06672064987085,100.0,2.0,98.934,103.0,0.0,0.0,0.0,0.0,0.0,0.0
27117.0,47.71553249282999,1.5,85.06159156332932,100.0,2.0,104.234,100.0,0.0,0.0,0.0,0.0,0.0,0.0
18397.0,47.81985992022602,1.0566853674109131,69.80700025203973,91.77096331718047,0.0,86.794,94.0,0.0,0.0,0.0,1.0,0.0,0.0
29818.0,37.17266249822247,1.5,100.0,100.0,2.0,109.636,114.0,0.0,0.0,1.0,0.0,0.0,0.0
24265.0,47.65180139005188,1.3423461990954717,89.44946885934573,100.0,2.0,98.53,108.0,0.0,1.0,0.0,0.0,0.0,0.0
28695.0,28.29664890184474,1.5,88.51170243471401,100.0,1.0,107.39,110.0,0.0,0.0,0.0,0.0,0.0,0.0
8639.0,46.01407600242205,1.2397727549728692,29.01128298624358,41.2461048502849,0.0,67.27799999999999,196.0,0.0,0.0,0.0,1.0,0.0,0.0
38695.0,32.07508124881407,1.5,100.0,100.0,1.0,127.39,106.0,0.0,0.0,1.0,0.0,0.0,0.0
31157.0,35.55527373079061,1.5,100.0,100.0,5.0,112.314,88.0,0.0,0.0,0.0,0.0,0.0,0.0
15625.0,57.11354398431418,1.0821009776403812,58.14486962199546,81.92702813030395,3.0,81.25,111.0,0.0,0.0,1.0,0.0,0.0,0.0
4776.0,20.0,1.2619409205711705,20.913385500762185,22.35276344476839,1.0,59.552,208.0,0.0,1.0,0.0,0.0,0.0,0.0
12191.0,40.35386255737838,1.392508525397672,42.62472680911824,60.310530858734566,0.0,74.382,191.0,0.0,0.0,1.0,0.0,0.0,1.0
40619.0,20.0,1.5,100.0,100.0,2.0,131.238,103.0,0.0,0.0,0.0,1.0,0.0,0.0
9873.0,48.48323185224788,1.0148286249952347,33.259455332424736,48.57113210249322,0.0,69.746,208.0,0.0,0.0,1.0,0.0,0.0,0.0
45054.0,31.61967649365137,1.5,100.0,100.0,0.0,140.108,79.0,0.0,1.0,0.0,0.0,0.0,0.0
13835.0,51.23684416832625,1.2373459825867326,49.687796725142384,65.23672115167459,0.0,77.67,201.0,0.0,0.0,0.0,0.0,0.0,0.0
22763.0,34.13851103722213,1.398981340985504,66.69203473739942,100.0,0.0,95.526,97.0,0.0,0.0,0.0,0.0,0.0,0.0
6135.0,43.598043876218696,1.0720533107847972,20.114701362103283,32.66726304108331,0.0,62.27,219.0,0.0,0.0,0.0,0.0,0.0,0.0
24624.0,43.13692697298941,1.0669141550247798,88.9468175708657,100.0,2.0,99.248,89.0,0.0,0.0,1.0,0.0,0.0,0.0
13864.0,47.36294936675798,1.0815218893478948,56.11394059360693,66.42481598154686,0.0,77.72800000000001,193.0,0.0,0.0,0.0,0.0,0.0,1.0
23962.0,44.56062967752603,1.1342267078256405,79.88716117528882,100.0,4.0,97.924,91.0,0.0,0.0,0.0,1.0,0.0,0.0
17209.0,57.13382648146195,1.230157017202733,58.17803091397354,88.00860902365184,1.0,84.418,98.0,0.0,0.0,0.0,0.0,0.0,1.0
47867.0,38.83321450562976,1.5,100.0,100.0,2.0,145.73399999999998,91.0,0.0,0.0,0.0,0.0,0.0,0.0
24445.0,56.260726166765046,1.016740560054299,80.50115328502777,100.0,2.0,98.89,108.0,0.0,0.0,0.0,0.0,0.0,0.0
35320.0,33.21535367766914,1.5,100.0,100.0,2.0,120.64,115.0,0.0,0.0,1.0,0.0,0.0,0.0
23540.0,48.215164567744495,1.0815671196710903,82.3228840526121,100.0,2.0,97.08,118.0,0.0,0.0,0.0,0.0,0.0,0.0
32470.0,50.57830878745408,1.5,100.0,100.0,4.0,114.94,80.0,0.0,0.0,0.0,0.0,0.0,0.0
40840.0,35.81024882542076,1.5,100.0,100.0,3.0,131.68,99.0,0.0,0.0,0.0,0.0,0.0,1.0
26011.0,35.22516016261817,1.5,83.73462974998532,100.0,0.0,102.022,96.0,0.0,0.0,1.0,0.0,0.0,0.0
39102.0,41.209483913152994,1.5,100.0,100.0,4.0,128.204,99.0,0.0,0.0,0.0,0.0,0.0,0.0
8685.0,36.23010827147574,1.2431213944258734,25.988464751504207,39.15652808220315,1.0,67.37,221.0,0.0,0.0,0.0,0.0,0.0,0.0
30857.0,51.25583207833968,1.5,99.5890780679051,100.0,0.0,111.714,87.0,0.0,0.0,1.0,0.0,0.0,0.0
10880.0,50.71642109708517,1.2180021713725118,30.17793792616584,57.4748719644113,0.0,71.76,193.0,0.0,1.0,0.0,0.0,0.0,0.0
22390.0,54.30615396489634,1.16253545551068,80.58383412953917,100.0,0.0,94.78,105.0,0.0,0.0,1.0,0.0,0.0,0.0
15580.0,45.87963602135324,1.190371568512875,50.38072207649448,82.26528243764547,0.0,81.16,92.0,0.0,0.0,0.0,0.0,0.0,0.0
29051.0,30.58430233819483,1.5,89.60599586929919,100.0,2.0,108.102,102.0,0.0,0.0,1.0,0.0,0.0,1.0
44489.0,34.879801454414256,1.5,100.0,100.0,4.0,138.978,102.0,0.0,0.0,0.0,0.0,0.0,0.0
53222.0,51.55539351171018,1.5,100.0,100.0,1.0,156.44400000000002,116.0,0.0,0.0,0.0,0.0,0.0,0.0
17702.0,50.0669127055722,1.167729119990384,61.18245418083992,87.44977449232293,1.0,85.404,101.0,0.0,0.0,0.0,0.0,0.0,0.0
30861.0,42.531128576997055,1.5,100.0,100.0,3.0,111.722,94.0,0.0,1.0,0.0,0.0,0.0,0.0
39927.0,50.83188845965524,1.5,100.0,100.0,2.0,129.85399999999998,91.0,0.0,0.0,0.0,0.0,0.0,0.0
25371.0,38.60405447787319,1.5,87.06810366327105,100.0,1.0,100.742,91.0,0.0,0.0,1.0,0.0,0.0,0.0
15142.0,55.782263572964496,1.2455733636868946,58.18371917234776,74.39300982133175,1.0,80.28399999999999,115.0,0.0,0.0,0.0,0.0,0.0,0.0
15409.0,54.27843514945288,1.2724417864705282,52.92825842540528,77.6547802751766,2.0,80.818,113.0,0.0,0.0,0.0,0.0,0.0,0.0
43925.0,20.91545916086617,1.5,100.0,100.0,1.0,137.85,94.0,0.0,0.0,0.0,0.0,0.0,0.0
34512.0,31.239675018942297,1.5,100.0,100.0,0.0,119.024,98.0,0.0,0.0,0.0,0.0,0.0,1.0
38878.0,30.81440429125783,1.5,100.0,100.0,3.0,127.756,95.0,0.0,0.0,0.0,0.0,0.0,0.0
23595.0,40.78801225509214,1.341208118498069,69.68726366509327,100.0,1.0,97.19,92.0,0.0,0.0,0.0,0.0,0.0,0.0
25176.0,27.378958882299305,1.5,84.30012446746167,100.0,0.0,100.352,107.0,1.0,0.0,0.0,0.0,0.0,0.0
24569.0,38.70038892634993,1.2391717372458015,80.30647695732333,100.0,2.0,99.138,102.0,1.0,0.0,0.0,1.0,0.0,0.0
7533.0,31.69216031316374,1.0412994673832214,27.70434457451718,34.91511793327386,0.0,65.066,178.0,1.0,0.0,0.0,0.0,0.0,0.0
43698.0,42.53656332396839,1.5,100.0,100.0,0.0,137.39600000000002,105.0,1.0,0.0,0.0,0.0,0.0,0.0
15093.0,65.69012324109659,1.294569776191068,40.96964278949875,78.41611308398596,0.0,80.186,100.0,1.0,0.0,0.0,0.0,0.0,0.0
35098.0,31.728061569094184,1.5,100.0,100.0,0.0,120.196,104.0,1.0,0.0,1.0,0.0,0.0,1.0
36857.0,32.40321366687217,1.5,100.0,100.0,1.0,123.714,95.0,1.0,0.0,0.0,0.0,0.0,0.0
17886.0,50.77969051523717,1.07977095527159,68.92999756652262,89.19086769490144,3.0,85.77199999999999,90.0,1.0,0.0,1.0,0.0,0.0,0.0
31295.0,20.395815119817215,1.5,100.0,100.0,2.0,112.59,108.0,1.0,0.0,0.0,0.0,0.0,1.0
14496.0,39.83403651606815,1.2909687803508825,57.48693850018748,75.90701172748635,0.0,78.992,184.0,1.0,0.0,1.0,0.0,0.0,0.0
33554.0,53.19098696220624,1.5,100.0,100.0,0.0,117.108,122.0,1.0,0.0,0.0,1.0,0.0,0.0
24033.0,52.2633831016032,1.3915417229246994,88.01001826225644,100.0,1.0,98.066,109.0,1.0,0.0,0.0,0.0,0.0,0.0
28848.0,35.92631003917412,1.5,97.65289745042315,100.0,2.0,107.696,107.0,1.0,0.0,0.0,0.0,0.0,0.0
23576.0,60.885196583612846,1.316946629580807,80.78082395419133,100.0,1.0,97.152,94.0,1.0,0.0,0.0,0.0,0.0,0.0
16132.0,35.218386777188186,1.1527002105273692,47.6555331112546,79.53397305749067,1.0,82.26400000000001,98.0,1.0,0.0,0.0,0.0,0.0,0.0
44701.0,33.237346243249426,1.5,100.0,100.0,2.0,139.402,120.0,1.0,0.0,0.0,0.0,0.0,0.0
41703.0,25.589365909802083,1.5,100.0,100.0,3.0,133.406,89.0,1.0,0.0,0.0,0.0,0.0,0.0
39454.0,41.91492500534525,1.5,100.0,100.0,3.0,128.90800000000002,100.0,1.0,0.0,0.0,0.0,0.0,0.0
26134.0,20.0,1.5,77.2554672156357,100.0,1.0,102.268,101.0,1.0,0.0,0.0,0.0,0.0,0.0
17394.0,31.820775388962467,1.1160356528465905,64.63902446384458,83.73842382119676,1.0,84.788,116.0,1.0,0.0,0.0,0.0,0.0,0.0
28346.0,42.44398598090738,1.5,90.78601578789072,100.0,2.0,106.692,107.0,1.0,0.0,0.0,0.0,0.0,0.0
11091.0,33.01586810209516,1.2477714904651065,44.32279757549324,60.096790295404105,0.0,72.182,194.0,0.0,0.0,0.0,0.0,0.0,0.0
41919.0,35.30358647533479,1.5,100.0,100.0,2.0,133.838,111.0,0.0,0.0,0.0,0.0,0.0,0.0
30067.0,44.576497636691,1.5,92.39430964728936,100.0,1.0,110.134,102.0,0.0,0.0,0.0,1.0,0.0,1.0
40243.0,34.05748445073152,1.5,100.0,100.0,2.0,130.486,99.0,0.0,0.0,0.0,0.0,0.0,0.0
27620.0,38.39724100737196,1.5,89.02152221514889,100.0,2.0,105.24,89.0,0.0,0.0,0.0,0.0,0.0,0.0
18866.0,49.17357403142849,1.0880998013577017,60.12166876162756,98.4482543842058,1.0,87.732,101.0,0.0,0.0,0.0,0.0,0.0,0.0
9570.0,44.09370193440264,1.1269927942472069,29.85354848049926,44.99944117802493,1.0,69.14,208.0,0.0,0.0,0.0,0.0,0.0,0.0
26650.0,37.52497612338726,1.5,97.49775650434046,100.0,2.0,103.3,99.0,0.0,1.0,0.0,0.0,0.0,0.0
35552.0,53.345771373176106,1.5,100.0,100.0,2.0,121.104,100.0,0.0,0.0,0.0,0.0,0.0,0.0
50801.0,41.96988766918673,1.5,100.0,100.0,1.0,151.602,113.0,0.0,0.0,0.0,0.0,0.0,0.0
19548.0,50.72682562200063,1.1743324230130867,72.49090485104259,98.58394751223692,2.0,89.096,101.0,0.0,0.0,0.0,0.0,0.0,0.0
44801.0,27.44869176735473,1.5,100.0,100.0,1.0,139.602,107.0,0.0,0.0,0.0,1.0,0.0,0.0
50282.0,45.30341593276045,1.5,100.0,100.0,2.0,150.564,104.0,0.0,0.0,0.0,0.0,0.0,0.0
13585.0,31.360390459631155,1.3460176259235783,38.92090744972988,65.18709152136249,2.0,77.17,200.0,0.0,0.0,0.0,0.0,0.0,0.0
14978.0,55.96252616575238,1.3061566207061397,58.11006214812727,75.07303080229312,1.0,79.956,188.0,0.0,0.0,0.0,0.0,0.0,1.0
13610.0,51.33339559300703,1.2950925480476785,38.37371738611682,72.91634784300456,1.0,77.22,193.0,0.0,0.0,0.0,0.0,0.0,0.0
34913.0,30.548895368433264,1.5,100.0,100.0,2.0,119.826,105.0,0.0,0.0,1.0,0.0,0.0,0.0
20195.0,49.42957344894048,1.2002933329754024,62.25832814351926,100.0,0.0,90.39,111.0,0.0,0.0,0.0,0.0,0.0,0.0
38200.0,20.33716320740199,1.5,100.0,100.0,2.0,126.4,91.0,0.0,0.0,1.0,0.0,0.0,1.0
37328.0,26.571784472827176,1.5,100.0,100.0,0.0,124.656,112.0,0.0,0.0,0.0,0.0,0.0,0.0
22653.0,56.6140513119182,1.3918456835959203,67.25435793913655,100.0,1.0,95.306,101.0,0.0,0.0,0.0,0.0,0.0,0.0
14278.0,50.3866997512034,1.0160061317409752,51.98642251516244,76.02476171554372,0.0,78.556,193.0,0.0,0.0,0.0,0.0,1.0,1.0
49680.0,41.39610903798164,1.5,100.0,100.0,0.0,149.36,88.0,0.0,0.0,0.0,1.0,0.0,0.0
28182.0,36.86349571287675,1.5,99.80373057178262,100.0,3.0,106.364,108.0,0.0,0.0,0.0,1.0,0.0,0.0
26883.0,36.491658342604026,1.5,92.21220995147858,100.0,1.0,103.766,97.0,0.0,0.0,0.0,0.0,0.0,0.0
35067.0,20.0,1.5,100.0,100.0,1.0,120.134,96.0,0.0,0.0,1.0,0.0,0.0,0.0
16769.0,39.64853294469789,1.266848128057015,59.04082841402232,83.76373120413875,0.0,83.538,98.0,0.0,0.0,0.0,0.0,0.0,0.0
25757.0,44.41073602824557,1.5,86.53158799199228,100.0,3.0,101.514,96.0,0.0,0.0,0.0,0.0,0.0,0.0
40403.0,29.07214729315876,1.5,100.0,100.0,2.0,130.80599999999998,103.0,0.0,0.0,0.0,0.0,0.0,0.0
14959.0,43.20681472504453,1.1007673372636575,41.55782828458828,73.90602198198151,0.0,79.918,216.0,0.0,0.0,1.0,0.0,0.0,0.0
14243.0,47.00111415283627,1.3072352565698333,51.20862347803068,66.34739354137415,0.0,78.486,187.0,0.0,0.0,1.0,0.0,0.0,0.0
28297.0,42.80296039494066,1.5,100.0,100.0,1.0,106.594,110.0,0.0,0.0,0.0,0.0,0.0,0.0
13109.0,42.89123589510366,1.0434082109000375,34.97007642816444,67.0267959764245,1.0,76.218,213.0,0.0,0.0,0.0,0.0,0.0,0.0
35843.0,32.22503854661299,1.5,100.0,100.0,0.0,121.686,84.0,0.0,0.0,1.0,0.0,0.0,0.0
33348.0,41.704284202590856,1.5,100.0,100.0,2.0,116.696,103.0,0.0,0.0,0.0,0.0,1.0,0.0
21261.0,40.00161933369499,1.3904287747868391,65.14021124839083,100.0,1.0,92.522,114.0,0.0,1.0,0.0,0.0,0.0,0.0
44676.0,34.93436786240095,1.5,100.0,100.0,3.0,139.352,100.0,0.0,0.0,0.0,1.0,0.0,0.0
53812.0,24.11505945658992,1.5,100.0,100.0,1.0,157.624,102.0,0.0,0.0,0.0,0.0,0.0,0.0
34150.0,51.16378092976348,1.5,100.0,100.0,2.0,118.3,101.0,0.0,1.0,0.0,0.0,0.0,0.0
19670.0,59.2492876147127,1.0573391631191038,72.33349123278781,99.7454143513783,0.0,89.34,102.0,0.0,0.0,0.0,0.0,0.0,0.0
46067.0,36.215150153317786,1.5,100.0,100.0,1.0,142.134,103.0,0.0,1.0,0.0,0.0,0.0,0.0
50340.0,42.00620754425198,1.5,100.0,100.0,0.0,150.68,99.0,0.0,0.0,0.0,0.0,0.0,0.0
13639.0,28.670829011922685,1.1456671851168176,35.70750201837544,72.57385127017788,1.0,77.27799999999999,224.0,0.0,0.0,1.0,0.0,0.0,0.0
23645.0,38.378919841483686,1.3205801977353275,83.77364288807006,100.0,1.0,97.29,84.0,0.0,1.0,0.0,0.0,0.0,0.0
58859.0,20.0,1.5,100.0,100.0,3.0,167.71800000000002,104.0,0.0,0.0,0.0,0.0,0.0,0.0
40711.0,42.23398882390646,1.5,100.0,100.0,2.0,131.422,95.0,0.0,0.0,0.0,0.0,0.0,0.0
18866.0,48.92145989945297,1.2707102261804073,59.45576360849465,91.68926869651544,0.0,87.732,103.0,0.0,0.0,0.0,0.0,0.0,0.0
22899.0,63.82360719914036,1.3022480753740446,73.84432891028024,100.0,3.0,95.798,116.0,0.0,1.0,0.0,0.0,0.0,0.0
24279.0,35.164836531086294,1.3087722417198882,79.06959814535126,100.0,1.0,98.558,116.0,1.0,1.0,0.0,0.0,0.0,0.0
57134.0,39.6463924226026,1.5,100.0,100.0,2.0,164.268,87.0,1.0,1.0,0.0,0.0,0.0,0.0
25505.0,20.0,1.5,87.44297023712026,100.0,0.0,101.01,116.0,1.0,1.0,0.0,0.0,0.0,0.0
46739.0,31.65720647125082,1.5,100.0,100.0,2.0,143.478,94.0,1.0,1.0,0.0,0.0,0.0,1.0
32901.0,32.39185347942632,1.5,100.0,100.0,3.0,115.802,92.0,1.0,1.0,0.0,0.0,0.0,0.0
9122.0,41.59991520531521,1.0240338558556523,27.073705618611548,45.62516422471364,2.0,68.244,199.0,1.0,0.0,1.0,0.0,0.0,0.0
14413.0,69.73287167337577,1.1149325785955173,39.576490160947465,76.24603024582086,3.0,78.826,239.0,1.0,0.0,0.0,0.0,0.0,0.0
38906.0,49.8514775582283,1.5,100.0,100.0,5.0,127.812,110.0,1.0,0.0,0.0,0.0,0.0,1.0
23130.0,33.79131950931067,1.3748307566860336,73.88023810236942,100.0,0.0,96.26,105.0,1.0,0.0,0.0,0.0,0.0,0.0
36013.0,33.89282607621845,1.5,100.0,100.0,2.0,122.026,105.0,1.0,1.0,0.0,0.0,0.0,0.0
35396.0,33.73012079287206,1.5,100.0,100.0,3.0,120.792,104.0,1.0,1.0,0.0,0.0,0.0,0.0
28102.0,36.91457297501873,1.5,98.87547562621764,100.0,3.0,106.204,92.0,1.0,0.0,0.0,0.0,0.0,0.0
39251.0,53.70907574109897,1.5,100.0,100.0,2.0,128.502,79.0,1.0,0.0,0.0,0.0,0.0,0.0
22276.0,46.95607713180456,1.0686344154454868,73.3098778090052,100.0,4.0,94.552,100.0,1.0,1.0,0.0,0.0,0.0,0.0
27456.0,51.30917426176163,1.5,86.21584764561896,100.0,1.0,104.912,92.0,1.0,0.0,0.0,1.0,0.0,0.0
29919.0,32.21084044178547,1.5,97.06576659408776,100.0,0.0,109.838,104.0,1.0,0.0,0.0,0.0,0.0,0.0
33040.0,29.3621765620982,1.5,100.0,100.0,1.0,116.08,88.0,1.0,0.0,0.0,0.0,0.0,0.0
27091.0,20.0,1.5,90.30686959227889,100.0,1.0,104.182,112.0,1.0,0.0,0.0,0.0,0.0,0.0
25562.0,43.5729838163193,1.5,82.33311779629702,100.0,1.0,101.124,105.0,1.0,0.0,0.0,1.0,0.0,0.0
14019.0,40.71259282970732,1.3236541850980188,39.980488522895584,71.85363271843747,3.0,78.038,224.0,1.0,0.0,0.0,0.0,0.0,0.0
21505.0,42.03938319652553,1.2942732665462966,79.99350475500744,100.0,2.0,93.01,93.0,1.0,1.0,0.0,0.0,0.0,0.0
9369.0,31.40956674714376,1.328397941276356,27.05007250687986,49.86227588185362,0.0,68.738,187.0,1.0,0.0,0.0,0.0,0.0,0.0
35900.0,32.90061694210893,1.5,100.0,100.0,0.0,121.8,96.0,0.0,1.0,0.0,0.0,0.0,0.0
22508.0,48.50380114891179,1.2620367137966635,79.56074462071473,100.0,3.0,95.016,93.0,0.0,0.0,0.0,0.0,0.0,0.0
6716.0,42.7014441520229,1.154510307080096,29.7037377992413,29.8012767479202,0.0,63.432,202.0,0.0,0.0,0.0,0.0,0.0,0.0
26806.0,33.02098913703262,1.5,97.66638360267396,100.0,2.0,103.612,98.0,0.0,0.0,0.0,0.0,0.0,0.0
58148.0,33.912348029047486,1.5,100.0,100.0,1.0,166.296,114.0,0.0,1.0,0.0,0.0,0.0,0.0
43798.0,32.32623162863988,1.5,100.0,100.0,1.0,137.596,99.0,0.0,0.0,0.0,0.0,0.0,0.0
16942.0,34.05874343488163,1.0149144299546098,63.31691996733453,81.04806613956364,0.0,83.884,97.0,0.0,0.0,1.0,0.0,0.0,0.0
23663.0,31.2197149604502,1.119788636830641,80.83774368637717,100.0,2.0,97.326,93.0,0.0,0.0,1.0,0.0,0.0,0.0
28006.0,20.0,1.5,84.88165998545132,100.0,0.0,106.012,85.0,0.0,0.0,0.0,0.0,0.0,0.0
33028.0,25.699586160657187,1.5,100.0,100.0,0.0,116.056,114.0,0.0,1.0,0.0,0.0,0.0,0.0
27498.0,39.696051855855,1.5,82.4749223990984,100.0,2.0,104.996,98.0,0.0,0.0,1.0,0.0,0.0,0.0
5305.0,49.29284368113338,1.123526898747211,25.333037343159365,28.888620775577927,0.0,60.61,172.0,0.0,0.0,1.0,0.0,0.0,0.0
17320.0,35.06698754179324,1.001966860028331,52.76811096902054,90.53930196117332,0.0,84.64,108.0,0.0,1.0,0.0,0.0,0.0,1.0
29282.0,20.76154259664795,1.5,100.0,100.0,2.0,108.564,94.0,0.0,0.0,0.0,0.0,0.0,0.0
22177.0,60.76394141437687,1.0863565512500546,74.24309451807792,100.0,2.0,94.354,86.0,0.0,0.0,0.0,0.0,0.0,0.0
30360.0,40.20487561449991,1.5,98.55033705407357,100.0,2.0,110.72,99.0,0.0,0.0,0.0,0.0,0.0,0.0
57834.0,38.449584157144166,1.5,100.0,100.0,0.0,165.668,90.0,0.0,0.0,0.0,0.0,1.0,0.0
15574.0,32.15805312965194,1.035905775036526,45.35475489330724,77.18457838397161,1.0,81.148,110.0,0.0,0.0,0.0,0.0,0.0,0.0
20151.0,66.6964892345641,1.396357024411274,69.02566217583005,97.97275133912396,0.0,90.302,93.0,0.0,1.0,0.0,0.0,0.0,0.0
41636.0,36.88937116746886,1.5,100.0,100.0,4.0,133.272,94.0,0.0,0.0,1.0,0.0,0.0,0.0
57031.0,37.21899757921202,1.5,100.0,100.0,4.0,164.062,104.0,0.0,0.0,1.0,0.0,0.0,0.0
32697.0,24.48095079753321,1.5,100.0,100.0,1.0,115.394,89.0,0.0,0.0,0.0,0.0,1.0,0.0
41906.0,45.293118687192994,1.5,100.0,100.0,4.0,133.812,108.0,0.0,1.0,0.0,0.0,0.0,0.0
21551.0,45.1999794998433,1.2976825631219575,78.59227048896048,100.0,2.0,93.102,109.0,0.0,1.0,0.0,0.0,0.0,0.0
23833.0,38.92777315621454,1.1221065401441932,88.79121305458321,100.0,1.0,97.666,122.0,0.0,0.0,0.0,0.0,0.0,0.0
19872.0,43.81721559961924,1.3137300445099542,72.30272439977243,95.44825123685266,2.0,89.744,112.0,0.0,0.0,0.0,1.0,0.0,1.0
27621.0,55.78066550109493,1.5,89.6076353216942,100.0,2.0,105.242,102.0,0.0,0.0,1.0,0.0,0.0,1.0
44888.0,30.21483110654696,1.5,100.0,100.0,0.0,139.776,106.0,0.0,0.0,0.0,0.0,0.0,0.0
17566.0,47.59981939102779,1.2629882985612615,65.66419822581648,89.02680626664647,0.0,85.132,94.0,0.0,0.0,0.0,0.0,0.0,0.0
9718.0,39.92851328186335,1.103363456209958,31.83453478200738,49.24226225700396,0.0,69.436,221.0,0.0,1.0,0.0,0.0,0.0,0.0
35638.0,20.18589573045154,1.5,100.0,100.0,4.0,121.276,103.0,0.0,0.0,0.0,0.0,0.0,0.0
7947.0,55.82483129496557,1.1138672966167331,35.54984871140638,41.24298276322611,1.0,65.894,197.0,0.0,1.0,0.0,0.0,0.0,0.0
42204.0,37.98212562653842,1.5,100.0,100.0,1.0,134.40800000000002,88.0,0.0,1.0,0.0,0.0,0.0,0.0
50058.0,31.006266593454967,1.5,100.0,100.0,3.0,150.116,104.0,0.0,0.0,0.0,0.0,0.0,0.0
30042.0,31.105230937453456,1.5,91.30361228497608,100.0,2.0,110.084,94.0,0.0,1.0,0.0,0.0,0.0,0.0
28708.0,45.391588065090936,1.5,100.0,100.0,2.0,107.416,94.0,0.0,1.0,0.0,0.0,0.0,0.0
42078.0,22.58044423428993,1.5,100.0,100.0,1.0,134.156,106.0,0.0,0.0,0.0,0.0,0.0,0.0
11834.0,47.84155124050601,1.232804282945542,45.26471816057301,62.91233919748103,0.0,73.668,195.0,0.0,0.0,0.0,0.0,0.0,0.0
16055.0,25.35090598003733,1.163115819577379,57.6920487234667,80.92057977865974,0.0,82.11,106.0,0.0,0.0,0.0,0.0,0.0,0.0
34295.0,23.43999869365368,1.5,100.0,100.0,3.0,118.59,92.0,0.0,0.0,0.0,0.0,0.0,0.0
16648.0,49.502148358816434,1.160315555047566,46.26586163894422,84.76497338848642,1.0,83.29599999999999,91.0,0.0,0.0,0.0,1.0,0.0,0.0
34839.0,42.88656373502134,1.5,100.0,100.0,0.0,119.678,86.0,0.0,0.0,0.0,1.0,0.0,0.0
45510.0,38.60673247822664,1.5,100.0,100.0,0.0,141.01999999999998,115.0,0.0,1.0,0.0,0.0,0.0,1.0
8047.0,31.63493217137333,1.184166908089675,24.61318768406163,40.58312159568671,0.0,66.094,209.0,0.0,0.0,1.0,0.0,0.0,0.0
44550.0,20.0,1.5,100.0,100.0,1.0,139.1,96.0,0.0,0.0,0.0,0.0,0.0,1.0
15107.0,23.05911498951234,1.3003015858550746,47.66414886932143,78.74718456903263,1.0,80.214,111.0,0.0,0.0,0.0,1.0,0.0,0.0
23650.0,47.98503178938966,1.0081524076110506,75.67246746356669,100.0,2.0,97.3,88.0,0.0,0.0,0.0,0.0,0.0,0.0
24344.0,42.35973350518387,1.3019278903985847,80.9791132347007,100.0,1.0,98.688,107.0,0.0,0.0,1.0,0.0,0.0,0.0
25095.0,35.634625690451706,1.5,86.0410338801647,100.0,3.0,100.19,102.0,0.0,1.0,0.0,0.0,0.0,1.0
11033.0,37.0405610242709,1.1614089332324948,40.706213945833326,53.22178540387333,1.0,72.066,198.0,0.0,0.0,0.0,0.0,0.0,0.0
29978.0,20.0,1.5,90.85100450283412,100.0,1.0,109.956,113.0,0.0,0.0,0.0,0.0,0.0,0.0
48274.0,24.49931037594705,1.5,100.0,100.0,4.0,146.548,106.0,1.0,0.0,0.0,0.0,0.0,0.0
35680.0,29.383032906904216,1.5,100.0,100.0,4.0,121.36,86.0,1.0,0.0,0.0,0.0,0.0,0.0
15073.0,62.451248394105264,1.1270269588808817,49.21661108609021,73.51648292343913,0.0,80.146,99.0,1.0,0.0,0.0,0.0,0.0,0.0
28876.0,41.59918662335761,1.5,100.0,100.0,5.0,107.752,99.0,1.0,0.0,0.0,0.0,0.0,0.0
46114.0,39.63633916662449,1.5,100.0,100.0,2.0,142.228,99.0,1.0,0.0,0.0,0.0,0.0,0.0
27584.0,27.531486306454287,1.5,94.28218718134114,100.0,2.0,105.168,102.0,1.0,0.0,0.0,0.0,0.0,0.0
40043.0,26.91785796557821,1.5,100.0,100.0,2.0,130.086,80.0,1.0,0.0,0.0,0.0,0.0,1.0
50928.0,27.909531086357216,1.5,100.0,100.0,0.0,151.856,111.0,1.0,0.0,0.0,0.0,0.0,0.0
39177.0,30.912562900121447,1.5,100.0,100.0,1.0,128.35399999999998,113.0,1.0,0.0,0.0,0.0,0.0,0.0
20748.0,61.996227432932365,1.3186854540915338,62.48585193307021,100.0,1.0,91.496,89.0,1.0,0.0,0.0,0.0,0.0,0.0
29298.0,33.08334854720689,1.5,90.78564977483396,100.0,3.0,108.596,93.0,1.0,0.0,1.0,0.0,0.0,0.0
20555.0,37.20318884732848,1.172609526849306,62.04381856492549,100.0,2.0,91.11,101.0,1.0,0.0,0.0,0.0,0.0,0.0
36423.0,46.76876542902168,1.5,100.0,100.0,3.0,122.846,112.0,1.0,0.0,0.0,0.0,0.0,0.0
11495.0,51.062035769068245,1.2510002648686722,37.05686757692786,57.52214036314701,0.0,72.99,192.0,1.0,0.0,0.0,1.0,0.0,0.0
33176.0,43.06009592279816,1.5,100.0,100.0,1.0,116.352,105.0,1.0,1.0,0.0,0.0,0.0,0.0
16925.0,54.78928072616975,1.24611471252602,57.32230622506847,88.0666283644177,0.0,83.85,110.0,1.0,0.0,0.0,0.0,0.0,0.0
52437.0,42.42952477721471,1.5,100.0,100.0,1.0,154.874,96.0,1.0,0.0,0.0,0.0,0.0,0.0
26253.0,32.97837235169211,1.5,82.33236923962595,100.0,0.0,102.506,95.0,1.0,0.0,1.0,0.0,0.0,1.0
21054.0,43.70913116751928,1.233439966399499,79.12054812674577,100.0,2.0,92.108,96.0,1.0,0.0,0.0,0.0,0.0,1.0
8621.0,28.56376895613639,1.1403494458004535,29.008854070217048,47.23774431305375,0.0,67.242,186.0,1.0,0.0,0.0,0.0,0.0,1.0
18423.0,47.793265336694986,1.2183111449558244,65.73452598826312,87.60076406200827,0.0,86.846,94.0,1.0,0.0,0.0,0.0,0.0,0.0
29402.0,39.48289269995423,1.5,100.0,100.0,2.0,108.804,97.0,0.0,0.0,0.0,1.0,0.0,0.0
20464.0,47.69098064658713,1.0600561908357573,60.1406507475335,99.00988280765652,1.0,90.928,100.0,0.0,0.0,0.0,0.0,0.0,0.0
24133.0,35.836975449074274,1.0245737322990454,79.9664783059569,100.0,2.0,98.266,96.0,0.0,0.0,0.0,1.0,0.0,0.0
58205.0,41.66733219945272,1.5,100.0,100.0,3.0,166.41,107.0,0.0,0.0,0.0,0.0,0.0,1.0
30452.0,50.761137069153705,1.5,98.2174673736728,100.0,0.0,110.904,98.0,0.0,0.0,0.0,0.0,0.0,0.0
49330.0,26.79669484216925,1.5,100.0,100.0,0.0,148.66,91.0,0.0,0.0,0.0,0.0,0.0,1.0
26030.0,34.781634577597764,1.5,89.6597904662255,100.0,2.0,102.06,95.0,0.0,0.0,0.0,0.0,0.0,0.0
15363.0,31.21140460094579,1.262409975159946,53.02810666093497,76.15366966309087,2.0,80.726,79.0,0.0,0.0,1.0,0.0,0.0,0.0
28407.0,48.820519481264405,1.5,91.67884172544817,100.0,0.0,106.814,115.0,0.0,1.0,0.0,0.0,0.0,0.0
27024.0,40.01168654087368,1.5,81.02980640292981,100.0,3.0,104.048,95.0,0.0,1.0,0.0,0.0,0.0,0.0
25646.0,20.0,1.5,83.941763768411,100.0,2.0,101.292,113.0,0.0,0.0,1.0,0.0,0.0,0.0
32912.0,31.3267960481234,1.5,100.0,100.0,4.0,115.824,100.0,0.0,0.0,0.0,0.0,0.0,1.0
34524.0,52.19020670086304,1.5,100.0,100.0,2.0,119.048,99.0,0.0,0.0,0.0,0.0,0.0,1.0
16503.0,31.60443887303959,1.2051450481242076,62.09243493379792,78.12855805509452,2.0,83.006,81.0,0.0,0.0,0.0,0.0,0.0,0.0
29489.0,35.167632486525086,1.5,100.0,100.0,1.0,108.978,103.0,0.0,1.0,0.0,0.0,0.0,0.0
44768.0,20.0,1.5,100.0,100.0,3.0,139.536,91.0,0.0,0.0,0.0,0.0,1.0,0.0
26035.0,32.75477083893394,1.5,87.20182602158744,100.0,0.0,102.07,95.0,0.0,0.0,0.0,0.0,1.0,0.0
8302.0,26.417072363465884,1.2024333130078468,22.86862406151504,40.89388702023939,0.0,66.604,192.0,0.0,0.0,1.0,0.0,0.0,0.0
15818.0,53.86425992946427,1.2375604830742954,53.58725632467528,83.85258625628329,0.0,81.636,113.0,0.0,0.0,0.0,1.0,0.0,0.0
47410.0,23.511815991984435,1.5,100.0,100.0,3.0,144.82,93.0,0.0,0.0,1.0,0.0,0.0,0.0
25438.0,27.526138548316855,1.5,92.66748141948943,100.0,2.0,100.876,103.0,0.0,0.0,1.0,0.0,0.0,0.0
30813.0,23.82191707499875,1.5,95.8626059953293,100.0,0.0,111.626,100.0,0.0,0.0,0.0,0.0,0.0,0.0
44738.0,20.0,1.5,100.0,100.0,6.0,139.476,110.0,0.0,0.0,0.0,0.0,0.0,0.0
5151.0,46.19164715662317,1.0047388053098367,21.978553362203503,25.33816623162014,0.0,60.302,185.0,0.0,0.0,0.0,0.0,0.0,0.0
48952.0,35.109001168164035,1.5,100.0,100.0,1.0,147.904,90.0,0.0,0.0,0.0,0.0,1.0,0.0
46765.0,45.51728906203616,1.5,100.0,100.0,1.0,143.53,121.0,0.0,0.0,0.0,0.0,1.0,0.0
30467.0,20.0,1.5,100.0,100.0,2.0,110.934,112.0,0.0,0.0,0.0,0.0,0.0,0.0
45359.0,23.691937930693733,1.5,100.0,100.0,0.0,140.71800000000002,102.0,0.0,0.0,0.0,0.0,0.0,1.0
19438.0,37.771568857509365,1.0028468304335885,71.91979786550812,100.0,1.0,88.876,107.0,0.0,0.0,0.0,0.0,0.0,0.0
39865.0,48.44574736857105,1.5,100.0,100.0,2.0,129.73000000000002,94.0,0.0,1.0,0.0,0.0,0.0,0.0
38786.0,39.49112944185539,1.5,100.0,100.0,1.0,127.572,105.0,0.0,1.0,0.0,0.0,0.0,0.0
27335.0,20.0,1.5,89.24960598273323,100.0,1.0,104.67,103.0,0.0,0.0,1.0,0.0,0.0,0.0
44227.0,31.80956720034553,1.5,100.0,100.0,2.0,138.454,102.0,0.0,1.0,0.0,0.0,0.0,0.0
15990.0,39.79855935420893,1.2950156300081317,53.566316273966805,79.4648040809956,0.0,81.98,81.0,0.0,0.0,0.0,0.0,0.0,1.0
18415.0,25.48607615069941,1.1701259894088445,53.35709758820235,94.52338844596868,0.0,86.83,94.0,0.0,0.0,0.0,0.0,0.0,0.0
27462.0,23.83192441134066,1.5,95.28115599407766,100.0,3.0,104.924,104.0,0.0,0.0,0.0,0.0,0.0,0.0
50933.0,32.82317677640708,1.5,100.0,100.0,4.0,151.866,101.0,0.0,0.0,0.0,0.0,0.0,0.0
24866.0,38.00706850967023,1.168401422484339,81.93366179847281,100.0,1.0,99.732,114.0,0.0,0.0,0.0,0.0,0.0,0.0
31821.0,51.92828906324635,1.5,100.0,100.0,1.0,113.642,94.0,0.0,0.0,0.0,0.0,0.0,0.0
11932.0,45.86916669279326,1.233798456791939,35.087193181678515,61.07091714504304,0.0,73.864,203.0,0.0,0.0,0.0,0.0,0.0,0.0
29805.0,29.70483431867199,1.5,99.24831086537256,100.0,2.0,109.61,89.0,0.0,1.0,0.0,0.0,0.0,0.0
8018.0,43.91924621966174,1.1445010970452714,22.3326299702142,36.232888462312125,1.0,66.036,206.0,0.0,0.0,0.0,0.0,0.0,1.0
31729.0,45.39882092656392,1.5,100.0,100.0,2.0,113.458,115.0,0.0,0.0,0.0,0.0,0.0,0.0
45390.0,33.578408943573294,1.5,100.0,100.0,1.0,140.78,94.0,0.0,0.0,0.0,0.0,0.0,1.0
10267.0,48.806050850596336,1.2303023892369471,24.24878805778565,53.65077358373284,0.0,70.53399999999999,186.0,0.0,0.0,1.0,0.0,0.0,0.0
37172.0,21.577957260112825,1.5,100.0,100.0,1.0,124.344,103.0,0.0,0.0,0.0,1.0,0.0,1.0
22297.0,46.67605612176363,1.072442918973903,69.1779418084227,100.0,0.0,94.594,120.0,0.0,0.0,0.0,0.0,0.0,0.0
19265.0,39.907486893228175,1.336492648859825,72.22824404908582,96.3772806274006,3.0,88.53,108.0,0.0,0.0,0.0,0.0,0.0,0.0
18111.0,50.78120815217641,1.2864337222167943,59.479129061539886,85.57196296342106,0.0,86.22200000000001,87.0,0.0,0.0,0.0,0.0,0.0,0.0
10399.0,44.5743101290908,1.1799759905979144,30.12070138008129,56.19556375969775,0.0,70.798,182.0,0.0,0.0,0.0,1.0,0.0,0.0
13285.0,45.28947085536314,1.2872066173162384,37.08957245719577,63.22410417745199,0.0,76.57,182.0,0.0,0.0,0.0,0.0,0.0,0.0
40315.0,39.51111218580412,1.5,100.0,100.0,1.0,130.63,124.0,1.0,0.0,0.0,1.0,0.0,0.0
11947.0,49.8429562911068,1.063267351222687,38.41626951496608,55.631902235714136,0.0,73.894,175.0,1.0,0.0,0.0,0.0,0.0,0.0
52464.0,40.21705549636101,1.5,100.0,100.0,1.0,154.928,95.0,1.0,1.0,0.0,0.0,0.0,0.0
40490.0,58.62031571221321,1.5,100.0,100.0,3.0,130.98000000000002,90.0,1.0,0.0,0.0,1.0,0.0,0.0
13696.0,29.57707138578752,1.1412615768979193,52.649726125476086,71.69117409184287,0.0,77.392,197.0,1.0,1.0,0.0,0.0,0.0,0.0
22994.0,31.63233010983355,1.2497243291688722,72.78325710149358,100.0,0.0,95.988,101.0,1.0,0.0,1.0,0.0,0.0,0.0
10998.0,41.13673158954068,1.2653070323884317,29.311093867055856,59.78302554340478,0.0,71.996,203.0,1.0,0.0,0.0,0.0,1.0,0.0
37711.0,35.7545615937099,1.5,100.0,100.0,0.0,125.422,109.0,1.0,0.0,0.0,0.0,0.0,0.0
8678.0,29.277341213648743,1.125251864843004,25.03277926461389,39.1382559941865,0.0,67.356,195.0,1.0,1.0,0.0,0.0,0.0,0.0
19282.0,33.74323926770727,1.0980854105957016,67.26120648222278,96.32701250051774,1.0,88.564,107.0,1.0,0.0,0.0,1.0,0.0,0.0
32652.0,39.649262328310186,1.5,100.0,100.0,1.0,115.304,100.0,1.0,0.0,0.0,0.0,0.0,1.0
21690.0,53.40083725332116,1.0317899078990311,63.55727629468835,100.0,0.0,93.38,92.0,1.0,0.0,0.0,0.0,0.0,0.0
24208.0,49.02170522955661,1.050262564005661,86.68945538899914,100.0,0.0,98.416,119.0,1.0,0.0,0.0,1.0,0.0,0.0
16237.0,48.61487010232541,1.2376648477327563,50.53008884633679,79.72275377432321,0.0,82.47399999999999,107.0,1.0,0.0,0.0,0.0,0.0,0.0
56184.0,30.6679365486647,1.5,100.0,100.0,1.0,162.368,105.0,1.0,1.0,0.0,0.0,0.0,0.0
12381.0,42.837214111177005,1.3164575232698537,34.82245061563992,63.536768861950094,2.0,74.762,179.0,1.0,0.0,0.0,0.0,0.0,0.0
39987.0,40.04552112316661,1.5,100.0,100.0,1.0,129.974,89.0,1.0,0.0,0.0,0.0,0.0,0.0
36726.0,35.49920884874253,1.5,100.0,100.0,0.0,123.452,101.0,1.0,0.0,0.0,0.0,0.0,0.0
23660.0,41.520935300359945,1.2639196082056534,70.2716818425762,100.0,0.0,97.32,108.0,1.0,0.0,1.0,0.0,0.0,0.0
30101.0,39.58986769799692,1.5,100.0,100.0,3.0,110.202,95.0,1.0,0.0,0.0,0.0,0.0,0.0
34995.0,55.3978069666386,1.5,100.0,100.0,3.0,119.99,84.0,0.0,0.0,0.0,0.0,0.0,0.0
12803.0,29.016555063947056,1.257089094563935,38.35433732440643,68.0489090318251,0.0,75.606,189.0,0.0,0.0,0.0,0.0,0.0,0.0
66286.0,26.962971248988527,1.5,100.0,100.0,1.0,182.572,101.0,0.0,0.0,0.0,0.0,0.0,0.0
62996.0,22.3779294326108,1.5,100.0,100.0,2.0,175.99200000000002,99.0,0.0,0.0,0.0,0.0,0.0,0.0
14797.0,37.91974852473779,1.2768173408748478,58.0600324457944,73.99610389954894,0.0,79.594,202.0,0.0,1.0,0.0,0.0,0.0,0.0
39135.0,24.881585432596623,1.5,100.0,100.0,1.0,128.26999999999998,90.0,0.0,0.0,1.0,0.0,0.0,0.0
35858.0,22.38703681398628,1.5,100.0,100.0,2.0,121.716,86.0,0.0,0.0,0.0,0.0,0.0,1.0
20617.0,37.55530110945496,1.2897117945310477,68.00973030840912,100.0,1.0,91.234,101.0,0.0,1.0,0.0,0.0,0.0,0.0
18701.0,63.475109846977816,1.1081982287939511,67.56822843836218,95.04417487658438,1.0,87.402,109.0,0.0,0.0,0.0,0.0,0.0,0.0
33540.0,43.12632334994333,1.5,100.0,100.0,1.0,117.08,105.0,0.0,0.0,0.0,0.0,0.0,0.0
13705.0,45.12888912504269,1.0793499942911295,54.82393522997603,67.09767958834308,1.0,77.41,214.0,0.0,0.0,0.0,0.0,0.0,0.0
19057.0,34.34497856943726,1.1259095915409407,65.90157862250544,91.56827808009004,1.0,88.114,91.0,0.0,0.0,0.0,0.0,0.0,0.0
23954.0,37.82039987398173,1.1751293842942152,79.66773042199131,100.0,3.0,97.908,87.0,0.0,0.0,0.0,0.0,0.0,0.0
32338.0,25.97458273750189,1.5,100.0,100.0,2.0,114.676,91.0,0.0,0.0,0.0,0.0,0.0,0.0
5791.0,51.840945087270256,1.3066820812165787,18.03698061144933,25.194032125454264,0.0,61.582,189.0,0.0,0.0,0.0,0.0,0.0,0.0
22497.0,31.76616360167137,1.2790227903174327,65.36525537506859,100.0,0.0,94.994,107.0,0.0,0.0,0.0,0.0,0.0,0.0
27160.0,38.16394622203348,1.5,88.66573535003347,100.0,1.0,104.32,98.0,0.0,0.0,0.0,0.0,0.0,0.0
34109.0,42.8614720585602,1.5,100.0,100.0,1.0,118.218,102.0,0.0,1.0,0.0,0.0,0.0,0.0
29267.0,35.47988950946748,1.5,97.42157087593972,100.0,1.0,108.534,112.0,0.0,1.0,0.0,0.0,0.0,0.0
35825.0,48.509721760353344,1.5,100.0,100.0,1.0,121.65,102.0,0.0,0.0,0.0,0.0,0.0,0.0
29590.0,43.22895569174262,1.5,93.36763681296344,100.0,2.0,109.18,102.0,0.0,1.0,0.0,0.0,0.0,0.0
32248.0,31.438418530652296,1.5,100.0,100.0,1.0,114.496,99.0,0.0,0.0,0.0,0.0,0.0,0.0
25802.0,43.5169656456378,1.5,83.18671879888218,100.0,2.0,101.604,94.0,0.0,0.0,0.0,1.0,0.0,0.0
37931.0,30.02997080984185,1.5,100.0,100.0,0.0,125.862,98.0,0.0,0.0,0.0,0.0,0.0,0.0
17459.0,40.99620490130928,1.0554495902113987,58.47026877990889,89.65547161191586,0.0,84.918,93.0,0.0,0.0,0.0,0.0,0.0,0.0
25955.0,39.91524928261316,1.5,95.07897863283486,100.0,1.0,101.91,96.0,0.0,0.0,0.0,0.0,0.0,0.0
25664.0,30.31515361071248,1.5,88.38129333364148,100.0,4.0,101.328,107.0,0.0,1.0,0.0,0.0,0.0,1.0
31585.0,51.03168141535312,1.5,100.0,100.0,2.0,113.17,87.0,0.0,0.0,0.0,0.0,0.0,0.0
33208.0,45.94039084374391,1.5,100.0,100.0,2.0,116.416,114.0,0.0,0.0,0.0,0.0,0.0,0.0
25840.0,44.7849130009754,1.5,89.17467904500225,100.0,1.0,101.68,74.0,0.0,0.0,0.0,0.0,0.0,0.0
25134.0,26.11942917561946,1.5,79.8081805973715,100.0,1.0,100.268,96.0,0.0,0.0,0.0,0.0,0.0,0.0
8949.0,51.367879876876025,1.3951410312055907,25.41249138719296,49.53431549327652,1.0,67.898,200.0,0.0,0.0,0.0,1.0,0.0,0.0
34899.0,35.83004573109505,1.5,100.0,100.0,1.0,119.798,103.0,0.0,0.0,0.0,0.0,0.0,1.0
23516.0,32.07277740985995,1.304333854432526,70.50050017167757,100.0,1.0,97.032,87.0,0.0,0.0,0.0,0.0,0.0,0.0
20082.0,47.39590718119857,1.2075754434676018,63.70003560113975,98.48085373945992,0.0,90.164,105.0,0.0,0.0,0.0,0.0,0.0,0.0
11459.0,33.84170153141433,1.1706271754098967,29.653646177406987,62.08802362505885,1.0,72.918,174.0,0.0,0.0,0.0,0.0,0.0,0.0
26694.0,45.62309968537544,1.5,91.75518488254907,100.0,5.0,103.388,95.0,0.0,0.0,0.0,0.0,0.0,0.0
27001.0,47.17219284520407,1.5,96.37052334175748,100.0,1.0,104.002,95.0,0.0,0.0,0.0,0.0,0.0,0.0
33105.0,41.65259297211948,1.5,100.0,100.0,2.0,116.21,88.0,0.0,0.0,0.0,0.0,0.0,0.0
32524.0,37.598537342960505,1.5,100.0,100.0,1.0,115.048,115.0,0.0,0.0,0.0,0.0,0.0,1.0
28850.0,38.728264375472605,1.5,88.63042169569376,100.0,1.0,107.7,92.0,0.0,0.0,0.0,0.0,0.0,0.0
19519.0,32.319035461963665,1.187284030508662,65.84090523658243,99.24161831684648,0.0,89.038,89.0,0.0,0.0,0.0,0.0,0.0,0.0
13774.0,43.117918099550174,1.2457902048949496,49.65664106272325,69.43569858730557,1.0,77.548,196.0,0.0,0.0,0.0,0.0,0.0,0.0
40536.0,28.392155150792032,1.5,100.0,100.0,2.0,131.072,103.0,0.0,0.0,0.0,0.0,0.0,0.0
27929.0,38.564299903190864,1.5,86.78672610283854,100.0,3.0,105.858,116.0,0.0,0.0,0.0,0.0,1.0,0.0
32418.0,50.03000853731089,1.5,100.0,100.0,2.0,114.836,92.0,0.0,0.0,1.0,0.0,0.0,0.0
15913.0,31.855265089463455,1.1271297214078395,43.3477038241469,76.71118094506349,1.0,81.826,95.0,0.0,0.0,0.0,0.0,0.0,0.0
43056.0,50.45704328702803,1.5,100.0,100.0,4.0,136.112,105.0,1.0,0.0,1.0,0.0,0.0,0.0
23755.0,33.77614573752246,1.1785581617870848,78.03962284074821,100.0,1.0,97.51,87.0,1.0,0.0,0.0,0.0,0.0,0.0
33493.0,27.958468342653077,1.5,100.0,100.0,4.0,116.986,93.0,1.0,0.0,0.0,0.0,0.0,0.0
31490.0,35.09832391555273,1.5,100.0,100.0,4.0,112.98,103.0,1.0,0.0,0.0,0.0,0.0,0.0
48901.0,43.658331582003136,1.5,100.0,100.0,2.0,147.80200000000002,107.0,1.0,1.0,0.0,0.0,0.0,0.0
16756.0,42.735649500053775,1.0668790050195158,58.92390429204699,81.92569705150235,0.0,83.512,99.0,1.0,0.0,0.0,0.0,0.0,0.0
40383.0,35.67917446548789,1.5,100.0,100.0,1.0,130.76600000000002,91.0,1.0,0.0,0.0,0.0,1.0,0.0
39573.0,25.207444067052485,1.5,100.0,100.0,4.0,129.14600000000002,102.0,1.0,0.0,0.0,0.0,0.0,1.0
20103.0,42.64921485271819,1.0488979460356211,74.32757822435428,98.9730449612348,4.0,90.206,95.0,1.0,0.0,0.0,0.0,0.0,0.0
13796.0,48.88451512519463,1.3576375583338447,50.07502959984574,67.46446562675047,0.0,77.592,205.0,1.0,0.0,1.0,0.0,0.0,0.0
29617.0,38.90047311817443,1.5,100.0,100.0,2.0,109.234,104.0,1.0,0.0,0.0,0.0,0.0,1.0
34514.0,34.464972710318044,1.5,100.0,100.0,3.0,119.028,96.0,1.0,0.0,0.0,0.0,0.0,0.0
14062.0,53.20689452276062,1.3882601952294245,52.94560599354397,71.57113095751887,1.0,78.124,192.0,1.0,0.0,0.0,0.0,0.0,0.0
60114.0,53.15528433783168,1.5,100.0,100.0,2.0,170.228,98.0,1.0,0.0,0.0,0.0,1.0,0.0
26094.0,31.44347051687724,1.5,80.58920660988737,100.0,0.0,102.188,120.0,1.0,0.0,0.0,1.0,0.0,0.0
18745.0,36.41210713138072,1.0323100637358384,64.71703643058825,98.36394625212154,0.0,87.49000000000001,93.0,1.0,0.0,1.0,0.0,0.0,0.0
28196.0,46.02140262627663,1.5,91.94349071328618,100.0,2.0,106.392,93.0,1.0,0.0,0.0,0.0,0.0,0.0
34158.0,26.236518756535617,1.5,100.0,100.0,3.0,118.316,77.0,1.0,0.0,1.0,0.0,0.0,1.0
30975.0,30.409578994052858,1.5,100.0,100.0,6.0,111.95,91.0,1.0,0.0,0.0,0.0,1.0,0.0
16564.0,36.799403948057375,1.084168625372387,58.03064483369701,84.08911281308347,0.0,83.128,102.0,1.0,0.0,0.0,0.0,0.0,1.0
25977.0,21.726756338451544,1.5,88.72961221075877,100.0,1.0,101.954,76.0,0.0,0.0,0.0,0.0,0.0,0.0
36437.0,31.971404367050173,1.5,100.0,100.0,1.0,122.874,105.0,0.0,0.0,0.0,0.0,1.0,1.0
21591.0,74.85091995371862,1.1535490684376657,78.66417431242004,100.0,3.0,93.182,78.0,0.0,1.0,0.0,0.0,0.0,0.0
58966.0,29.22549742964541,1.5,100.0,100.0,1.0,167.93200000000002,121.0,0.0,0.0,0.0,0.0,0.0,0.0
28784.0,42.78059634019519,1.5,92.61177955592709,100.0,1.0,107.568,101.0,0.0,0.0,0.0,1.0,0.0,0.0
34288.0,20.37189969111456,1.5,100.0,100.0,0.0,118.576,102.0,0.0,0.0,0.0,0.0,0.0,0.0
38716.0,20.512338850311025,1.5,100.0,100.0,1.0,127.432,111.0,0.0,0.0,0.0,0.0,0.0,0.0
19681.0,38.40060455996061,1.041163226929536,64.20518772381371,97.36284037105555,0.0,89.362,101.0,0.0,0.0,0.0,0.0,0.0,0.0
19102.0,38.84145121622333,1.0004893749194177,68.24766140105243,97.37579304124618,1.0,88.20400000000001,96.0,0.0,0.0,0.0,0.0,0.0,0.0
30660.0,40.85037311045146,1.5,94.8093819909055,100.0,2.0,111.32,108.0,0.0,0.0,1.0,0.0,0.0,0.0
10807.0,36.92924263260723,1.0447733830637986,44.30311075913107,55.1358486399632,1.0,71.614,200.0,0.0,0.0,1.0,0.0,0.0,0.0
33394.0,37.45911581294022,1.5,100.0,100.0,4.0,116.788,86.0,0.0,0.0,1.0,0.0,0.0,0.0
42378.0,41.257742775254094,1.5,100.0,100.0,1.0,134.756,110.0,0.0,0.0,0.0,0.0,0.0,0.0
57860.0,54.48503504695191,1.5,100.0,100.0,4.0,165.72,94.0,0.0,0.0,1.0,0.0,0.0,0.0
41545.0,52.82199065498171,1.5,100.0,100.0,3.0,133.09,117.0,0.0,0.0,0.0,0.0,0.0,0.0
52000.0,20.0,1.5,100.0,100.0,6.0,154.0,104.0,0.0,1.0,0.0,0.0,0.0,0.0
26502.0,44.88927992677875,1.5,85.51982160886355,100.0,3.0,103.004,108.0,0.0,0.0,0.0,0.0,0.0,0.0
28199.0,35.100424399778184,1.5,92.3861016198227,100.0,0.0,106.398,86.0,0.0,1.0,0.0,0.0,0.0,0.0
29530.0,29.27997134615796,1.5,95.7023819824879,100.0,1.0,109.06,109.0,0.0,1.0,0.0,0.0,0.0,0.0
51290.0,35.88833705079705,1.5,100.0,100.0,2.0,152.57999999999998,103.0,0.0,0.0,0.0,0.0,0.0,0.0
25029.0,31.122949073435144,1.5,76.82352361812792,100.0,1.0,100.058,86.0,0.0,1.0,0.0,0.0,0.0,0.0
6120.0,56.458609838494326,1.0732254511275268,24.37945202045738,33.242876036472275,1.0,62.24,183.0,0.0,1.0,0.0,0.0,0.0,0.0
17164.0,40.43834222539519,1.245610363826013,50.90028235789826,83.37257828158802,0.0,84.328,97.0,0.0,0.0,0.0,1.0,0.0,0.0
42389.0,28.5232572463555,1.5,100.0,100.0,1.0,134.77800000000002,111.0,0.0,0.0,1.0,0.0,0.0,1.0
19225.0,37.2416400337824,1.3332863516789946,71.12669687328844,100.0,1.0,88.45,106.0,0.0,0.0,0.0,0.0,0.0,0.0
38216.0,37.51511202653661,1.5,100.0,100.0,3.0,126.432,102.0,0.0,0.0,1.0,0.0,0.0,0.0
9679.0,40.50364277375911,1.1291464899095631,24.191849621204923,51.798469407418175,0.0,69.358,210.0,0.0,0.0,0.0,0.0,0.0,0.0
19337.0,42.74091992618232,1.3378424220342304,65.55115517364598,94.49649776215932,0.0,88.674,101.0,0.0,0.0,0.0,0.0,0.0,0.0
32285.0,37.68407744424388,1.5,100.0,100.0,0.0,114.57,104.0,0.0,0.0,1.0,0.0,0.0,0.0
44557.0,25.8374212014624,1.5,100.0,100.0,2.0,139.114,90.0,0.0,0.0,0.0,1.0,0.0,0.0
15410.0,32.95974579171334,1.116752194905528,48.22724693442179,75.28119815097196,2.0,80.82,80.0,0.0,1.0,0.0,0.0,0.0,0.0
51665.0,22.30975069939917,1.5,100.0,100.0,3.0,153.32999999999998,93.0,0.0,0.0,0.0,0.0,0.0,1.0
36384.0,20.0,1.5,100.0,100.0,2.0,122.768,86.0,0.0,0.0,0.0,0.0,0.0,0.0
41692.0,51.18221828548116,1.5,100.0,100.0,1.0,133.384,99.0,0.0,0.0,0.0,0.0,0.0,0.0
29831.0,56.30734165945418,1.5,97.57660566812882,100.0,2.0,109.662,101.0,0.0,0.0,1.0,0.0,0.0,0.0
10915.0,46.86533684989215,1.3072738594700817,39.70048247813205,50.46224069492048,0.0,71.83,204.0,0.0,0.0,0.0,0.0,0.0,0.0
25909.0,20.0,1.5,87.2698787398219,100.0,4.0,101.818,109.0,0.0,0.0,0.0,0.0,0.0,0.0
37720.0,25.01896286292863,1.5,100.0,100.0,2.0,125.44,111.0,0.0,0.0,0.0,0.0,0.0,0.0
26712.0,29.599920995191667,1.5,80.98860331329345,100.0,2.0,103.424,97.0,0.0,0.0,0.0,0.0,0.0,0.0
33467.0,34.012760676963566,1.5,100.0,100.0,0.0,116.934,110.0,0.0,0.0,0.0,0.0,0.0,1.0
27426.0,28.06795558356955,1.5,89.52980593610411,100.0,4.0,104.852,92.0,0.0,0.0,1.0,0.0,0.0,0.0
28611.0,30.59525584277208,1.5,100.0,100.0,7.0,107.222,96.0,0.0,0.0,0.0,0.0,0.0,0.0
22739.0,35.578822677576134,1.2272788356868751,80.32500584788662,100.0,2.0,95.478,112.0,0.0,0.0,0.0,0.0,0.0,0.0
14731.0,51.80368720260226,1.1558569909859184,57.36954281206884,75.45919291384368,1.0,79.462,174.0,0.0,0.0,0.0,0.0,0.0,0.0
27411.0,39.2607296765169,1.5,87.20615564891841,100.0,3.0,104.822,94.0,0.0,0.0,0.0,1.0,0.0,1.0
11202.0,55.55674580720306,1.1686479902084046,28.16604625336397,52.3864375826828,1.0,72.404,200.0,1.0,1.0,0.0,0.0,0.0,0.0
30432.0,38.035565721567366,1.5,99.19858147202592,100.0,1.0,110.864,101.0,1.0,0.0,0.0,0.0,0.0,0.0
14800.0,57.81447655624709,1.110152342821908,49.715573462633465,69.84842068316733,1.0,79.6,200.0,1.0,0.0,1.0,0.0,0.0,0.0
22635.0,40.509698452272254,1.105068135869652,79.28613592344738,100.0,2.0,95.27,96.0,1.0,0.0,0.0,1.0,0.0,0.0
61293.0,49.357934160178445,1.5,100.0,100.0,0.0,172.586,107.0,1.0,0.0,0.0,0.0,0.0,0.0
15116.0,51.09445473081475,1.3780407113218924,47.33602746885781,77.75661091975536,1.0,80.232,95.0,1.0,0.0,0.0,0.0,0.0,0.0
29328.0,43.70381678466492,1.5,93.82699974193704,100.0,3.0,108.656,100.0,1.0,0.0,0.0,0.0,0.0,1.0
37491.0,42.29715065074328,1.5,100.0,100.0,1.0,124.982,105.0,1.0,0.0,0.0,0.0,1.0,0.0
8989.0,38.85292924853296,1.383018860275672,36.88853719686787,44.733401046948416,0.0,67.97800000000001,199.0,1.0,0.0,0.0,0.0,0.0,0.0
19769.0,43.77964407021862,1.2361097694987453,65.55071115591733,95.3649834040607,0.0,89.538,96.0,1.0,0.0,0.0,0.0,0.0,0.0
31228.0,30.28180552631972,1.5,96.90485460123676,100.0,2.0,112.456,110.0,1.0,0.0,1.0,0.0,0.0,0.0
27135.0,20.0,1.5,81.65958611601421,100.0,2.0,104.27,99.0,1.0,0.0,0.0,0.0,0.0,0.0
12161.0,45.41488037874159,1.206469664114025,46.20178897709542,58.54483160447148,0.0,74.322,182.0,1.0,0.0,0.0,0.0,0.0,0.0
25601.0,26.962159173456836,1.5,93.27178583370817,100.0,3.0,101.202,102.0,1.0,0.0,0.0,0.0,0.0,0.0
7828.0,50.28212899135075,1.0435970575263518,19.065524637538104,38.09795849282115,1.0,65.656,189.0,1.0,1.0,0.0,0.0,0.0,0.0
42997.0,34.35311798542237,1.5,100.0,100.0,3.0,135.994,104.0,1.0,0.0,1.0,0.0,0.0,0.0
54454.0,36.91779850584191,1.5,100.0,100.0,1.0,158.90800000000002,115.0,1.0,0.0,0.0,0.0,0.0,0.0
53622.0,32.265870541279774,1.5,100.0,100.0,3.0,157.244,80.0,1.0,0.0,0.0,0.0,1.0,0.0
28044.0,34.442379881701285,1.5,100.0,100.0,4.0,106.088,102.0,1.0,0.0,0.0,0.0,0.0,1.0
29887.0,34.78310559710485,1.5,100.0,100.0,3.0,109.774,106.0,1.0,0.0,0.0,0.0,0.0,0.0
37412.0,44.460453545395154,1.5,100.0,100.0,4.0,124.824,97.0,1.0,0.0,0.0,0.0,0.0,0.0
12874.0,43.21770638771219,1.2148210590524229,33.695564102510495,63.10951086097822,1.0,75.748,198.0,0.0,1.0,0.0,0.0,0.0,0.0
12139.0,45.399877079062925,1.1947510963954469,44.21650635385584,60.96876804058135,0.0,74.27799999999999,186.0,0.0,0.0,0.0,0.0,0.0,0.0
27407.0,20.0,1.5,88.24158353375803,100.0,4.0,104.814,97.0,0.0,0.0,0.0,0.0,0.0,0.0
21040.0,55.07070753084189,1.0789319827968886,60.22885976028088,100.0,0.0,92.08,105.0,0.0,0.0,0.0,0.0,0.0,0.0
34578.0,28.654493749699483,1.5,100.0,100.0,3.0,119.156,91.0,0.0,0.0,0.0,0.0,0.0,0.0
62431.0,30.58257831896326,1.5,100.0,100.0,0.0,174.862,93.0,0.0,0.0,0.0,0.0,0.0,0.0
34271.0,33.27786931913813,1.5,100.0,100.0,5.0,118.542,110.0,0.0,0.0,0.0,0.0,0.0,0.0
33216.0,52.86044561482276,1.5,100.0,100.0,2.0,116.432,89.0,0.0,0.0,0.0,0.0,0.0,0.0
25597.0,27.455723672892017,1.5,83.78536507874084,100.0,2.0,101.194,96.0,0.0,1.0,0.0,0.0,0.0,0.0
19199.0,60.96677113014817,1.187236569790871,65.83739486818088,100.0,0.0,88.398,104.0,0.0,0.0,0.0,0.0,0.0,0.0
23954.0,37.84328822278067,1.3649926597584303,81.2908779095866,100.0,1.0,97.908,87.0,0.0,0.0,0.0,0.0,0.0,0.0
34070.0,36.9228755242807,1.5,100.0,100.0,0.0,118.14,89.0,0.0,0.0,0.0,0.0,0.0,0.0
43325.0,42.55002972632947,1.5,100.0,100.0,1.0,136.65,114.0,0.0,1.0,0.0,0.0,0.0,0.0
29047.0,34.4080750277647,1.5,100.0,100.0,1.0,108.094,86.0,0.0,0.0,0.0,0.0,0.0,1.0
41277.0,44.80305996475105,1.5,100.0,100.0,1.0,132.554,115.0,0.0,0.0,0.0,0.0,0.0,0.0
23496.0,54.91163380987439,1.317769889998495,87.31554823153267,100.0,1.0,96.992,121.0,0.0,1.0,0.0,0.0,0.0,0.0
18595.0,25.73936452381257,1.0401990578207412,70.33367632231963,90.7162176729609,2.0,87.19,85.0,0.0,1.0,0.0,0.0,0.0,0.0
23460.0,45.30320215287292,1.1232945596534016,75.35591296150942,100.0,1.0,96.92,86.0,0.0,0.0,0.0,0.0,0.0,0.0
42904.0,44.53911493493016,1.5,100.0,100.0,0.0,135.808,93.0,0.0,1.0,0.0,0.0,0.0,0.0
33302.0,39.750693274657166,1.5,100.0,100.0,1.0,116.604,95.0,0.0,0.0,0.0,0.0,0.0,0.0
11811.0,60.07982540529463,1.34257071640714,46.1331957657786,61.80369830275193,1.0,73.622,220.0,0.0,0.0,0.0,0.0,0.0,0.0
29654.0,35.67493228736319,1.5,96.75405630613592,100.0,6.0,109.308,114.0,0.0,0.0,0.0,0.0,0.0,0.0
27676.0,49.80000947557652,1.5,98.99875642004312,100.0,1.0,105.352,105.0,0.0,0.0,0.0,0.0,0.0,0.0
17201.0,54.78786596682737,1.301394590735189,54.61450260391172,83.23728204676405,1.0,84.402,108.0,0.0,0.0,0.0,1.0,0.0,0.0
30568.0,21.381008291836004,1.5,97.40014378928116,100.0,0.0,111.136,94.0,0.0,0.0,0.0,1.0,0.0,0.0
53038.0,25.587865295840707,1.5,100.0,100.0,2.0,156.076,100.0,0.0,0.0,0.0,0.0,0.0,0.0
44432.0,24.087730755239605,1.5,100.0,100.0,1.0,138.864,104.0,0.0,0.0,1.0,0.0,0.0,0.0
17753.0,47.28643973703367,1.066822195225545,57.321648385122415,86.09401141333537,2.0,85.506,108.0,0.0,0.0,0.0,0.0,0.0,0.0
54725.0,31.697483802457207,1.5,100.0,100.0,3.0,159.45,95.0,0.0,0.0,1.0,0.0,0.0,0.0
27818.0,28.28796036816145,1.5,91.34934499210244,100.0,0.0,105.636,100.0,0.0,0.0,0.0,0.0,0.0,0.0
24968.0,53.87731852752029,1.1627976927214752,74.90611890837587,100.0,1.0,99.936,122.0,0.0,0.0,0.0,0.0,0.0,0.0
15783.0,41.8332424469074,1.2155882942915484,48.4434709165626,74.80495597585342,0.0,81.566,99.0,0.0,0.0,0.0,0.0,0.0,0.0
31466.0,50.46929435654941,1.5,100.0,100.0,0.0,112.932,98.0,0.0,1.0,0.0,0.0,0.0,0.0
22525.0,34.36801582126704,1.214027279369534,84.11819026534161,100.0,0.0,95.05,95.0,0.0,0.0,0.0,1.0,0.0,0.0
41778.0,41.04452510295799,1.5,100.0,100.0,1.0,133.55599999999998,97.0,0.0,0.0,0.0,0.0,0.0,0.0
44058.0,35.923524686565855,1.5,100.0,100.0,0.0,138.116,105.0,0.0,0.0,0.0,0.0,0.0,0.0
16609.0,61.05959201420265,1.1947576980814991,49.80366809987778,82.1856539914892,0.0,83.218,113.0,0.0,0.0,0.0,0.0,0.0,0.0
14018.0,43.60811156169998,1.0113449384277184,53.2887116084367,73.47547437136191,0.0,78.036,226.0,0.0,0.0,0.0,0.0,0.0,0.0
39016.0,40.46562402835595,1.5,100.0,100.0,2.0,128.03199999999998,96.0,0.0,0.0,0.0,0.0,0.0,0.0
22266.0,39.6012202323673,1.2825572110117704,80.59115539340581,100.0,0.0,94.532,113.0,0.0,1.0,0.0,0.0,0.0,0.0
39086.0,35.054613233549595,1.5,100.0,100.0,3.0,128.172,92.0,0.0,0.0,0.0,0.0,0.0,0.0
43334.0,48.31586673121026,1.5,100.0,100.0,4.0,136.668,115.0,0.0,0.0,0.0,0.0,1.0,0.0
27374.0,45.313084809004366,1.5,86.67079454200214,100.0,4.0,104.748,103.0,0.0,0.0,0.0,0.0,0.0,0.0
26575.0,43.25925429359224,1.5,95.50817532563316,100.0,5.0,103.15,82.0,0.0,0.0,0.0,1.0,0.0,0.0
50690.0,35.47604266866918,1.5,100.0,100.0,4.0,151.38,88.0,0.0,0.0,0.0,0.0,0.0,0.0
34199.0,20.0,1.5,100.0,100.0,2.0,118.398,95.0,0.0,1.0,0.0,0.0,0.0,0.0
31345.0,35.38540953484811,1.5,100.0,100.0,1.0,112.69,88.0,0.0,0.0,0.0,1.0,0.0,0.0
8210.0,65.33035527073599,1.2535268899054592,35.981322695576075,38.42798171658401,1.0,66.42,189.0,0.0,0.0,0.0,0.0,0.0,0.0
25465.0,39.632756557224695,1.5,76.72300801681018,100.0,2.0,100.93,96.0,1.0,0.0,0.0,0.0,0.0,0.0
43629.0,26.26534038056692,1.5,100.0,100.0,1.0,137.25799999999998,109.0,1.0,0.0,0.0,1.0,0.0,0.0
14077.0,39.60160963252231,1.1124473436769402,53.34444499255368,71.33922253968254,1.0,78.154,204.0,1.0,0.0,1.0,0.0,0.0,1.0
42862.0,31.984166394292263,1.5,100.0,100.0,1.0,135.724,96.0,1.0,0.0,0.0,0.0,0.0,0.0
36773.0,44.30369329447688,1.5,100.0,100.0,2.0,123.546,98.0,1.0,0.0,0.0,0.0,0.0,0.0
28103.0,32.04111893619446,1.5,91.6967859645693,100.0,1.0,106.206,93.0,1.0,0.0,0.0,0.0,0.0,0.0
35880.0,33.21261619684301,1.5,100.0,100.0,3.0,121.76,95.0,1.0,0.0,0.0,0.0,0.0,0.0
36148.0,32.18073227049853,1.5,100.0,100.0,5.0,122.296,102.0,1.0,0.0,0.0,0.0,0.0,0.0
33383.0,36.82492898458109,1.5,100.0,100.0,2.0,116.766,91.0,1.0,0.0,0.0,0.0,0.0,0.0
50673.0,32.74153264204109,1.5,100.0,100.0,4.0,151.346,123.0,1.0,0.0,0.0,1.0,0.0,0.0
37242.0,41.0734366358716,1.5,100.0,100.0,2.0,124.484,98.0,1.0,0.0,0.0,1.0,0.0,0.0
30973.0,35.51533822726202,1.5,100.0,100.0,3.0,111.946,107.0,1.0,1.0,0.0,0.0,0.0,0.0
29975.0,23.98238277446168,1.5,100.0,100.0,0.0,109.95,102.0,1.0,0.0,0.0,1.0,0.0,0.0
23095.0,30.615398941994307,1.3108742623498135,75.94240443873497,100.0,2.0,96.19,104.0,1.0,0.0,0.0,0.0,0.0,0.0
30841.0,29.216247300073235,1.5,100.0,100.0,0.0,111.682,108.0,1.0,1.0,0.0,0.0,0.0,0.0
36166.0,20.0,1.5,100.0,100.0,2.0,122.332,101.0,1.0,0.0,0.0,0.0,0.0,0.0
29827.0,40.10944958508427,1.5,91.28422364139398,100.0,0.0,109.654,95.0,1.0,0.0,0.0,1.0,0.0,0.0
34660.0,46.696730070776965,1.5,100.0,100.0,1.0,119.32,103.0,1.0,0.0,0.0,0.0,0.0,0.0
25957.0,30.10165576294804,1.5,94.64990639906522,100.0,2.0,101.914,94.0,1.0,0.0,0.0,0.0,0.0,0.0
35945.0,48.43807969588648,1.5,100.0,100.0,0.0,121.89,82.0,0.0,0.0,0.0,0.0,0.0,0.0
23918.0,43.73263462409908,1.1307386862377262,77.77437129794966,100.0,2.0,97.836,95.0,0.0,0.0,0.0,0.0,0.0,0.0
7976.0,34.69140908048546,1.3248079280477512,30.98082699865064,41.2634319372788,1.0,65.952,204.0,0.0,0.0,1.0,0.0,0.0,0.0
64251.0,35.61566774329612,1.5,100.0,100.0,1.0,178.502,94.0,0.0,0.0,0.0,0.0,0.0,0.0
28358.0,81.94472676930516,1.5,96.09279539602105,100.0,4.0,106.716,98.0,0.0,0.0,0.0,0.0,0.0,0.0
36941.0,30.204246193728576,1.5,100.0,100.0,3.0,123.882,94.0,0.0,1.0,0.0,0.0,0.0,0.0
50713.0,34.151437738223045,1.5,100.0,100.0,5.0,151.426,101.0,0.0,0.0,0.0,0.0,0.0,1.0
38629.0,44.74621857787477,1.5,100.0,100.0,1.0,127.258,97.0,0.0,1.0,0.0,0.0,0.0,0.0
17551.0,52.83648499929583,1.1482976125703284,55.919571916307234,85.23309999719201,0.0,85.102,98.0,0.0,0.0,0.0,0.0,0.0,0.0
25646.0,20.0,1.5,76.95397050656764,100.0,4.0,101.292,83.0,0.0,0.0,0.0,0.0,0.0,0.0
12489.0,50.708220380884654,1.1850342806699614,49.23958242975898,59.67432075813011,0.0,74.97800000000001,204.0,0.0,0.0,1.0,0.0,0.0,0.0
23744.0,45.76908598602784,1.3276057242798829,81.83859646518208,100.0,0.0,97.488,107.0,0.0,0.0,0.0,0.0,0.0,0.0
32177.0,23.83866728970549,1.5,100.0,100.0,1.0,114.354,110.0,0.0,0.0,0.0,1.0,0.0,0.0
14445.0,46.23104034823486,1.0882825440822184,45.116237246011,73.68003491819749,0.0,78.89,195.0,0.0,0.0,1.0,0.0,0.0,0.0
46755.0,47.05802869695519,1.5,100.0,100.0,4.0,143.51,90.0,0.0,0.0,0.0,0.0,1.0,1.0
35077.0,32.688185450738644,1.5,100.0,100.0,3.0,120.154,97.0,0.0,0.0,0.0,0.0,0.0,0.0
16880.0,34.125329350233706,1.3285366674426085,65.35514564015389,83.79652619348299,2.0,83.75999999999999,94.0,0.0,0.0,0.0,0.0,1.0,0.0
37276.0,28.962358794739465,1.5,100.0,100.0,3.0,124.552,92.0,0.0,0.0,0.0,0.0,0.0,0.0
11973.0,62.21467614240118,1.1536279855596874,36.84838058313926,59.83144722133879,0.0,73.946,212.0,0.0,0.0,0.0,0.0,0.0,0.0
38397.0,32.60615030911874,1.5,100.0,100.0,0.0,126.794,93.0,0.0,0.0,0.0,0.0,0.0,0.0
34155.0,30.32391265114672,1.5,100.0,100.0,2.0,118.31,99.0,0.0,0.0,0.0,0.0,0.0,0.0
26906.0,32.26650822887946,1.5,92.87503804818678,100.0,4.0,103.812,99.0,0.0,0.0,0.0,0.0,0.0,0.0
16295.0,30.758338057254587,1.3104072752350122,59.54950315978442,81.58070509305668,0.0,82.59,105.0,0.0,0.0,0.0,1.0,0.0,0.0
19435.0,29.107340695963728,1.38604981729393,64.94658021935439,100.0,1.0,88.87,101.0,0.0,0.0,0.0,0.0,0.0,0.0
37916.0,41.87313341261287,1.5,100.0,100.0,1.0,125.832,77.0,0.0,0.0,0.0,0.0,0.0,0.0
26123.0,39.83284603395786,1.5,87.7792760766472,100.0,2.0,102.246,101.0,0.0,0.0,0.0,0.0,0.0,0.0
33555.0,47.10818081685967,1.5,100.0,100.0,0.0,117.11,108.0,0.0,0.0,0.0,1.0,0.0,0.0
29939.0,31.92476955254247,1.5,95.18854475505464,100.0,3.0,109.878,114.0,0.0,0.0,0.0,0.0,0.0,0.0
33317.0,46.53315665002238,1.5,100.0,100.0,4.0,116.634,88.0,0.0,0.0,0.0,0.0,0.0,0.0
27304.0,35.18331761937622,1.5,81.71709057522082,100.0,4.0,104.608,109.0,0.0,0.0,0.0,0.0,0.0,0.0
30173.0,33.39926055066005,1.5,94.46218282486116,100.0,0.0,110.346,109.0,0.0,0.0,0.0,0.0,0.0,1.0
29758.0,33.01717409573198,1.5,90.74014318327504,100.0,2.0,109.516,106.0,0.0,0.0,1.0,0.0,0.0,0.0
13479.0,50.43589094824021,1.2447126754832136,42.20463889915716,64.23616083789003,1.0,76.958,206.0,0.0,0.0,0.0,0.0,0.0,0.0
27900.0,43.398585325833686,1.5,90.59187185300668,100.0,2.0,105.8,115.0,0.0,0.0,1.0,0.0,0.0,0.0
27357.0,39.465941194333055,1.5,97.47263451650748,100.0,1.0,104.714,121.0,0.0,0.0,0.0,1.0,0.0,0.0
18301.0,37.83884643476232,1.1901295956948252,68.1674232771255,92.49226110851946,1.0,86.602,120.0,0.0,1.0,0.0,0.0,0.0,1.0
20899.0,35.28363372049736,1.0765675916836277,59.87572401021578,100.0,0.0,91.798,91.0,0.0,0.0,0.0,0.0,0.0,0.0
32860.0,27.65968777046112,1.5,100.0,100.0,2.0,115.72,87.0,0.0,0.0,0.0,0.0,0.0,0.0
42536.0,28.691808033357805,1.5,100.0,100.0,3.0,135.072,109.0,0.0,0.0,0.0,0.0,1.0,0.0
33564.0,38.629472392246335,1.5,100.0,100.0,1.0,117.128,114.0,0.0,0.0,0.0,0.0,0.0,1.0
12589.0,55.38583550500133,1.0045460617602355,44.15263670117565,58.45044590495056,0.0,75.178,207.0,0.0,0.0,0.0,0.0,0.0,0.0
5962.0,23.64489365762705,1.020147811151315,29.311885360103837,32.46155515523621,2.0,61.924,195.0,0.0,0.0,0.0,0.0,0.0,0.0
40331.0,28.524589818243165,1.5,100.0,100.0,4.0,130.662,92.0,0.0,0.0,0.0,0.0,0.0,0.0
16011.0,40.3236173965395,1.0015912180207105,53.296606694181655,75.76007107449698,1.0,82.02199999999999,96.0,0.0,0.0,0.0,0.0,0.0,0.0
32281.0,34.10084385061276,1.5,100.0,100.0,1.0,114.562,103.0,0.0,1.0,0.0,0.0,0.0,0.0
21870.0,70.07860091471464,1.0766656021615892,79.80907427175678,100.0,0.0,93.74,109.0,0.0,0.0,0.0,0.0,0.0,0.0
30553.0,35.99627102546852,1.5,100.0,100.0,5.0,111.106,104.0,0.0,0.0,0.0,0.0,0.0,0.0
38488.0,50.02201190311594,1.5,100.0,100.0,1.0,126.976,96.0,1.0,0.0,1.0,0.0,0.0,0.0
28475.0,48.642650352122686,1.5,93.46307585715672,100.0,2.0,106.95,87.0,1.0,0.0,1.0,0.0,0.0,1.0
37034.0,45.801903919838765,1.5,100.0,100.0,2.0,124.068,106.0,1.0,0.0,0.0,0.0,0.0,0.0
30875.0,40.2483689356429,1.5,99.77487449973752,100.0,4.0,111.75,82.0,1.0,0.0,1.0,0.0,0.0,1.0
43104.0,43.2208199262127,1.5,100.0,100.0,1.0,136.208,111.0,1.0,1.0,0.0,0.0,0.0,0.0
42711.0,39.49377578169672,1.5,100.0,100.0,2.0,135.422,92.0,1.0,0.0,0.0,0.0,0.0,0.0
38075.0,36.95271820796543,1.5,100.0,100.0,3.0,126.15,99.0,1.0,0.0,0.0,0.0,0.0,1.0
19386.0,46.130487336523686,1.0559094007335226,74.1135222359006,96.6706169770062,1.0,88.77199999999999,88.0,1.0,0.0,0.0,0.0,1.0,0.0
9872.0,37.07843184648632,1.2161631218573763,39.40267028167075,53.43144625940898,0.0,69.744,226.0,1.0,0.0,0.0,0.0,0.0,0.0
49783.0,33.74589230417752,1.5,100.0,100.0,0.0,149.566,110.0,1.0,0.0,0.0,0.0,1.0,0.0
15816.0,30.64288611598339,1.14679071629667,60.08252982977,77.09750030771637,2.0,81.632,101.0,1.0,0.0,0.0,0.0,0.0,0.0
25157.0,49.84335558303559,1.5,76.33624952176478,100.0,4.0,100.314,95.0,1.0,0.0,0.0,0.0,0.0,0.0
35038.0,21.20390478577044,1.5,100.0,100.0,1.0,120.076,99.0,1.0,0.0,1.0,0.0,0.0,0.0
22683.0,38.56452830887936,1.060815587115124,72.27389612772302,100.0,1.0,95.366,100.0,1.0,0.0,0.0,0.0,0.0,0.0
35354.0,34.03439477219414,1.5,100.0,100.0,3.0,120.708,113.0,1.0,0.0,0.0,0.0,0.0,1.0
45961.0,41.029086988672674,1.5,100.0,100.0,2.0,141.922,95.0,1.0,1.0,0.0,0.0,0.0,0.0
25828.0,38.94811036663592,1.5,80.60856427181918,100.0,1.0,101.656,101.0,1.0,0.0,1.0,0.0,0.0,0.0
11367.0,66.50339206178309,1.241153689185628,39.80948453010701,58.78927007649699,2.0,72.73400000000001,211.0,1.0,1.0,0.0,0.0,0.0,0.0
35649.0,59.89326197870689,1.5,100.0,100.0,3.0,121.298,95.0,1.0,0.0,0.0,0.0,1.0,0.0
35433.0,21.09629618125485,1.5,100.0,100.0,1.0,120.866,103.0,1.0,0.0,0.0,0.0,0.0,0.0
17938.0,32.255305418243786,1.309479340752179,53.42119531074176,88.07259254276303,0.0,85.876,103.0,1.0,0.0,0.0,0.0,0.0,0.0
46265.0,45.54981206007199,1.5,100.0,100.0,0.0,142.53,94.0,0.0,0.0,0.0,0.0,1.0,0.0
57774.0,34.33355117093288,1.5,100.0,100.0,1.0,165.548,106.0,0.0,0.0,0.0,0.0,0.0,0.0
22845.0,51.06775891080067,1.1839437916719595,81.8495398871231,100.0,1.0,95.69,96.0,0.0,0.0,0.0,0.0,0.0,0.0
44907.0,40.24633083317497,1.5,100.0,100.0,2.0,139.814,104.0,0.0,0.0,0.0,0.0,0.0,0.0
37119.0,30.715019516357,1.5,100.0,100.0,4.0,124.238,82.0,0.0,1.0,0.0,0.0,0.0,0.0
58725.0,30.982608713414592,1.5,100.0,100.0,3.0,167.45,97.0,0.0,0.0,0.0,0.0,1.0,0.0
28844.0,28.84143094342129,1.5,100.0,100.0,5.0,107.688,111.0,0.0,0.0,0.0,0.0,0.0,0.0
18614.0,45.274602569754656,1.3309703125598489,63.111426412081634,93.36443381313084,0.0,87.22800000000001,115.0,0.0,0.0,0.0,0.0,0.0,0.0
18364.0,51.744027343327936,1.068435952695956,61.59160912142019,94.23209315632556,0.0,86.72800000000001,104.0,0.0,0.0,0.0,0.0,0.0,0.0
41173.0,25.67470985513616,1.5,100.0,100.0,2.0,132.346,95.0,0.0,1.0,0.0,0.0,0.0,0.0
36776.0,33.897410906907155,1.5,100.0,100.0,3.0,123.552,106.0,0.0,1.0,0.0,0.0,0.0,0.0
42726.0,20.0,1.5,100.0,100.0,3.0,135.452,103.0,0.0,0.0,0.0,0.0,0.0,1.0
44802.0,37.95539895312304,1.5,100.0,100.0,2.0,139.60399999999998,104.0,0.0,1.0,0.0,0.0,0.0,1.0
13317.0,46.52738602554962,1.1551676203739472,48.10003657872177,62.43078922221969,0.0,76.634,178.0,0.0,0.0,0.0,0.0,0.0,1.0
47795.0,47.57614461771567,1.5,100.0,100.0,4.0,145.59,88.0,0.0,0.0,0.0,0.0,0.0,0.0
23173.0,37.52488533995446,1.390583769200322,73.00741313844121,100.0,3.0,96.346,97.0,0.0,0.0,0.0,0.0,0.0,1.0
7512.0,23.7594404106337,1.3819536276844424,18.505531531031785,37.08703240274763,0.0,65.024,196.0,0.0,0.0,0.0,0.0,0.0,0.0
46712.0,38.97879636389108,1.5,100.0,100.0,3.0,143.424,88.0,0.0,0.0,0.0,1.0,0.0,0.0
43488.0,35.56248608017549,1.5,100.0,100.0,3.0,136.976,96.0,0.0,0.0,1.0,0.0,0.0,0.0
7282.0,28.80412132970753,1.1035261571765238,30.635296623081395,34.997573232040224,0.0,64.564,188.0,0.0,0.0,0.0,0.0,0.0,1.0
52161.0,20.0,1.5,100.0,100.0,2.0,154.322,112.0,0.0,0.0,0.0,1.0,0.0,0.0
21997.0,56.78198306021029,1.2660576001541046,74.27169012528276,100.0,1.0,93.994,117.0,0.0,0.0,0.0,0.0,0.0,0.0
62906.0,31.011421381424103,1.5,100.0,100.0,1.0,175.812,94.0,0.0,0.0,0.0,1.0,0.0,0.0
29494.0,26.174270922833223,1.5,96.08915151067274,100.0,4.0,108.988,110.0,0.0,0.0,0.0,0.0,0.0,0.0
19778.0,37.66020677413906,1.1618495389816508,60.09309436673638,100.0,0.0,89.556,89.0,0.0,0.0,0.0,0.0,1.0,0.0
56207.0,26.29895358144043,1.5,100.0,100.0,1.0,162.414,92.0,0.0,0.0,0.0,1.0,0.0,0.0
18622.0,29.01313265371503,1.3280075053699707,61.50722854265627,89.08135125798475,0.0,87.244,82.0,0.0,0.0,0.0,0.0,0.0,0.0
40458.0,47.64422079912262,1.5,100.0,100.0,2.0,130.916,119.0,0.0,0.0,0.0,0.0,0.0,0.0
34547.0,44.47413168005932,1.5,100.0,100.0,3.0,119.094,109.0,0.0,0.0,0.0,0.0,0.0,0.0
35515.0,20.0,1.5,100.0,100.0,2.0,121.03,108.0,0.0,1.0,0.0,0.0,0.0,0.0
54274.0,29.779952208318758,1.5,100.0,100.0,4.0,158.548,96.0,0.0,0.0,0.0,0.0,0.0,0.0
8657.0,46.26595124964977,1.0647897958234174,32.01523136359041,40.87806055530493,0.0,67.314,214.0,0.0,0.0,0.0,0.0,1.0,0.0
21976.0,26.0710453865724,1.0806698317493644,66.80458939889263,100.0,0.0,93.952,107.0,0.0,0.0,0.0,0.0,0.0,1.0
63021.0,51.04767457938557,1.5,100.0,100.0,2.0,176.042,97.0,0.0,0.0,1.0,0.0,0.0,0.0
33472.0,64.00862545732315,1.5,100.0,100.0,1.0,116.944,80.0,0.0,1.0,0.0,0.0,0.0,0.0
26346.0,44.689308230651214,1.5,79.44186432264414,100.0,1.0,102.692,90.0,0.0,0.0,0.0,0.0,0.0,0.0
8993.0,34.35454928308594,1.1387701654687792,24.029249035207837,41.21374523505586,1.0,67.986,194.0,0.0,0.0,0.0,0.0,0.0,0.0
21883.0,53.08682154519476,1.2704268713644495,69.76285447569623,100.0,0.0,93.766,102.0,0.0,0.0,1.0,0.0,0.0,0.0
22515.0,38.799350295270926,1.1765784768025425,78.14823468403294,100.0,2.0,95.03,97.0,0.0,0.0,1.0,0.0,0.0,0.0
20404.0,44.11113914918878,1.36318597659579,72.1100436836159,100.0,1.0,90.808,116.0,0.0,0.0,0.0,0.0,0.0,0.0
38516.0,43.08632347253098,1.5,100.0,100.0,0.0,127.032,95.0,0.0,0.0,0.0,0.0,0.0,0.0
40161.0,60.271387595749495,1.5,100.0,100.0,3.0,130.322,106.0,0.0,1.0,0.0,0.0,0.0,0.0
25866.0,34.29338457715023,1.5,95.79665092380372,100.0,0.0,101.732,103.0,0.0,0.0,0.0,0.0,0.0,0.0
49412.0,44.10774661233748,1.5,100.0,100.0,0.0,148.824,97.0,0.0,1.0,0.0,0.0,0.0,0.0
28848.0,20.810318238254823,1.5,100.0,100.0,2.0,107.696,103.0,0.0,0.0,1.0,0.0,0.0,0.0
35686.0,20.0,1.5,100.0,100.0,4.0,121.372,79.0,0.0,0.0,0.0,0.0,0.0,0.0
20887.0,49.42112047067064,1.3093673228639495,71.68875556462623,100.0,2.0,91.774,124.0,0.0,1.0,0.0,0.0,0.0,0.0
19734.0,51.3012997569808,1.292594968022647,74.96272413170254,95.10224422915306,4.0,89.468,96.0,0.0,0.0,0.0,0.0,0.0,0.0
11240.0,47.39950759984462,1.3889354155937506,32.2064297623174,59.68620008191425,0.0,72.48,214.0,0.0,0.0,0.0,1.0,0.0,0.0
36705.0,20.0,1.5,100.0,100.0,1.0,123.41,102.0,0.0,0.0,0.0,0.0,0.0,0.0
33162.0,20.818751901835185,1.5,100.0,100.0,3.0,116.324,100.0,1.0,0.0,1.0,0.0,0.0,0.0
30886.0,27.787847790383616,1.5,98.50703550541124,100.0,4.0,111.772,106.0,1.0,0.0,0.0,0.0,0.0,0.0
16640.0,41.37076087690213,1.1490608174752197,57.85076062024227,83.57572058261718,0.0,83.28,87.0,1.0,0.0,1.0,0.0,0.0,0.0
26571.0,38.48733874085432,1.5,78.9618336696846,100.0,4.0,103.142,105.0,1.0,0.0,0.0,0.0,1.0,0.0
43718.0,29.672263629743654,1.5,100.0,100.0,2.0,137.436,108.0,1.0,0.0,0.0,0.0,0.0,0.0
39854.0,34.711095892513605,1.5,100.0,100.0,2.0,129.708,103.0,1.0,0.0,0.0,0.0,0.0,0.0
23018.0,29.589457520433115,1.2253466414750052,69.99675606431643,100.0,0.0,96.036,101.0,1.0,0.0,0.0,1.0,0.0,0.0
15695.0,55.24546549887689,1.21535902721061,48.2112753076552,78.69889324719352,1.0,81.39,117.0,1.0,0.0,0.0,0.0,0.0,0.0
33142.0,33.52550591465571,1.5,100.0,100.0,2.0,116.284,91.0,1.0,1.0,0.0,0.0,0.0,0.0
52728.0,38.60854886421358,1.5,100.0,100.0,0.0,155.45600000000002,87.0,1.0,0.0,0.0,0.0,0.0,0.0
23635.0,36.37965005917668,1.385027753716085,86.33324297107198,100.0,1.0,97.27,112.0,1.0,0.0,0.0,0.0,0.0,0.0
28203.0,36.28497678409721,1.5,100.0,100.0,2.0,106.406,91.0,1.0,0.0,0.0,0.0,0.0,0.0
60496.0,23.483114988764903,1.5,100.0,100.0,2.0,170.99200000000002,94.0,1.0,0.0,0.0,0.0,0.0,0.0
12083.0,63.31630940371371,1.2197497872642116,43.28413671098382,64.01930916159053,0.0,74.166,215.0,1.0,0.0,0.0,0.0,0.0,0.0
39914.0,26.908700963758854,1.5,100.0,100.0,2.0,129.828,102.0,1.0,0.0,0.0,0.0,0.0,1.0
25674.0,37.51900868620056,1.5,92.5071226783123,100.0,2.0,101.348,86.0,1.0,0.0,1.0,0.0,0.0,0.0
30387.0,36.07322036571875,1.5,100.0,100.0,4.0,110.774,95.0,1.0,0.0,0.0,0.0,1.0,0.0
30928.0,52.14801590685508,1.5,100.0,100.0,1.0,111.856,100.0,1.0,0.0,0.0,0.0,0.0,0.0
25395.0,28.88759813907435,1.5,84.42549117511706,100.0,3.0,100.79,106.0,0.0,0.0,1.0,0.0,0.0,0.0
11496.0,64.5608129881357,1.0382449039684714,35.9478676163152,57.611609273591306,0.0,72.992,200.0,0.0,1.0,0.0,0.0,0.0,0.0
19990.0,43.96524649337054,1.1430106835140847,64.91128227937851,95.50292937816664,1.0,89.97999999999999,101.0,0.0,0.0,0.0,0.0,0.0,0.0
60021.0,37.608915165611,1.5,100.0,100.0,1.0,170.042,102.0,0.0,0.0,0.0,0.0,0.0,0.0
43072.0,28.10217549771218,1.5,100.0,100.0,2.0,136.144,107.0,0.0,0.0,0.0,1.0,0.0,1.0
12098.0,48.32852567815578,1.0035961012255172,32.90350131193016,57.40868490747906,1.0,74.196,214.0,0.0,0.0,1.0,0.0,0.0,0.0
35189.0,32.34220098928176,1.5,100.0,100.0,1.0,120.378,90.0,0.0,0.0,0.0,0.0,0.0,0.0
27357.0,54.41835139799753,1.5,97.23078508185392,100.0,2.0,104.714,103.0,0.0,0.0,0.0,0.0,0.0,0.0
28695.0,31.38324788945797,1.5,91.2100155110906,100.0,2.0,107.39,89.0,0.0,0.0,0.0,1.0,0.0,0.0
21478.0,39.18479283694267,1.1728084333536537,75.47186656824995,100.0,2.0,92.956,88.0,0.0,0.0,0.0,0.0,0.0,1.0
38703.0,36.31611033595733,1.5,100.0,100.0,1.0,127.406,89.0,0.0,0.0,0.0,0.0,0.0,0.0
23614.0,27.601446739051383,1.0633257775762928,77.02192695554062,100.0,2.0,97.228,81.0,0.0,0.0,0.0,0.0,1.0,0.0
11980.0,31.073146827474616,1.2015549309685116,32.39347217951551,60.2597391819338,0.0,73.96000000000001,201.0,0.0,0.0,0.0,0.0,0.0,0.0
25076.0,29.1542821411839,1.5,88.60950821098476,100.0,2.0,100.152,95.0,0.0,0.0,0.0,0.0,0.0,0.0
27145.0,26.39762573378159,1.5,92.68792169515552,100.0,1.0,104.29,127.0,0.0,0.0,0.0,0.0,0.0,0.0
24937.0,41.01865498155513,1.1377473981969437,91.89802073877772,100.0,5.0,99.874,101.0,0.0,0.0,0.0,1.0,0.0,0.0
41200.0,41.65638525886452,1.5,100.0,100.0,3.0,132.4,100.0,0.0,0.0,0.0,0.0,0.0,0.0
27136.0,20.0,1.5,82.27100146203495,100.0,1.0,104.272,100.0,0.0,0.0,0.0,0.0,0.0,1.0
34516.0,33.21588957821564,1.5,100.0,100.0,3.0,119.032,99.0,0.0,0.0,0.0,0.0,0.0,0.0
32235.0,30.35690358592138,1.5,100.0,100.0,3.0,114.47,93.0,0.0,0.0,0.0,0.0,0.0,0.0
27261.0,20.0,1.5,81.5403034159965,100.0,2.0,104.522,111.0,0.0,0.0,0.0,0.0,0.0,0.0
20715.0,54.638779299257536,1.0802012081690853,74.64621790016217,100.0,0.0,91.43,104.0,0.0,0.0,0.0,0.0,0.0,0.0
45307.0,28.020334744103085,1.5,100.0,100.0,0.0,140.614,99.0,0.0,0.0,0.0,0.0,0.0,0.0
29555.0,31.92229489174004,1.5,95.1226537950986,100.0,1.0,109.11,100.0,0.0,0.0,0.0,0.0,0.0,0.0
22040.0,54.68864051239973,1.0313504997027962,66.4282384591181,100.0,0.0,94.08,106.0,0.0,0.0,0.0,0.0,0.0,0.0
55267.0,31.599051076559693,1.5,100.0,100.0,2.0,160.534,101.0,0.0,0.0,0.0,0.0,0.0,0.0
43920.0,20.0,1.5,100.0,100.0,1.0,137.84,89.0,0.0,0.0,0.0,0.0,0.0,0.0
14867.0,58.69576111364374,1.376032316071566,56.5465100952112,72.71547194493387,0.0,79.73400000000001,201.0,0.0,0.0,0.0,0.0,0.0,0.0
60578.0,46.52542991175334,1.5,100.0,100.0,1.0,171.156,97.0,0.0,0.0,0.0,0.0,0.0,0.0
31716.0,30.87854527167957,1.5,100.0,100.0,0.0,113.432,110.0,0.0,0.0,0.0,0.0,0.0,0.0
19723.0,25.00458860651969,1.1369125358515315,56.20194737877406,94.53904687496656,0.0,89.446,112.0,0.0,0.0,0.0,0.0,0.0,0.0
36580.0,35.15163393407031,1.5,100.0,100.0,5.0,123.16,96.0,0.0,0.0,1.0,0.0,0.0,0.0
38557.0,27.15206813951338,1.5,100.0,100.0,1.0,127.114,113.0,0.0,0.0,0.0,0.0,0.0,0.0
42638.0,35.2001831181194,1.5,100.0,100.0,1.0,135.276,102.0,0.0,0.0,0.0,0.0,1.0,0.0
23538.0,52.11867169184262,1.371831203652054,86.5438158411549,100.0,3.0,97.076,100.0,0.0,0.0,0.0,0.0,1.0,0.0
34226.0,42.45359229524037,1.5,100.0,100.0,1.0,118.452,100.0,0.0,0.0,1.0,0.0,0.0,1.0
49382.0,33.24030832627449,1.5,100.0,100.0,3.0,148.764,104.0,0.0,0.0,0.0,0.0,0.0,1.0
15343.0,65.30979350751429,1.1361972542595296,52.44262942365712,72.34336990457413,0.0,80.686,108.0,0.0,0.0,0.0,0.0,0.0,0.0
43428.0,52.59611442367387,1.5,100.0,100.0,3.0,136.856,98.0,0.0,0.0,0.0,0.0,0.0,0.0
52650.0,34.7462275275128,1.5,100.0,100.0,2.0,155.3,93.0,0.0,0.0,0.0,0.0,1.0,0.0
8904.0,35.429540646569095,1.3602761980074511,35.10261290871694,46.44681848889009,0.0,67.80799999999999,188.0,0.0,1.0,0.0,0.0,0.0,0.0
17016.0,54.22189260330602,1.2219516510049302,62.86774390047078,82.88541599140812,0.0,84.032,93.0,0.0,1.0,0.0,0.0,0.0,0.0
27676.0,44.91900174099966,1.5,85.96875599127894,100.0,2.0,105.352,97.0,0.0,0.0,1.0,0.0,0.0,1.0
28232.0,37.03692248294907,1.5,100.0,100.0,0.0,106.464,96.0,0.0,0.0,0.0,0.0,0.0,0.0
15411.0,45.841163819007775,1.2725699965889388,50.38276267011665,81.74683651838563,0.0,80.822,99.0,0.0,0.0,0.0,0.0,0.0,0.0
12819.0,37.33683210584695,1.2294642029767375,32.75059768421951,65.11214765791593,0.0,75.638,201.0,1.0,0.0,0.0,0.0,0.0,0.0
47132.0,33.51229023242966,1.5,100.0,100.0,2.0,144.264,111.0,1.0,0.0,0.0,1.0,0.0,0.0
8893.0,51.96344138996307,1.055665832072686,38.66488818600363,40.77167126681035,0.0,67.786,197.0,1.0,0.0,0.0,0.0,0.0,0.0
42877.0,51.147676685115215,1.5,100.0,100.0,3.0,135.75400000000002,116.0,1.0,0.0,1.0,0.0,0.0,0.0
21986.0,56.383878850337325,1.3754130255071362,69.03055948083889,100.0,0.0,93.972,105.0,1.0,0.0,0.0,0.0,0.0,0.0
16446.0,36.56859158555776,1.2886304452043391,56.82849630532506,86.60861533536351,0.0,82.892,92.0,1.0,0.0,0.0,0.0,1.0,0.0
45740.0,41.91015802957676,1.5,100.0,100.0,1.0,141.48000000000002,98.0,1.0,1.0,0.0,0.0,0.0,0.0
28146.0,32.78433228759546,1.5,99.58941204936453,100.0,0.0,106.292,107.0,1.0,0.0,0.0,0.0,0.0,0.0
30081.0,32.34717784407407,1.5,95.77160101718988,100.0,0.0,110.162,101.0,1.0,0.0,0.0,0.0,0.0,0.0
36258.0,22.702765154288123,1.5,100.0,100.0,0.0,122.516,98.0,1.0,0.0,0.0,0.0,0.0,0.0
19721.0,35.16555442754682,1.148954516367883,72.66768088819292,93.88617609234043,3.0,89.44200000000001,92.0,1.0,0.0,1.0,0.0,0.0,0.0
28386.0,32.88756509749427,1.5,97.14908336944552,100.0,2.0,106.772,99.0,1.0,0.0,0.0,0.0,0.0,0.0
11117.0,34.34199552016638,1.2031633959073238,45.05431037279249,57.54790938419433,1.0,72.23400000000001,190.0,1.0,0.0,0.0,0.0,0.0,0.0
32497.0,37.28435382656736,1.5,99.29267528122529,100.0,1.0,114.994,110.0,1.0,0.0,0.0,0.0,0.0,0.0
24751.0,80.48682397596407,1.3516002119018302,80.85078935932202,100.0,2.0,99.502,96.0,1.0,0.0,0.0,0.0,0.0,0.0
16008.0,47.71894724996093,1.3337968356205387,61.50213859742515,75.04427696773921,0.0,82.01599999999999,101.0,1.0,0.0,0.0,0.0,0.0,0.0
43191.0,40.440881037700485,1.5,100.0,100.0,3.0,136.382,98.0,1.0,0.0,0.0,0.0,0.0,0.0
24947.0,43.31130229275483,1.0561184505141017,90.92607476388037,100.0,4.0,99.894,108.0,1.0,0.0,0.0,0.0,0.0,0.0
8799.0,40.43754157743103,1.2920042879260274,35.986787441482115,48.55881479082316,1.0,67.598,213.0,1.0,0.0,0.0,0.0,0.0,0.0
38473.0,41.71286121835252,1.5,100.0,100.0,3.0,126.946,122.0,1.0,0.0,0.0,0.0,0.0,0.0
24951.0,48.244937712792,1.0052454583190462,88.9947426819543,100.0,1.0,99.902,102.0,1.0,0.0,0.0,0.0,0.0,0.0
36537.0,20.081940518636834,1.5,100.0,100.0,2.0,123.074,109.0,1.0,0.0,0.0,0.0,0.0,0.0
19445.0,45.27892061797146,1.189463940290152,69.612878517961,95.0193094203286,1.0,88.89,101.0,1.0,0.0,0.0,0.0,0.0,0.0
19252.0,41.33241043636576,1.1881992559769827,64.27035060958958,97.16999861853164,0.0,88.50399999999999,97.0,1.0,0.0,0.0,0.0,0.0,0.0
20195.0,20.0,1.0362045899989714,66.27569865701578,100.0,1.0,90.39,116.0,1.0,0.0,0.0,0.0,0.0,0.0
35431.0,28.91232533816126,1.5,100.0,100.0,3.0,120.862,103.0,0.0,0.0,0.0,0.0,0.0,1.0
36491.0,23.490999510038225,1.5,100.0,100.0,2.0,122.982,113.0,0.0,1.0,0.0,0.0,0.0,0.0
29396.0,33.97440386308206,1.5,99.37398640092256,100.0,1.0,108.792,86.0,0.0,0.0,0.0,0.0,0.0,0.0
61087.0,31.13839504836495,1.5,100.0,100.0,2.0,172.174,93.0,0.0,0.0,0.0,1.0,0.0,0.0
8720.0,52.119152449659,1.1800081413398178,37.60891965091199,39.56616718098955,1.0,67.44,187.0,0.0,0.0,0.0,0.0,0.0,0.0
13340.0,37.48241643650006,1.1649604779127798,51.27406145534434,69.5708546918529,2.0,76.68,188.0,0.0,0.0,0.0,0.0,0.0,0.0
53361.0,35.59968592985979,1.5,100.0,100.0,0.0,156.72199999999998,92.0,0.0,0.0,0.0,0.0,0.0,0.0
35053.0,34.13279366788084,1.5,100.0,100.0,3.0,120.106,84.0,0.0,0.0,0.0,0.0,0.0,0.0
10228.0,49.5675956665772,1.3536084175701133,30.55486705863532,47.63819504210692,1.0,70.456,204.0,0.0,0.0,0.0,1.0,0.0,0.0
20869.0,52.407161608373215,1.3532977287922796,60.010088356702624,100.0,0.0,91.738,105.0,0.0,0.0,0.0,0.0,0.0,0.0
25192.0,37.96601569798775,1.5,91.37185932340245,100.0,2.0,100.384,111.0,0.0,0.0,0.0,0.0,0.0,0.0
25339.0,36.968923432762736,1.5,85.9609639813913,100.0,3.0,100.678,118.0,0.0,0.0,0.0,0.0,0.0,1.0
45757.0,58.628511266731,1.5,100.0,100.0,1.0,141.514,98.0,0.0,0.0,1.0,0.0,0.0,1.0
45959.0,20.0,1.5,100.0,100.0,0.0,141.918,112.0,0.0,0.0,0.0,0.0,0.0,0.0
37989.0,34.50746079964608,1.5,100.0,100.0,2.0,125.978,75.0,0.0,0.0,0.0,0.0,0.0,0.0
42917.0,20.0,1.5,100.0,100.0,2.0,135.834,94.0,0.0,0.0,0.0,0.0,0.0,1.0
37301.0,37.21676809237171,1.5,100.0,100.0,2.0,124.602,89.0,0.0,0.0,0.0,0.0,0.0,0.0
13251.0,30.386042419292437,1.39921129013488,54.128189049797065,63.0873473268602,2.0,76.502,198.0,0.0,0.0,0.0,0.0,0.0,0.0
46298.0,42.39548627620022,1.5,100.0,100.0,3.0,142.596,103.0,0.0,0.0,0.0,1.0,0.0,0.0
46082.0,56.14418890086905,1.5,100.0,100.0,1.0,142.164,101.0,0.0,0.0,0.0,1.0,0.0,0.0
22572.0,51.83142894397666,1.1037146719404067,82.8828939646739,100.0,5.0,95.144,85.0,0.0,1.0,0.0,0.0,0.0,0.0
25431.0,46.88591987408935,1.5,79.89119906966305,100.0,4.0,100.862,91.0,0.0,0.0,0.0,0.0,0.0,0.0
44960.0,43.806401734740085,1.5,100.0,100.0,5.0,139.92000000000002,111.0,0.0,0.0,0.0,0.0,1.0,0.0
24470.0,52.79178597475765,1.0811675034019663,76.55892423619177,100.0,1.0,98.94,105.0,0.0,0.0,0.0,0.0,0.0,0.0
45848.0,20.0,1.5,100.0,100.0,2.0,141.696,95.0,0.0,0.0,0.0,0.0,0.0,0.0
31298.0,31.019871489573458,1.5,100.0,100.0,1.0,112.596,115.0,0.0,0.0,0.0,0.0,0.0,0.0
8239.0,36.49727614662911,1.3223356528148449,22.91580343108749,44.0058376660848,0.0,66.47800000000001,194.0,0.0,0.0,0.0,0.0,0.0,1.0
28648.0,20.0,1.5,100.0,100.0,1.0,107.296,96.0,0.0,0.0,0.0,0.0,0.0,0.0
12759.0,32.38011268557244,1.101810888842627,36.78783532226403,68.16381982633884,1.0,75.518,194.0,0.0,0.0,0.0,1.0,0.0,0.0
30864.0,29.170622399112386,1.5,97.04579439804183,100.0,4.0,111.728,108.0,0.0,0.0,0.0,0.0,0.0,0.0
12820.0,49.7499534603574,1.3899391017420912,34.930139031769244,66.86690268807627,0.0,75.64,199.0,0.0,0.0,0.0,0.0,0.0,0.0
27291.0,43.53242867812391,1.5,86.22063441094541,100.0,0.0,104.582,98.0,0.0,0.0,0.0,0.0,0.0,0.0
5458.0,44.907320788546144,1.1878746892292158,27.08832809856628,30.71077310529715,0.0,60.916,195.0,0.0,0.0,0.0,0.0,0.0,0.0
50304.0,46.22923489954155,1.5,100.0,100.0,1.0,150.608,111.0,0.0,0.0,0.0,0.0,1.0,0.0
23148.0,42.86040992808236,1.39123250894754,73.20259898961193,100.0,1.0,96.296,109.0,0.0,0.0,0.0,0.0,0.0,0.0
23485.0,35.054803459979674,1.264840077222943,83.81795328706416,100.0,2.0,96.97,88.0,0.0,0.0,1.0,0.0,0.0,0.0
26028.0,20.0,1.5,92.018404598958,100.0,1.0,102.056,82.0,0.0,0.0,0.0,1.0,0.0,0.0
19301.0,46.42225095539139,1.206732412978512,67.919011835046,99.20110981046147,3.0,88.602,105.0,0.0,0.0,0.0,0.0,0.0,0.0
22625.0,58.42604788664312,1.1894502685768085,75.28666262202275,100.0,0.0,95.25,134.0,0.0,0.0,0.0,1.0,0.0,1.0
57349.0,28.721184621475864,1.5,100.0,100.0,2.0,164.69799999999998,116.0,0.0,0.0,1.0,0.0,0.0,0.0
24470.0,37.903328795205496,1.034105402988179,87.38612195109695,100.0,2.0,98.94,101.0,0.0,0.0,0.0,0.0,0.0,0.0
28132.0,38.38612645088241,1.5,96.28584101740812,100.0,1.0,106.264,97.0,0.0,1.0,0.0,0.0,0.0,0.0
51746.0,37.3925888500638,1.5,100.0,100.0,0.0,153.49200000000002,107.0,0.0,0.0,0.0,0.0,0.0,0.0
20820.0,43.13677965415541,1.2583205312828127,71.82568707770488,100.0,2.0,91.64,80.0,0.0,0.0,1.0,0.0,0.0,0.0
29028.0,36.56864636657244,1.5,100.0,100.0,2.0,108.056,103.0,0.0,0.0,0.0,0.0,0.0,0.0
21240.0,46.13659985652161,1.304718290474712,74.56997440403816,100.0,5.0,92.48,91.0,0.0,0.0,1.0,0.0,0.0,0.0
36948.0,46.85062203354475,1.5,100.0,100.0,0.0,123.896,107.0,1.0,0.0,0.0,1.0,0.0,0.0
21186.0,41.19431131251138,1.030669567372436,61.816738821442826,100.0,2.0,92.372,108.0,1.0,0.0,0.0,0.0,0.0,0.0
31541.0,29.62992415016121,1.5,100.0,100.0,4.0,113.082,113.0,1.0,0.0,1.0,0.0,0.0,0.0
36344.0,30.741549977751852,1.5,100.0,100.0,2.0,122.688,105.0,1.0,0.0,0.0,0.0,0.0,0.0
42633.0,35.248088624927234,1.5,100.0,100.0,1.0,135.26600000000002,107.0,1.0,0.0,0.0,0.0,0.0,0.0
27649.0,24.74654060954297,1.5,85.58876140238846,100.0,0.0,105.298,92.0,1.0,0.0,1.0,0.0,0.0,0.0
21894.0,37.89119724100033,1.3006919281416878,80.79988485158856,100.0,1.0,93.788,101.0,1.0,0.0,0.0,0.0,0.0,0.0
32780.0,44.448045287552056,1.5,100.0,100.0,2.0,115.56,116.0,1.0,0.0,0.0,0.0,0.0,0.0
24946.0,50.51128400877088,1.2198698640376902,88.28828471552558,100.0,2.0,99.892,102.0,1.0,0.0,0.0,0.0,0.0,0.0
23717.0,49.39280251796403,1.229403938860806,82.78005118365972,100.0,3.0,97.434,88.0,1.0,0.0,0.0,0.0,0.0,0.0
48968.0,26.050410301558795,1.5,100.0,100.0,1.0,147.936,125.0,1.0,0.0,0.0,1.0,0.0,0.0
7524.0,58.81926294062186,1.0214904999786676,22.91386729422794,34.22913250183289,0.0,65.048,194.0,1.0,0.0,0.0,0.0,0.0,0.0
51194.0,36.58772076685858,1.5,100.0,100.0,4.0,152.388,115.0,1.0,0.0,0.0,0.0,0.0,0.0
16250.0,25.355885954447373,1.3125141120606911,49.405134103721366,85.63855648170211,0.0,82.5,112.0,1.0,0.0,0.0,0.0,0.0,1.0
18947.0,47.65073825649067,1.3782174022067264,54.83779878362226,98.4972721266946,0.0,87.894,97.0,1.0,0.0,0.0,0.0,0.0,1.0
39819.0,41.16867281845059,1.5,100.0,100.0,4.0,129.638,94.0,1.0,0.0,1.0,0.0,0.0,0.0
30159.0,40.10312877645273,1.5,100.0,100.0,2.0,110.318,106.0,1.0,1.0,0.0,0.0,0.0,0.0
27344.0,36.16117009925422,1.5,89.21602772435813,100.0,1.0,104.688,88.0,1.0,0.0,0.0,0.0,0.0,0.0
9300.0,25.55925068286321,1.275849247280763,40.58930052493589,45.634776477074645,0.0,68.6,188.0,1.0,0.0,0.0,0.0,0.0,0.0
12537.0,42.37931237403184,1.3943061121912534,37.82732400009331,62.99062002767866,0.0,75.074,184.0,1.0,0.0,1.0,0.0,0.0,0.0
35399.0,33.3415208291656,1.5,100.0,100.0,3.0,120.798,102.0,0.0,0.0,0.0,0.0,0.0,0.0
27026.0,41.7311185290305,1.5,99.85032908597302,100.0,0.0,104.052,101.0,0.0,0.0,1.0,0.0,0.0,0.0
15784.0,44.79952556691067,1.3193019546090368,60.929722931475766,80.34409337564547,1.0,81.568,106.0,0.0,0.0,0.0,0.0,0.0,0.0
25255.0,46.29368141771923,1.5,84.6223075040903,100.0,3.0,100.51,89.0,0.0,0.0,0.0,0.0,0.0,0.0
53377.0,53.73942255972491,1.5,100.0,100.0,3.0,156.75400000000002,87.0,0.0,0.0,0.0,1.0,0.0,0.0
13538.0,45.852595583841484,1.322393903833227,54.11834778690384,70.07750156922157,0.0,77.076,189.0,0.0,0.0,0.0,0.0,0.0,0.0
58483.0,34.14830996708431,1.5,100.0,100.0,1.0,166.966,95.0,0.0,0.0,0.0,0.0,0.0,0.0
22425.0,42.39369059654807,1.2989703553957144,73.8944252224211,100.0,3.0,94.85,103.0,0.0,0.0,0.0,0.0,0.0,0.0
40342.0,31.513695176103464,1.5,100.0,100.0,2.0,130.684,86.0,0.0,0.0,0.0,0.0,0.0,0.0
34575.0,26.53305302269109,1.5,100.0,100.0,2.0,119.15,99.0,0.0,0.0,0.0,0.0,0.0,0.0
39508.0,53.45006329276087,1.5,100.0,100.0,2.0,129.01600000000002,92.0,0.0,1.0,0.0,0.0,0.0,0.0
14266.0,49.43326224201352,1.051183835953038,41.2403666998297,69.32066829968933,2.0,78.532,176.0,0.0,0.0,1.0,0.0,0.0,0.0
30620.0,42.07429305661111,1.5,100.0,100.0,1.0,111.24,95.0,0.0,0.0,0.0,0.0,0.0,0.0
47061.0,40.47680766683587,1.5,100.0,100.0,3.0,144.122,98.0,0.0,0.0,0.0,0.0,0.0,1.0
6317.0,57.19299791268324,1.2889396588351758,26.288924458884857,28.089535406735536,0.0,62.634,190.0,0.0,0.0,0.0,0.0,0.0,0.0
52084.0,46.037979248593714,1.5,100.0,100.0,1.0,154.168,102.0,0.0,0.0,0.0,0.0,0.0,0.0
34242.0,26.83723328034888,1.5,100.0,100.0,2.0,118.484,92.0,0.0,0.0,0.0,0.0,0.0,0.0
24555.0,55.6165467704098,1.3493434964523403,80.83627401246086,100.0,0.0,99.11,96.0,0.0,0.0,1.0,0.0,0.0,0.0
12001.0,62.25706296548039,1.0195551281370645,48.0371567084344,55.51583873972548,1.0,74.002,204.0,0.0,0.0,0.0,1.0,0.0,0.0
25521.0,32.39275448147539,1.5,86.14057250832305,100.0,2.0,101.042,97.0,0.0,0.0,0.0,0.0,0.0,0.0
52243.0,27.421987003903048,1.5,100.0,100.0,5.0,154.486,108.0,0.0,0.0,1.0,0.0,0.0,0.0
15574.0,31.891080146526075,1.299273222580961,55.11686231039471,81.58506072111659,0.0,81.148,111.0,0.0,0.0,1.0,0.0,0.0,0.0
55641.0,21.69661115409432,1.5,100.0,100.0,3.0,161.28199999999998,90.0,0.0,0.0,0.0,0.0,0.0,0.0
12315.0,42.616321370828594,1.1002820268061284,41.67136738575357,61.153513600081205,0.0,74.63,188.0,0.0,0.0,0.0,0.0,0.0,0.0
39202.0,36.737480177388605,1.5,100.0,100.0,2.0,128.404,128.0,0.0,0.0,0.0,0.0,0.0,0.0
18910.0,48.57350741927299,1.166640077658236,64.18373933837252,97.21878025994005,0.0,87.82,101.0,0.0,0.0,0.0,0.0,0.0,0.0
27094.0,49.19134917988358,1.5,97.00720476062152,100.0,2.0,104.188,108.0,0.0,0.0,0.0,0.0,0.0,0.0
32440.0,38.46764489706604,1.5,100.0,100.0,2.0,114.88,106.0,0.0,0.0,0.0,0.0,0.0,0.0
42346.0,26.540603103618047,1.5,100.0,100.0,3.0,134.692,107.0,0.0,0.0,0.0,0.0,0.0,0.0
12836.0,69.18775382020289,1.2014832267122797,38.234232141318685,59.19755820702962,0.0,75.672,186.0,0.0,0.0,0.0,0.0,0.0,1.0
45313.0,46.06645886700179,1.5,100.0,100.0,1.0,140.626,105.0,0.0,0.0,0.0,0.0,0.0,0.0
30235.0,37.35647755039281,1.5,96.44150185207796,100.0,3.0,110.47,93.0,0.0,0.0,0.0,0.0,0.0,0.0
52366.0,36.84280408024858,1.5,100.0,100.0,4.0,154.732,114.0,0.0,0.0,0.0,1.0,0.0,1.0
28218.0,20.0,1.5,85.06000355623775,100.0,5.0,106.436,105.0,0.0,0.0,0.0,0.0,1.0,1.0
48093.0,42.533740668487226,1.5,100.0,100.0,4.0,146.186,101.0,0.0,0.0,0.0,0.0,0.0,0.0
44169.0,42.10719684386226,1.5,100.0,100.0,2.0,138.338,81.0,0.0,0.0,0.0,0.0,0.0,0.0
21070.0,48.23829406583289,1.176680521911561,75.01987150479938,100.0,2.0,92.14,98.0,0.0,1.0,0.0,0.0,0.0,0.0
22850.0,47.7822919832629,1.0474638664216849,70.54995396812599,100.0,3.0,95.7,99.0,0.0,1.0,0.0,0.0,0.0,0.0
29108.0,41.97764379236769,1.5,98.89873995428437,100.0,0.0,108.216,107.0,0.0,0.0,0.0,1.0,0.0,0.0
47061.0,38.619442564301096,1.5,100.0,100.0,3.0,144.122,94.0,0.0,0.0,0.0,0.0,0.0,0.0
21585.0,45.28877925778244,1.0392635001540198,79.4003091477655,100.0,1.0,93.17,99.0,0.0,0.0,0.0,0.0,0.0,0.0
47461.0,36.54820047325556,1.5,100.0,100.0,0.0,144.922,94.0,0.0,0.0,0.0,0.0,0.0,1.0
28594.0,48.24265677803112,1.5,89.04807843337343,100.0,3.0,107.188,109.0,0.0,0.0,0.0,0.0,0.0,0.0
17636.0,42.12438082002224,1.311881201220065,61.44944416365739,83.96321041878583,0.0,85.27199999999999,96.0,0.0,0.0,0.0,0.0,0.0,0.0
21821.0,31.24019348561223,1.0657595569849307,81.24596350261864,100.0,1.0,93.642,97.0,0.0,0.0,0.0,1.0,0.0,0.0
38491.0,39.82759767444941,1.5,100.0,100.0,3.0,126.982,118.0,0.0,0.0,0.0,0.0,0.0,0.0
33746.0,32.80396889994641,1.5,100.0,100.0,0.0,117.492,94.0,0.0,0.0,0.0,0.0,0.0,0.0
37421.0,30.746788747441308,1.5,100.0,100.0,1.0,124.842,99.0,1.0,0.0,0.0,0.0,0.0,0.0
26226.0,40.65703017418396,1.5,79.05283042574726,100.0,1.0,102.452,88.0,1.0,0.0,0.0,1.0,0.0,0.0
26464.0,34.94217524238618,1.5,82.53367828080765,100.0,1.0,102.928,96.0,1.0,0.0,0.0,0.0,0.0,0.0
33921.0,44.43901281710061,1.5,100.0,100.0,0.0,117.842,103.0,1.0,0.0,0.0,0.0,1.0,0.0
49504.0,48.13262176636062,1.5,100.0,100.0,3.0,149.00799999999998,117.0,1.0,0.0,0.0,1.0,0.0,0.0
22056.0,50.30415854123416,1.3101035415652371,74.52283211085759,100.0,1.0,94.112,95.0,1.0,0.0,0.0,0.0,0.0,0.0
34640.0,28.143299151667488,1.5,100.0,100.0,5.0,119.28,83.0,1.0,0.0,0.0,0.0,0.0,0.0
36368.0,22.79938380930382,1.5,100.0,100.0,1.0,122.736,99.0,1.0,0.0,0.0,0.0,0.0,0.0
35647.0,22.271223741804903,1.5,100.0,100.0,2.0,121.294,104.0,1.0,1.0,0.0,0.0,0.0,0.0
23108.0,34.28955438649969,1.3253408022176398,83.29942480862731,100.0,2.0,96.216,105.0,1.0,0.0,1.0,0.0,0.0,0.0
23233.0,33.73841486483567,1.1653593020732038,86.68759500817012,100.0,2.0,96.466,103.0,1.0,0.0,0.0,0.0,1.0,0.0
24969.0,50.731680750393735,1.188754793832155,87.93112776050083,100.0,4.0,99.938,104.0,1.0,0.0,0.0,0.0,0.0,0.0
16041.0,60.18818314962753,1.3474151062173414,60.71963713751681,81.52200057978861,0.0,82.082,106.0,1.0,1.0,0.0,0.0,0.0,1.0
27351.0,31.973252001951536,1.5,95.18342713996796,100.0,1.0,104.702,111.0,1.0,1.0,0.0,0.0,0.0,0.0
19803.0,65.59500676681395,1.395293545152939,67.66449041428874,99.4385408146088,1.0,89.606,100.0,1.0,0.0,0.0,0.0,0.0,0.0
19916.0,45.95435830419579,1.3455399397854575,60.35830865383791,99.80176469369287,2.0,89.832,97.0,1.0,0.0,0.0,0.0,0.0,0.0
11335.0,48.56724599116765,1.038772737359499,30.223245754668127,52.4082798801967,1.0,72.67,195.0,1.0,0.0,0.0,0.0,0.0,0.0
15694.0,30.61148599114105,1.149680950695109,55.71073790918189,73.53965143974004,1.0,81.388,101.0,1.0,0.0,1.0,0.0,0.0,0.0
23916.0,50.37407343425129,1.34078351890396,83.7726473084494,100.0,6.0,97.832,93.0,0.0,0.0,0.0,0.0,0.0,0.0
47199.0,40.97425814345817,1.5,100.0,100.0,1.0,144.398,104.0,0.0,0.0,1.0,0.0,0.0,0.0
27232.0,50.35246466892715,1.5,85.50972592732793,100.0,2.0,104.464,112.0,0.0,0.0,1.0,0.0,0.0,0.0
54627.0,43.53891084573249,1.5,100.0,100.0,4.0,159.25400000000002,94.0,0.0,0.0,0.0,0.0,0.0,0.0
58314.0,41.86488747445256,1.5,100.0,100.0,2.0,166.628,100.0,0.0,1.0,0.0,0.0,0.0,0.0
29485.0,58.115084844033696,1.5,100.0,100.0,2.0,108.97,96.0,0.0,0.0,0.0,0.0,1.0,0.0
33199.0,35.5938761610746,1.5,100.0,100.0,1.0,116.398,80.0,0.0,0.0,0.0,0.0,0.0,0.0
13113.0,40.77078218046947,1.0648136996686093,46.826370385867065,62.06734486123383,0.0,76.226,197.0,0.0,0.0,1.0,0.0,0.0,0.0
27207.0,30.382082841876727,1.5,94.76860746920156,100.0,0.0,104.414,82.0,0.0,0.0,0.0,0.0,0.0,1.0
17527.0,46.352024792410695,1.3897518927393897,48.66047982977705,90.70136283372682,0.0,85.054,95.0,0.0,1.0,0.0,0.0,0.0,0.0
11876.0,33.22851765564856,1.0425481555197438,30.407068754515628,56.6995475903294,0.0,73.752,205.0,0.0,0.0,0.0,0.0,1.0,0.0
23957.0,59.40403243686376,1.0079706478071475,72.90886533640885,100.0,3.0,97.914,108.0,0.0,0.0,0.0,0.0,0.0,0.0
21246.0,36.388794423650765,1.1675901607310393,67.17377408621178,100.0,1.0,92.492,108.0,0.0,0.0,0.0,1.0,0.0,0.0
31591.0,32.26717480475453,1.5,100.0,100.0,2.0,113.182,114.0,0.0,0.0,1.0,0.0,0.0,0.0
14314.0,46.103324712808906,1.004910022573516,46.06410759996854,67.17800419944507,1.0,78.628,182.0,0.0,0.0,0.0,1.0,0.0,0.0
27039.0,28.219159681613306,1.5,84.52700851268384,100.0,1.0,104.078,88.0,0.0,0.0,0.0,0.0,0.0,0.0
41548.0,28.929137088027485,1.5,100.0,100.0,0.0,133.096,112.0,0.0,0.0,0.0,0.0,0.0,0.0
33734.0,26.303743487802883,1.5,100.0,100.0,1.0,117.468,111.0,0.0,0.0,0.0,0.0,0.0,0.0
39350.0,43.19739848420612,1.5,100.0,100.0,1.0,128.7,105.0,0.0,0.0,0.0,0.0,0.0,0.0
18733.0,36.5738126346578,1.3159435521951317,67.47580184659266,95.92800811265025,1.0,87.46600000000001,113.0,0.0,0.0,0.0,0.0,1.0,0.0
35753.0,38.82222881147376,1.5,100.0,100.0,3.0,121.506,94.0,0.0,1.0,0.0,0.0,0.0,0.0
37705.0,30.837384409294224,1.5,100.0,100.0,3.0,125.41,87.0,0.0,0.0,0.0,0.0,0.0,0.0
17077.0,48.06816065186965,1.3567081875667577,53.17768676757787,87.47185895139046,0.0,84.154,89.0,0.0,0.0,0.0,1.0,0.0,0.0
61403.0,40.19031220762575,1.5,100.0,100.0,0.0,172.80599999999998,102.0,0.0,0.0,0.0,0.0,0.0,0.0
44316.0,29.30953786951845,1.5,100.0,100.0,2.0,138.632,99.0,0.0,0.0,1.0,0.0,0.0,0.0
20608.0,46.01923424454528,1.0307877149812528,61.5377233893237,98.5217658448671,1.0,91.216,88.0,0.0,0.0,0.0,0.0,0.0,0.0
11188.0,20.800717156828664,1.2593108666954158,44.18933455617838,53.76319225486839,0.0,72.376,187.0,0.0,0.0,0.0,0.0,0.0,0.0
28900.0,38.05634825935557,1.5,93.1606780204422,100.0,1.0,107.8,100.0,0.0,1.0,0.0,0.0,0.0,0.0
19231.0,58.28537542092314,1.367716171718949,72.06244403784028,100.0,0.0,88.462,100.0,0.0,0.0,0.0,0.0,0.0,0.0
48824.0,26.26807094717168,1.5,100.0,100.0,3.0,147.648,102.0,0.0,0.0,0.0,0.0,1.0,1.0
31027.0,27.68213886586807,1.5,100.0,100.0,1.0,112.054,86.0,0.0,0.0,1.0,0.0,0.0,0.0
30781.0,29.342652491443765,1.5,94.82000435215932,100.0,5.0,111.562,112.0,0.0,0.0,0.0,0.0,0.0,0.0
55172.0,43.36460302625375,1.5,100.0,100.0,3.0,160.344,90.0,0.0,0.0,1.0,0.0,0.0,1.0
25843.0,35.540257357510015,1.5,86.81234662268632,100.0,3.0,101.686,108.0,0.0,0.0,0.0,0.0,0.0,0.0
33301.0,40.197373939636186,1.5,100.0,100.0,4.0,116.602,99.0,0.0,1.0,0.0,0.0,0.0,1.0
41048.0,23.82860570064249,1.5,100.0,100.0,1.0,132.096,111.0,0.0,0.0,0.0,0.0,0.0,0.0
41478.0,32.332921338231,1.5,100.0,100.0,0.0,132.95600000000002,102.0,0.0,0.0,0.0,0.0,0.0,0.0
26029.0,43.49970947640695,1.5,79.19518549166013,100.0,2.0,102.058,105.0,0.0,0.0,0.0,1.0,0.0,0.0
41828.0,38.81728785015494,1.5,100.0,100.0,0.0,133.656,101.0,0.0,0.0,0.0,0.0,0.0,0.0
29427.0,43.16633678837061,1.5,97.16252399586756,100.0,1.0,108.854,105.0,0.0,0.0,0.0,1.0,0.0,0.0
25885.0,37.41112409116764,1.5,76.5433398491059,100.0,2.0,101.77,103.0,0.0,0.0,0.0,0.0,1.0,0.0
55871.0,20.25246081971489,1.5,100.0,100.0,2.0,161.74200000000002,99.0,0.0,0.0,0.0,0.0,0.0,0.0
30777.0,29.759292839682217,1.5,100.0,100.0,4.0,111.554,103.0,0.0,0.0,0.0,0.0,0.0,0.0
30218.0,28.34805326307077,1.5,93.59825415859896,100.0,4.0,110.436,83.0,0.0,0.0,0.0,0.0,0.0,0.0
37008.0,29.6786574139684,1.5,100.0,100.0,2.0,124.016,99.0,1.0,1.0,0.0,0.0,0.0,1.0
24686.0,23.72772650391866,1.187548163022892,80.50342723703575,100.0,2.0,99.372,98.0,1.0,0.0,0.0,0.0,0.0,0.0
7241.0,41.48670872437424,1.1853193985106618,19.98927510380865,39.40810579744475,0.0,64.482,211.0,1.0,0.0,1.0,0.0,0.0,0.0
47034.0,22.396997145796743,1.5,100.0,100.0,2.0,144.06799999999998,90.0,1.0,0.0,1.0,0.0,0.0,0.0
13488.0,58.42514527356355,1.0059637002037711,44.86443414561995,71.62813599679987,0.0,76.976,198.0,1.0,0.0,0.0,0.0,0.0,0.0
25077.0,27.91259714007032,1.5,76.28063859910488,100.0,3.0,100.154,96.0,1.0,1.0,0.0,0.0,0.0,0.0
13312.0,54.67274198862115,1.0082350559031736,53.11378163807875,62.64392504323769,2.0,76.624,211.0,1.0,0.0,0.0,1.0,0.0,0.0
36057.0,43.0070826151217,1.5,100.0,100.0,3.0,122.114,110.0,1.0,0.0,0.0,0.0,0.0,0.0
20012.0,42.46883896430019,1.2412061346789716,70.67147235036052,100.0,5.0,90.024,89.0,1.0,0.0,0.0,0.0,0.0,0.0
28971.0,20.0,1.5,87.43192120153675,100.0,3.0,107.942,80.0,1.0,0.0,1.0,0.0,0.0,0.0
11450.0,40.018946599849286,1.3265488593680252,29.36221525524673,58.20909251163871,0.0,72.9,211.0,1.0,0.0,0.0,1.0,0.0,0.0
23779.0,35.24580570928125,1.249308346346967,75.60244820053185,100.0,3.0,97.558,99.0,1.0,0.0,0.0,0.0,0.0,0.0
48654.0,34.786565477870454,1.5,100.0,100.0,1.0,147.308,111.0,1.0,0.0,0.0,0.0,0.0,0.0
30205.0,40.067201080767006,1.5,94.5688963799256,100.0,3.0,110.41,88.0,1.0,0.0,0.0,0.0,0.0,0.0
36177.0,26.729025695221463,1.5,100.0,100.0,2.0,122.354,104.0,1.0,0.0,0.0,0.0,0.0,1.0
31146.0,38.15504787101333,1.5,100.0,100.0,0.0,112.292,104.0,1.0,0.0,1.0,0.0,0.0,0.0
33561.0,28.789764341527786,1.5,100.0,100.0,3.0,117.122,109.0,0.0,0.0,0.0,0.0,0.0,0.0
23315.0,31.094872083907863,1.1465154032132705,81.33585046973477,100.0,3.0,96.63,95.0,0.0,0.0,0.0,0.0,0.0,0.0
33507.0,30.040806904804622,1.5,100.0,100.0,2.0,117.014,100.0,0.0,0.0,0.0,0.0,0.0,0.0
19172.0,35.284694382643835,1.1292553815001265,58.12581844393748,94.83196452601534,0.0,88.344,91.0,0.0,0.0,0.0,0.0,0.0,0.0
60483.0,35.98311321864786,1.5,100.0,100.0,4.0,170.966,120.0,0.0,0.0,0.0,0.0,0.0,0.0
25557.0,22.459518247745,1.5,89.5214142073212,100.0,2.0,101.114,97.0,0.0,0.0,0.0,1.0,0.0,0.0
43385.0,33.82139564524014,1.5,100.0,100.0,0.0,136.76999999999998,101.0,0.0,0.0,0.0,1.0,0.0,0.0
23261.0,44.864413887752825,1.3380002172591523,72.85432086426238,100.0,2.0,96.522,102.0,0.0,0.0,1.0,0.0,0.0,0.0
10112.0,54.85904433077271,1.205610297379572,38.52464103628774,48.83757343941138,1.0,70.224,198.0,0.0,1.0,0.0,0.0,0.0,0.0
8578.0,40.71298216930282,1.394730286562989,22.95873907878049,45.923375177284285,1.0,67.156,191.0,0.0,0.0,0.0,0.0,0.0,0.0
13540.0,48.417453752683954,1.2331432657411132,54.678609603000616,66.49812382554796,0.0,77.08,181.0,0.0,0.0,0.0,0.0,0.0,0.0
47430.0,38.435142510917885,1.5,100.0,100.0,1.0,144.86,100.0,0.0,0.0,0.0,0.0,0.0,0.0
11774.0,50.02712565795725,1.1979752493027127,43.14725193955734,57.55558246319737,1.0,73.548,187.0,0.0,0.0,0.0,0.0,0.0,1.0
9214.0,38.83955829495751,1.3197194568860413,28.301934272430103,47.2730781193805,1.0,68.428,209.0,0.0,0.0,0.0,1.0,0.0,0.0
17112.0,43.4722928849832,1.0544798292774409,57.29516568047964,82.81630344929694,0.0,84.22399999999999,102.0,0.0,1.0,0.0,0.0,0.0,0.0
29057.0,35.48999815246497,1.5,97.03052036468864,100.0,3.0,108.114,107.0,0.0,0.0,0.0,0.0,0.0,0.0
56404.0,28.11560983886098,1.5,100.0,100.0,4.0,162.808,96.0,0.0,0.0,0.0,0.0,1.0,0.0
12424.0,33.504411948213075,1.247634190625016,37.30250445980084,60.65679058064913,0.0,74.848,184.0,0.0,0.0,0.0,0.0,0.0,0.0
40876.0,32.068926926412765,1.5,100.0,100.0,1.0,131.752,101.0,0.0,0.0,1.0,0.0,0.0,0.0
16044.0,36.80660155678644,1.313270185699973,50.29027676964867,76.34218616309059,0.0,82.088,100.0,0.0,0.0,0.0,0.0,0.0,1.0
34510.0,31.730910927989942,1.5,100.0,100.0,2.0,119.02,108.0,0.0,0.0,0.0,0.0,0.0,0.0
28639.0,36.08438441019422,1.5,96.26223113592056,100.0,1.0,107.278,88.0,0.0,0.0,0.0,0.0,0.0,0.0
22786.0,46.62751198510907,1.3629320954013189,78.48127063751346,100.0,2.0,95.572,129.0,0.0,1.0,0.0,0.0,0.0,0.0
44823.0,30.985434624823416,1.5,100.0,100.0,2.0,139.64600000000002,100.0,0.0,0.0,0.0,0.0,1.0,0.0
63816.0,28.27558998584587,1.5,100.0,100.0,2.0,177.632,107.0,0.0,0.0,0.0,1.0,0.0,0.0
41230.0,49.06011085686007,1.5,100.0,100.0,2.0,132.45999999999998,97.0,0.0,0.0,0.0,0.0,0.0,0.0
18774.0,46.1772974594773,1.3498228451156302,54.12435437777959,91.64703567368645,1.0,87.548,97.0,0.0,0.0,0.0,0.0,0.0,0.0
9045.0,28.7136456896864,1.0679436183292728,34.85357199569126,41.99490324667727,1.0,68.09,197.0,0.0,0.0,0.0,0.0,0.0,0.0
13172.0,49.24106919084008,1.1596041525960197,45.37176448602788,62.19503559469592,1.0,76.344,196.0,0.0,1.0,0.0,0.0,0.0,0.0
6228.0,47.25422071416792,1.0694272685034092,10.847972621125573,28.74894641538826,2.0,62.456,203.0,0.0,0.0,0.0,0.0,0.0,0.0
11467.0,41.98744843360631,1.1852158838561389,32.00090893533823,53.38466740408903,1.0,72.934,165.0,0.0,0.0,0.0,0.0,0.0,0.0
37680.0,39.43123304129568,1.5,100.0,100.0,3.0,125.36,86.0,0.0,0.0,0.0,0.0,0.0,0.0
30794.0,51.02053789397232,1.5,100.0,100.0,0.0,111.588,103.0,0.0,0.0,1.0,0.0,0.0,0.0
43087.0,25.5577213314864,1.5,100.0,100.0,3.0,136.174,90.0,0.0,1.0,0.0,0.0,0.0,0.0
30581.0,46.84799185519097,1.5,100.0,100.0,1.0,111.162,110.0,0.0,0.0,1.0,0.0,0.0,0.0
19709.0,48.95454327184744,1.1172352737896132,67.49842053138627,94.51578612577268,0.0,89.418,111.0,0.0,0.0,0.0,0.0,0.0,0.0
39404.0,34.114451443738844,1.5,100.0,100.0,3.0,128.808,107.0,0.0,0.0,0.0,0.0,1.0,0.0
24563.0,43.93366173988016,1.357535358404403,78.29267676899264,100.0,2.0,99.126,111.0,0.0,0.0,0.0,0.0,0.0,0.0
37234.0,20.0,1.5,100.0,100.0,5.0,124.468,110.0,0.0,0.0,0.0,0.0,0.0,0.0
25595.0,29.600317443248784,1.5,90.263872535318,100.0,1.0,101.19,106.0,0.0,0.0,1.0,0.0,0.0,0.0
38472.0,21.75705241439944,1.5,100.0,100.0,1.0,126.944,110.0,0.0,0.0,0.0,0.0,0.0,0.0
24859.0,21.73336090613056,1.050820103523122,82.19526709748027,100.0,3.0,99.718,110.0,0.0,0.0,0.0,1.0,0.0,0.0
9585.0,33.73028927311927,1.0536836482896748,40.72131775107435,46.29212477300788,0.0,69.17,215.0,0.0,0.0,0.0,1.0,0.0,0.0
31306.0,24.01103656097895,1.5,100.0,100.0,3.0,112.612,111.0,0.0,0.0,0.0,0.0,0.0,0.0
12306.0,42.44067339624549,1.021942146192409,49.93938475325865,64.8771837658406,0.0,74.612,198.0,0.0,0.0,0.0,0.0,0.0,0.0
24184.0,23.900520816582613,1.2626017739928104,82.9532186883702,100.0,0.0,98.368,103.0,0.0,0.0,1.0,0.0,0.0,0.0
27385.0,20.0,1.5,83.38210183488548,100.0,3.0,104.77,87.0,0.0,0.0,0.0,0.0,0.0,0.0
34075.0,20.093170929446543,1.5,100.0,100.0,3.0,118.15,116.0,0.0,0.0,0.0,0.0,0.0,0.0
36163.0,53.08355968836344,1.5,100.0,100.0,3.0,122.326,102.0,1.0,1.0,0.0,0.0,0.0,0.0
17914.0,53.78275524058393,1.1574236021379678,55.6906292661001,85.03015993345772,0.0,85.828,102.0,1.0,0.0,0.0,0.0,0.0,0.0
17268.0,33.26871942702202,1.2753221196741893,52.45712031426254,85.62205194428014,0.0,84.536,84.0,1.0,0.0,0.0,0.0,0.0,0.0
55658.0,25.496027888645813,1.5,100.0,100.0,3.0,161.316,108.0,1.0,1.0,0.0,0.0,0.0,1.0
46776.0,36.22624019020465,1.5,100.0,100.0,2.0,143.55200000000002,106.0,1.0,1.0,0.0,0.0,0.0,0.0
21548.0,47.281776779148025,1.198842072542334,70.78366812528097,100.0,1.0,93.096,84.0,1.0,0.0,0.0,0.0,1.0,0.0
43680.0,30.314492862379637,1.5,100.0,100.0,0.0,137.36,107.0,1.0,0.0,0.0,0.0,0.0,0.0
25740.0,39.77289557626713,1.5,92.8261751790345,100.0,4.0,101.48,109.0,1.0,0.0,0.0,0.0,0.0,1.0
27671.0,36.64490571986278,1.5,82.85627249093642,100.0,1.0,105.342,119.0,1.0,1.0,0.0,0.0,0.0,0.0
21588.0,47.63093870263438,1.3104037197710672,80.12983834935852,100.0,0.0,93.176,85.0,1.0,0.0,0.0,0.0,0.0,0.0
27863.0,21.106330290144086,1.5,95.98795496204308,100.0,1.0,105.726,94.0,1.0,0.0,0.0,0.0,0.0,0.0
8465.0,48.22074751566551,1.2310057070103655,22.055424616764498,37.75195450524952,1.0,66.93,205.0,1.0,0.0,1.0,0.0,0.0,1.0
26537.0,40.48018711618761,1.5,90.88884256258628,100.0,1.0,103.074,109.0,1.0,0.0,0.0,0.0,0.0,1.0
40016.0,47.194126216444616,1.5,100.0,100.0,0.0,130.03199999999998,92.0,1.0,1.0,0.0,0.0,0.0,0.0
17678.0,52.08847473129894,1.3951236262295814,53.8898634615671,90.07953856786314,1.0,85.356,106.0,1.0,0.0,0.0,1.0,0.0,0.0
23566.0,42.08579691090743,1.2664332955638615,77.11073169512284,100.0,1.0,97.132,87.0,1.0,0.0,0.0,0.0,0.0,0.0
35649.0,22.30228602370848,1.5,100.0,100.0,3.0,121.298,94.0,0.0,0.0,0.0,0.0,0.0,0.0
36725.0,29.78192767006241,1.5,100.0,100.0,2.0,123.45,104.0,0.0,0.0,0.0,0.0,1.0,0.0
17045.0,38.95315457926663,1.2418956889815436,57.63623697517318,86.78558073800397,1.0,84.09,111.0,0.0,0.0,0.0,0.0,0.0,0.0
38044.0,28.28170876258485,1.5,100.0,100.0,3.0,126.088,86.0,0.0,0.0,1.0,0.0,0.0,1.0
32180.0,35.70153449726487,1.5,100.0,100.0,4.0,114.36,88.0,0.0,1.0,0.0,0.0,0.0,0.0
26929.0,32.59479052209474,1.5,82.84914094421268,100.0,0.0,103.858,97.0,0.0,0.0,0.0,0.0,1.0,0.0
16910.0,50.718336134585215,1.3444949165975404,55.79973867154018,80.11814253515915,0.0,83.82,108.0,0.0,0.0,0.0,0.0,0.0,0.0
49514.0,43.94108720864126,1.5,100.0,100.0,2.0,149.02800000000002,111.0,0.0,0.0,0.0,0.0,0.0,0.0
26704.0,36.5490886505597,1.5,84.55690337381694,100.0,6.0,103.408,107.0,0.0,1.0,0.0,0.0,0.0,0.0
21275.0,48.14610988184914,1.1392295574782725,73.86017615540953,100.0,2.0,92.55,89.0,0.0,0.0,0.0,0.0,0.0,0.0
21615.0,35.805033431821315,1.2409213494225475,79.00529700981106,100.0,2.0,93.23,97.0,0.0,0.0,1.0,0.0,0.0,0.0
35061.0,26.52692703611393,1.5,100.0,100.0,0.0,120.122,106.0,0.0,0.0,0.0,0.0,0.0,1.0
36243.0,41.01248273081286,1.5,100.0,100.0,3.0,122.486,109.0,0.0,0.0,1.0,0.0,0.0,1.0
20317.0,36.189830455180896,1.040484793228288,57.86209517592762,100.0,0.0,90.634,103.0,0.0,0.0,0.0,0.0,0.0,0.0
24495.0,32.10744529479262,1.268865048011294,87.88030430582712,100.0,3.0,98.99,103.0,0.0,0.0,1.0,0.0,0.0,0.0
45210.0,20.799586394886504,1.5,100.0,100.0,3.0,140.42000000000002,103.0,0.0,0.0,0.0,0.0,0.0,0.0
55962.0,39.58164429873123,1.5,100.0,100.0,6.0,161.924,108.0,0.0,0.0,1.0,0.0,0.0,0.0
17976.0,36.34736233141299,1.2109243995649357,53.52699552153413,88.12865604885305,0.0,85.952,97.0,0.0,1.0,0.0,0.0,0.0,0.0
26435.0,40.70840983591353,1.5,86.35121716152918,100.0,3.0,102.87,108.0,0.0,0.0,0.0,0.0,0.0,0.0
21533.0,38.82511938147182,1.3370808185900658,72.71647086913178,100.0,2.0,93.066,94.0,0.0,0.0,0.0,1.0,0.0,0.0
8979.0,39.99620870471094,1.1025330084888492,38.66636564314763,45.467007979077145,1.0,67.958,209.0,0.0,0.0,0.0,0.0,0.0,0.0
8205.0,40.68556275170954,1.2316224098897637,31.524393312363543,42.57061874075791,2.0,66.41,207.0,0.0,0.0,1.0,0.0,0.0,0.0
21429.0,44.73236447267012,1.229933568716802,78.79936345179959,100.0,3.0,92.858,113.0,0.0,0.0,0.0,0.0,0.0,0.0
8059.0,37.44180064545547,1.1922219353529215,21.17081497722321,40.06420524299687,1.0,66.118,200.0,0.0,0.0,1.0,0.0,0.0,0.0
23648.0,55.50337301834791,1.1174895315574476,85.94563295530577,100.0,0.0,97.296,100.0,0.0,0.0,0.0,0.0,1.0,0.0
10979.0,34.91452840720044,1.08150280419415,37.50103894759086,50.10905928043201,0.0,71.958,210.0,0.0,0.0,0.0,1.0,0.0,0.0
28881.0,39.94443515655591,1.5,100.0,100.0,2.0,107.762,102.0,0.0,0.0,0.0,0.0,0.0,0.0
39870.0,45.41515447150566,1.5,100.0,100.0,1.0,129.74,103.0,0.0,0.0,1.0,0.0,0.0,0.0
25897.0,47.081780458970144,1.5,86.5662783757775,100.0,0.0,101.794,105.0,0.0,0.0,0.0,0.0,0.0,0.0
31876.0,38.89318408704203,1.5,100.0,100.0,1.0,113.752,106.0,0.0,0.0,0.0,1.0,0.0,0.0
26004.0,20.0,1.5,82.05262441135655,100.0,1.0,102.008,109.0,0.0,1.0,0.0,0.0,0.0,0.0
25065.0,20.0,1.5,92.0106564677939,100.0,5.0,100.13,96.0,0.0,0.0,0.0,0.0,0.0,0.0
24362.0,62.45840955988244,1.1596566051252482,83.25597603020486,100.0,1.0,98.724,95.0,0.0,0.0,1.0,0.0,0.0,0.0
15990.0,54.29477414050759,1.3516774884788243,59.08363617826157,80.86030342135557,1.0,81.98,90.0,0.0,0.0,1.0,0.0,0.0,0.0
39992.0,45.15814856613775,1.5,100.0,100.0,2.0,129.98399999999998,112.0,0.0,0.0,0.0,0.0,0.0,0.0
13502.0,41.18397830825303,1.1038076382018018,44.58846056341724,72.38866353215094,0.0,77.004,208.0,0.0,0.0,0.0,0.0,0.0,0.0
14725.0,58.674189051617454,1.0082993570661345,51.6001535576081,71.680469188411,2.0,79.45,213.0,0.0,0.0,0.0,0.0,0.0,0.0
17792.0,37.35056658953169,1.056892106019853,57.91808157601082,91.71259620962076,0.0,85.584,98.0,0.0,0.0,0.0,0.0,0.0,0.0
39856.0,39.98434213997913,1.5,100.0,100.0,2.0,129.712,109.0,0.0,0.0,0.0,1.0,0.0,1.0
18736.0,39.66601234158264,1.1914001761276252,57.78917859959135,95.55434639836945,1.0,87.47200000000001,99.0,0.0,0.0,0.0,0.0,0.0,0.0
18400.0,40.561905295419855,1.3182982257297962,68.70376723961715,88.69786155382472,0.0,86.8,100.0,0.0,0.0,0.0,0.0,0.0,0.0
15801.0,46.71389621828618,1.079240930128243,54.38792758075316,74.45693394159116,1.0,81.602,91.0,0.0,0.0,0.0,0.0,0.0,0.0
25941.0,36.75314501395945,1.5,95.42892733701431,100.0,2.0,101.882,91.0,0.0,0.0,0.0,1.0,0.0,0.0
29624.0,44.08768576040356,1.5,100.0,100.0,1.0,109.248,104.0,0.0,0.0,0.0,0.0,0.0,0.0
48098.0,38.66052176885975,1.5,100.0,100.0,0.0,146.196,84.0,0.0,0.0,0.0,0.0,0.0,0.0
39137.0,30.77280215734928,1.5,100.0,100.0,3.0,128.274,103.0,0.0,0.0,1.0,0.0,0.0,0.0
18934.0,54.91647348057349,1.3780558996606624,68.17438411655712,91.898395223032,1.0,87.868,93.0,0.0,0.0,1.0,0.0,0.0,0.0
32697.0,20.99151295132608,1.5,100.0,100.0,4.0,115.394,108.0,0.0,0.0,0.0,0.0,0.0,0.0
25898.0,43.51977733701936,1.5,83.65046119860992,100.0,2.0,101.796,105.0,1.0,0.0,0.0,0.0,0.0,0.0
35584.0,37.62968993627924,1.5,100.0,100.0,1.0,121.168,96.0,1.0,0.0,0.0,0.0,0.0,0.0
15406.0,68.63716829859294,1.141099591373748,48.04502162745207,79.29330875226755,0.0,80.812,117.0,1.0,0.0,0.0,0.0,0.0,1.0
45794.0,29.5451849761508,1.5,100.0,100.0,2.0,141.588,108.0,1.0,0.0,0.0,0.0,0.0,0.0
39513.0,41.12351621854187,1.5,100.0,100.0,2.0,129.026,87.0,1.0,0.0,0.0,0.0,0.0,0.0
26750.0,30.32096490450945,1.5,87.2915114560405,100.0,1.0,103.5,93.0,1.0,0.0,0.0,0.0,0.0,0.0
27333.0,26.51457893144301,1.5,84.72372500879358,100.0,3.0,104.666,98.0,1.0,0.0,1.0,0.0,0.0,0.0
31533.0,27.527146372067588,1.5,100.0,100.0,1.0,113.066,112.0,1.0,1.0,0.0,0.0,0.0,0.0
37083.0,38.92238567325276,1.5,100.0,100.0,1.0,124.166,99.0,1.0,0.0,0.0,0.0,0.0,0.0
25921.0,36.22363226884162,1.5,79.05305536943379,100.0,2.0,101.842,80.0,1.0,0.0,0.0,0.0,0.0,0.0
22478.0,39.127853025401535,1.316626517676185,70.87911816048589,100.0,1.0,94.956,99.0,1.0,0.0,0.0,0.0,0.0,0.0
62232.0,32.705843700772995,1.5,100.0,100.0,0.0,174.464,115.0,1.0,0.0,1.0,0.0,0.0,0.0
28415.0,30.8011207917273,1.5,100.0,100.0,2.0,106.83,101.0,1.0,0.0,0.0,0.0,1.0,0.0
24585.0,52.499966067644,1.1229865483418702,80.77218477556954,100.0,4.0,99.17,105.0,1.0,0.0,0.0,0.0,0.0,0.0
40837.0,45.73207370832552,1.5,100.0,100.0,2.0,131.674,102.0,1.0,0.0,0.0,0.0,0.0,0.0
16150.0,43.84438828305401,1.048460839676839,53.88910621123378,76.14716288979685,1.0,82.3,97.0,1.0,0.0,0.0,0.0,0.0,0.0
45170.0,22.0145374290095,1.5,100.0,100.0,2.0,140.34,95.0,0.0,0.0,0.0,0.0,0.0,0.0
39519.0,42.73932323559964,1.5,100.0,100.0,4.0,129.038,94.0,0.0,0.0,1.0,0.0,0.0,0.0
31151.0,23.714468518473225,1.5,100.0,100.0,1.0,112.302,80.0,0.0,1.0,0.0,0.0,0.0,0.0
14539.0,43.34974453230573,1.1680962997139115,48.27303608181239,70.44161956560015,0.0,79.078,192.0,0.0,0.0,0.0,0.0,0.0,0.0
55823.0,32.46718268415919,1.5,100.0,100.0,2.0,161.64600000000002,91.0,0.0,0.0,0.0,0.0,0.0,0.0
11007.0,37.25182655967309,1.3412832148877358,36.92086537960435,59.47841039428759,0.0,72.014,190.0,0.0,0.0,0.0,1.0,0.0,0.0
47630.0,33.42918920989825,1.5,100.0,100.0,3.0,145.26,110.0,0.0,0.0,0.0,1.0,0.0,0.0
13257.0,30.228320854659422,1.1903811274064509,48.00029323593316,69.2154744422047,2.0,76.514,212.0,0.0,0.0,0.0,1.0,0.0,0.0
7192.0,32.92335166489842,1.303454781025285,24.04088392335582,32.67112294050866,0.0,64.384,211.0,0.0,0.0,0.0,0.0,0.0,1.0
26081.0,23.87997372632816,1.5,89.2481174377275,100.0,1.0,102.162,110.0,0.0,1.0,0.0,0.0,0.0,0.0
41289.0,41.03364227833536,1.5,100.0,100.0,4.0,132.578,96.0,0.0,0.0,0.0,0.0,0.0,1.0
18215.0,45.212220769944935,1.242215057433329,70.28044947144146,89.99530185847148,2.0,86.43,90.0,0.0,0.0,1.0,0.0,0.0,0.0
21472.0,60.81095470724456,1.1568767835939746,75.12856733107574,100.0,1.0,92.944,102.0,0.0,0.0,0.0,0.0,0.0,0.0
35295.0,35.94442397562284,1.5,100.0,100.0,2.0,120.59,90.0,0.0,0.0,0.0,0.0,0.0,0.0
22538.0,45.70603872370656,1.0244587013988526,81.45636002898355,100.0,3.0,95.076,103.0,0.0,0.0,0.0,0.0,0.0,0.0
20213.0,41.573276354446485,1.0809084055699771,59.18759319573687,100.0,1.0,90.426,112.0,0.0,0.0,1.0,0.0,0.0,1.0
28792.0,26.27967229832572,1.5,100.0,100.0,2.0,107.584,86.0,0.0,0.0,0.0,0.0,1.0,0.0
64168.0,37.40475815963108,1.5,100.0,100.0,0.0,178.336,93.0,0.0,0.0,1.0,0.0,0.0,0.0
16401.0,67.0920178108329,1.0826890349721172,53.7725692498136,85.07144196551076,0.0,82.80199999999999,104.0,0.0,1.0,0.0,0.0,0.0,0.0
27815.0,43.25694893440844,1.5,90.62093741811113,100.0,1.0,105.63,101.0,0.0,0.0,0.0,0.0,0.0,0.0
29319.0,33.262457530334856,1.5,91.08148191670377,100.0,1.0,108.638,101.0,0.0,0.0,1.0,0.0,0.0,0.0
17602.0,50.56182446018707,1.1609209591771756,58.30795019795983,91.3519574926124,0.0,85.20400000000001,85.0,0.0,0.0,0.0,0.0,0.0,0.0
33249.0,32.024890795176724,1.5,100.0,100.0,4.0,116.498,95.0,0.0,0.0,0.0,0.0,0.0,0.0
41564.0,36.95877044186381,1.5,100.0,100.0,0.0,133.128,101.0,0.0,0.0,0.0,0.0,0.0,0.0
48883.0,37.55958887160475,1.5,100.0,100.0,3.0,147.76600000000002,113.0,0.0,0.0,0.0,0.0,0.0,0.0
29805.0,49.3843691242267,1.5,100.0,100.0,2.0,109.61,110.0,0.0,0.0,0.0,0.0,0.0,0.0
4772.0,51.87143675590343,1.0702770707965352,19.464196959365676,22.94185094650496,1.0,59.544,178.0,0.0,1.0,0.0,0.0,0.0,0.0
5554.0,32.99400805527124,1.2678249681796834,18.665369656027657,24.63054864344633,0.0,61.108,184.0,0.0,0.0,0.0,0.0,0.0,0.0
28286.0,43.64293651782637,1.5,86.3332597178125,100.0,2.0,106.572,100.0,0.0,0.0,0.0,0.0,0.0,0.0
9343.0,36.672919015752925,1.2992720698785527,34.592670995548865,41.79144260566674,0.0,68.686,179.0,0.0,0.0,0.0,0.0,0.0,0.0
37852.0,35.596815138437314,1.5,100.0,100.0,2.0,125.704,107.0,0.0,0.0,0.0,1.0,0.0,0.0
22527.0,51.43272942486605,1.0512453088517173,72.64700301662972,100.0,1.0,95.054,108.0,0.0,0.0,0.0,0.0,0.0,0.0
29785.0,30.911345119381643,1.5,100.0,100.0,4.0,109.57,98.0,0.0,0.0,0.0,1.0,0.0,0.0
23852.0,60.28106354963312,1.293552383548898,74.3435210241332,100.0,5.0,97.704,107.0,0.0,0.0,0.0,0.0,0.0,0.0
34203.0,25.48094391698929,1.5,100.0,100.0,1.0,118.406,104.0,0.0,0.0,0.0,0.0,0.0,0.0
40375.0,23.81410155691236,1.5,100.0,100.0,1.0,130.75,111.0,0.0,1.0,0.0,0.0,0.0,0.0
14255.0,55.526080309680935,1.2507324086161535,51.04446898132973,75.93218521766624,0.0,78.51,195.0,0.0,0.0,0.0,0.0,0.0,0.0
63725.0,37.51692665691301,1.5,100.0,100.0,2.0,177.45,90.0,0.0,0.0,0.0,0.0,0.0,1.0
43873.0,49.01882238435558,1.5,100.0,100.0,1.0,137.74599999999998,80.0,0.0,0.0,0.0,0.0,0.0,0.0
36320.0,60.02112136256144,1.5,100.0,100.0,3.0,122.64,102.0,0.0,0.0,0.0,0.0,0.0,0.0
19254.0,32.30668032381319,1.1958590552014263,57.18134905025365,100.0,2.0,88.50800000000001,96.0,0.0,0.0,0.0,0.0,0.0,0.0
32850.0,38.0617869136001,1.5,100.0,100.0,0.0,115.7,96.0,0.0,0.0,0.0,0.0,1.0,0.0
36279.0,31.747279286177605,1.5,100.0,100.0,0.0,122.558,105.0,0.0,0.0,0.0,0.0,0.0,0.0
29639.0,50.64253873738743,1.5,93.57792283212908,100.0,3.0,109.278,91.0,0.0,0.0,0.0,1.0,0.0,0.0
45083.0,20.0,1.5,100.0,100.0,3.0,140.166,94.0,0.0,0.0,0.0,0.0,0.0,0.0
30213.0,30.617588532584023,1.5,100.0,100.0,2.0,110.426,106.0,0.0,0.0,0.0,0.0,1.0,1.0
45431.0,31.44087989480652,1.5,100.0,100.0,5.0,140.862,92.0,0.0,0.0,0.0,0.0,0.0,0.0
19536.0,52.311308600006655,1.1317130300420488,57.87290825972656,100.0,0.0,89.072,91.0,0.0,0.0,0.0,0.0,0.0,0.0
35603.0,39.43710052138057,1.5,100.0,100.0,5.0,121.206,108.0,0.0,0.0,0.0,0.0,0.0,1.0
36998.0,28.85617440831254,1.5,100.0,100.0,0.0,123.996,106.0,0.0,0.0,1.0,0.0,0.0,0.0
31730.0,42.913893718952046,1.5,100.0,100.0,5.0,113.46,89.0,0.0,0.0,0.0,0.0,0.0,0.0
15406.0,58.37695412740421,1.0602429170107612,59.736716287697874,79.43454516708911,0.0,80.812,101.0,1.0,0.0,0.0,0.0,0.0,0.0
59084.0,30.487429797553524,1.5,100.0,100.0,2.0,168.168,104.0,1.0,0.0,0.0,0.0,0.0,0.0
28806.0,48.90955470698547,1.5,93.11578901034407,100.0,1.0,107.612,99.0,1.0,0.0,0.0,0.0,0.0,0.0
21695.0,49.48662324013674,1.0445793909712662,69.2033635780388,100.0,1.0,93.39,90.0,1.0,0.0,0.0,0.0,0.0,0.0
24926.0,47.00156748770805,1.3812804029476895,77.75141263821195,100.0,3.0,99.852,88.0,1.0,0.0,0.0,0.0,0.0,0.0
36062.0,26.31734654483752,1.5,100.0,100.0,2.0,122.124,105.0,1.0,0.0,0.0,0.0,0.0,0.0
18976.0,38.0359514765629,1.022238268433297,69.07552886273234,95.20037849083415,0.0,87.952,105.0,1.0,0.0,0.0,0.0,1.0,0.0
10914.0,53.94410767304467,1.3274261411776718,39.48447478236366,54.95906534459578,0.0,71.828,185.0,1.0,0.0,0.0,0.0,0.0,0.0
31662.0,46.18130144964023,1.5,96.4466564276394,100.0,2.0,113.324,107.0,1.0,0.0,1.0,0.0,0.0,0.0
61462.0,30.20056063310743,1.5,100.0,100.0,0.0,172.924,103.0,1.0,0.0,1.0,0.0,0.0,1.0
9219.0,51.97791284920059,1.3935159679345062,21.817270600072277,46.36475194688748,2.0,68.438,174.0,1.0,0.0,0.0,0.0,0.0,0.0
26469.0,38.98332277171833,1.5,79.04686733833235,100.0,1.0,102.938,105.0,1.0,0.0,0.0,1.0,0.0,0.0
36700.0,47.477530837395165,1.5,100.0,100.0,2.0,123.4,88.0,1.0,0.0,0.0,1.0,0.0,0.0
9443.0,32.162795708618205,1.0583340563793595,37.22665880481905,43.3336199813034,0.0,68.886,186.0,1.0,1.0,0.0,0.0,0.0,0.0
28158.0,37.2913475490329,1.5,95.65648100818652,100.0,1.0,106.316,85.0,1.0,1.0,0.0,0.0,0.0,0.0
30015.0,56.40331031553685,1.5,95.50155997436012,100.0,2.0,110.03,94.0,1.0,0.0,0.0,1.0,0.0,0.0
16563.0,39.29231074186156,1.262027875299842,49.07584602791399,81.7709143467987,0.0,83.126,97.0,1.0,0.0,1.0,0.0,0.0,0.0
39405.0,29.495931585724804,1.5,100.0,100.0,4.0,128.81,98.0,0.0,0.0,0.0,0.0,0.0,0.0
64229.0,38.46460908757466,1.5,100.0,100.0,2.0,178.458,109.0,0.0,0.0,0.0,0.0,1.0,0.0
11360.0,54.32063792042639,1.0054122449299725,46.63961905636487,53.6720321239138,0.0,72.72,186.0,0.0,0.0,0.0,1.0,0.0,0.0
25639.0,45.02155700319548,1.5,91.99848315416192,100.0,1.0,101.278,115.0,0.0,1.0,0.0,0.0,0.0,0.0
17983.0,40.78918509112516,1.1822424512222158,54.94274299617992,94.5787665038533,0.0,85.96600000000001,108.0,0.0,0.0,0.0,0.0,0.0,0.0
42126.0,40.43894748936744,1.5,100.0,100.0,3.0,134.252,120.0,0.0,0.0,0.0,0.0,0.0,0.0
38877.0,34.99200718957149,1.5,100.0,100.0,1.0,127.754,88.0,0.0,0.0,0.0,0.0,0.0,0.0
52777.0,49.715995262978815,1.5,100.0,100.0,2.0,155.554,89.0,0.0,0.0,0.0,0.0,0.0,0.0
32513.0,29.56437616841608,1.5,100.0,100.0,5.0,115.026,114.0,0.0,0.0,1.0,0.0,0.0,0.0
24151.0,50.83736525454758,1.2424821570593565,88.53035655112869,100.0,3.0,98.302,96.0,0.0,0.0,0.0,1.0,0.0,0.0
28196.0,34.10661260351644,1.5,87.06433081066712,100.0,3.0,106.392,108.0,0.0,0.0,0.0,0.0,0.0,0.0
27237.0,33.3860571287395,1.5,83.96516463987523,100.0,3.0,104.474,77.0,0.0,0.0,1.0,0.0,0.0,0.0
33275.0,31.128391784631056,1.5,100.0,100.0,2.0,116.55,91.0,0.0,0.0,1.0,0.0,0.0,0.0
19049.0,46.34485818970764,1.1867547163734111,66.35351936191451,99.02096459860569,0.0,88.098,100.0,0.0,0.0,0.0,0.0,0.0,0.0
23995.0,48.303448945868325,1.2671121437634385,89.06994734800419,100.0,2.0,97.99,98.0,0.0,0.0,0.0,1.0,0.0,0.0
50193.0,36.75672478600728,1.5,100.0,100.0,2.0,150.386,103.0,0.0,0.0,0.0,0.0,0.0,0.0
29125.0,20.0,1.5,89.27929497292479,100.0,0.0,108.25,103.0,0.0,0.0,0.0,0.0,0.0,0.0
9733.0,51.083622645277686,1.3694988164200266,33.10552651431804,53.30989581997627,0.0,69.46600000000001,216.0,0.0,0.0,0.0,1.0,0.0,0.0
19492.0,48.66785504465332,1.3115340005951035,55.47855410734697,94.27367904758452,0.0,88.98400000000001,100.0,0.0,0.0,0.0,0.0,0.0,0.0
13677.0,54.18825954972756,1.0863921890201995,37.30815070033029,70.04567043102959,0.0,77.354,203.0,0.0,0.0,0.0,1.0,0.0,0.0
16015.0,39.617266098036296,1.043102980161839,52.22241939812863,76.93128856116616,1.0,82.03,98.0,0.0,0.0,1.0,0.0,0.0,0.0
49894.0,35.002857178494494,1.5,100.0,100.0,4.0,149.788,108.0,0.0,0.0,0.0,0.0,0.0,0.0
14319.0,46.63828488940258,1.126900888212638,42.95503429229784,73.80297913208605,0.0,78.638,201.0,0.0,1.0,0.0,0.0,0.0,0.0
46684.0,41.58983999033184,1.5,100.0,100.0,3.0,143.368,100.0,0.0,0.0,0.0,0.0,0.0,0.0
59040.0,42.41728488445879,1.5,100.0,100.0,1.0,168.07999999999998,89.0,0.0,0.0,0.0,0.0,0.0,0.0
49213.0,34.77535803827506,1.5,100.0,100.0,2.0,148.426,106.0,0.0,1.0,0.0,0.0,0.0,0.0
21430.0,48.98707087148346,1.0633884952771315,77.09318663583431,100.0,4.0,92.86,107.0,0.0,0.0,1.0,0.0,0.0,0.0
14141.0,50.60026004972904,1.0882397029458912,48.44403232084004,73.99434552003868,0.0,78.282,189.0,0.0,0.0,0.0,0.0,0.0,1.0
10697.0,52.97226105375582,1.268583465094123,45.52406381254045,52.84459980296101,0.0,71.394,205.0,0.0,0.0,0.0,0.0,0.0,0.0
35421.0,41.2297855543315,1.5,100.0,100.0,4.0,120.842,100.0,0.0,0.0,0.0,0.0,0.0,0.0
22334.0,37.52837376266144,1.2765107663549422,83.77538133084896,100.0,2.0,94.668,103.0,0.0,0.0,0.0,0.0,0.0,0.0
48725.0,40.04858181972939,1.5,100.0,100.0,2.0,147.45,93.0,0.0,0.0,0.0,1.0,0.0,1.0
57899.0,34.195922921435894,1.5,100.0,100.0,4.0,165.798,96.0,0.0,0.0,0.0,0.0,0.0,0.0
21018.0,44.64695721390667,1.291891344233598,75.212357100149,100.0,2.0,92.036,97.0,0.0,0.0,0.0,0.0,0.0,0.0
55650.0,43.59811592782423,1.5,100.0,100.0,2.0,161.3,107.0,0.0,0.0,0.0,0.0,0.0,0.0
41279.0,54.26541362106122,1.5,100.0,100.0,2.0,132.558,100.0,0.0,0.0,1.0,0.0,0.0,0.0
27901.0,26.705609369740017,1.5,93.6357597618212,100.0,1.0,105.802,96.0,0.0,0.0,0.0,0.0,0.0,0.0
22927.0,56.92323631429104,1.0766349063626937,76.4195893909069,100.0,2.0,95.854,107.0,0.0,0.0,0.0,0.0,0.0,0.0
44407.0,22.440451220589104,1.5,100.0,100.0,2.0,138.814,76.0,0.0,0.0,0.0,0.0,1.0,0.0
48125.0,20.0,1.5,100.0,100.0,3.0,146.25,99.0,0.0,0.0,0.0,0.0,0.0,0.0
20699.0,22.513171955654187,1.0399644206144392,70.28318864392264,100.0,0.0,91.398,81.0,0.0,0.0,0.0,0.0,0.0,0.0
27727.0,36.88164651701715,1.5,98.5347241653651,100.0,0.0,105.454,97.0,0.0,0.0,0.0,0.0,0.0,0.0
37990.0,25.58670266054629,1.5,100.0,100.0,0.0,125.98,113.0,0.0,0.0,0.0,0.0,1.0,0.0
25666.0,39.38861180144875,1.5,91.02638845348878,100.0,2.0,101.332,112.0,0.0,0.0,0.0,1.0,0.0,0.0
19704.0,39.41949472516728,1.3989075706077978,66.07550983606752,94.74437613469192,1.0,89.408,102.0,0.0,1.0,0.0,0.0,0.0,0.0
36326.0,20.0,1.5,100.0,100.0,6.0,122.652,97.0,0.0,0.0,0.0,0.0,0.0,0.0
27927.0,44.22845277114877,1.5,99.12153287280196,100.0,1.0,105.854,97.0,0.0,0.0,0.0,0.0,0.0,0.0
33150.0,41.90091472629096,1.5,100.0,100.0,1.0,116.3,88.0,0.0,0.0,0.0,0.0,0.0,0.0
40226.0,31.59635259579848,1.5,100.0,100.0,4.0,130.452,103.0,1.0,0.0,0.0,0.0,0.0,0.0
11587.0,56.78174308204697,1.166903667800038,44.34242460588126,54.9786957902669,0.0,73.174,183.0,1.0,0.0,1.0,0.0,0.0,0.0
7703.0,45.1174513570052,1.223797458622524,24.67011638104745,36.95149947874345,0.0,65.406,208.0,1.0,0.0,0.0,0.0,0.0,0.0
15230.0,34.20468302789689,1.365912682800292,50.11894674052894,72.55779559056845,0.0,80.46000000000001,112.0,1.0,0.0,0.0,0.0,0.0,1.0
47203.0,25.60822778918993,1.5,100.0,100.0,2.0,144.406,111.0,1.0,0.0,0.0,0.0,0.0,0.0
21753.0,28.91671829442212,1.0395502026551304,68.09526679961537,100.0,0.0,93.506,100.0,1.0,0.0,0.0,0.0,0.0,0.0
21997.0,39.78235789041821,1.3540794169349877,82.24196409402742,100.0,1.0,93.994,98.0,1.0,0.0,0.0,0.0,0.0,0.0
45951.0,37.40130474192673,1.5,100.0,100.0,2.0,141.902,102.0,1.0,0.0,0.0,0.0,0.0,0.0
56322.0,35.84547807853917,1.5,100.0,100.0,2.0,162.644,94.0,1.0,0.0,0.0,0.0,0.0,0.0
59444.0,37.67404877461349,1.5,100.0,100.0,3.0,168.888,98.0,1.0,0.0,0.0,0.0,0.0,0.0
17850.0,29.187059858717163,1.3216123335034202,59.27337278680428,92.55902892679744,0.0,85.7,91.0,1.0,0.0,0.0,0.0,0.0,0.0
30160.0,33.93388104909249,1.5,100.0,100.0,0.0,110.32,101.0,1.0,0.0,0.0,1.0,0.0,0.0
35289.0,59.7078780361136,1.5,100.0,100.0,1.0,120.578,85.0,1.0,1.0,0.0,0.0,0.0,1.0
39327.0,43.76495217513671,1.5,100.0,100.0,2.0,128.654,106.0,0.0,0.0,1.0,0.0,0.0,0.0
41168.0,34.60793041123204,1.5,100.0,100.0,1.0,132.336,115.0,0.0,0.0,0.0,0.0,0.0,0.0
19833.0,39.40749987768992,1.2934475978650626,62.791831262679125,100.0,0.0,89.666,112.0,0.0,0.0,0.0,0.0,0.0,0.0
42076.0,52.06033534397688,1.5,100.0,100.0,6.0,134.152,99.0,0.0,0.0,0.0,0.0,0.0,0.0
23966.0,39.77971113365251,1.0101715877629065,72.27279572968892,100.0,2.0,97.932,91.0,0.0,0.0,0.0,0.0,0.0,0.0
36323.0,30.8098293352766,1.5,100.0,100.0,1.0,122.646,91.0,0.0,0.0,0.0,0.0,0.0,0.0
32255.0,50.67498685697586,1.5,99.75257556560383,100.0,1.0,114.51,102.0,0.0,0.0,0.0,0.0,0.0,0.0
21650.0,40.4567769080777,1.3338707205774034,80.8092531273376,100.0,2.0,93.3,90.0,0.0,0.0,0.0,0.0,1.0,0.0
39425.0,33.183753910498694,1.5,100.0,100.0,2.0,128.85,104.0,0.0,0.0,0.0,0.0,0.0,0.0
8216.0,54.460503508853904,1.1040759869074497,35.06628224488796,44.57787013318425,0.0,66.432,210.0,0.0,0.0,1.0,0.0,0.0,0.0
23790.0,43.089311760579264,1.3740843208062703,76.62328282591716,100.0,6.0,97.58,90.0,0.0,0.0,0.0,0.0,0.0,0.0
57024.0,40.40156790981023,1.5,100.0,100.0,1.0,164.048,97.0,0.0,0.0,0.0,0.0,0.0,0.0
19404.0,29.42776936326249,1.1557960445771982,69.95972485442857,100.0,0.0,88.80799999999999,91.0,0.0,0.0,0.0,1.0,0.0,0.0
38996.0,38.26710318757885,1.5,100.0,100.0,0.0,127.992,97.0,0.0,0.0,0.0,1.0,0.0,0.0
25016.0,42.05211738748599,1.5,76.91475169662486,100.0,1.0,100.032,104.0,0.0,0.0,0.0,0.0,0.0,0.0
25397.0,20.0,1.5,82.10288139647102,100.0,0.0,100.794,107.0,0.0,0.0,0.0,0.0,0.0,0.0
35283.0,36.05409710885013,1.5,100.0,100.0,3.0,120.566,84.0,0.0,0.0,0.0,0.0,0.0,0.0
24480.0,56.00086637562976,1.226164233445287,82.78361992982302,100.0,1.0,98.96,94.0,0.0,0.0,1.0,0.0,0.0,0.0
13205.0,80.23139882443289,1.3981119250360852,53.950670673770645,65.76753173345813,0.0,76.41,185.0,0.0,0.0,0.0,0.0,1.0,0.0
30381.0,33.177030120086016,1.5,100.0,100.0,1.0,110.762,110.0,0.0,0.0,1.0,0.0,0.0,0.0
58310.0,38.50463659613085,1.5,100.0,100.0,3.0,166.62,100.0,0.0,0.0,0.0,0.0,0.0,0.0
38115.0,47.32666857373368,1.5,100.0,100.0,1.0,126.23,83.0,0.0,0.0,1.0,0.0,0.0,0.0
8556.0,35.61627811607513,1.1015312635357084,27.67955207881496,44.55849171034931,0.0,67.112,212.0,0.0,0.0,0.0,0.0,0.0,0.0
34780.0,44.69996062543049,1.5,100.0,100.0,1.0,119.56,110.0,0.0,0.0,0.0,0.0,0.0,0.0
28676.0,42.629487158311385,1.5,93.312143148323,100.0,1.0,107.352,128.0,0.0,0.0,1.0,0.0,0.0,0.0
9807.0,42.71918114679951,1.0564752859397433,29.495565343411407,47.12306767379488,0.0,69.614,211.0,0.0,0.0,1.0,0.0,0.0,0.0
32952.0,27.272280013044345,1.5,100.0,100.0,0.0,115.904,102.0,0.0,0.0,0.0,0.0,0.0,0.0
33164.0,39.03954616207439,1.5,100.0,100.0,4.0,116.328,99.0,0.0,0.0,0.0,0.0,0.0,0.0
42266.0,52.57558702619073,1.5,100.0,100.0,1.0,134.53199999999998,112.0,0.0,0.0,0.0,0.0,0.0,1.0
33459.0,32.55635909165943,1.5,100.0,100.0,3.0,116.918,95.0,0.0,0.0,0.0,0.0,1.0,0.0
22151.0,50.312397892159424,1.0394715568725057,66.3727777066684,100.0,0.0,94.302,99.0,0.0,0.0,0.0,0.0,0.0,1.0
37749.0,41.62589897707756,1.5,100.0,100.0,2.0,125.498,86.0,0.0,0.0,0.0,0.0,0.0,0.0
25721.0,28.38434494471091,1.5,92.41845393132104,100.0,1.0,101.442,107.0,0.0,0.0,0.0,0.0,0.0,0.0
20709.0,44.608046238740506,1.3450039574040025,59.21050282943722,100.0,0.0,91.418,98.0,0.0,0.0,0.0,0.0,0.0,0.0
11137.0,56.965383200177605,1.1372250717673529,45.955488294607264,53.42122220280321,0.0,72.274,198.0,0.0,1.0,0.0,0.0,0.0,0.0
7916.0,37.0937813376872,1.084866470560524,21.728229037262476,39.93950318972001,0.0,65.832,205.0,0.0,0.0,0.0,0.0,0.0,0.0
44933.0,28.64584958179317,1.5,100.0,100.0,2.0,139.866,110.0,0.0,0.0,0.0,1.0,0.0,0.0
38948.0,46.00767669787405,1.5,100.0,100.0,0.0,127.896,118.0,0.0,0.0,0.0,0.0,0.0,0.0
53764.0,38.02738684186554,1.5,100.0,100.0,1.0,157.52800000000002,101.0,0.0,1.0,0.0,0.0,0.0,0.0
35290.0,21.876217358576824,1.5,100.0,100.0,1.0,120.58,86.0,0.0,1.0,0.0,0.0,0.0,0.0
20380.0,71.299872385904,1.031533038055251,70.93863633916968,100.0,1.0,90.76,95.0,0.0,0.0,0.0,0.0,0.0,0.0
30776.0,28.59684533131148,1.5,93.74501218815684,100.0,1.0,111.552,105.0,0.0,0.0,0.0,0.0,0.0,1.0
26603.0,34.60486990040528,1.5,88.19978469242933,100.0,2.0,103.206,94.0,0.0,1.0,0.0,0.0,0.0,0.0
24802.0,49.09063912121835,1.097807600221653,83.43731545138183,100.0,1.0,99.604,111.0,1.0,0.0,0.0,0.0,0.0,0.0
20809.0,39.31130503181637,1.3636810068646352,60.19916079072373,100.0,2.0,91.618,80.0,1.0,0.0,0.0,0.0,1.0,0.0
14666.0,43.16863589019838,1.2483728834876795,57.83211305657134,75.35568162012125,4.0,79.332,189.0,1.0,0.0,1.0,0.0,0.0,0.0
31415.0,44.72095919545843,1.5,100.0,100.0,0.0,112.83,98.0,1.0,0.0,0.0,1.0,0.0,0.0
40481.0,48.73625964602713,1.5,100.0,100.0,2.0,130.962,91.0,1.0,0.0,0.0,0.0,0.0,0.0
27287.0,26.56392137782462,1.5,81.06147218577021,100.0,0.0,104.574,109.0,1.0,0.0,0.0,0.0,0.0,0.0
35269.0,42.44787292468104,1.5,100.0,100.0,1.0,120.538,109.0,1.0,0.0,0.0,1.0,0.0,0.0
22042.0,31.94963492843156,1.1540655441463583,81.53444031095853,100.0,2.0,94.084,110.0,1.0,1.0,0.0,0.0,0.0,0.0
21226.0,53.26996256958519,1.2636762963167611,62.516342447747135,100.0,0.0,92.452,113.0,1.0,0.0,1.0,0.0,0.0,1.0
40409.0,37.987210131243806,1.5,100.0,100.0,3.0,130.81799999999998,97.0,1.0,0.0,1.0,0.0,0.0,0.0
43900.0,20.0,1.5,100.0,100.0,2.0,137.8,94.0,1.0,0.0,0.0,1.0,0.0,0.0
45971.0,39.62083338736594,1.5,100.0,100.0,1.0,141.942,102.0,1.0,0.0,0.0,0.0,0.0,0.0
24640.0,56.50287218961418,1.290328768110914,81.95823696897781,100.0,2.0,99.28,81.0,1.0,0.0,0.0,1.0,0.0,0.0
39050.0,25.08267068005369,1.5,100.0,100.0,1.0,128.1,91.0,1.0,0.0,0.0,0.0,0.0,0.0
17648.0,41.77911884678816,1.00905729899755,56.79681054060848,84.06290665070783,1.0,85.29599999999999,112.0,1.0,0.0,0.0,0.0,0.0,0.0
35545.0,52.59553017456682,1.5,100.0,100.0,3.0,121.09,97.0,0.0,0.0,0.0,0.0,1.0,0.0
20341.0,25.62855627816593,1.3297475739230626,58.22316003992127,97.6114271452944,0.0,90.682,104.0,0.0,0.0,0.0,0.0,0.0,0.0
34329.0,36.82033674446568,1.5,100.0,100.0,1.0,118.658,84.0,0.0,0.0,0.0,0.0,0.0,0.0
29348.0,23.77060832801994,1.5,100.0,100.0,3.0,108.696,99.0,0.0,0.0,0.0,0.0,0.0,0.0
12138.0,27.463485226127023,1.029529832112959,40.252707153625984,59.27945621501127,0.0,74.276,215.0,0.0,0.0,0.0,0.0,0.0,0.0
48478.0,22.956946040874115,1.5,100.0,100.0,2.0,146.95600000000002,105.0,0.0,0.0,0.0,0.0,0.0,0.0
39418.0,29.296451508016744,1.5,100.0,100.0,0.0,128.836,121.0,0.0,0.0,0.0,0.0,0.0,0.0
25739.0,41.57182548621134,1.5,89.38989625707221,100.0,2.0,101.478,87.0,0.0,0.0,0.0,0.0,0.0,1.0
22803.0,44.89675361043015,1.1925329789376982,69.3109298014555,100.0,0.0,95.606,87.0,0.0,0.0,0.0,0.0,0.0,0.0
19775.0,40.972019719876975,1.0940592506428128,74.89424329735904,95.88550719006264,2.0,89.55,92.0,0.0,0.0,0.0,0.0,0.0,0.0
6973.0,33.96114834399758,1.1615785724207008,15.28863481255796,31.02577937766579,0.0,63.946,175.0,0.0,1.0,0.0,0.0,0.0,0.0
17981.0,41.97859122836719,1.1680623832773345,58.38756888329766,91.27454884980554,1.0,85.962,109.0,0.0,0.0,0.0,0.0,0.0,0.0
55240.0,42.62114992742583,1.5,100.0,100.0,3.0,160.48000000000002,98.0,0.0,0.0,0.0,0.0,0.0,0.0
38017.0,39.2881432410989,1.5,100.0,100.0,2.0,126.034,106.0,0.0,1.0,0.0,0.0,0.0,0.0
24935.0,35.291665648847584,1.299948631278926,81.92874176728691,100.0,3.0,99.87,85.0,0.0,0.0,0.0,0.0,1.0,0.0
28787.0,23.05383167075206,1.5,96.15829459330035,100.0,0.0,107.574,97.0,0.0,0.0,0.0,0.0,0.0,0.0
56130.0,30.01519027710012,1.5,100.0,100.0,3.0,162.26,102.0,0.0,0.0,0.0,0.0,1.0,0.0
11392.0,36.04231454613029,1.161078140031197,38.437233418179815,59.83473603075298,0.0,72.78399999999999,212.0,0.0,0.0,0.0,0.0,0.0,0.0
28269.0,41.24983498836669,1.5,86.30894704137697,100.0,3.0,106.538,124.0,0.0,0.0,0.0,0.0,0.0,0.0
28414.0,20.51298086143133,1.5,89.93087383720511,100.0,3.0,106.828,83.0,0.0,0.0,0.0,1.0,0.0,0.0
22344.0,44.93413428769856,1.170103268148904,72.31688106349222,100.0,2.0,94.688,112.0,0.0,0.0,0.0,0.0,0.0,1.0
44978.0,26.00561492421745,1.5,100.0,100.0,4.0,139.95600000000002,89.0,0.0,0.0,1.0,0.0,0.0,1.0
17722.0,46.01474933874581,1.0230067617571568,57.14069757512468,87.72780195819738,0.0,85.444,98.0,0.0,1.0,0.0,0.0,0.0,0.0
23658.0,38.49094962909075,1.0206482629560465,78.5133828020608,100.0,3.0,97.316,87.0,0.0,1.0,0.0,0.0,0.0,0.0
17470.0,37.61161692448235,1.1406282988121592,56.383643753101765,90.67189434266184,0.0,84.94,96.0,0.0,1.0,0.0,0.0,0.0,0.0
61853.0,20.0,1.5,100.0,100.0,2.0,173.70600000000002,87.0,0.0,1.0,0.0,0.0,0.0,0.0
42926.0,49.48554353866929,1.5,100.0,100.0,2.0,135.852,113.0,0.0,0.0,0.0,0.0,0.0,0.0
16598.0,41.40135027522441,1.2672646555813794,50.03252924486942,83.6419690721027,0.0,83.196,92.0,0.0,0.0,0.0,0.0,0.0,0.0
29839.0,45.29735974837107,1.5,100.0,100.0,0.0,109.678,94.0,0.0,0.0,0.0,0.0,1.0,0.0
41499.0,39.04496882340757,1.5,100.0,100.0,4.0,132.998,88.0,0.0,0.0,1.0,0.0,0.0,1.0
14854.0,64.57651858784658,1.0135019920688626,52.27374525637684,76.39555948277369,0.0,79.708,211.0,0.0,0.0,0.0,0.0,0.0,1.0
41550.0,32.55640683571802,1.5,100.0,100.0,0.0,133.1,107.0,0.0,0.0,1.0,0.0,0.0,0.0
41516.0,31.709126465464458,1.5,100.0,100.0,3.0,133.03199999999998,104.0,0.0,0.0,0.0,0.0,0.0,0.0
31125.0,36.72579545318364,1.5,100.0,100.0,2.0,112.25,98.0,0.0,1.0,0.0,0.0,0.0,0.0
23671.0,33.19197134219357,1.33657818941454,79.02924003681407,100.0,4.0,97.342,125.0,0.0,0.0,1.0,0.0,0.0,0.0
47725.0,35.73493517427488,1.5,100.0,100.0,0.0,145.45,104.0,0.0,1.0,0.0,0.0,0.0,0.0
27146.0,54.56936508787509,1.5,98.66908591578176,100.0,3.0,104.292,90.0,0.0,1.0,0.0,0.0,0.0,0.0
19388.0,31.99965218870861,1.2133206567882453,56.55884903284392,100.0,0.0,88.77600000000001,92.0,0.0,0.0,0.0,0.0,0.0,0.0
26399.0,34.6905587405251,1.5,93.57640600332483,100.0,1.0,102.798,89.0,0.0,0.0,1.0,0.0,0.0,0.0
41830.0,40.68668235308461,1.5,100.0,100.0,0.0,133.66,98.0,0.0,0.0,0.0,0.0,0.0,0.0
43333.0,48.72206390378074,1.5,100.0,100.0,2.0,136.666,97.0,0.0,0.0,0.0,0.0,0.0,0.0
23843.0,60.38360110703475,1.2824822969248797,75.69695866935153,100.0,0.0,97.686,95.0,0.0,0.0,0.0,0.0,0.0,0.0
36257.0,51.36551826296116,1.5,100.0,100.0,1.0,122.514,102.0,0.0,0.0,0.0,0.0,0.0,0.0
17382.0,25.03380412766305,1.1389158202759957,56.54782406999066,87.9621772300566,1.0,84.76400000000001,83.0,0.0,0.0,0.0,0.0,0.0,0.0
48939.0,49.16823608717313,1.5,100.0,100.0,3.0,147.878,102.0,0.0,0.0,0.0,0.0,0.0,0.0
41988.0,20.0,1.5,100.0,100.0,2.0,133.976,105.0,0.0,0.0,1.0,0.0,0.0,1.0
5600.0,48.20184296672024,1.1636852880808937,20.881407135892275,32.70279581560941,2.0,61.2,214.0,0.0,0.0,0.0,0.0,1.0,0.0
25154.0,25.09447673355284,1.5,87.30834752370113,100.0,2.0,100.308,119.0,0.0,0.0,0.0,0.0,0.0,0.0
34370.0,27.9460270639205,1.5,100.0,100.0,4.0,118.74,106.0,0.0,0.0,0.0,0.0,0.0,0.0
30906.0,42.24741164468394,1.5,100.0,100.0,1.0,111.812,102.0,0.0,0.0,0.0,0.0,0.0,0.0
32182.0,50.491015615364674,1.5,100.0,100.0,1.0,114.364,111.0,0.0,0.0,0.0,0.0,0.0,0.0
17369.0,45.73309431272416,1.021490002460088,51.49750457546937,85.70164663748936,0.0,84.738,83.0,0.0,0.0,0.0,0.0,0.0,0.0
28897.0,25.54133119382316,1.5,89.08698920086995,100.0,2.0,107.794,91.0,0.0,1.0,0.0,0.0,0.0,0.0
8650.0,41.33983866215656,1.2724378755722108,34.34978494096224,39.437209256207176,0.0,67.3,187.0,0.0,0.0,0.0,0.0,0.0,0.0
13725.0,54.94321055644971,1.1090008111268317,41.819929968183175,69.97337066893269,1.0,77.45,196.0,0.0,0.0,0.0,0.0,1.0,0.0
20399.0,43.43342316783563,1.1683120241013474,72.91861605558127,97.4622032858954,2.0,90.798,105.0,1.0,0.0,0.0,0.0,0.0,0.0
21770.0,58.66282600752357,1.3900369887303148,80.68339985978632,100.0,0.0,93.54,97.0,1.0,0.0,0.0,0.0,0.0,0.0
17299.0,40.18626397697975,1.3999957539304857,63.43867436677133,84.80021729276822,0.0,84.598,106.0,1.0,0.0,0.0,0.0,0.0,0.0
20092.0,47.37212710334988,1.1611851795903143,67.37121028225262,98.2984252153623,0.0,90.184,99.0,1.0,1.0,0.0,0.0,0.0,0.0
31210.0,31.0966810481703,1.5,100.0,100.0,4.0,112.42,110.0,1.0,1.0,0.0,0.0,0.0,0.0
25137.0,20.0,1.5,90.992516945017,100.0,1.0,100.274,103.0,1.0,0.0,0.0,0.0,0.0,0.0
51218.0,26.978075716836283,1.5,100.0,100.0,2.0,152.436,109.0,1.0,0.0,0.0,0.0,0.0,1.0
53513.0,52.04625409578647,1.5,100.0,100.0,3.0,157.026,104.0,1.0,0.0,0.0,0.0,0.0,0.0
28648.0,30.968193939792982,1.5,87.72470783685327,100.0,3.0,107.296,98.0,1.0,0.0,0.0,0.0,0.0,0.0
37181.0,20.88127977564302,1.5,100.0,100.0,3.0,124.362,90.0,1.0,0.0,0.0,0.0,0.0,0.0
21274.0,39.70382924599195,1.2349078678033496,73.6703395631499,100.0,1.0,92.548,90.0,1.0,0.0,0.0,0.0,0.0,1.0
24386.0,43.69973573320239,1.1076533088114515,91.00139744220306,100.0,3.0,98.772,92.0,1.0,0.0,1.0,0.0,0.0,0.0
39745.0,40.469200899162864,1.5,100.0,100.0,4.0,129.49,103.0,1.0,0.0,0.0,0.0,0.0,0.0
11955.0,46.65671888129478,1.2183174930524965,37.93363862286724,61.86844580094341,2.0,73.91,200.0,1.0,0.0,0.0,0.0,0.0,0.0
32569.0,44.30409272816188,1.5,100.0,100.0,0.0,115.138,81.0,1.0,0.0,0.0,0.0,0.0,0.0
27883.0,47.93845505070705,1.5,90.332979244663,100.0,3.0,105.766,117.0,1.0,0.0,0.0,1.0,0.0,0.0
44709.0,35.67513877093908,1.5,100.0,100.0,2.0,139.418,102.0,1.0,0.0,0.0,0.0,0.0,0.0
5983.0,46.08347478150154,1.2920796001016326,29.897019197416185,25.29701203682212,0.0,61.966,206.0,1.0,0.0,0.0,0.0,0.0,0.0
29630.0,45.02219078486527,1.5,96.45593839965564,100.0,0.0,109.26,74.0,1.0,1.0,0.0,0.0,0.0,0.0
31211.0,20.0,1.5,100.0,100.0,2.0,112.422,79.0,0.0,0.0,0.0,0.0,0.0,1.0
24666.0,38.93831287784726,1.332587018871256,89.56938148793937,100.0,4.0,99.332,88.0,0.0,0.0,0.0,1.0,0.0,0.0
22672.0,39.324321743565065,1.376959771807574,85.5450648137784,100.0,1.0,95.344,117.0,0.0,0.0,0.0,0.0,0.0,0.0
39446.0,49.649377637161685,1.5,100.0,100.0,2.0,128.892,107.0,0.0,0.0,0.0,0.0,0.0,0.0
44227.0,34.81311576506515,1.5,100.0,100.0,2.0,138.454,101.0,0.0,0.0,0.0,0.0,0.0,0.0
41013.0,27.44942265373677,1.5,100.0,100.0,4.0,132.026,96.0,0.0,0.0,0.0,0.0,0.0,0.0
19602.0,44.294675768413256,1.1368478695010764,75.1707253097936,93.10014184981608,0.0,89.20400000000001,90.0,0.0,0.0,0.0,0.0,0.0,0.0
39152.0,37.13135351008838,1.5,100.0,100.0,2.0,128.304,90.0,0.0,0.0,0.0,0.0,0.0,0.0
25622.0,31.416177893137338,1.5,90.99612596765768,100.0,0.0,101.244,100.0,0.0,0.0,0.0,0.0,0.0,0.0
39841.0,48.13962247556859,1.5,100.0,100.0,1.0,129.68200000000002,96.0,0.0,0.0,0.0,0.0,0.0,0.0
26836.0,25.253640511601706,1.5,84.17119187541844,100.0,5.0,103.672,113.0,0.0,1.0,0.0,0.0,0.0,0.0
12281.0,27.24401670646813,1.026945640961839,38.158455122576086,65.65039436997988,1.0,74.562,221.0,0.0,0.0,0.0,0.0,0.0,0.0
12306.0,46.671284275765856,1.2475158999429918,49.36417947208068,57.42305350145213,0.0,74.612,192.0,0.0,1.0,0.0,0.0,0.0,0.0
11096.0,43.97377504216387,1.2712113274336316,39.212139345558754,55.01519731708872,1.0,72.19200000000001,230.0,0.0,0.0,0.0,0.0,0.0,0.0
38277.0,38.59025437335528,1.5,100.0,100.0,3.0,126.554,105.0,0.0,0.0,1.0,0.0,0.0,0.0
10273.0,66.63047612266234,1.1691501813886362,36.91363679460234,46.78421816042945,1.0,70.54599999999999,212.0,0.0,0.0,0.0,1.0,0.0,0.0
23402.0,51.09446695619607,1.3758903268423643,85.58725924703873,100.0,3.0,96.804,98.0,0.0,0.0,0.0,0.0,0.0,0.0
49599.0,20.0,1.5,100.0,100.0,5.0,149.19799999999998,109.0,0.0,0.0,0.0,0.0,0.0,0.0
24379.0,56.86048079309373,1.3078496851568624,91.26154707082584,100.0,3.0,98.758,92.0,0.0,0.0,0.0,0.0,0.0,1.0
14948.0,43.90643565599096,1.1298299610726712,43.39858828026972,71.80645273436696,2.0,79.896,191.0,0.0,0.0,0.0,0.0,0.0,0.0
43984.0,58.40021947713551,1.5,100.0,100.0,4.0,137.96800000000002,89.0,0.0,0.0,1.0,0.0,0.0,0.0
13490.0,33.27764090547932,1.0802909187174965,37.5836413977454,65.6177460106393,0.0,76.98,196.0,0.0,0.0,1.0,0.0,0.0,0.0
24161.0,47.01155937313832,1.1369553907097958,83.76222389358429,100.0,2.0,98.322,90.0,0.0,1.0,0.0,0.0,0.0,0.0
39851.0,53.05798917810573,1.5,100.0,100.0,2.0,129.702,90.0,0.0,0.0,0.0,0.0,0.0,0.0
27693.0,34.38987894138866,1.5,90.62593127162032,100.0,4.0,105.386,99.0,0.0,0.0,0.0,0.0,0.0,0.0
30873.0,33.65580115206551,1.5,100.0,100.0,5.0,111.746,95.0,0.0,0.0,1.0,0.0,0.0,0.0
39033.0,35.52613518405503,1.5,100.0,100.0,4.0,128.066,86.0,0.0,0.0,1.0,0.0,0.0,0.0
21660.0,41.724874957156445,1.0802833684323676,76.27705254639817,100.0,3.0,93.32,108.0,0.0,0.0,0.0,1.0,0.0,0.0
27932.0,32.413538185899384,1.5,89.36035258101828,100.0,1.0,105.864,98.0,0.0,0.0,0.0,0.0,0.0,1.0
17876.0,57.985620805701046,1.1712770139255957,69.35988245638526,87.9157411805526,0.0,85.75200000000001,96.0,0.0,0.0,0.0,0.0,0.0,0.0
36312.0,52.13518385934557,1.5,100.0,100.0,4.0,122.624,90.0,0.0,0.0,0.0,0.0,0.0,0.0
35987.0,22.523371194718464,1.5,100.0,100.0,3.0,121.974,121.0,0.0,0.0,0.0,0.0,0.0,0.0
23833.0,50.78021068836987,1.3579110236639549,72.98980320108006,100.0,1.0,97.666,102.0,0.0,0.0,0.0,0.0,0.0,0.0
22999.0,33.121575446384206,1.0025023855037112,85.72509227185253,100.0,1.0,95.998,109.0,0.0,0.0,0.0,0.0,0.0,0.0
38413.0,28.15367270216397,1.5,100.0,100.0,4.0,126.826,92.0,0.0,0.0,0.0,0.0,0.0,0.0
35760.0,39.57979631218299,1.5,100.0,100.0,1.0,121.52,98.0,0.0,0.0,0.0,0.0,0.0,0.0
19741.0,41.73961182267097,1.1801739975449936,62.66389338868707,95.46856011105272,4.0,89.482,108.0,0.0,0.0,0.0,0.0,0.0,0.0
29903.0,32.59588050301392,1.5,100.0,100.0,2.0,109.806,86.0,0.0,0.0,0.0,0.0,0.0,0.0
25470.0,43.473467325831145,1.5,77.71745129703137,100.0,2.0,100.94,99.0,0.0,0.0,1.0,0.0,0.0,0.0
51242.0,37.0287298063719,1.5,100.0,100.0,4.0,152.48399999999998,92.0,0.0,0.0,0.0,0.0,0.0,0.0
19651.0,30.035454962466616,1.3134466547827954,62.183670699945786,99.94669081602194,1.0,89.30199999999999,95.0,0.0,0.0,0.0,0.0,0.0,0.0
52559.0,36.01184209525489,1.5,100.0,100.0,4.0,155.118,95.0,0.0,0.0,0.0,0.0,0.0,1.0
24221.0,45.57214555593999,1.378660879397333,78.56524939558042,100.0,2.0,98.442,106.0,0.0,0.0,0.0,0.0,0.0,1.0
17020.0,53.23135461359946,1.2328316930662249,59.694340675847926,86.21851783886626,1.0,84.03999999999999,84.0,0.0,0.0,0.0,0.0,0.0,0.0
19628.0,52.91370198917606,1.2305170593730608,58.543514944589134,94.68532309653364,0.0,89.256,109.0,0.0,0.0,0.0,0.0,0.0,0.0
20513.0,46.78004375037333,1.0407940865293912,76.32672947923346,100.0,3.0,91.026,98.0,1.0,0.0,0.0,0.0,0.0,0.0
37916.0,20.0,1.5,100.0,100.0,1.0,125.832,96.0,1.0,0.0,0.0,0.0,0.0,0.0
24301.0,41.29769982896822,1.3447683841963562,78.50798421367163,100.0,1.0,98.602,105.0,1.0,0.0,0.0,0.0,0.0,0.0
58986.0,40.54154394813924,1.5,100.0,100.0,1.0,167.97199999999998,93.0,1.0,0.0,0.0,0.0,0.0,0.0
28243.0,47.46569247667909,1.5,100.0,100.0,3.0,106.486,102.0,1.0,0.0,0.0,0.0,0.0,0.0
11424.0,51.60080508835921,1.1906238851993125,28.510289857431477,58.83472867603536,1.0,72.848,202.0,1.0,0.0,0.0,0.0,0.0,1.0
12868.0,33.24970624464996,1.2986091774491149,43.01783289472152,64.6480450809658,0.0,75.736,180.0,1.0,0.0,0.0,0.0,0.0,0.0
23342.0,48.67387364681501,1.2796342880462888,74.58001571759665,100.0,0.0,96.684,94.0,1.0,0.0,0.0,0.0,0.0,1.0
36368.0,28.92970307085386,1.5,100.0,100.0,4.0,122.736,114.0,1.0,0.0,0.0,1.0,0.0,0.0
8620.0,52.69991838556437,1.2979908932728228,20.775569354130557,44.42613543026588,1.0,67.24,197.0,1.0,0.0,0.0,0.0,0.0,0.0
20775.0,52.98592057054233,1.022972679237556,73.66970787467532,100.0,1.0,91.55,98.0,1.0,0.0,0.0,0.0,0.0,0.0
48134.0,35.87192753008696,1.5,100.0,100.0,3.0,146.268,94.0,1.0,0.0,0.0,0.0,0.0,0.0
11292.0,53.91079350692623,1.278079698860236,28.41935845551437,58.07592762321443,1.0,72.584,203.0,1.0,0.0,0.0,0.0,0.0,0.0
18228.0,49.93226210258489,1.174164028852572,60.467390995667294,86.2007123691135,2.0,86.456,97.0,1.0,0.0,0.0,0.0,0.0,0.0
44891.0,32.452463771174266,1.5,100.0,100.0,1.0,139.78199999999998,94.0,1.0,0.0,1.0,0.0,0.0,0.0
26076.0,20.0,1.5,78.28877157543523,100.0,5.0,102.152,109.0,1.0,0.0,0.0,0.0,0.0,0.0
52949.0,41.43661221845089,1.5,100.0,100.0,4.0,155.898,116.0,1.0,0.0,0.0,0.0,0.0,0.0
9576.0,50.49325083996601,1.2844839633712866,24.28629476670445,52.31391715928041,0.0,69.152,183.0,1.0,0.0,0.0,1.0,0.0,1.0
38537.0,23.04248355870901,1.5,100.0,100.0,1.0,127.074,102.0,0.0,0.0,0.0,1.0,0.0,0.0
38963.0,31.95756546165412,1.5,100.0,100.0,1.0,127.926,104.0,0.0,0.0,0.0,0.0,0.0,1.0
18922.0,61.67166279300895,1.205063944865942,53.53281216128225,97.8621647555096,0.0,87.844,93.0,0.0,0.0,1.0,0.0,0.0,0.0
29791.0,32.18095304451133,1.5,99.65808208327977,100.0,1.0,109.582,88.0,0.0,0.0,0.0,0.0,0.0,0.0
38956.0,26.79931707528034,1.5,100.0,100.0,4.0,127.912,98.0,0.0,0.0,0.0,0.0,0.0,0.0
39188.0,41.95012269497353,1.5,100.0,100.0,1.0,128.376,95.0,0.0,0.0,0.0,0.0,0.0,0.0
39410.0,31.228878419115745,1.5,100.0,100.0,4.0,128.82,89.0,0.0,0.0,0.0,0.0,0.0,0.0
26757.0,39.0786106809247,1.5,93.96584696533638,100.0,1.0,103.514,81.0,0.0,0.0,0.0,0.0,0.0,0.0
47334.0,34.51640982600485,1.5,100.0,100.0,4.0,144.668,86.0,0.0,0.0,0.0,1.0,0.0,0.0
23384.0,50.94911113668017,1.0946119253184292,87.0202667545885,100.0,2.0,96.768,91.0,0.0,0.0,0.0,0.0,1.0,0.0
17781.0,42.23592769940788,1.1112087526624763,65.13967043446215,84.99998754602063,0.0,85.562,103.0,0.0,0.0,0.0,0.0,0.0,0.0
48638.0,49.5760265082434,1.5,100.0,100.0,2.0,147.276,95.0,0.0,0.0,0.0,0.0,0.0,0.0
14293.0,36.96785815934015,1.0101427735577044,56.01739844323304,72.73400953049921,1.0,78.586,206.0,0.0,0.0,1.0,0.0,0.0,0.0
20786.0,41.08597044911703,1.3301182895026658,72.3015254551667,100.0,1.0,91.572,114.0,0.0,0.0,0.0,0.0,0.0,0.0
37578.0,52.21179796511472,1.5,100.0,100.0,2.0,125.156,80.0,0.0,0.0,0.0,0.0,1.0,0.0
26179.0,36.786106737785296,1.5,79.68604666570349,100.0,0.0,102.358,106.0,0.0,0.0,0.0,0.0,0.0,0.0
33263.0,42.22544927592477,1.5,100.0,100.0,1.0,116.526,77.0,0.0,0.0,0.0,0.0,0.0,0.0
19071.0,47.7938532592714,1.0451282390314136,59.869864352189154,91.37248667556923,0.0,88.142,102.0,0.0,0.0,0.0,0.0,0.0,0.0
21783.0,56.94689054125632,1.2870479124202032,78.03327000883294,100.0,1.0,93.566,99.0,0.0,0.0,0.0,0.0,0.0,0.0
20120.0,48.21186074296703,1.3469705126820286,71.0927485815865,98.25278404580276,4.0,90.24,116.0,0.0,0.0,0.0,0.0,0.0,0.0
48843.0,33.67626115667024,1.5,100.0,100.0,2.0,147.686,98.0,0.0,0.0,0.0,0.0,0.0,0.0
42028.0,33.057465997637266,1.5,100.0,100.0,2.0,134.05599999999998,92.0,0.0,0.0,0.0,0.0,0.0,0.0
42965.0,39.08806015979186,1.5,100.0,100.0,1.0,135.93,114.0,0.0,0.0,0.0,0.0,0.0,0.0
49041.0,30.14801212395404,1.5,100.0,100.0,4.0,148.082,89.0,0.0,0.0,0.0,0.0,0.0,0.0
22234.0,54.2747055915983,1.203029419458086,73.53747660668861,100.0,2.0,94.468,94.0,0.0,0.0,0.0,1.0,0.0,1.0
15655.0,62.07996490672079,1.2923607306194207,46.60234227500922,82.11737724002985,0.0,81.31,98.0,0.0,0.0,1.0,0.0,0.0,0.0
10624.0,52.14642952053632,1.3670251530222448,27.71663808296406,56.248962567589146,1.0,71.248,203.0,0.0,0.0,0.0,0.0,0.0,0.0
8926.0,55.87786777902081,1.2851545554830195,31.135787558014428,46.55790786865548,0.0,67.852,209.0,0.0,0.0,1.0,0.0,0.0,0.0
12961.0,44.84060887035941,1.1034245543718948,39.59932437741349,60.13032315698043,2.0,75.922,187.0,0.0,0.0,0.0,0.0,0.0,1.0
36453.0,26.7187509159537,1.5,100.0,100.0,1.0,122.906,108.0,0.0,0.0,0.0,1.0,0.0,1.0
28934.0,36.90398087278015,1.5,95.914666547928,100.0,1.0,107.868,87.0,0.0,0.0,0.0,0.0,0.0,0.0
41315.0,36.46654490508755,1.5,100.0,100.0,2.0,132.63,106.0,0.0,0.0,0.0,0.0,0.0,0.0
24116.0,41.15711629469916,1.1161609489276394,81.68120348711747,100.0,4.0,98.232,88.0,0.0,0.0,0.0,0.0,1.0,0.0
40851.0,36.10306964910252,1.5,100.0,100.0,4.0,131.702,88.0,0.0,0.0,0.0,1.0,0.0,0.0
18414.0,48.8762459083558,1.058941384000457,66.97649859956314,96.29432636869429,0.0,86.828,104.0,0.0,0.0,0.0,0.0,1.0,0.0
21917.0,48.14509973462832,1.2868582198908078,78.18691765027486,100.0,0.0,93.834,107.0,0.0,0.0,0.0,0.0,0.0,0.0
36484.0,37.02996860891268,1.5,100.0,100.0,2.0,122.968,86.0,0.0,0.0,0.0,0.0,0.0,1.0
16876.0,55.43439067685274,1.0721937576183231,58.3973190481737,85.65861239976688,0.0,83.75200000000001,112.0,0.0,0.0,1.0,0.0,0.0,0.0
55105.0,42.388483646927305,1.5,100.0,100.0,4.0,160.20999999999998,97.0,0.0,0.0,0.0,0.0,0.0,0.0
38292.0,20.32672384193439,1.5,100.0,100.0,1.0,126.584,119.0,0.0,0.0,0.0,0.0,0.0,0.0
43966.0,38.110839346538974,1.5,100.0,100.0,0.0,137.93200000000002,97.0,0.0,0.0,0.0,0.0,0.0,0.0
34571.0,25.95018902387107,1.5,100.0,100.0,3.0,119.142,101.0,1.0,0.0,0.0,0.0,1.0,0.0
22692.0,55.14316924809293,1.177583978519357,84.77349152525733,100.0,1.0,95.384,103.0,1.0,1.0,0.0,0.0,0.0,0.0
27452.0,20.0,1.5,98.5406969212924,100.0,1.0,104.904,101.0,1.0,0.0,0.0,0.0,0.0,0.0
9371.0,44.73795624352356,1.2675208866876986,24.308395737760904,48.46372954766704,0.0,68.742,187.0,1.0,0.0,0.0,0.0,0.0,0.0
47660.0,33.5768272680111,1.5,100.0,100.0,2.0,145.32,106.0,1.0,0.0,0.0,0.0,0.0,0.0
14025.0,35.6014184789868,1.3786667320419606,53.32784240861903,68.97984315043456,1.0,78.05,198.0,1.0,0.0,0.0,0.0,0.0,0.0
44839.0,36.02303769691141,1.5,100.0,100.0,2.0,139.678,90.0,1.0,1.0,0.0,0.0,0.0,0.0
52327.0,36.12657090054598,1.5,100.0,100.0,4.0,154.654,84.0,1.0,0.0,0.0,0.0,0.0,0.0
21064.0,54.80589486711665,1.3947499874443068,60.625206927324,100.0,1.0,92.128,86.0,1.0,0.0,1.0,0.0,0.0,0.0
36933.0,45.12011475745751,1.5,100.0,100.0,2.0,123.866,93.0,1.0,0.0,1.0,0.0,0.0,1.0
24354.0,42.75462811337661,1.143283332442787,89.46138669130231,100.0,1.0,98.708,101.0,1.0,0.0,0.0,0.0,0.0,0.0
22316.0,47.172603804330514,1.306973815748779,67.34263981235476,100.0,0.0,94.632,103.0,1.0,1.0,0.0,0.0,0.0,0.0
45738.0,36.731733729327615,1.5,100.0,100.0,0.0,141.476,96.0,1.0,0.0,0.0,1.0,0.0,0.0
45112.0,45.19135082336878,1.5,100.0,100.0,2.0,140.224,98.0,1.0,0.0,0.0,0.0,0.0,0.0
35428.0,47.140440465479,1.5,100.0,100.0,4.0,120.856,99.0,1.0,0.0,0.0,0.0,0.0,0.0
8636.0,55.17297524345189,1.23918283431221,19.089259329496382,47.86823156802025,0.0,67.27199999999999,203.0,1.0,0.0,1.0,0.0,0.0,0.0
8730.0,21.957613981944707,1.1036740353642611,19.1687496310835,40.01014059871482,0.0,67.46000000000001,213.0,1.0,0.0,1.0,0.0,0.0,0.0
21801.0,51.73526998788106,1.2723544977348027,63.49086022654433,100.0,0.0,93.602,103.0,0.0,0.0,0.0,0.0,0.0,0.0
8157.0,46.94455192136265,1.170912841248935,33.2160163448701,43.060890933090725,0.0,66.314,198.0,0.0,1.0,0.0,0.0,0.0,0.0
29507.0,42.61952795283998,1.5,89.16938130445743,100.0,1.0,109.014,90.0,0.0,0.0,0.0,0.0,0.0,0.0
44282.0,48.06863843420618,1.5,100.0,100.0,1.0,138.564,103.0,0.0,0.0,0.0,0.0,0.0,0.0
6162.0,49.04223287478198,1.3676484022332536,17.373252401049402,29.848717264968567,0.0,62.324,222.0,0.0,0.0,0.0,0.0,0.0,0.0
10676.0,63.533065123864745,1.2784781453887195,41.47102449214516,52.57374558862634,2.0,71.352,199.0,0.0,0.0,0.0,0.0,0.0,0.0
36951.0,44.36335310440615,1.5,100.0,100.0,3.0,123.902,89.0,0.0,0.0,0.0,0.0,0.0,0.0
26203.0,25.42790712586619,1.5,85.0101548116731,100.0,3.0,102.406,107.0,0.0,0.0,0.0,1.0,0.0,0.0
32189.0,20.0,1.5,100.0,100.0,1.0,114.378,81.0,0.0,0.0,0.0,0.0,0.0,0.0
12521.0,53.331674336363214,1.1000204711476034,38.16562855301923,65.21566165165623,1.0,75.042,200.0,0.0,0.0,0.0,0.0,0.0,0.0
50643.0,44.8591839470672,1.5,100.0,100.0,0.0,151.286,104.0,0.0,0.0,1.0,0.0,0.0,0.0
9404.0,45.23623324778936,1.102885083248818,38.40695853590135,45.1412303739636,1.0,68.80799999999999,195.0,0.0,0.0,0.0,0.0,0.0,0.0
17178.0,28.951417910951957,1.2953284121219864,64.76344342477364,89.21995946166135,1.0,84.356,75.0,0.0,0.0,0.0,0.0,0.0,1.0
5995.0,47.23262108899547,1.05413421671826,18.887574357138256,26.020067299416937,2.0,61.99,191.0,0.0,0.0,1.0,0.0,0.0,0.0
45284.0,37.86444338876835,1.5,100.0,100.0,3.0,140.56799999999998,105.0,0.0,0.0,0.0,0.0,0.0,0.0
38497.0,41.13377223194205,1.5,100.0,100.0,4.0,126.994,107.0,0.0,0.0,0.0,0.0,0.0,0.0
30627.0,27.555451167340863,1.5,96.14556049691735,100.0,3.0,111.254,99.0,0.0,0.0,1.0,0.0,0.0,0.0
33668.0,48.209320548124325,1.5,100.0,100.0,2.0,117.336,113.0,0.0,0.0,0.0,0.0,0.0,0.0
45542.0,27.9155519530988,1.5,100.0,100.0,1.0,141.084,97.0,0.0,0.0,1.0,0.0,0.0,0.0
11921.0,50.94307156285526,1.2567122857355637,32.45939620379365,55.018031753907096,2.0,73.842,196.0,0.0,0.0,0.0,1.0,0.0,0.0
21578.0,37.31720775305647,1.3447148922301952,66.28375615624338,100.0,0.0,93.156,114.0,0.0,0.0,0.0,0.0,0.0,0.0
15867.0,49.88170793395828,1.10788777615194,44.978392388977554,77.81863148516325,2.0,81.73400000000001,93.0,0.0,0.0,1.0,0.0,0.0,0.0
14293.0,42.77721843933686,1.0195033092916614,37.73391782923803,66.67480843896631,0.0,78.586,196.0,0.0,0.0,0.0,1.0,0.0,1.0
45947.0,29.09259591814165,1.5,100.0,100.0,5.0,141.894,110.0,0.0,0.0,0.0,0.0,0.0,0.0
48742.0,43.07045197897752,1.5,100.0,100.0,1.0,147.48399999999998,79.0,0.0,0.0,0.0,0.0,0.0,1.0
39126.0,59.51677107611919,1.5,100.0,100.0,3.0,128.252,109.0,0.0,0.0,0.0,0.0,0.0,0.0
33408.0,20.0,1.5,100.0,100.0,2.0,116.816,107.0,0.0,0.0,1.0,0.0,0.0,0.0
15945.0,29.52821916227249,1.0203959364997457,46.34707404807277,74.7493993883828,0.0,81.89,98.0,0.0,0.0,0.0,0.0,0.0,0.0
23255.0,46.77879602020187,1.367599438092838,67.81475549266395,100.0,0.0,96.51,104.0,0.0,1.0,0.0,0.0,0.0,0.0
39517.0,29.612015304485237,1.5,100.0,100.0,1.0,129.034,93.0,0.0,0.0,0.0,0.0,0.0,0.0
9272.0,49.00845273893333,1.2919648432690627,40.31717393654259,50.436216568896185,0.0,68.544,211.0,0.0,0.0,0.0,1.0,0.0,1.0
23676.0,57.42586434079041,1.2862366781286214,72.18649688763199,100.0,1.0,97.352,107.0,0.0,0.0,0.0,0.0,0.0,0.0
11224.0,31.89328533901908,1.1518948209032618,44.59006495744405,59.03867405812238,0.0,72.44800000000001,192.0,0.0,0.0,0.0,0.0,0.0,0.0
54201.0,52.85042404572667,1.5,100.0,100.0,3.0,158.402,92.0,0.0,0.0,0.0,0.0,0.0,0.0
22564.0,33.34571689459911,1.0352945320323284,82.86755830571269,100.0,2.0,95.128,107.0,0.0,0.0,0.0,0.0,0.0,0.0
34602.0,34.89850788221656,1.5,100.0,100.0,0.0,119.204,80.0,0.0,0.0,1.0,0.0,0.0,0.0
14189.0,44.64164492733515,1.2460574833390383,52.877882389553946,72.22521295997203,0.0,78.378,191.0,0.0,0.0,0.0,0.0,0.0,0.0
33200.0,28.83551404017699,1.5,100.0,100.0,1.0,116.4,99.0,0.0,0.0,0.0,0.0,1.0,0.0
31134.0,38.77441603081874,1.5,100.0,100.0,3.0,112.268,117.0,0.0,1.0,0.0,0.0,0.0,0.0
21421.0,45.31859958558398,1.3712104332850348,79.13380892653689,100.0,1.0,92.842,103.0,0.0,0.0,0.0,0.0,0.0,0.0
26303.0,42.93895748676968,1.5,91.56416372660212,100.0,2.0,102.606,90.0,0.0,0.0,0.0,0.0,0.0,0.0
31694.0,47.969718000252826,1.5,100.0,100.0,2.0,113.388,108.0,0.0,0.0,0.0,0.0,0.0,0.0
15474.0,50.620626327732325,1.3112523265779945,60.7792843900406,81.73382255881393,0.0,80.94800000000001,84.0,0.0,0.0,0.0,0.0,0.0,0.0
16723.0,58.59308726807636,1.392905293524341,56.30663689468324,78.76963353997763,2.0,83.446,100.0,0.0,0.0,0.0,0.0,0.0,0.0
50908.0,39.04643645836688,1.5,100.0,100.0,3.0,151.816,105.0,1.0,0.0,0.0,0.0,0.0,0.0
30108.0,41.04592164611465,1.5,100.0,100.0,1.0,110.216,97.0,1.0,0.0,0.0,1.0,0.0,0.0
30289.0,27.43991211806128,1.5,99.27949695196055,100.0,2.0,110.578,103.0,1.0,0.0,1.0,0.0,0.0,0.0
57991.0,42.08862106438095,1.5,100.0,100.0,3.0,165.982,116.0,1.0,0.0,0.0,1.0,0.0,0.0
60798.0,47.64653483195804,1.5,100.0,100.0,0.0,171.596,87.0,1.0,0.0,0.0,0.0,0.0,0.0
25129.0,26.200574858879317,1.5,87.34589571135194,100.0,3.0,100.258,98.0,1.0,0.0,0.0,0.0,0.0,0.0
43582.0,37.10860420945379,1.5,100.0,100.0,3.0,137.164,92.0,1.0,0.0,0.0,0.0,0.0,0.0
37983.0,40.36714398113088,1.5,100.0,100.0,1.0,125.966,113.0,1.0,0.0,0.0,0.0,0.0,0.0
33043.0,33.343296669830565,1.5,100.0,100.0,3.0,116.086,111.0,1.0,0.0,0.0,1.0,0.0,0.0
20914.0,61.33689630574787,1.2929872674452505,71.37021384544312,99.69599951350868,1.0,91.828,111.0,1.0,0.0,0.0,0.0,0.0,0.0
11827.0,35.50737798699716,1.1927385703907998,39.011365129578806,60.928278198608815,0.0,73.654,207.0,1.0,0.0,0.0,0.0,0.0,1.0
35592.0,29.813812180706485,1.5,100.0,100.0,0.0,121.184,112.0,1.0,1.0,0.0,0.0,0.0,0.0
12748.0,73.05582473691996,1.0477810092107491,43.674251603868015,58.95152222556084,1.0,75.496,202.0,1.0,0.0,0.0,0.0,0.0,0.0
20930.0,57.42591942752881,1.2580226038435358,75.05129567827127,100.0,2.0,91.86,81.0,1.0,0.0,0.0,0.0,0.0,0.0
38813.0,29.593958257771877,1.5,100.0,100.0,4.0,127.626,99.0,1.0,0.0,0.0,0.0,0.0,1.0
50200.0,31.01891490525898,1.5,100.0,100.0,2.0,150.4,99.0,1.0,1.0,0.0,0.0,0.0,0.0
11013.0,37.62927243956456,1.3433461090201846,34.908901893893805,51.29817822001041,2.0,72.026,232.0,1.0,0.0,1.0,0.0,0.0,0.0
42162.0,37.85621820023165,1.5,100.0,100.0,1.0,134.324,98.0,0.0,0.0,0.0,0.0,0.0,0.0
41340.0,27.66432011424105,1.5,100.0,100.0,5.0,132.68,105.0,0.0,0.0,0.0,0.0,0.0,0.0
23784.0,28.709773787057,1.3453041470248313,75.23389912946664,100.0,1.0,97.568,114.0,0.0,0.0,0.0,0.0,0.0,0.0
15721.0,47.59455835794739,1.0037426094751518,50.947159290781954,83.01854790973994,0.0,81.44200000000001,86.0,0.0,0.0,0.0,0.0,0.0,0.0
19088.0,37.16450583796282,1.3532993825426158,64.09035236615236,92.75879085684512,0.0,88.176,101.0,0.0,0.0,0.0,0.0,0.0,0.0
26570.0,30.31407728233107,1.5,95.5659842754278,100.0,4.0,103.14,87.0,0.0,0.0,0.0,0.0,0.0,0.0
17908.0,40.95396719878886,1.2707973037249394,49.7033104277838,91.10248319447192,1.0,85.816,97.0,0.0,0.0,0.0,1.0,0.0,0.0
29568.0,51.34303664512403,1.5,100.0,100.0,0.0,109.136,103.0,0.0,0.0,0.0,0.0,0.0,0.0
42725.0,20.0,1.5,100.0,100.0,4.0,135.45,105.0,0.0,0.0,0.0,0.0,0.0,0.0
40114.0,41.34364683250888,1.5,100.0,100.0,3.0,130.228,88.0,0.0,0.0,0.0,0.0,0.0,0.0
14989.0,55.375014142682815,1.3352506410400171,43.85776153617461,73.3761377819679,1.0,79.97800000000001,194.0,0.0,0.0,0.0,0.0,0.0,0.0
29244.0,50.50251265466311,1.5,91.78926405429466,100.0,1.0,108.488,81.0,0.0,0.0,0.0,0.0,0.0,0.0
15862.0,30.814305580935013,1.0245711194276397,51.49630098473063,77.34951655301315,1.0,81.724,107.0,0.0,0.0,0.0,0.0,0.0,0.0
12469.0,45.35876535576878,1.332520844680697,40.04079987793052,59.48694174871937,1.0,74.938,207.0,0.0,1.0,0.0,0.0,0.0,0.0
26697.0,33.386670948963,1.5,80.90703701504157,100.0,3.0,103.394,97.0,0.0,0.0,0.0,1.0,0.0,0.0
23185.0,46.12288702173526,1.0989109267954835,70.56145432073009,100.0,2.0,96.37,110.0,0.0,0.0,1.0,0.0,0.0,0.0
32241.0,27.379391774973648,1.5,100.0,100.0,2.0,114.482,107.0,0.0,0.0,0.0,0.0,0.0,0.0
15164.0,51.52867937622991,1.0737526961929078,55.97202789730585,73.94906869148977,3.0,80.328,102.0,0.0,0.0,0.0,0.0,0.0,0.0
34519.0,26.84511792972761,1.5,100.0,100.0,3.0,119.038,116.0,0.0,0.0,0.0,0.0,0.0,0.0
15912.0,38.50764514521257,1.361880428524595,61.04615174423922,82.28220553237597,0.0,81.824,98.0,0.0,0.0,0.0,0.0,0.0,0.0
24659.0,45.30956224974644,1.0284079929213317,79.6106068113807,100.0,2.0,99.318,98.0,0.0,1.0,0.0,0.0,0.0,0.0
43845.0,23.368343144036736,1.5,100.0,100.0,1.0,137.69,99.0,0.0,0.0,1.0,0.0,0.0,0.0
62443.0,32.97499692025984,1.5,100.0,100.0,4.0,174.886,97.0,0.0,0.0,0.0,1.0,0.0,0.0
13734.0,46.75281533503551,1.1595747181494076,47.65040234865313,72.65900277914525,0.0,77.468,210.0,0.0,0.0,0.0,1.0,0.0,0.0
39552.0,20.0,1.5,100.0,100.0,2.0,129.10399999999998,104.0,0.0,0.0,0.0,0.0,0.0,0.0
25485.0,33.63361857128145,1.5,76.42911435752572,100.0,3.0,100.97,96.0,0.0,0.0,0.0,0.0,0.0,0.0
32546.0,43.84380445698007,1.5,100.0,100.0,2.0,115.092,116.0,0.0,1.0,0.0,0.0,0.0,0.0
24075.0,35.335582747092474,1.2926667733123578,87.84027830929872,100.0,0.0,98.15,101.0,0.0,1.0,0.0,0.0,0.0,0.0
34425.0,43.62384530954798,1.5,100.0,100.0,1.0,118.85,90.0,0.0,0.0,0.0,0.0,0.0,0.0
38029.0,35.22683585650695,1.5,100.0,100.0,0.0,126.058,107.0,0.0,0.0,0.0,0.0,0.0,0.0
20613.0,41.009564382582326,1.195479000972748,69.76124649487579,100.0,0.0,91.226,106.0,0.0,0.0,1.0,0.0,0.0,0.0
14823.0,46.44920829337895,1.371880207257396,41.29627577235608,73.35245015371703,0.0,79.646,203.0,0.0,0.0,0.0,0.0,0.0,0.0
25923.0,21.902408651879448,1.5,85.80974444537638,100.0,3.0,101.846,94.0,0.0,0.0,0.0,0.0,0.0,0.0
31325.0,21.170445350497356,1.5,100.0,100.0,0.0,112.65,103.0,0.0,0.0,0.0,0.0,0.0,1.0
24691.0,50.19159630026633,1.089115269349381,73.62902638243375,100.0,0.0,99.382,88.0,0.0,0.0,0.0,0.0,0.0,0.0
52761.0,40.2354866855746,1.5,100.0,100.0,2.0,155.522,90.0,0.0,0.0,0.0,0.0,0.0,0.0
47819.0,34.73313446500543,1.5,100.0,100.0,1.0,145.638,102.0,0.0,0.0,1.0,0.0,0.0,0.0
21981.0,35.67110253214948,1.3995469848420652,66.22939849074939,100.0,0.0,93.962,102.0,0.0,0.0,0.0,0.0,0.0,0.0
17648.0,36.75784887772471,1.2652951540613768,60.30160419024433,88.35753946488302,0.0,85.29599999999999,99.0,0.0,0.0,0.0,0.0,0.0,0.0
31365.0,38.75272205259655,1.5,100.0,100.0,2.0,112.73,114.0,0.0,0.0,0.0,0.0,0.0,0.0
26563.0,57.49838012672722,1.5,97.84486408244128,100.0,2.0,103.126,103.0,0.0,0.0,0.0,0.0,0.0,0.0
23414.0,56.48977111663076,1.2386740813861523,79.85816165857739,100.0,2.0,96.828,99.0,0.0,0.0,0.0,1.0,0.0,0.0
33569.0,44.6207550458315,1.5,100.0,100.0,2.0,117.138,96.0,0.0,0.0,0.0,0.0,0.0,0.0
29891.0,29.062033791710896,1.5,100.0,100.0,1.0,109.782,99.0,0.0,0.0,0.0,0.0,0.0,0.0
36174.0,39.29567514981938,1.5,100.0,100.0,2.0,122.348,106.0,0.0,0.0,0.0,0.0,0.0,0.0
45582.0,32.22070917233302,1.5,100.0,100.0,0.0,141.164,97.0,0.0,0.0,0.0,0.0,0.0,0.0
11532.0,43.73250249324584,1.1427485418839534,35.37544757577702,57.31308962257484,0.0,73.064,177.0,0.0,0.0,0.0,0.0,0.0,0.0
10241.0,42.53335847558102,1.3816488295693146,36.48004399182876,53.684194419691,1.0,70.482,205.0,0.0,0.0,0.0,1.0,0.0,0.0
39059.0,41.25444486620119,1.5,100.0,100.0,2.0,128.118,97.0,0.0,0.0,1.0,0.0,0.0,0.0
24779.0,45.68676765802924,1.2559189599625171,79.11954707693081,100.0,3.0,99.558,114.0,0.0,0.0,1.0,0.0,0.0,0.0
16119.0,70.90898443596882,1.0913665283227334,57.4941716386164,80.77169423209347,1.0,82.238,110.0,0.0,0.0,0.0,1.0,0.0,0.0
36961.0,55.08693612825841,1.5,100.0,100.0,1.0,123.922,100.0,1.0,0.0,1.0,0.0,0.0,0.0
32194.0,29.833183409921148,1.5,100.0,100.0,0.0,114.388,105.0,1.0,0.0,0.0,0.0,0.0,0.0
43437.0,37.70441638016647,1.5,100.0,100.0,5.0,136.874,92.0,1.0,0.0,0.0,0.0,0.0,0.0
43090.0,30.71602850929013,1.5,100.0,100.0,3.0,136.18,111.0,1.0,0.0,0.0,0.0,0.0,0.0
40419.0,20.0,1.5,100.0,100.0,5.0,130.838,98.0,1.0,0.0,0.0,0.0,0.0,0.0
40136.0,31.27978254048916,1.5,100.0,100.0,1.0,130.272,96.0,1.0,0.0,0.0,1.0,0.0,1.0
23130.0,48.70358028337289,1.026392737907038,86.6950204405608,100.0,4.0,96.26,103.0,1.0,0.0,0.0,0.0,0.0,1.0
15279.0,35.01033985439776,1.1500138757639462,44.3317852766143,79.22708858347265,1.0,80.55799999999999,103.0,1.0,0.0,0.0,0.0,0.0,0.0
20906.0,48.27574515106296,1.2394606207423622,60.02518566856935,100.0,0.0,91.812,96.0,1.0,0.0,0.0,0.0,0.0,0.0
11270.0,60.55563096238362,1.123436285574383,34.39233892463639,52.13564825571956,0.0,72.53999999999999,191.0,1.0,0.0,1.0,0.0,0.0,0.0
49913.0,20.0,1.5,100.0,100.0,2.0,149.826,96.0,1.0,1.0,0.0,0.0,0.0,0.0
39655.0,32.245074360645795,1.5,100.0,100.0,2.0,129.31,95.0,1.0,1.0,0.0,0.0,0.0,0.0
44945.0,20.0,1.5,100.0,100.0,4.0,139.89,97.0,1.0,0.0,0.0,0.0,0.0,0.0
43347.0,33.20852612913295,1.5,100.0,100.0,4.0,136.69400000000002,95.0,1.0,0.0,0.0,0.0,0.0,1.0
26482.0,40.7432112273982,1.5,88.98162768531778,100.0,0.0,102.964,101.0,1.0,0.0,0.0,0.0,0.0,0.0
37085.0,39.71097199504338,1.5,100.0,100.0,3.0,124.17,98.0,1.0,0.0,1.0,0.0,0.0,0.0
17768.0,45.20020190125948,1.3543599648940936,65.88823908150324,91.60764355057358,0.0,85.536,105.0,1.0,0.0,0.0,0.0,0.0,0.0
14408.0,37.352606323313466,1.0888709769383769,47.87352721738516,74.62209266734993,0.0,78.816,218.0,1.0,0.0,0.0,0.0,0.0,0.0
22995.0,45.09872751347172,1.119264311879071,70.21826980042944,100.0,3.0,95.99,113.0,0.0,0.0,1.0,0.0,0.0,0.0
36027.0,20.814501124907423,1.5,100.0,100.0,2.0,122.054,102.0,0.0,0.0,0.0,0.0,1.0,0.0
29073.0,36.486319924466486,1.5,100.0,100.0,3.0,108.146,98.0,0.0,0.0,1.0,0.0,0.0,0.0
39794.0,51.93408513479764,1.5,100.0,100.0,3.0,129.588,88.0,0.0,0.0,0.0,1.0,0.0,0.0
41559.0,47.22282372650395,1.5,100.0,100.0,4.0,133.118,96.0,0.0,0.0,0.0,1.0,0.0,0.0
25930.0,30.52200755727796,1.5,79.79938609531015,100.0,2.0,101.86,84.0,0.0,1.0,0.0,0.0,0.0,1.0
21394.0,48.57257044576148,1.0722078596113676,79.86467870768192,100.0,3.0,92.788,120.0,0.0,1.0,0.0,0.0,0.0,0.0
21884.0,39.290534995735975,1.2657210730157291,69.30428547113502,100.0,0.0,93.768,91.0,0.0,0.0,0.0,0.0,0.0,0.0
15591.0,36.02323050380259,1.1802774862680816,44.36219224691297,79.76905241832067,0.0,81.182,86.0,0.0,0.0,0.0,0.0,0.0,0.0
23821.0,48.49869962899016,1.178401864306187,70.85733346970913,100.0,2.0,97.642,113.0,0.0,0.0,0.0,0.0,0.0,0.0
50576.0,55.728628357410216,1.5,100.0,100.0,3.0,151.152,102.0,0.0,0.0,0.0,0.0,0.0,0.0
19492.0,50.63157861907264,1.3741038494878488,63.73676178971576,96.0532709389823,0.0,88.98400000000001,108.0,0.0,0.0,0.0,0.0,0.0,0.0
14267.0,20.0,1.1293078662392135,45.63302243077558,67.16506857269647,1.0,78.53399999999999,199.0,0.0,1.0,0.0,0.0,0.0,1.0
19481.0,49.70956090071571,1.3501777646333146,57.94598359529601,95.6606326243172,0.0,88.962,97.0,0.0,0.0,0.0,0.0,0.0,0.0
41304.0,39.67570471708999,1.5,100.0,100.0,1.0,132.608,91.0,0.0,0.0,1.0,0.0,0.0,0.0
39100.0,36.16988104830195,1.5,100.0,100.0,2.0,128.2,100.0,0.0,0.0,1.0,0.0,0.0,0.0
31226.0,54.700134764330414,1.5,97.70942924854614,100.0,1.0,112.452,93.0,0.0,0.0,0.0,0.0,0.0,0.0
30303.0,50.61741228605017,1.5,97.10423077062212,100.0,2.0,110.606,108.0,0.0,0.0,0.0,0.0,0.0,0.0
14253.0,38.03586703336121,1.1864868548953686,52.09906343662473,66.70459558412679,1.0,78.506,224.0,0.0,0.0,0.0,0.0,0.0,0.0
25973.0,47.97819353446136,1.5,94.6177987096756,100.0,2.0,101.946,99.0,0.0,0.0,0.0,0.0,0.0,0.0
17200.0,48.97851837677708,1.1681653078920824,48.03746517410202,87.48154322769945,0.0,84.4,100.0,0.0,0.0,0.0,0.0,0.0,0.0
29850.0,32.602599467685664,1.5,94.21949732741597,100.0,3.0,109.7,97.0,0.0,0.0,0.0,0.0,0.0,0.0
30265.0,44.02463412737618,1.5,98.26855686501284,100.0,3.0,110.53,92.0,0.0,0.0,1.0,0.0,0.0,0.0
6399.0,28.6306863010822,1.297889347699521,13.87659132755858,35.570720968819074,0.0,62.798,203.0,0.0,0.0,0.0,0.0,0.0,0.0
31752.0,52.27685817622815,1.5,100.0,100.0,0.0,113.504,89.0,0.0,0.0,0.0,0.0,0.0,0.0
52656.0,55.926803868379096,1.5,100.0,100.0,6.0,155.312,104.0,0.0,0.0,0.0,0.0,0.0,0.0
48499.0,34.419275454514235,1.5,100.0,100.0,4.0,146.998,109.0,0.0,0.0,0.0,1.0,0.0,0.0
47166.0,27.794964691910288,1.5,100.0,100.0,3.0,144.332,95.0,0.0,0.0,0.0,0.0,0.0,0.0
25486.0,20.0,1.5,86.09226444929494,100.0,4.0,100.972,103.0,0.0,0.0,0.0,0.0,0.0,0.0
24189.0,50.593945722459,1.2131059211640396,88.69775972374899,100.0,3.0,98.378,110.0,0.0,1.0,0.0,0.0,0.0,0.0
39401.0,27.589332864218413,1.5,100.0,100.0,3.0,128.80200000000002,95.0,0.0,0.0,0.0,0.0,0.0,0.0
19386.0,45.96885007716803,1.359081233200514,68.99867854995911,92.68973286356226,0.0,88.77199999999999,96.0,0.0,0.0,0.0,0.0,0.0,0.0
22211.0,35.587103209146846,1.268784540455756,80.33680087751239,100.0,1.0,94.422,112.0,0.0,0.0,0.0,0.0,0.0,0.0
25625.0,30.3918897784274,1.5,90.08204752382284,100.0,1.0,101.25,90.0,0.0,0.0,0.0,0.0,0.0,0.0
26757.0,38.1661897302883,1.5,94.69486065084904,100.0,1.0,103.514,97.0,0.0,0.0,1.0,0.0,0.0,0.0
17818.0,54.80231292781542,1.1733593735389751,68.77298423831814,88.30634281909678,0.0,85.636,117.0,0.0,0.0,0.0,0.0,0.0,0.0
11941.0,35.69876262301487,1.3096565639248554,39.43053049832633,57.717987172292666,0.0,73.882,186.0,0.0,0.0,0.0,1.0,0.0,0.0
10390.0,47.937577639604775,1.366110424819528,37.75383261029548,55.50188086332252,1.0,70.78,180.0,0.0,0.0,0.0,0.0,0.0,0.0
24761.0,26.9349421692019,1.005856077745711,79.53343225450129,100.0,2.0,99.522,85.0,0.0,1.0,0.0,0.0,0.0,1.0
38781.0,32.49650152778091,1.5,100.0,100.0,1.0,127.562,109.0,0.0,1.0,0.0,0.0,0.0,0.0
21250.0,46.52469921683076,1.3990332444117275,78.95734668599857,100.0,3.0,92.5,105.0,0.0,0.0,0.0,0.0,0.0,0.0
24658.0,46.26413002936269,1.1572593197301635,91.2381900586125,100.0,2.0,99.316,93.0,0.0,0.0,0.0,0.0,0.0,0.0
16336.0,54.32237185824371,1.0727794781573636,60.800660663704136,83.85622830529661,0.0,82.672,102.0,0.0,0.0,0.0,0.0,1.0,0.0
11246.0,52.26380125984288,1.0570112719496092,47.46996486214593,55.259487774685134,1.0,72.492,181.0,1.0,0.0,1.0,0.0,0.0,0.0
23681.0,59.38054447050992,1.3287177775869508,85.81231442232708,100.0,1.0,97.362,95.0,1.0,0.0,0.0,0.0,0.0,1.0
19360.0,36.60032554938725,1.1503707031845978,70.79177866894597,100.0,1.0,88.72,94.0,1.0,0.0,0.0,0.0,0.0,0.0
13668.0,47.14652869283658,1.264158764223849,49.23743714683188,69.81625820074981,2.0,77.336,216.0,1.0,0.0,0.0,0.0,0.0,0.0
29837.0,39.56555445098781,1.5,98.95415297746976,100.0,1.0,109.674,108.0,1.0,0.0,0.0,1.0,0.0,0.0
31736.0,39.825561554824446,1.5,100.0,100.0,3.0,113.472,116.0,1.0,0.0,0.0,0.0,0.0,0.0
23669.0,40.90728124185975,1.19432337364352,87.47629307344657,100.0,3.0,97.338,108.0,1.0,0.0,0.0,0.0,0.0,0.0
10952.0,40.56723498380882,1.2151302148518042,27.138957194410903,51.70256533429792,0.0,71.904,216.0,1.0,0.0,1.0,0.0,0.0,0.0
7684.0,49.29536292269313,1.2441441163518376,19.96960710130188,34.69374669547889,0.0,65.368,221.0,1.0,0.0,0.0,0.0,0.0,0.0
37515.0,39.27506634061328,1.5,100.0,100.0,4.0,125.03,109.0,1.0,1.0,0.0,0.0,0.0,0.0
21747.0,64.4572088489243,1.180215227746195,78.45067015110669,100.0,2.0,93.494,120.0,1.0,0.0,0.0,0.0,0.0,0.0
20940.0,20.0,1.3969245492955298,70.85950698127319,100.0,0.0,91.88,113.0,1.0,0.0,0.0,0.0,0.0,0.0
59463.0,35.99365809832182,1.5,100.0,100.0,0.0,168.926,99.0,1.0,0.0,0.0,0.0,0.0,0.0
12051.0,44.481307311863965,1.105334725229309,36.11914082910005,57.43130205128784,1.0,74.102,219.0,1.0,0.0,0.0,0.0,0.0,0.0
24420.0,50.6948263408266,1.1984098885007446,78.64757920439435,100.0,2.0,98.84,113.0,1.0,0.0,0.0,0.0,0.0,0.0
18085.0,49.05891568955756,1.3474829213673112,55.21670743736299,94.87192683288777,1.0,86.17,105.0,1.0,0.0,0.0,1.0,0.0,0.0
33392.0,31.61775474577744,1.5,100.0,100.0,3.0,116.784,92.0,1.0,0.0,0.0,0.0,0.0,0.0
28545.0,21.428640842976783,1.5,100.0,100.0,4.0,107.09,100.0,1.0,0.0,0.0,0.0,0.0,1.0
21100.0,41.92244988123243,1.0156417620944866,76.72012577776697,100.0,1.0,92.2,108.0,1.0,0.0,0.0,0.0,0.0,1.0
24841.0,49.8425890409457,1.3197921969774264,89.32698782836925,100.0,2.0,99.682,107.0,1.0,1.0,0.0,0.0,0.0,0.0
35208.0,43.06130525585783,1.5,100.0,100.0,5.0,120.416,90.0,0.0,0.0,0.0,0.0,0.0,0.0
53374.0,30.66302332952726,1.5,100.0,100.0,1.0,156.748,127.0,0.0,0.0,0.0,0.0,0.0,0.0
21956.0,51.221928271978186,1.0826267203572846,75.42839806032829,100.0,3.0,93.912,106.0,0.0,0.0,0.0,0.0,0.0,0.0
46937.0,36.3974949718319,1.5,100.0,100.0,2.0,143.874,93.0,0.0,0.0,0.0,0.0,0.0,0.0
49428.0,40.77156714653697,1.5,100.0,100.0,1.0,148.856,104.0,0.0,0.0,0.0,0.0,0.0,0.0
26177.0,49.3266045939021,1.5,90.64980124081372,100.0,1.0,102.354,85.0,0.0,0.0,1.0,0.0,0.0,0.0
38819.0,28.576424838085384,1.5,100.0,100.0,2.0,127.638,108.0,0.0,0.0,1.0,0.0,0.0,0.0
17950.0,54.11352581451402,1.2700194899390953,58.83794786307682,85.74495314421584,2.0,85.9,93.0,0.0,0.0,0.0,0.0,0.0,0.0
30599.0,24.738866300974426,1.5,100.0,100.0,1.0,111.198,97.0,0.0,0.0,0.0,0.0,0.0,0.0
11800.0,40.3159034216924,1.0817465528891983,42.649842051742255,54.14272437493014,1.0,73.6,211.0,0.0,0.0,0.0,0.0,0.0,0.0
32724.0,23.68419825589186,1.5,100.0,100.0,2.0,115.448,95.0,0.0,0.0,1.0,0.0,0.0,0.0
24061.0,44.40766885174295,1.3765261723029485,87.88497515589111,100.0,1.0,98.122,120.0,0.0,0.0,0.0,0.0,0.0,0.0
26294.0,44.62612458228989,1.5,81.88849676972521,100.0,3.0,102.588,84.0,0.0,0.0,0.0,1.0,0.0,0.0
32528.0,21.451139073241997,1.5,100.0,100.0,2.0,115.056,119.0,0.0,1.0,0.0,0.0,0.0,0.0
10939.0,42.98865248131748,1.046306029819991,40.1571695952958,57.7857453878472,1.0,71.878,214.0,0.0,1.0,0.0,0.0,0.0,0.0
52780.0,26.88473340800691,1.5,100.0,100.0,1.0,155.56,105.0,0.0,0.0,0.0,0.0,0.0,0.0
8312.0,67.4024140344811,1.089217746366811,21.95120807902773,42.49098319625014,0.0,66.624,198.0,0.0,0.0,0.0,0.0,0.0,0.0
18858.0,58.01078796061613,1.0275754484996462,57.187647761453256,93.29103426356151,1.0,87.71600000000001,99.0,0.0,0.0,0.0,0.0,0.0,0.0
29459.0,41.34910038082826,1.5,94.37320697906968,100.0,0.0,108.918,105.0,0.0,0.0,0.0,0.0,0.0,0.0
23724.0,63.7313207422191,1.2942888551540346,71.74938179727832,100.0,2.0,97.448,89.0,0.0,0.0,0.0,0.0,0.0,0.0
8424.0,41.415476056461,1.1358332149781063,18.08119109073552,42.2029763297123,0.0,66.848,195.0,0.0,0.0,0.0,0.0,0.0,0.0
43611.0,34.384323878058254,1.5,100.0,100.0,0.0,137.22199999999998,112.0,0.0,0.0,1.0,0.0,0.0,0.0
48078.0,33.03403903791273,1.5,100.0,100.0,5.0,146.156,105.0,0.0,0.0,0.0,0.0,0.0,0.0
19169.0,34.109005855887595,1.1867493594228098,57.0937807690965,95.2298655837992,2.0,88.338,111.0,0.0,0.0,0.0,0.0,0.0,0.0
44573.0,38.725208916829935,1.5,100.0,100.0,1.0,139.14600000000002,110.0,0.0,0.0,0.0,0.0,0.0,0.0
5844.0,40.96208090524553,1.0723936149410054,18.518589880773376,33.03516425510015,1.0,61.688,184.0,0.0,0.0,0.0,0.0,0.0,0.0
23753.0,40.54135924438585,1.108006774352961,88.85191542481084,100.0,2.0,97.506,97.0,0.0,0.0,0.0,1.0,0.0,0.0
20802.0,57.98881157844504,1.132631555966273,74.20918982336494,100.0,1.0,91.604,95.0,0.0,0.0,0.0,0.0,0.0,0.0
18059.0,64.45395663845342,1.2891390631541086,62.382534022768695,95.10939351965956,0.0,86.118,102.0,0.0,0.0,0.0,0.0,0.0,0.0
43680.0,52.14006105578865,1.5,100.0,100.0,2.0,137.36,100.0,0.0,0.0,0.0,0.0,0.0,0.0
41762.0,27.937743700370188,1.5,100.0,100.0,0.0,133.524,83.0,0.0,0.0,0.0,1.0,0.0,0.0
43318.0,32.37091045330288,1.5,100.0,100.0,3.0,136.636,110.0,0.0,0.0,1.0,0.0,0.0,0.0
21337.0,33.83087896523768,1.2979696477572302,68.82256270633395,100.0,1.0,92.674,109.0,0.0,0.0,0.0,0.0,0.0,0.0
18238.0,55.64713205319403,1.211569802554602,63.70444878327353,95.1032938375144,0.0,86.476,94.0,0.0,0.0,0.0,0.0,0.0,1.0
10689.0,69.16448192638572,1.0980728328654206,41.14959835139796,49.91569409921792,2.0,71.378,188.0,0.0,0.0,0.0,0.0,0.0,0.0
54808.0,29.206043831251264,1.5,100.0,100.0,0.0,159.616,121.0,0.0,0.0,0.0,0.0,0.0,0.0
34576.0,32.6854845733956,1.5,100.0,100.0,2.0,119.152,107.0,0.0,0.0,1.0,0.0,0.0,0.0
29238.0,36.9308433122205,1.5,100.0,100.0,4.0,108.476,104.0,0.0,0.0,1.0,0.0,0.0,0.0
34749.0,52.72009991282727,1.5,100.0,100.0,2.0,119.498,103.0,0.0,0.0,0.0,1.0,0.0,0.0
18702.0,65.22842401852272,1.367923365515857,71.97809945823674,88.56468832011286,5.0,87.404,101.0,0.0,0.0,0.0,0.0,0.0,0.0
25944.0,34.94630174171519,1.5,87.32017120001939,100.0,3.0,101.888,120.0,0.0,1.0,0.0,0.0,0.0,0.0
11265.0,40.98533205834813,1.1297261407171404,37.9650307069502,61.029682160602064,0.0,72.53,187.0,0.0,0.0,1.0,0.0,0.0,0.0
46018.0,50.478321594976194,1.5,100.0,100.0,1.0,142.036,94.0,0.0,0.0,0.0,0.0,0.0,0.0
15746.0,40.59631205569543,1.06009159959284,59.03874593486431,79.27984166230024,0.0,81.492,101.0,0.0,0.0,1.0,0.0,0.0,0.0
54602.0,24.051832946696344,1.5,100.0,100.0,2.0,159.204,74.0,0.0,0.0,0.0,0.0,0.0,0.0
43709.0,26.88659940934634,1.5,100.0,100.0,2.0,137.418,95.0,0.0,0.0,0.0,0.0,0.0,0.0
34859.0,36.34206755144725,1.5,100.0,100.0,1.0,119.718,100.0,0.0,0.0,1.0,0.0,0.0,0.0
33779.0,36.76692082891667,1.5,100.0,100.0,1.0,117.558,95.0,0.0,0.0,1.0,0.0,0.0,0.0
17877.0,31.48648636801833,1.0706104442374118,59.35962750998666,93.81339080783104,0.0,85.75399999999999,100.0,0.0,0.0,0.0,0.0,1.0,0.0
28112.0,29.30286875438073,1.5,100.0,100.0,1.0,106.224,95.0,1.0,0.0,0.0,0.0,0.0,0.0
24876.0,43.85371708736376,1.0577510753426602,89.7864065431281,100.0,2.0,99.752,88.0,1.0,0.0,0.0,0.0,0.0,1.0
25156.0,36.28603595367233,1.5,81.38860968290322,100.0,3.0,100.312,104.0,1.0,0.0,0.0,0.0,0.0,0.0
16199.0,48.63603232771752,1.2520240695321398,49.63163083909756,80.1628923919431,1.0,82.398,98.0,1.0,1.0,0.0,0.0,0.0,0.0
29802.0,23.618332272764537,1.5,92.25778279084774,100.0,3.0,109.604,81.0,1.0,0.0,0.0,0.0,0.0,0.0
20223.0,38.86576947950607,1.0613873993399454,58.87997138418042,99.60537623673852,1.0,90.446,104.0,1.0,0.0,0.0,0.0,0.0,0.0
15669.0,45.17935595274642,1.2998030360989548,58.02947845012052,76.15968103384714,1.0,81.338,100.0,1.0,0.0,0.0,0.0,0.0,0.0
33412.0,29.11155210868956,1.5,100.0,100.0,2.0,116.824,102.0,1.0,1.0,0.0,0.0,0.0,0.0
40690.0,47.04738401364524,1.5,100.0,100.0,4.0,131.38,86.0,1.0,0.0,1.0,0.0,0.0,0.0
27568.0,24.084337425923835,1.5,95.77242678170862,100.0,1.0,105.136,94.0,1.0,0.0,0.0,0.0,0.0,0.0
37971.0,42.07346225766155,1.5,100.0,100.0,2.0,125.942,95.0,1.0,0.0,0.0,0.0,0.0,0.0
46404.0,28.917047022916197,1.5,100.0,100.0,2.0,142.808,101.0,1.0,0.0,1.0,0.0,0.0,0.0
34620.0,31.89186297895929,1.5,100.0,100.0,0.0,119.24,107.0,1.0,0.0,1.0,0.0,0.0,0.0
7919.0,53.31661651634201,1.3484299124107733,27.2681763619229,35.78239046419192,1.0,65.838,178.0,1.0,0.0,1.0,0.0,0.0,0.0
13172.0,32.91413690931879,1.1454413303636857,35.44290281462816,64.05575462707857,1.0,76.344,196.0,1.0,0.0,0.0,0.0,0.0,0.0
9779.0,54.986274853723,1.0389151601086275,35.93662740418264,44.78008387271805,1.0,69.55799999999999,195.0,1.0,0.0,0.0,0.0,0.0,0.0
29941.0,34.783470226865624,1.5,97.17300885387318,100.0,2.0,109.882,111.0,1.0,1.0,0.0,0.0,0.0,0.0
44240.0,51.80521246466558,1.5,100.0,100.0,2.0,138.48000000000002,98.0,1.0,0.0,0.0,0.0,0.0,0.0
23037.0,49.36713325469623,1.3779585846450613,83.99029132980652,100.0,3.0,96.074,116.0,1.0,0.0,0.0,0.0,0.0,0.0
19225.0,27.716533670708117,1.0569767546292883,60.55416276192699,100.0,0.0,88.45,83.0,1.0,0.0,0.0,0.0,1.0,0.0
15848.0,20.0,1.1628753493697566,45.53731106436538,76.10854852648916,2.0,81.696,110.0,1.0,0.0,0.0,0.0,0.0,0.0
7772.0,29.45908415425828,1.0858002836485263,24.722546373187782,42.22500610868296,1.0,65.544,201.0,1.0,1.0,0.0,0.0,0.0,0.0
31913.0,39.20037223078297,1.5,100.0,100.0,0.0,113.826,99.0,1.0,0.0,0.0,0.0,1.0,0.0
24942.0,36.12102185253773,1.1359241566670275,81.63741746266214,100.0,5.0,99.884,82.0,0.0,0.0,0.0,0.0,0.0,0.0
29834.0,32.36758604457776,1.5,100.0,100.0,3.0,109.668,132.0,0.0,0.0,0.0,0.0,0.0,1.0
15110.0,52.99447695372496,1.3558048273333223,48.711084474795285,77.60774951230249,0.0,80.22,105.0,0.0,0.0,0.0,1.0,0.0,0.0
24812.0,63.29361638742827,1.3467903104143115,86.96011682683348,100.0,4.0,99.624,96.0,0.0,0.0,0.0,0.0,0.0,0.0
28040.0,20.0,1.5,92.89071451962464,100.0,3.0,106.08,87.0,0.0,0.0,0.0,0.0,0.0,0.0
44924.0,39.477686495173344,1.5,100.0,100.0,1.0,139.848,113.0,0.0,0.0,0.0,0.0,0.0,1.0
36540.0,45.58240239552771,1.5,100.0,100.0,4.0,123.08,107.0,0.0,1.0,0.0,0.0,0.0,0.0
27380.0,39.360608739456126,1.5,89.505800232345,100.0,1.0,104.76,99.0,0.0,0.0,1.0,0.0,0.0,0.0
32138.0,52.09176320330603,1.5,98.5803245686046,100.0,3.0,114.276,88.0,0.0,0.0,0.0,0.0,1.0,0.0
30090.0,46.70324553519581,1.5,100.0,100.0,1.0,110.18,94.0,0.0,1.0,0.0,0.0,0.0,0.0
24046.0,43.01214597733075,1.2908571154960955,75.11542268256733,100.0,1.0,98.092,94.0,0.0,0.0,0.0,0.0,0.0,0.0
43635.0,35.11334243887907,1.5,100.0,100.0,2.0,137.26999999999998,96.0,0.0,0.0,1.0,0.0,0.0,0.0
37987.0,39.867665822158514,1.5,100.0,100.0,4.0,125.974,88.0,0.0,0.0,0.0,0.0,1.0,0.0
25193.0,20.0,1.5,90.31190347726324,100.0,0.0,100.386,98.0,0.0,0.0,0.0,0.0,1.0,0.0
25820.0,34.065282781581786,1.5,90.9342706299676,100.0,3.0,101.64,106.0,0.0,0.0,1.0,0.0,0.0,0.0
26658.0,31.492442740706668,1.5,91.4006299194584,100.0,2.0,103.316,94.0,0.0,0.0,0.0,0.0,0.0,0.0
40122.0,23.28135666848826,1.5,100.0,100.0,3.0,130.244,95.0,0.0,0.0,0.0,0.0,1.0,0.0
28811.0,40.976804853784046,1.5,100.0,100.0,1.0,107.622,83.0,0.0,0.0,0.0,0.0,0.0,0.0
36703.0,24.983181049300164,1.5,100.0,100.0,2.0,123.406,94.0,0.0,0.0,0.0,0.0,0.0,0.0
25171.0,41.40151221635428,1.5,89.7368527541422,100.0,3.0,100.342,98.0,0.0,0.0,0.0,0.0,0.0,0.0
18538.0,47.37900388726779,1.206589960841126,62.232841455986026,92.93876545896109,0.0,87.076,95.0,0.0,0.0,0.0,0.0,0.0,0.0
33330.0,35.81095912685246,1.5,100.0,100.0,0.0,116.66,96.0,0.0,0.0,0.0,0.0,0.0,0.0
29276.0,20.0,1.5,91.83275681414064,100.0,0.0,108.552,120.0,0.0,0.0,1.0,0.0,0.0,0.0
19899.0,55.21682393487114,1.2990909633098973,68.61565661139024,100.0,0.0,89.798,104.0,0.0,0.0,0.0,0.0,0.0,0.0
21486.0,47.68972245056758,1.3255595867833814,68.92399070160621,100.0,0.0,92.972,92.0,0.0,0.0,0.0,0.0,0.0,0.0
42956.0,43.51613050827115,1.5,100.0,100.0,7.0,135.912,101.0,0.0,0.0,0.0,0.0,0.0,0.0
16815.0,45.11573735216094,1.112080978823733,50.21626510052557,85.66133338418153,0.0,83.63,92.0,0.0,1.0,0.0,0.0,0.0,0.0
12083.0,37.71962343145685,1.2433806036918655,38.3497765129992,57.71070263276754,1.0,74.166,193.0,0.0,0.0,0.0,1.0,0.0,0.0
28750.0,28.071209013682108,1.5,100.0,100.0,3.0,107.5,105.0,0.0,1.0,0.0,0.0,0.0,0.0
28005.0,37.94665986580531,1.5,86.79047980687724,100.0,1.0,106.01,83.0,0.0,0.0,0.0,0.0,0.0,0.0
18982.0,38.29720255032231,1.2608862401515937,54.60331559988833,94.57585694876332,1.0,87.964,97.0,0.0,0.0,0.0,0.0,0.0,1.0
37887.0,38.26661345069257,1.5,100.0,100.0,6.0,125.774,96.0,0.0,1.0,0.0,0.0,0.0,1.0
44973.0,43.17466765479932,1.5,100.0,100.0,2.0,139.946,89.0,0.0,0.0,0.0,0.0,0.0,0.0
15400.0,37.764667445466415,1.2562862037174596,46.17086685335962,81.31284359550791,0.0,80.8,94.0,0.0,0.0,1.0,0.0,0.0,0.0
40761.0,33.311132084364715,1.5,100.0,100.0,1.0,131.522,96.0,0.0,0.0,0.0,0.0,0.0,0.0
32766.0,20.0,1.5,100.0,100.0,2.0,115.532,110.0,0.0,0.0,1.0,0.0,0.0,1.0
19798.0,52.66903772701838,1.340464540772582,66.24859764919294,99.63416012218988,1.0,89.596,116.0,0.0,0.0,0.0,0.0,0.0,0.0
16604.0,43.97027121404683,1.3674065387883962,58.63707499764174,86.40714445107008,1.0,83.208,108.0,0.0,0.0,0.0,0.0,0.0,0.0
29306.0,32.3019776575328,1.5,91.11178945596214,100.0,0.0,108.612,125.0,0.0,0.0,0.0,0.0,0.0,0.0
11444.0,55.89974030088728,1.2803388873623915,39.01878436888688,60.659691285274725,1.0,72.888,217.0,0.0,0.0,0.0,0.0,0.0,0.0
37891.0,36.77085859945925,1.5,100.0,100.0,2.0,125.782,90.0,0.0,0.0,0.0,0.0,0.0,0.0
12690.0,32.89950987281637,1.2900795733573087,42.78910970451644,64.11902402903132,0.0,75.38,192.0,0.0,0.0,0.0,0.0,0.0,0.0
15891.0,28.940513517721907,1.1548319011872392,54.40498709115998,78.82349524054136,1.0,81.782,91.0,0.0,0.0,0.0,0.0,0.0,0.0
26125.0,24.568805780129384,1.5,86.5469470013618,100.0,2.0,102.25,109.0,0.0,0.0,0.0,0.0,0.0,1.0
6310.0,57.565425081952895,1.280302816584388,21.799577233810545,29.007656446873582,0.0,62.62,214.0,0.0,0.0,0.0,0.0,0.0,0.0
33600.0,35.64572934698649,1.5,100.0,100.0,2.0,117.2,101.0,1.0,0.0,0.0,0.0,1.0,0.0
23191.0,59.48441228599728,1.0312066447472807,76.9222093795984,100.0,2.0,96.382,93.0,1.0,0.0,0.0,0.0,0.0,0.0
12125.0,41.40032330366312,1.2441320493525272,31.7699791792078,57.90569513671071,2.0,74.25,205.0,1.0,1.0,0.0,0.0,0.0,0.0
16185.0,46.27648798400334,1.142396504714869,51.06864800470298,82.33268804033675,0.0,82.37,93.0,1.0,0.0,0.0,0.0,0.0,0.0
59279.0,44.746870267187134,1.5,100.0,100.0,3.0,168.558,93.0,1.0,0.0,1.0,0.0,0.0,0.0
41838.0,44.97641799958621,1.5,100.0,100.0,4.0,133.676,105.0,1.0,0.0,0.0,0.0,0.0,0.0
40360.0,41.51066323432736,1.5,100.0,100.0,2.0,130.72,94.0,1.0,0.0,0.0,0.0,0.0,0.0
29607.0,22.253047639428274,1.5,100.0,100.0,1.0,109.214,92.0,1.0,0.0,1.0,0.0,0.0,0.0
18628.0,49.56435890288429,1.2105928621803463,62.88607688329181,89.50680622556317,1.0,87.256,88.0,1.0,1.0,0.0,0.0,0.0,0.0
38259.0,39.79652909356267,1.5,100.0,100.0,0.0,126.518,102.0,1.0,1.0,0.0,0.0,0.0,0.0
13561.0,44.78514704814943,1.2691494313253204,43.375793657945216,66.64478628329202,0.0,77.122,204.0,1.0,0.0,0.0,0.0,0.0,0.0
57513.0,28.141669994060305,1.5,100.0,100.0,3.0,165.026,108.0,1.0,0.0,0.0,0.0,0.0,1.0
32536.0,52.79712382273502,1.5,100.0,100.0,4.0,115.072,101.0,1.0,0.0,0.0,0.0,1.0,1.0
40696.0,35.4967390355909,1.5,100.0,100.0,3.0,131.392,105.0,1.0,0.0,0.0,0.0,0.0,0.0
8839.0,59.33052448695141,1.3461289224296042,35.661962884664234,45.05221387270623,0.0,67.678,206.0,1.0,0.0,0.0,0.0,0.0,0.0
24044.0,49.65991560603767,1.3065719538123857,81.86213228361886,100.0,4.0,98.088,91.0,1.0,0.0,0.0,1.0,0.0,0.0
22027.0,41.8744187349333,1.0436692652399566,82.05595350874408,100.0,2.0,94.054,90.0,0.0,0.0,1.0,0.0,0.0,0.0
38412.0,23.885192166121303,1.5,100.0,100.0,3.0,126.824,101.0,0.0,0.0,0.0,0.0,0.0,0.0
34010.0,39.7868238862814,1.5,100.0,100.0,5.0,118.02,118.0,0.0,0.0,0.0,0.0,0.0,0.0
44268.0,20.0,1.5,100.0,100.0,5.0,138.536,107.0,0.0,0.0,0.0,0.0,0.0,0.0
43131.0,41.755715917409326,1.5,100.0,100.0,1.0,136.262,109.0,0.0,0.0,0.0,0.0,0.0,0.0
41080.0,30.639275577519008,1.5,100.0,100.0,0.0,132.16,107.0,0.0,0.0,1.0,0.0,0.0,1.0
29078.0,40.469242340738845,1.5,100.0,100.0,2.0,108.156,85.0,0.0,0.0,0.0,0.0,0.0,0.0
37946.0,20.0,1.5,100.0,100.0,0.0,125.892,103.0,0.0,0.0,0.0,0.0,0.0,0.0
38041.0,41.9683580630468,1.5,100.0,100.0,2.0,126.082,100.0,0.0,0.0,1.0,0.0,0.0,0.0
13044.0,43.8746254137423,1.2711503499786392,49.68249801473557,66.31850528644313,0.0,76.088,209.0,0.0,0.0,0.0,1.0,0.0,0.0
39831.0,32.87228242534172,1.5,100.0,100.0,0.0,129.662,111.0,0.0,0.0,0.0,0.0,0.0,0.0
37920.0,21.29610685763655,1.5,100.0,100.0,2.0,125.84,119.0,0.0,0.0,0.0,0.0,1.0,0.0
24162.0,49.48379696498615,1.2407599052518372,84.48882625922153,100.0,1.0,98.324,115.0,0.0,0.0,0.0,0.0,1.0,0.0
14353.0,24.86821045813101,1.353922413246554,48.32676439305122,74.90111686945893,1.0,78.706,183.0,0.0,0.0,0.0,1.0,0.0,0.0
32624.0,41.08705115196037,1.5,100.0,100.0,0.0,115.248,107.0,0.0,0.0,0.0,0.0,0.0,0.0
39197.0,37.15574588491226,1.5,100.0,100.0,6.0,128.394,101.0,0.0,0.0,0.0,0.0,0.0,0.0
19849.0,50.11219834788485,1.256638689698966,71.40814927460434,97.53088816120584,2.0,89.69800000000001,96.0,0.0,0.0,0.0,0.0,0.0,0.0
46366.0,56.883383274473786,1.5,100.0,100.0,0.0,142.732,98.0,0.0,0.0,1.0,0.0,0.0,0.0
22842.0,51.8562047052742,1.3722415663879253,73.42495398657083,100.0,3.0,95.684,108.0,0.0,0.0,0.0,0.0,0.0,0.0
21542.0,51.95501512345941,1.3713252736575887,66.09837708818608,100.0,0.0,93.084,105.0,0.0,0.0,0.0,0.0,0.0,0.0
29762.0,29.451945936982977,1.5,100.0,100.0,7.0,109.524,92.0,0.0,0.0,1.0,0.0,0.0,0.0
10362.0,45.12733231313216,1.0064311961096444,37.83732542425357,51.409341184483154,3.0,70.724,217.0,0.0,1.0,0.0,0.0,0.0,0.0
20646.0,26.70518153473081,1.3659882949537123,69.86144584164269,100.0,0.0,91.292,102.0,0.0,0.0,0.0,0.0,0.0,1.0
55858.0,50.7064887076662,1.5,100.0,100.0,2.0,161.716,98.0,0.0,0.0,0.0,0.0,0.0,0.0
25082.0,32.31258918709924,1.5,78.76602107426069,100.0,2.0,100.164,94.0,0.0,0.0,0.0,0.0,0.0,0.0
36661.0,39.84897299273506,1.5,100.0,100.0,1.0,123.322,95.0,0.0,0.0,0.0,0.0,0.0,0.0
48753.0,29.42088196793932,1.5,100.0,100.0,0.0,147.506,102.0,0.0,0.0,0.0,0.0,0.0,0.0
9242.0,46.380873198295504,1.2262860260183444,36.53665978309466,44.00960216163875,0.0,68.48400000000001,206.0,0.0,0.0,1.0,0.0,0.0,0.0
24057.0,46.74231298322752,1.0937187282350795,83.63808799159723,100.0,2.0,98.114,105.0,0.0,0.0,0.0,0.0,0.0,0.0
24741.0,46.780086153111874,1.0281382852669758,76.01529700980917,100.0,2.0,99.482,96.0,0.0,0.0,0.0,0.0,0.0,0.0
9854.0,30.5583731325097,1.0431531688724864,24.11596134103338,44.71571759959883,1.0,69.708,181.0,0.0,0.0,0.0,0.0,0.0,0.0
49927.0,29.96040718173299,1.5,100.0,100.0,4.0,149.85399999999998,95.0,0.0,0.0,0.0,0.0,0.0,0.0
13625.0,37.60228845082496,1.2359064477779629,53.469905952271645,71.96346566360245,1.0,77.25,186.0,0.0,0.0,0.0,0.0,0.0,0.0
54054.0,39.3197948246524,1.5,100.0,100.0,2.0,158.108,92.0,0.0,0.0,0.0,0.0,0.0,0.0
30040.0,69.43736062649339,1.5,100.0,100.0,1.0,110.08,97.0,0.0,0.0,0.0,0.0,0.0,0.0
15226.0,52.1318756438212,1.0161805960224313,56.626451516967975,81.08865182327985,3.0,80.452,99.0,0.0,0.0,0.0,0.0,0.0,1.0
9599.0,48.20789714083034,1.3001828224091567,24.138698194311694,47.95335491209029,0.0,69.19800000000001,203.0,0.0,0.0,0.0,0.0,0.0,0.0
23522.0,49.188951343402096,1.0896727284751049,72.48945443071001,100.0,2.0,97.044,105.0,0.0,0.0,0.0,0.0,0.0,0.0
44956.0,57.24976662650916,1.5,100.0,100.0,2.0,139.912,82.0,0.0,0.0,0.0,1.0,0.0,0.0
10165.0,51.159113526138825,1.039862927673916,27.68899001196743,53.73010549554042,2.0,70.33,207.0,0.0,0.0,0.0,0.0,0.0,0.0
20918.0,38.84702518043737,1.211389921640483,75.64609287965135,100.0,1.0,91.836,96.0,0.0,0.0,1.0,0.0,0.0,0.0
15703.0,23.65142110860118,1.3305978170074562,56.527236863406856,75.51005823096718,0.0,81.406,93.0,0.0,0.0,0.0,0.0,0.0,0.0
43716.0,26.944965857174125,1.5,100.0,100.0,3.0,137.43200000000002,84.0,0.0,0.0,0.0,0.0,0.0,1.0
11376.0,42.9347403907963,1.1024777530584862,42.69274135176616,56.03620429988312,1.0,72.752,196.0,0.0,0.0,0.0,0.0,0.0,0.0
38872.0,20.0,1.5,100.0,100.0,2.0,127.744,93.0,0.0,0.0,0.0,0.0,0.0,0.0
13078.0,33.12885253229692,1.099750712148828,43.26550308272962,69.49042653110583,0.0,76.156,194.0,0.0,0.0,0.0,0.0,0.0,0.0
30632.0,21.26842288366192,1.5,94.59080969701895,100.0,2.0,111.264,91.0,0.0,0.0,0.0,0.0,1.0,0.0
48547.0,20.0,1.5,100.0,100.0,2.0,147.094,97.0,1.0,0.0,0.0,0.0,0.0,0.0
21761.0,65.19587535200675,1.3625824473815027,71.06063337809152,100.0,5.0,93.522,106.0,1.0,0.0,0.0,0.0,0.0,1.0
18055.0,47.196962445653455,1.2655073210429002,53.87928062150971,90.08460273482343,0.0,86.11,89.0,1.0,0.0,0.0,0.0,0.0,0.0
8805.0,75.53032676902066,1.1412781219697234,21.942294521153123,45.80708967820864,0.0,67.61,183.0,1.0,0.0,0.0,0.0,0.0,0.0
45797.0,31.59945017422097,1.5,100.0,100.0,3.0,141.594,99.0,1.0,0.0,1.0,0.0,0.0,0.0
16141.0,33.61669235063104,1.1121893685279165,55.3009454702682,78.48842533645421,0.0,82.282,72.0,1.0,0.0,1.0,0.0,0.0,0.0
12832.0,35.690465777252484,1.1999012190525509,36.09202675771071,61.65749416224879,1.0,75.664,216.0,1.0,0.0,0.0,0.0,0.0,0.0
14075.0,54.74375176406308,1.326645284181768,46.61211538808371,68.7025407067044,1.0,78.15,177.0,1.0,0.0,0.0,0.0,0.0,0.0
43481.0,34.87113958104359,1.5,100.0,100.0,1.0,136.962,104.0,1.0,0.0,0.0,1.0,0.0,1.0
35627.0,38.140580957146526,1.5,100.0,100.0,2.0,121.254,88.0,1.0,0.0,0.0,0.0,0.0,0.0
33781.0,33.93559482571098,1.5,100.0,100.0,1.0,117.562,115.0,1.0,0.0,0.0,1.0,0.0,0.0
19318.0,40.27833603616412,1.2945360516400506,70.72656714909667,100.0,0.0,88.636,107.0,1.0,0.0,0.0,0.0,0.0,0.0
37670.0,32.86301183180852,1.5,100.0,100.0,2.0,125.34,94.0,1.0,0.0,0.0,0.0,0.0,0.0
51059.0,44.18185183548227,1.5,100.0,100.0,2.0,152.118,88.0,1.0,0.0,0.0,0.0,0.0,0.0
30486.0,45.9746195437617,1.5,100.0,100.0,3.0,110.972,115.0,1.0,0.0,0.0,0.0,0.0,0.0
42430.0,22.55663421074249,1.5,100.0,100.0,2.0,134.86,98.0,1.0,0.0,0.0,0.0,0.0,0.0
17804.0,43.69045021312412,1.0175230141725626,51.98161604065093,92.78454213810043,0.0,85.608,91.0,1.0,0.0,0.0,0.0,0.0,0.0
36442.0,51.73426827212656,1.5,100.0,100.0,1.0,122.884,85.0,1.0,0.0,0.0,0.0,0.0,0.0
57030.0,30.696794411474475,1.5,100.0,100.0,1.0,164.06,100.0,1.0,0.0,1.0,0.0,0.0,0.0
16555.0,34.20043904052324,1.011067272141744,61.79714785082276,86.45098642191928,0.0,83.11,89.0,1.0,0.0,1.0,0.0,0.0,0.0
19090.0,39.38524673638758,1.3632902690683402,58.3293824283888,99.5225557255742,1.0,88.18,110.0,1.0,0.0,0.0,0.0,0.0,0.0
19750.0,48.121318126380885,1.3589971448302878,74.13545230349425,100.0,2.0,89.5,100.0,1.0,0.0,1.0,0.0,0.0,0.0
43525.0,39.52763123394114,1.5,100.0,100.0,4.0,137.05,104.0,0.0,0.0,0.0,0.0,0.0,0.0
24970.0,28.327481267741216,1.0029102505810128,75.26749300871144,100.0,0.0,99.94,123.0,0.0,0.0,0.0,1.0,0.0,0.0
33093.0,37.846979254181086,1.5,100.0,100.0,2.0,116.186,93.0,0.0,0.0,0.0,0.0,0.0,0.0
14415.0,49.24133045476096,1.3467430810767365,52.1030569992623,72.36512865724713,1.0,78.83,196.0,0.0,1.0,0.0,0.0,0.0,0.0
27245.0,33.645534581369326,1.5,97.30897656744348,100.0,0.0,104.49,98.0,0.0,0.0,0.0,0.0,0.0,0.0
28984.0,34.38377658770241,1.5,99.71622469500116,100.0,1.0,107.968,89.0,0.0,0.0,1.0,0.0,0.0,0.0
42222.0,44.52192945332452,1.5,100.0,100.0,1.0,134.44400000000002,124.0,0.0,0.0,0.0,0.0,0.0,0.0
48821.0,41.82545794223646,1.5,100.0,100.0,2.0,147.642,98.0,0.0,0.0,0.0,0.0,0.0,0.0
33727.0,50.05170271932115,1.5,100.0,100.0,2.0,117.454,96.0,0.0,1.0,0.0,0.0,0.0,0.0
30497.0,33.09292998491012,1.5,100.0,100.0,3.0,110.994,100.0,0.0,0.0,0.0,0.0,0.0,1.0
22082.0,48.271991879589805,1.0821255402025771,67.4291340677799,100.0,0.0,94.164,89.0,0.0,0.0,1.0,0.0,0.0,0.0
36852.0,39.09673486015681,1.5,100.0,100.0,2.0,123.704,107.0,0.0,0.0,0.0,0.0,0.0,0.0
48539.0,37.79281726819448,1.5,100.0,100.0,2.0,147.078,108.0,0.0,0.0,0.0,0.0,0.0,0.0
47736.0,23.00458540295164,1.5,100.0,100.0,2.0,145.47199999999998,96.0,0.0,0.0,1.0,0.0,0.0,0.0
41515.0,40.405911166267344,1.5,100.0,100.0,3.0,133.03,88.0,0.0,0.0,1.0,0.0,0.0,1.0
18891.0,37.225803113004105,1.01352692409435,55.11286216682019,96.74802429282887,1.0,87.782,106.0,0.0,0.0,0.0,0.0,0.0,0.0
49805.0,36.44416676598609,1.5,100.0,100.0,4.0,149.61,93.0,0.0,1.0,0.0,0.0,0.0,0.0
28413.0,40.12596143375047,1.5,100.0,100.0,1.0,106.826,88.0,0.0,0.0,0.0,0.0,0.0,1.0
13709.0,50.11358096457372,1.2797452617060463,43.36909595337031,69.76925394039141,0.0,77.418,187.0,0.0,0.0,0.0,0.0,0.0,1.0
25752.0,32.148993440024654,1.5,93.55888983455591,100.0,1.0,101.504,111.0,0.0,0.0,0.0,0.0,0.0,0.0
24464.0,66.25094216190895,1.305390263287744,81.97896009606711,100.0,0.0,98.928,92.0,0.0,0.0,0.0,0.0,0.0,1.0
35091.0,20.0,1.5,100.0,100.0,5.0,120.182,90.0,0.0,0.0,0.0,0.0,0.0,0.0
20820.0,50.43315038401633,1.2230971704584583,68.76434504642037,99.82147242123226,0.0,91.64,87.0,0.0,0.0,1.0,0.0,0.0,0.0
29465.0,38.46592918088899,1.5,89.83002114971178,100.0,1.0,108.93,102.0,0.0,0.0,0.0,0.0,1.0,0.0
36313.0,36.42691290616127,1.5,100.0,100.0,1.0,122.626,107.0,0.0,0.0,0.0,0.0,0.0,0.0
26761.0,43.70311619615525,1.5,86.51542140388284,100.0,3.0,103.522,102.0,0.0,0.0,0.0,0.0,1.0,0.0
36813.0,32.454472883296575,1.5,100.0,100.0,4.0,123.626,94.0,0.0,0.0,0.0,0.0,0.0,0.0
28390.0,25.57741350118474,1.5,89.32377288114802,100.0,1.0,106.78,103.0,0.0,0.0,0.0,1.0,0.0,0.0
40605.0,35.56866504828336,1.5,100.0,100.0,4.0,131.20999999999998,82.0,0.0,0.0,0.0,0.0,0.0,0.0
46890.0,33.37588604076911,1.5,100.0,100.0,3.0,143.78,97.0,0.0,0.0,0.0,0.0,0.0,0.0
10603.0,46.84600516368548,1.0364087432667577,39.30513619410435,55.369573200205686,0.0,71.206,202.0,0.0,0.0,0.0,0.0,1.0,0.0
39146.0,52.44389401148905,1.5,100.0,100.0,2.0,128.292,92.0,0.0,0.0,0.0,0.0,0.0,0.0
13699.0,25.905979500116505,1.3717456567152,42.23639476417982,67.23577629075062,1.0,77.398,197.0,0.0,0.0,0.0,0.0,0.0,0.0
29299.0,42.33807729924053,1.5,93.11129899376763,100.0,1.0,108.598,90.0,0.0,0.0,0.0,0.0,1.0,0.0
34315.0,60.043478908765096,1.5,100.0,100.0,2.0,118.63,125.0,0.0,0.0,0.0,0.0,0.0,0.0
24558.0,49.6809821035566,1.3499997638135557,78.8773871354927,100.0,2.0,99.116,91.0,0.0,0.0,0.0,0.0,0.0,0.0
7388.0,51.66245161144576,1.2790867771297356,22.933705970983127,34.98091112330741,0.0,64.776,210.0,0.0,0.0,0.0,1.0,0.0,0.0
41598.0,39.73163670640544,1.5,100.0,100.0,2.0,133.196,93.0,0.0,0.0,0.0,0.0,0.0,0.0
20910.0,48.19890716564865,1.3797080734827096,73.41325514289476,100.0,2.0,91.82,101.0,0.0,0.0,0.0,0.0,0.0,0.0
24025.0,37.588568473755885,1.364279496554181,80.25471571934175,100.0,0.0,98.05,122.0,0.0,0.0,1.0,0.0,0.0,0.0
35728.0,23.42732398283478,1.5,100.0,100.0,2.0,121.456,87.0,0.0,0.0,0.0,1.0,0.0,0.0
9795.0,42.39014455301613,1.1768304139772947,24.303154921575175,45.40890361552423,0.0,69.59,200.0,0.0,0.0,1.0,0.0,0.0,0.0
20541.0,44.30088793870541,1.365712305838693,77.48158369687145,97.7375649794453,2.0,91.082,101.0,0.0,0.0,0.0,1.0,0.0,0.0
14449.0,55.36213950883156,1.1089124002886537,53.31999900804316,68.72209612875344,2.0,78.898,193.0,0.0,0.0,0.0,0.0,0.0,0.0
17336.0,39.60724243225651,1.120659989176079,52.535892498036425,85.46946267864783,2.0,84.672,112.0,0.0,0.0,0.0,0.0,0.0,0.0
36724.0,37.43538346691215,1.5,100.0,100.0,1.0,123.448,90.0,1.0,1.0,0.0,0.0,0.0,0.0
25180.0,24.18337424243545,1.5,85.43431547925152,100.0,1.0,100.36,84.0,1.0,0.0,0.0,0.0,0.0,0.0
6290.0,25.235982367953188,1.1295378635776627,13.06616264823795,35.050404411253325,1.0,62.58,206.0,1.0,0.0,0.0,0.0,1.0,0.0
35045.0,63.174506140620906,1.5,100.0,100.0,5.0,120.09,99.0,1.0,0.0,0.0,1.0,0.0,0.0
30183.0,38.153070329498085,1.5,100.0,100.0,2.0,110.366,99.0,1.0,0.0,1.0,0.0,0.0,0.0
24805.0,47.85619532746164,1.1146379370191095,81.00005610582966,100.0,1.0,99.61,92.0,1.0,0.0,1.0,0.0,0.0,0.0
19522.0,36.381669954884416,1.005162951643097,74.33368481271594,96.3459158578102,2.0,89.044,85.0,1.0,0.0,1.0,0.0,0.0,0.0
24669.0,34.104295356676445,1.007954394225402,74.48506688094078,100.0,3.0,99.338,85.0,1.0,0.0,0.0,0.0,1.0,0.0
31418.0,30.369716375251045,1.5,100.0,100.0,2.0,112.836,108.0,1.0,0.0,0.0,0.0,0.0,0.0
31721.0,34.107224264756674,1.5,100.0,100.0,3.0,113.442,107.0,1.0,0.0,0.0,0.0,0.0,0.0
36755.0,33.25270857838716,1.5,100.0,100.0,1.0,123.51,105.0,1.0,0.0,0.0,0.0,0.0,0.0
26610.0,35.100361261462915,1.5,81.67552878418252,100.0,0.0,103.22,85.0,1.0,0.0,0.0,0.0,0.0,0.0
55191.0,47.70718774379211,1.5,100.0,100.0,2.0,160.382,109.0,1.0,0.0,0.0,1.0,0.0,0.0
24834.0,59.78975409298521,1.0977123037424257,75.07927932383689,100.0,3.0,99.668,105.0,1.0,0.0,0.0,0.0,0.0,0.0
23081.0,37.19938221730427,1.3042086864529177,81.76296927983651,100.0,4.0,96.162,107.0,1.0,0.0,0.0,0.0,0.0,0.0
16942.0,42.8936344186808,1.070181238101522,55.95472835726997,82.43527894398973,0.0,83.884,84.0,1.0,0.0,0.0,0.0,0.0,0.0
22019.0,50.37449223779864,1.1099596895519903,67.99361194043988,100.0,0.0,94.038,89.0,1.0,0.0,0.0,0.0,0.0,0.0
14385.0,50.691788884116576,1.245136313013203,53.72041464515736,73.22349604943362,0.0,78.77,191.0,1.0,0.0,0.0,0.0,0.0,0.0
35228.0,43.61666186637238,1.5,100.0,100.0,2.0,120.456,110.0,0.0,0.0,1.0,0.0,0.0,0.0
26566.0,20.0,1.5,81.75387926825107,100.0,3.0,103.132,113.0,0.0,0.0,0.0,0.0,0.0,0.0
47853.0,26.153700814055227,1.5,100.0,100.0,1.0,145.70600000000002,83.0,0.0,0.0,0.0,0.0,0.0,0.0
63018.0,24.38883803123856,1.5,100.0,100.0,2.0,176.036,101.0,0.0,0.0,0.0,0.0,0.0,0.0
37115.0,24.265816053531665,1.5,100.0,100.0,2.0,124.23,77.0,0.0,1.0,0.0,0.0,0.0,0.0
25299.0,26.05632878100961,1.5,84.19507896162001,100.0,2.0,100.598,87.0,0.0,0.0,0.0,0.0,0.0,0.0
16712.0,59.49803236837947,1.363162280777993,62.2499638061471,86.86015842790107,1.0,83.424,101.0,0.0,0.0,0.0,0.0,0.0,0.0
42615.0,29.32610489384641,1.5,100.0,100.0,4.0,135.23000000000002,94.0,0.0,1.0,0.0,0.0,0.0,1.0
48259.0,55.40796883168623,1.5,100.0,100.0,2.0,146.518,98.0,0.0,0.0,0.0,0.0,0.0,0.0
22030.0,44.95382718746706,1.1988810699426704,71.19268872916811,100.0,3.0,94.06,102.0,0.0,0.0,0.0,1.0,0.0,0.0
16136.0,50.4121364720141,1.3065333479697827,52.76960346945228,78.70125426474384,0.0,82.27199999999999,91.0,0.0,0.0,0.0,0.0,0.0,0.0
50420.0,38.57037526970029,1.5,100.0,100.0,2.0,150.84,91.0,0.0,0.0,0.0,0.0,0.0,0.0
34626.0,20.0,1.5,100.0,100.0,1.0,119.252,107.0,0.0,0.0,1.0,0.0,0.0,0.0
35310.0,36.642533891018736,1.5,100.0,100.0,3.0,120.62,113.0,0.0,0.0,0.0,0.0,0.0,0.0
47292.0,41.04474136364963,1.5,100.0,100.0,1.0,144.584,101.0,0.0,0.0,0.0,0.0,0.0,1.0
54500.0,22.077088941669345,1.5,100.0,100.0,0.0,159.0,98.0,0.0,0.0,0.0,0.0,0.0,0.0
50510.0,61.60514132905966,1.5,100.0,100.0,0.0,151.01999999999998,100.0,0.0,0.0,0.0,0.0,0.0,0.0
14856.0,45.5961694824428,1.03618632583642,57.46253962768285,70.6511853770703,1.0,79.712,217.0,0.0,0.0,0.0,0.0,0.0,0.0
12496.0,42.9550586772758,1.3853302845669104,46.58323069351828,57.94161579247511,1.0,74.992,193.0,0.0,0.0,0.0,0.0,0.0,1.0
33762.0,20.0,1.5,100.0,100.0,0.0,117.524,91.0,0.0,0.0,0.0,0.0,0.0,0.0
28394.0,38.258226734510046,1.5,89.3489573223338,100.0,0.0,106.788,86.0,0.0,0.0,1.0,0.0,0.0,0.0
28470.0,44.00143367772469,1.5,87.70766858445106,100.0,4.0,106.94,77.0,0.0,0.0,0.0,0.0,0.0,0.0
15010.0,46.181999389453445,1.1550233577665732,46.81818558145865,74.6335577271187,0.0,80.02,116.0,0.0,0.0,0.0,0.0,0.0,0.0
45376.0,53.59437941929369,1.5,100.0,100.0,1.0,140.752,89.0,0.0,1.0,0.0,0.0,0.0,0.0
19451.0,60.03103054911516,1.1202883794274008,69.79562941810103,97.49008779824383,0.0,88.902,98.0,0.0,0.0,0.0,0.0,0.0,0.0
38942.0,48.43622799871907,1.5,100.0,100.0,1.0,127.884,91.0,0.0,0.0,1.0,0.0,0.0,0.0
30978.0,46.587840363374426,1.5,100.0,100.0,0.0,111.956,88.0,0.0,0.0,0.0,0.0,0.0,0.0
21033.0,41.32019508284173,1.2938072580358826,70.82168280957369,100.0,2.0,92.066,100.0,0.0,0.0,0.0,0.0,0.0,0.0
9535.0,55.49866239708052,1.2942411923759918,28.622426672827864,52.15584727401624,0.0,69.07,202.0,0.0,0.0,1.0,0.0,0.0,0.0
21513.0,34.703009988085405,1.2192992666619855,66.46292055510278,100.0,0.0,93.026,83.0,0.0,0.0,1.0,0.0,0.0,0.0
28245.0,28.974868852412836,1.5,95.3191407311109,100.0,2.0,106.49,101.0,0.0,0.0,0.0,0.0,0.0,0.0
37551.0,43.03087457328384,1.5,100.0,100.0,2.0,125.102,93.0,0.0,0.0,0.0,1.0,0.0,0.0
42031.0,37.480518423974246,1.5,100.0,100.0,1.0,134.062,111.0,0.0,0.0,1.0,0.0,0.0,0.0
42823.0,23.53591686406084,1.5,100.0,100.0,4.0,135.64600000000002,91.0,0.0,1.0,0.0,0.0,0.0,0.0
46720.0,37.30149916235776,1.5,100.0,100.0,1.0,143.44,109.0,0.0,0.0,0.0,0.0,0.0,0.0
46004.0,26.80593108821995,1.5,100.0,100.0,1.0,142.00799999999998,96.0,0.0,0.0,0.0,0.0,0.0,0.0
23306.0,48.18408109784272,1.34630813480114,71.6548292964874,100.0,1.0,96.612,87.0,0.0,0.0,0.0,0.0,0.0,0.0
8319.0,38.04135567362568,1.1589820314139598,33.256445557645776,43.37698939930481,1.0,66.638,194.0,0.0,0.0,0.0,1.0,0.0,0.0
30534.0,20.0,1.5,95.0178126193553,100.0,2.0,111.068,126.0,0.0,0.0,0.0,0.0,0.0,1.0
39204.0,39.04150601770366,1.5,100.0,100.0,1.0,128.40800000000002,116.0,0.0,0.0,0.0,0.0,1.0,0.0
16290.0,44.86127291766034,1.1366531536197688,53.29331462633195,86.3037972560352,0.0,82.58,100.0,0.0,0.0,0.0,0.0,0.0,0.0
31902.0,32.91149180117075,1.5,100.0,100.0,3.0,113.804,115.0,0.0,0.0,0.0,0.0,0.0,0.0
12423.0,44.18220921409801,1.200252730287203,31.98041480747512,64.5996142786643,0.0,74.846,198.0,0.0,0.0,1.0,0.0,0.0,0.0
24149.0,39.30131438238461,1.254317505208848,87.88619092312882,100.0,3.0,98.298,111.0,0.0,0.0,0.0,0.0,0.0,1.0
16381.0,39.44362930026506,1.2216791254639388,64.42751369880638,85.69704575324468,0.0,82.762,104.0,0.0,1.0,0.0,0.0,0.0,0.0
44605.0,51.53279869364655,1.5,100.0,100.0,3.0,139.20999999999998,94.0,0.0,0.0,0.0,0.0,0.0,0.0
21079.0,44.162285845263966,1.2361241357875188,71.775394560798,100.0,4.0,92.158,101.0,0.0,0.0,0.0,0.0,0.0,0.0
23892.0,27.04903104292096,1.2656486657003263,71.24868150296797,100.0,1.0,97.784,93.0,1.0,0.0,0.0,0.0,0.0,0.0
8498.0,30.28094790746688,1.1319843472926392,20.986456438314907,39.48915892636914,1.0,66.996,196.0,1.0,0.0,0.0,0.0,0.0,0.0
41595.0,34.358558637809125,1.5,100.0,100.0,0.0,133.19,92.0,1.0,0.0,1.0,0.0,0.0,0.0
14586.0,61.0898097074345,1.2617512400577784,56.09713987116282,77.22278930036994,0.0,79.172,178.0,1.0,1.0,0.0,0.0,0.0,0.0
9900.0,30.97615295860348,1.3547042630403483,33.2544094182948,53.31735119360649,0.0,69.8,195.0,1.0,0.0,1.0,0.0,0.0,0.0
22075.0,32.453221215613794,1.0348411913769509,63.7494624053982,100.0,1.0,94.15,107.0,1.0,0.0,0.0,0.0,0.0,0.0
40623.0,50.31289059084392,1.5,100.0,100.0,4.0,131.24599999999998,77.0,1.0,0.0,1.0,0.0,0.0,0.0
16133.0,51.22920658202949,1.360640867626552,63.5873343895543,81.1977389672262,0.0,82.26599999999999,97.0,1.0,0.0,0.0,0.0,0.0,0.0
25906.0,36.01793172177003,1.5,83.20890085647315,100.0,2.0,101.812,112.0,1.0,1.0,0.0,0.0,0.0,0.0
28206.0,39.63742309771964,1.5,92.82883544717288,100.0,1.0,106.412,82.0,1.0,0.0,0.0,0.0,0.0,0.0
24017.0,41.401998984164415,1.2281725345626944,83.34718252890836,100.0,3.0,98.034,90.0,1.0,0.0,0.0,0.0,0.0,1.0
42493.0,35.63482376994976,1.5,100.0,100.0,1.0,134.986,99.0,1.0,0.0,0.0,0.0,0.0,0.0
23240.0,46.01149391400197,1.314674806386266,78.56581470237917,100.0,2.0,96.48,110.0,1.0,0.0,0.0,0.0,0.0,0.0
25431.0,36.27567688405075,1.5,87.53770866650821,100.0,2.0,100.862,113.0,1.0,0.0,0.0,0.0,0.0,0.0
34082.0,30.83970278846491,1.5,100.0,100.0,2.0,118.164,99.0,1.0,0.0,0.0,1.0,0.0,0.0
49124.0,37.73438947653791,1.5,100.0,100.0,0.0,148.248,114.0,1.0,0.0,0.0,0.0,0.0,1.0
33251.0,36.37010921782576,1.5,100.0,100.0,3.0,116.502,92.0,1.0,0.0,0.0,0.0,0.0,0.0
46153.0,33.255571851995306,1.5,100.0,100.0,1.0,142.30599999999998,94.0,1.0,0.0,0.0,0.0,0.0,0.0
27616.0,35.505716863977504,1.5,87.84170752177138,100.0,1.0,105.232,87.0,1.0,1.0,0.0,0.0,0.0,0.0
44405.0,55.78198120219282,1.5,100.0,100.0,1.0,138.81,106.0,1.0,0.0,1.0,0.0,0.0,0.0
29442.0,39.11733793038165,1.5,100.0,100.0,0.0,108.884,95.0,1.0,0.0,0.0,0.0,0.0,0.0
23607.0,56.42879133961122,1.3218708154538996,83.32547239734944,100.0,1.0,97.214,105.0,1.0,0.0,0.0,0.0,1.0,0.0
19549.0,28.698276379602817,1.267223624614518,56.03142354780776,99.66455282931236,0.0,89.098,105.0,1.0,0.0,0.0,1.0,0.0,0.0
17110.0,48.9757851215676,1.1065765628242603,56.84747885910463,89.80587869643836,1.0,84.22,101.0,1.0,0.0,0.0,0.0,0.0,0.0
37789.0,46.92883730438514,1.5,100.0,100.0,4.0,125.578,101.0,0.0,0.0,0.0,0.0,1.0,0.0
28694.0,43.70329332467807,1.5,100.0,100.0,1.0,107.388,80.0,0.0,0.0,0.0,0.0,0.0,0.0
20420.0,24.632775237348167,1.0133568101806527,71.09462810034387,100.0,1.0,90.84,111.0,0.0,0.0,0.0,0.0,0.0,0.0
34991.0,36.06195102676867,1.5,100.0,100.0,2.0,119.982,92.0,0.0,0.0,0.0,0.0,0.0,0.0
24544.0,36.66591322315323,1.2279616748005064,77.07493261365067,100.0,0.0,99.088,96.0,0.0,0.0,1.0,0.0,0.0,1.0
15353.0,53.891141145825046,1.3639834037583811,51.91410100155116,78.01367490423233,0.0,80.706,100.0,0.0,0.0,0.0,0.0,0.0,0.0
19075.0,38.18753826449329,1.0639767047980146,69.62724250370835,90.96397797725324,0.0,88.15,103.0,0.0,0.0,0.0,0.0,0.0,0.0
19316.0,40.85518206727754,1.0317387943014829,59.5512102649446,93.99321791354552,0.0,88.632,107.0,0.0,0.0,0.0,0.0,0.0,0.0
16335.0,49.54192082021874,1.2918034852173574,56.05172979858804,79.72841343739056,0.0,82.67,99.0,0.0,0.0,0.0,1.0,0.0,0.0
42375.0,20.0,1.5,100.0,100.0,5.0,134.75,105.0,0.0,0.0,0.0,0.0,0.0,0.0
49625.0,32.719735746535434,1.5,100.0,100.0,1.0,149.25,101.0,0.0,0.0,0.0,0.0,0.0,0.0
21663.0,22.92255319467926,1.3629176461454335,63.327978099953285,100.0,0.0,93.326,87.0,0.0,0.0,0.0,0.0,0.0,0.0
59437.0,41.49448842594615,1.5,100.0,100.0,4.0,168.874,88.0,0.0,0.0,0.0,0.0,0.0,0.0
27273.0,20.0,1.5,99.21724161285915,100.0,1.0,104.546,88.0,0.0,1.0,0.0,0.0,0.0,0.0
11853.0,65.68945627831167,1.0804904329461564,39.009252990178425,56.14021614498495,2.0,73.706,182.0,0.0,0.0,0.0,0.0,0.0,0.0
35496.0,45.96764056570598,1.5,100.0,100.0,2.0,120.992,114.0,0.0,0.0,0.0,1.0,0.0,0.0
22833.0,60.35606721056091,1.0865156452166342,69.91668628631082,100.0,0.0,95.666,86.0,0.0,1.0,0.0,0.0,0.0,0.0
27026.0,53.5414343555011,1.5,94.0361352162926,100.0,0.0,104.052,110.0,0.0,1.0,0.0,0.0,0.0,0.0
17825.0,38.263979842819936,1.1352883011754815,62.66970875338982,84.75974964804024,0.0,85.65,112.0,0.0,0.0,1.0,0.0,0.0,0.0
42107.0,20.0,1.5,100.0,100.0,1.0,134.214,76.0,0.0,0.0,0.0,0.0,0.0,0.0
6411.0,51.4268948775492,1.342380968773074,18.77997438856174,36.352918686727314,1.0,62.822,191.0,0.0,0.0,0.0,1.0,0.0,0.0
21974.0,52.559631667413406,1.1978214147486437,64.16605265635937,100.0,0.0,93.948,115.0,0.0,0.0,0.0,0.0,1.0,0.0
22800.0,47.65722082622428,1.2357262717384727,84.60264471221788,100.0,3.0,95.6,102.0,0.0,0.0,0.0,0.0,0.0,0.0
50908.0,42.42683237876098,1.5,100.0,100.0,4.0,151.816,114.0,0.0,0.0,0.0,0.0,0.0,0.0
63933.0,31.185770506898265,1.5,100.0,100.0,3.0,177.866,97.0,0.0,0.0,0.0,0.0,0.0,0.0
52301.0,31.82547871779732,1.5,100.0,100.0,1.0,154.602,88.0,0.0,0.0,0.0,0.0,0.0,0.0
33972.0,39.168893323524,1.5,100.0,100.0,4.0,117.944,91.0,0.0,0.0,0.0,0.0,0.0,0.0
27939.0,35.658669713164954,1.5,97.44558926704238,100.0,2.0,105.878,88.0,0.0,0.0,0.0,0.0,0.0,0.0
29847.0,30.0976207340414,1.5,91.90175811658456,100.0,1.0,109.694,96.0,0.0,0.0,0.0,0.0,0.0,0.0
37901.0,31.42515605546491,1.5,100.0,100.0,6.0,125.802,94.0,0.0,0.0,0.0,0.0,0.0,0.0
35397.0,20.0,1.5,100.0,100.0,2.0,120.794,113.0,0.0,0.0,1.0,0.0,0.0,0.0
35680.0,47.51544004070491,1.5,100.0,100.0,0.0,121.36,84.0,0.0,0.0,0.0,0.0,0.0,0.0
23460.0,45.26317214842014,1.1690292431546074,82.1007240263377,100.0,0.0,96.92,94.0,0.0,0.0,0.0,0.0,0.0,1.0
41264.0,26.55563601288325,1.5,100.0,100.0,0.0,132.52800000000002,97.0,0.0,0.0,1.0,0.0,0.0,0.0
9521.0,38.07705292790366,1.197934661249348,24.973902125300956,42.651120855468776,0.0,69.042,224.0,0.0,1.0,0.0,0.0,0.0,0.0
27449.0,43.93331239002951,1.5,84.8743731542785,100.0,5.0,104.898,104.0,0.0,1.0,0.0,0.0,0.0,0.0
31155.0,38.67453341860249,1.5,100.0,100.0,1.0,112.31,97.0,0.0,0.0,0.0,0.0,0.0,0.0
23896.0,20.0,1.263645283516186,72.10194128614515,100.0,1.0,97.792,96.0,0.0,0.0,1.0,0.0,0.0,0.0
34099.0,41.42685535727024,1.5,100.0,100.0,2.0,118.198,99.0,0.0,1.0,0.0,0.0,0.0,1.0
20170.0,46.30576060477247,1.0473842398046032,58.9031590160121,99.71979595311409,0.0,90.34,94.0,0.0,0.0,1.0,0.0,0.0,0.0
45745.0,39.78563760408332,1.5,100.0,100.0,2.0,141.49,92.0,0.0,0.0,0.0,0.0,0.0,0.0
33692.0,34.92008864945223,1.5,100.0,100.0,2.0,117.384,99.0,0.0,0.0,0.0,0.0,1.0,0.0
8295.0,41.26872540791663,1.1749135884908262,36.22275726373866,42.76082307164996,0.0,66.59,199.0,0.0,0.0,0.0,0.0,0.0,0.0
24632.0,31.44657184422411,1.1579537721454578,75.78236879068835,100.0,4.0,99.264,82.0,0.0,0.0,0.0,0.0,0.0,0.0
54580.0,34.40024401248427,1.5,100.0,100.0,3.0,159.16,95.0,0.0,0.0,0.0,0.0,0.0,0.0
41178.0,48.22165649748831,1.5,100.0,100.0,3.0,132.356,84.0,0.0,1.0,0.0,0.0,0.0,0.0
30400.0,36.85188964859721,1.5,96.92643936882436,100.0,0.0,110.8,103.0,0.0,0.0,0.0,0.0,0.0,0.0
17939.0,41.90975580151576,1.3832435019498202,66.60388644719905,89.4410702787561,1.0,85.878,100.0,0.0,0.0,0.0,1.0,0.0,0.0
12182.0,37.32158737784054,1.1570121536556397,44.376504401607264,63.35048327375488,0.0,74.364,217.0,0.0,0.0,1.0,0.0,0.0,0.0
38412.0,43.84373599397264,1.5,100.0,100.0,2.0,126.824,110.0,1.0,0.0,0.0,0.0,0.0,0.0
39521.0,23.23181027537944,1.5,100.0,100.0,3.0,129.042,104.0,1.0,0.0,0.0,0.0,0.0,0.0
20541.0,48.10363574311432,1.2877971932113157,71.42886105669304,100.0,2.0,91.082,100.0,1.0,1.0,0.0,0.0,0.0,0.0
54821.0,53.81881706201807,1.5,100.0,100.0,0.0,159.642,96.0,1.0,0.0,1.0,0.0,0.0,0.0
31085.0,20.0,1.5,97.22085942004831,100.0,3.0,112.17,108.0,1.0,0.0,0.0,0.0,0.0,0.0
32019.0,32.72250816195107,1.5,100.0,100.0,3.0,114.038,111.0,1.0,0.0,0.0,0.0,0.0,0.0
15227.0,39.58265261337112,1.0803221408090995,54.66074165302666,81.10238145950595,0.0,80.45400000000001,98.0,1.0,0.0,0.0,0.0,0.0,0.0
11733.0,36.54564389903091,1.1366434575880937,47.51944503364857,53.78506662692059,1.0,73.46600000000001,185.0,1.0,0.0,0.0,0.0,0.0,1.0
35517.0,50.74063411904418,1.5,100.0,100.0,2.0,121.034,95.0,1.0,0.0,0.0,0.0,0.0,0.0
15938.0,43.99778306447765,1.1229540033621188,45.703764485091625,75.0337677953884,0.0,81.876,99.0,1.0,0.0,0.0,0.0,0.0,0.0
27585.0,21.446424037399225,1.5,90.84931081429768,100.0,1.0,105.17,108.0,1.0,0.0,0.0,0.0,0.0,0.0
16474.0,20.23673186173538,1.098710165200312,57.581394181570175,79.28037292445676,0.0,82.94800000000001,98.0,1.0,0.0,0.0,0.0,0.0,0.0
25888.0,30.84468701419236,1.5,86.18890272413313,100.0,1.0,101.776,104.0,1.0,0.0,0.0,0.0,0.0,0.0
12543.0,30.705663075701118,1.2748272567258825,39.426767007369634,64.35647657665591,0.0,75.086,204.0,1.0,0.0,0.0,0.0,0.0,0.0
21553.0,47.16775879975122,1.146216076090045,73.93838696476553,100.0,2.0,93.106,112.0,1.0,0.0,0.0,1.0,0.0,0.0
41673.0,20.0,1.5,100.0,100.0,3.0,133.346,109.0,1.0,0.0,0.0,0.0,0.0,1.0
34750.0,39.38400473205166,1.5,100.0,100.0,4.0,119.5,101.0,0.0,0.0,0.0,0.0,0.0,0.0
23086.0,46.94316313389235,1.3683700688513092,71.61403681781668,100.0,2.0,96.172,99.0,0.0,0.0,0.0,0.0,0.0,0.0
13116.0,51.70817752744839,1.087913560623108,46.33471381861489,66.49941393057176,1.0,76.232,183.0,0.0,0.0,0.0,0.0,0.0,0.0
25776.0,51.449935035684426,1.5,86.52057317617363,100.0,2.0,101.552,102.0,0.0,0.0,0.0,0.0,0.0,0.0
10647.0,53.53016171393486,1.1113312310653725,28.269993094199677,49.72124894689516,2.0,71.294,208.0,0.0,1.0,0.0,0.0,0.0,0.0
19750.0,65.31941677584705,1.0733010087245412,70.88464658684565,97.17502933636968,3.0,89.5,75.0,0.0,0.0,0.0,0.0,0.0,0.0
21523.0,48.07155827840059,1.0020375281338376,80.69246936532974,100.0,1.0,93.046,92.0,0.0,0.0,1.0,0.0,0.0,0.0
13697.0,37.65315308572048,1.3138615667448588,51.27774388621157,65.3962767443137,1.0,77.394,189.0,0.0,0.0,0.0,0.0,0.0,0.0
34216.0,32.901153468584724,1.5,100.0,100.0,0.0,118.432,116.0,0.0,0.0,0.0,0.0,0.0,0.0
32048.0,28.524669263923183,1.5,100.0,100.0,1.0,114.096,77.0,0.0,0.0,0.0,0.0,0.0,0.0
30196.0,41.56669682915104,1.5,98.72085265520734,100.0,3.0,110.392,109.0,0.0,0.0,0.0,0.0,0.0,0.0
31333.0,44.91098780368231,1.5,100.0,100.0,1.0,112.666,108.0,0.0,0.0,1.0,0.0,0.0,0.0
45598.0,30.05417043281215,1.5,100.0,100.0,2.0,141.196,93.0,0.0,0.0,0.0,0.0,0.0,0.0
33068.0,33.15451265196117,1.5,100.0,100.0,1.0,116.136,105.0,0.0,1.0,0.0,0.0,0.0,0.0
28004.0,44.679643911463685,1.5,95.537091629864,100.0,2.0,106.008,114.0,0.0,0.0,0.0,0.0,1.0,0.0
27122.0,20.0,1.5,81.2800473547045,100.0,0.0,104.244,101.0,0.0,0.0,0.0,0.0,0.0,0.0
17647.0,56.8520170606897,1.0094746926026226,50.1610886101781,84.79604093930796,0.0,85.294,104.0,0.0,1.0,0.0,0.0,0.0,0.0
49128.0,39.8935776190345,1.5,100.0,100.0,1.0,148.256,100.0,0.0,0.0,0.0,0.0,0.0,1.0
17660.0,22.732852927059348,1.195982725869848,67.83537013351989,86.9645635322029,0.0,85.32,91.0,0.0,1.0,0.0,0.0,0.0,0.0
40158.0,48.87540058504591,1.5,100.0,100.0,3.0,130.316,107.0,0.0,0.0,0.0,0.0,0.0,0.0
50233.0,44.46877380455367,1.5,100.0,100.0,1.0,150.466,85.0,0.0,0.0,0.0,0.0,0.0,1.0
11540.0,44.587801879385694,1.341979389500739,33.69500588899099,59.86133343936012,0.0,73.08,178.0,0.0,0.0,0.0,0.0,0.0,0.0
22989.0,43.46563348550761,1.3785659627945104,84.67774862855022,100.0,1.0,95.978,100.0,0.0,0.0,0.0,0.0,0.0,0.0
23785.0,56.671746271010846,1.012025668632585,80.977846467872,100.0,2.0,97.57,81.0,0.0,0.0,0.0,0.0,1.0,1.0
20350.0,38.55792501053176,1.1584706159664098,65.4015407543781,100.0,2.0,90.7,86.0,0.0,0.0,0.0,1.0,0.0,0.0
33634.0,34.89254910471184,1.5,100.0,100.0,1.0,117.268,107.0,0.0,0.0,1.0,0.0,0.0,0.0
31383.0,36.435516224793744,1.5,100.0,100.0,2.0,112.766,103.0,0.0,0.0,0.0,0.0,0.0,0.0
11375.0,46.55419107632852,1.0240054923933155,40.379079817954285,52.58325720265403,1.0,72.75,192.0,0.0,0.0,0.0,0.0,0.0,0.0
39949.0,45.760858881414215,1.5,100.0,100.0,0.0,129.898,99.0,0.0,0.0,0.0,0.0,0.0,0.0
27553.0,33.50516525161267,1.5,87.15662430828786,100.0,4.0,105.106,109.0,0.0,0.0,0.0,0.0,0.0,0.0
34022.0,55.47915667079809,1.5,100.0,100.0,0.0,118.044,98.0,0.0,0.0,1.0,0.0,0.0,0.0
42046.0,42.88149704352523,1.5,100.0,100.0,1.0,134.09199999999998,110.0,0.0,0.0,1.0,0.0,0.0,0.0
41635.0,34.572464449579954,1.5,100.0,100.0,3.0,133.26999999999998,90.0,0.0,0.0,1.0,0.0,0.0,0.0
56193.0,35.54365056371296,1.5,100.0,100.0,1.0,162.386,98.0,0.0,0.0,1.0,0.0,0.0,0.0
26144.0,37.592988112297306,1.5,91.6689794072773,100.0,2.0,102.288,101.0,0.0,0.0,1.0,0.0,0.0,0.0
22606.0,47.85317790739718,1.1165968823069905,79.925670856528,100.0,5.0,95.212,102.0,0.0,0.0,1.0,0.0,0.0,0.0
16509.0,40.67307864882896,1.2427441344688015,49.863145693850825,86.20484466533937,1.0,83.018,89.0,0.0,1.0,0.0,0.0,0.0,0.0
11173.0,44.35297468122259,1.0735596471000408,36.69124225569979,56.054681922201965,0.0,72.346,194.0,0.0,0.0,0.0,0.0,0.0,0.0
35350.0,35.53128078848396,1.5,100.0,100.0,1.0,120.7,90.0,0.0,0.0,0.0,0.0,0.0,1.0
15456.0,44.21450877394514,1.158271778418397,46.8083708757896,77.82870562141883,0.0,80.912,93.0,0.0,0.0,0.0,0.0,0.0,0.0
15363.0,56.92082312551953,1.1070183310864463,60.97051003696093,77.35198838996781,2.0,80.726,105.0,0.0,0.0,0.0,0.0,0.0,0.0
4987.0,67.7522664833247,1.1936791333924592,15.139150016364471,20.19302839946768,0.0,59.974,225.0,0.0,0.0,0.0,0.0,0.0,0.0
12621.0,63.98267190741836,1.2670418604328044,50.03565179729903,65.23141802586561,0.0,75.242,184.0,0.0,0.0,1.0,0.0,0.0,0.0
9944.0,26.68370108944993,1.3216514942970117,38.106725775130826,45.00067664740718,0.0,69.888,212.0,0.0,0.0,0.0,0.0,0.0,0.0
38502.0,30.066928500474138,1.5,100.0,100.0,2.0,127.004,97.0,0.0,0.0,0.0,1.0,0.0,1.0
7667.0,36.96319986251417,1.346662969131027,23.280043637687733,37.67318830736888,1.0,65.334,228.0,0.0,0.0,0.0,0.0,0.0,0.0
20893.0,45.24293137515765,1.2403788619176326,60.247359533734524,100.0,1.0,91.786,95.0,0.0,0.0,1.0,0.0,0.0,0.0
56031.0,36.40795754673839,1.5,100.0,100.0,3.0,162.062,107.0,1.0,0.0,0.0,0.0,0.0,0.0
34501.0,28.06246384773188,1.5,100.0,100.0,3.0,119.002,95.0,1.0,0.0,0.0,0.0,1.0,0.0
32674.0,41.7507943533689,1.5,100.0,100.0,3.0,115.348,106.0,1.0,0.0,0.0,0.0,0.0,0.0
47150.0,24.699732590930388,1.5,100.0,100.0,1.0,144.3,107.0,1.0,0.0,0.0,0.0,0.0,0.0
45783.0,35.607816495894525,1.5,100.0,100.0,0.0,141.566,106.0,1.0,0.0,0.0,0.0,0.0,1.0
37852.0,56.87241609000061,1.5,100.0,100.0,2.0,125.704,88.0,1.0,0.0,0.0,0.0,0.0,0.0
13551.0,38.316593160411045,1.357304159650656,42.53916472210822,67.27865638088883,0.0,77.102,188.0,1.0,0.0,0.0,0.0,0.0,0.0
25192.0,39.129539222108136,1.5,87.12319174920185,100.0,1.0,100.384,98.0,1.0,0.0,0.0,0.0,0.0,0.0
19802.0,40.27141882147218,1.040182379650878,67.81824939898065,94.4609310998942,1.0,89.604,76.0,1.0,0.0,0.0,0.0,0.0,0.0
11193.0,50.15126626983933,1.2853101388154462,30.68267885551049,52.10817593765678,1.0,72.386,203.0,1.0,0.0,0.0,0.0,1.0,0.0
47446.0,20.759211925495222,1.5,100.0,100.0,4.0,144.892,102.0,1.0,1.0,0.0,0.0,0.0,0.0
21867.0,49.32249432332364,1.0059916408703278,71.90720481887932,100.0,2.0,93.734,105.0,1.0,0.0,0.0,0.0,0.0,0.0
47403.0,36.73908304539528,1.5,100.0,100.0,3.0,144.80599999999998,102.0,1.0,0.0,0.0,0.0,0.0,0.0
36733.0,34.24017684175785,1.5,100.0,100.0,2.0,123.466,118.0,1.0,1.0,0.0,0.0,0.0,0.0
36141.0,33.20201561687586,1.5,100.0,100.0,0.0,122.282,100.0,1.0,0.0,0.0,1.0,0.0,0.0
19262.0,56.77718461359521,1.3104136703417493,70.6534246661094,100.0,0.0,88.524,101.0,1.0,0.0,0.0,0.0,0.0,0.0
21236.0,49.018800634440055,1.2747553021611973,62.54001431819118,100.0,0.0,92.472,105.0,1.0,0.0,0.0,0.0,0.0,0.0
27700.0,40.74932454249702,1.5,88.40257811077392,100.0,1.0,105.4,98.0,1.0,0.0,0.0,0.0,0.0,0.0
31010.0,42.70995387868091,1.5,100.0,100.0,0.0,112.02,99.0,1.0,0.0,1.0,0.0,0.0,0.0
22519.0,50.76151802596367,1.3949588813477818,79.12563830513135,100.0,5.0,95.038,88.0,0.0,0.0,0.0,0.0,0.0,0.0
7613.0,37.0421304982593,1.1932983974374154,16.606267440792358,41.37589366010984,0.0,65.226,202.0,0.0,0.0,0.0,0.0,0.0,0.0
47602.0,47.32889361207865,1.5,100.0,100.0,2.0,145.204,131.0,0.0,0.0,0.0,0.0,0.0,0.0
42010.0,23.370431807012608,1.5,100.0,100.0,4.0,134.01999999999998,91.0,0.0,0.0,1.0,0.0,0.0,1.0
28052.0,39.48050477434784,1.5,98.55470447058951,100.0,3.0,106.104,102.0,0.0,0.0,0.0,0.0,0.0,0.0
51489.0,48.44620624648279,1.5,100.0,100.0,0.0,152.978,98.0,0.0,0.0,0.0,0.0,0.0,0.0
40217.0,49.374327083925856,1.5,100.0,100.0,2.0,130.434,103.0,0.0,0.0,0.0,0.0,0.0,0.0
27215.0,50.19861577344152,1.5,87.30169070028349,100.0,2.0,104.43,100.0,0.0,0.0,0.0,0.0,0.0,0.0
8965.0,50.421808130908985,1.398884510288147,26.386204175218275,44.38014244587456,0.0,67.93,186.0,0.0,0.0,0.0,1.0,0.0,0.0
18400.0,53.28282116697815,1.0364814098226929,58.90236141976274,96.4095746256978,0.0,86.8,102.0,0.0,0.0,0.0,0.0,1.0,0.0
47177.0,33.69920756139627,1.5,100.0,100.0,1.0,144.35399999999998,109.0,0.0,0.0,0.0,0.0,0.0,0.0
32232.0,38.54441976661687,1.5,100.0,100.0,3.0,114.464,111.0,0.0,0.0,0.0,0.0,0.0,0.0
31240.0,28.820612496846856,1.5,100.0,100.0,2.0,112.48,104.0,0.0,0.0,1.0,0.0,0.0,0.0
16637.0,46.39782728869066,1.1043349585369633,46.98910227036176,80.57248201252993,1.0,83.274,84.0,0.0,0.0,0.0,0.0,0.0,0.0
45072.0,39.30411473766888,1.5,100.0,100.0,0.0,140.144,109.0,0.0,0.0,0.0,0.0,1.0,0.0
29908.0,34.1239342050398,1.5,100.0,100.0,3.0,109.816,113.0,0.0,0.0,0.0,0.0,0.0,0.0
28018.0,44.91918638360709,1.5,100.0,100.0,2.0,106.036,100.0,0.0,0.0,0.0,0.0,0.0,0.0
26777.0,32.641662081812186,1.5,92.97369940035068,100.0,4.0,103.554,84.0,0.0,0.0,0.0,1.0,0.0,0.0
8630.0,47.26382677282126,1.1204876466912868,38.72892552364032,41.77642057885263,0.0,67.26,206.0,0.0,0.0,0.0,0.0,0.0,1.0
15047.0,41.89150585131792,1.1153072771945582,55.80778971503095,79.4653124367906,1.0,80.094,104.0,0.0,0.0,0.0,0.0,0.0,0.0
31793.0,55.70130621485104,1.5,100.0,100.0,1.0,113.586,116.0,0.0,0.0,0.0,0.0,0.0,0.0
11170.0,60.23576887256255,1.1864962180897536,32.33663428256534,54.767113010260296,0.0,72.34,243.0,0.0,0.0,0.0,0.0,0.0,0.0
13689.0,38.98236014862408,1.2431879367963738,47.54250896528917,73.42359027823763,0.0,77.378,202.0,0.0,0.0,0.0,0.0,0.0,0.0
44444.0,47.16020393840197,1.5,100.0,100.0,1.0,138.888,105.0,0.0,1.0,0.0,0.0,0.0,0.0
10136.0,48.88795761349395,1.3497390998117271,41.88758340799652,52.76363610018276,2.0,70.27199999999999,182.0,0.0,0.0,0.0,0.0,0.0,0.0
44374.0,44.049353170870674,1.5,100.0,100.0,4.0,138.748,101.0,0.0,0.0,0.0,0.0,1.0,0.0
48639.0,37.71157752477588,1.5,100.0,100.0,1.0,147.27800000000002,122.0,0.0,0.0,0.0,1.0,0.0,0.0
20560.0,34.78045174172663,1.1529177981929772,75.50154512954258,100.0,4.0,91.12,88.0,0.0,0.0,1.0,0.0,0.0,0.0
36016.0,40.548797509588205,1.5,100.0,100.0,3.0,122.032,103.0,0.0,0.0,0.0,0.0,0.0,0.0
9734.0,51.73528019415319,1.3989453265542464,26.7354868143695,49.89320245454362,0.0,69.468,192.0,0.0,0.0,0.0,0.0,0.0,1.0
26424.0,44.66467487991214,1.5,95.37321506466428,100.0,2.0,102.848,89.0,0.0,0.0,0.0,0.0,0.0,0.0
27236.0,22.17718771198399,1.5,82.00879515778007,100.0,2.0,104.472,98.0,0.0,0.0,0.0,0.0,0.0,0.0
23665.0,36.06583056512586,1.1782291311090076,84.35479138353304,100.0,1.0,97.33,88.0,0.0,0.0,0.0,0.0,0.0,0.0
46495.0,35.49941392320025,1.5,100.0,100.0,2.0,142.99,92.0,0.0,0.0,1.0,0.0,0.0,0.0
29666.0,31.95131686158707,1.5,93.88150681591485,100.0,1.0,109.332,95.0,0.0,0.0,0.0,0.0,0.0,0.0
10001.0,36.9910629412649,1.29185114316007,33.54036298062746,49.43374456775391,0.0,70.002,215.0,0.0,0.0,1.0,0.0,0.0,0.0
15323.0,49.78155897303383,1.0337193833854346,46.4021257864935,79.0118113851343,1.0,80.646,88.0,0.0,0.0,0.0,1.0,0.0,0.0
29838.0,32.58858166884712,1.5,99.1990334915281,100.0,1.0,109.676,103.0,0.0,0.0,0.0,0.0,0.0,0.0
37728.0,49.20889838837399,1.5,100.0,100.0,0.0,125.456,108.0,0.0,0.0,0.0,0.0,0.0,0.0
26073.0,37.17971191829934,1.5,93.22233503981208,100.0,1.0,102.146,99.0,0.0,1.0,0.0,0.0,0.0,0.0
39137.0,42.730862488066194,1.5,100.0,100.0,6.0,128.274,110.0,0.0,0.0,0.0,0.0,0.0,1.0
13685.0,20.0,1.233841534030638,49.69813056665872,68.09983018018582,1.0,77.37,215.0,0.0,0.0,0.0,0.0,0.0,0.0
11561.0,46.21795057461665,1.3475083955914964,41.097746092288624,53.908949424549206,0.0,73.122,185.0,0.0,0.0,0.0,0.0,0.0,0.0
50361.0,35.68013640874023,1.5,100.0,100.0,4.0,150.72199999999998,99.0,0.0,0.0,0.0,0.0,0.0,0.0
52751.0,39.66851936560558,1.5,100.0,100.0,5.0,155.502,113.0,0.0,0.0,0.0,0.0,0.0,0.0
56673.0,27.398552377727437,1.5,100.0,100.0,2.0,163.346,121.0,0.0,0.0,0.0,0.0,0.0,0.0
29447.0,34.223861871604505,1.5,100.0,100.0,3.0,108.894,92.0,0.0,0.0,0.0,0.0,0.0,0.0
41300.0,30.040735843956597,1.5,100.0,100.0,0.0,132.6,82.0,0.0,0.0,0.0,1.0,0.0,0.0
23143.0,52.73661046968404,1.0730480046314814,84.34058917642683,100.0,4.0,96.286,98.0,0.0,0.0,0.0,0.0,0.0,0.0
13888.0,34.228958381324524,1.3881231658522315,54.44479772775153,72.41188814225691,1.0,77.776,214.0,0.0,1.0,0.0,0.0,0.0,0.0
22703.0,46.07951613341079,1.3181920142721768,81.19172837471336,100.0,0.0,95.406,110.0,1.0,0.0,0.0,0.0,0.0,0.0
41887.0,35.31221812515345,1.5,100.0,100.0,3.0,133.774,86.0,1.0,0.0,0.0,0.0,0.0,1.0
26640.0,38.17680961351614,1.5,87.46617150267168,100.0,3.0,103.28,106.0,1.0,0.0,1.0,0.0,0.0,0.0
43258.0,35.41136806976691,1.5,100.0,100.0,1.0,136.51600000000002,102.0,1.0,0.0,0.0,0.0,1.0,0.0
46853.0,33.062075551871494,1.5,100.0,100.0,1.0,143.70600000000002,88.0,1.0,0.0,0.0,0.0,0.0,0.0
16943.0,51.18890283790002,1.017126705768825,55.965821739329954,83.60741859438053,0.0,83.886,118.0,1.0,0.0,1.0,0.0,0.0,0.0
53539.0,29.02954918083802,1.5,100.0,100.0,2.0,157.078,105.0,1.0,0.0,0.0,0.0,0.0,0.0
14447.0,54.129009135738606,1.1197569045982962,53.76711005965713,70.51616560619382,1.0,78.894,213.0,1.0,0.0,0.0,0.0,0.0,1.0
20727.0,45.062166484982846,1.2504363155812392,74.67321220262669,100.0,2.0,91.454,90.0,1.0,0.0,0.0,0.0,0.0,0.0
18183.0,39.86700714659076,1.016556504018642,64.2595566394032,91.85948799782264,0.0,86.366,94.0,1.0,0.0,0.0,0.0,0.0,0.0
11503.0,30.07668909413221,1.1019289093395963,30.999137681702287,57.71468558868641,0.0,73.006,219.0,1.0,0.0,1.0,0.0,0.0,0.0
41104.0,45.623861186661706,1.5,100.0,100.0,4.0,132.208,106.0,1.0,0.0,0.0,0.0,0.0,0.0
11907.0,39.81891023696853,1.0373781412569745,34.33439964599924,63.07191716798155,0.0,73.814,188.0,1.0,0.0,0.0,0.0,0.0,0.0
34371.0,27.615694186049687,1.5,100.0,100.0,1.0,118.742,92.0,1.0,0.0,0.0,1.0,0.0,0.0
57795.0,27.82949036391134,1.5,100.0,100.0,1.0,165.59,102.0,1.0,1.0,0.0,0.0,0.0,0.0
31136.0,38.920088918101854,1.5,100.0,100.0,1.0,112.272,110.0,1.0,0.0,0.0,1.0,0.0,0.0
40723.0,37.9865751054658,1.5,100.0,100.0,2.0,131.446,100.0,1.0,0.0,0.0,0.0,0.0,0.0
26739.0,29.768690779318224,1.5,93.82700097351724,100.0,2.0,103.478,102.0,1.0,0.0,0.0,0.0,1.0,1.0
32945.0,41.10140536812316,1.5,100.0,100.0,3.0,115.89,90.0,1.0,0.0,0.0,0.0,0.0,0.0
24718.0,57.82640679754896,1.3826181637299353,85.37002038440788,100.0,2.0,99.436,100.0,0.0,1.0,0.0,0.0,0.0,0.0
11208.0,40.321138600810265,1.3491996295297175,28.13263175884924,59.11661739470781,1.0,72.416,202.0,0.0,1.0,0.0,0.0,0.0,1.0
24916.0,58.60395865589253,1.367918817669716,80.39957369339089,100.0,1.0,99.832,91.0,0.0,0.0,0.0,0.0,1.0,1.0
45301.0,37.48876474792154,1.5,100.0,100.0,3.0,140.602,97.0,0.0,1.0,0.0,0.0,0.0,0.0
18127.0,48.76159616933389,1.381968840574676,52.00875742126068,94.98538748456582,1.0,86.25399999999999,125.0,0.0,0.0,0.0,0.0,0.0,0.0
24949.0,48.37893446901781,1.246688429042648,76.98654240328226,100.0,1.0,99.898,99.0,0.0,0.0,0.0,0.0,0.0,0.0
25575.0,33.46250528443865,1.5,87.59405300784726,100.0,4.0,101.15,93.0,0.0,0.0,1.0,0.0,0.0,0.0
29910.0,31.77617210453337,1.5,94.91153568693638,100.0,1.0,109.82,97.0,0.0,0.0,0.0,0.0,0.0,0.0
31166.0,31.98658635845738,1.5,100.0,100.0,4.0,112.332,92.0,0.0,0.0,0.0,0.0,0.0,0.0
37154.0,35.46405809531217,1.5,100.0,100.0,1.0,124.308,92.0,0.0,0.0,0.0,1.0,0.0,0.0
32723.0,36.68814707395037,1.5,100.0,100.0,1.0,115.446,76.0,0.0,0.0,0.0,0.0,1.0,0.0
24933.0,39.29216845411699,1.209321310269829,89.06200481020471,100.0,1.0,99.866,91.0,0.0,0.0,0.0,0.0,0.0,0.0
69158.0,21.640950981813532,1.5,100.0,100.0,3.0,188.316,92.0,0.0,0.0,0.0,0.0,0.0,0.0
42179.0,31.87840699626932,1.5,100.0,100.0,1.0,134.358,103.0,0.0,0.0,0.0,0.0,0.0,0.0
14428.0,39.98012771851333,1.3154822578829075,43.331821802319865,74.70723623462536,0.0,78.856,205.0,0.0,0.0,0.0,0.0,0.0,0.0
37064.0,43.69990308827369,1.5,100.0,100.0,0.0,124.128,88.0,0.0,0.0,0.0,1.0,0.0,0.0
26629.0,29.92263664702042,1.5,80.0936430770524,100.0,3.0,103.258,95.0,0.0,0.0,0.0,0.0,0.0,0.0
8985.0,40.754301136034464,1.2174618604037395,33.69998853625061,43.85053129686104,2.0,67.97,218.0,0.0,0.0,0.0,0.0,0.0,0.0
12561.0,44.63381457234014,1.026085034770443,39.936692406539024,58.69821418544039,1.0,75.122,177.0,0.0,0.0,1.0,0.0,0.0,0.0
20912.0,37.69803973907817,1.3540206522292126,69.94018711779826,100.0,0.0,91.824,96.0,0.0,0.0,0.0,0.0,0.0,0.0
10893.0,39.86976231758564,1.0352578573962778,41.606404459753065,56.38755836446468,1.0,71.786,200.0,0.0,0.0,1.0,0.0,0.0,0.0
37221.0,35.37803999398456,1.5,100.0,100.0,2.0,124.442,80.0,0.0,0.0,0.0,0.0,0.0,0.0
24793.0,32.326592881476394,1.251394324462226,79.015275600364,100.0,1.0,99.586,82.0,0.0,0.0,0.0,1.0,0.0,0.0
8152.0,56.5940317420292,1.1375458485644565,31.42223257521379,43.55025066057004,0.0,66.304,201.0,0.0,0.0,0.0,0.0,0.0,0.0
29731.0,34.673766380270905,1.5,100.0,100.0,3.0,109.462,107.0,0.0,0.0,0.0,0.0,0.0,0.0
44529.0,48.58436634783543,1.5,100.0,100.0,2.0,139.058,96.0,0.0,0.0,1.0,0.0,0.0,0.0
15234.0,41.69813219123506,1.1549746541221957,54.68445152040799,72.26285698728132,0.0,80.468,97.0,0.0,0.0,0.0,0.0,0.0,0.0
11751.0,32.83328741814739,1.3324341411824214,37.20754502423044,61.35983789006367,0.0,73.502,199.0,0.0,0.0,1.0,0.0,0.0,0.0
14164.0,46.87804466782988,1.1263985733914994,53.72182755588069,69.008755869315,0.0,78.328,175.0,0.0,0.0,0.0,0.0,1.0,0.0
22027.0,56.673497167836096,1.3946040524757255,64.19804152407309,100.0,0.0,94.054,91.0,0.0,1.0,0.0,0.0,0.0,0.0
21547.0,39.333780747277885,1.0978240410881912,62.09627730421454,100.0,0.0,93.094,110.0,0.0,0.0,0.0,0.0,0.0,0.0
52465.0,20.0,1.5,100.0,100.0,2.0,154.93,110.0,0.0,0.0,0.0,0.0,0.0,0.0
23999.0,32.731127592162366,1.213251101698376,86.82860635646688,100.0,2.0,97.998,84.0,0.0,0.0,0.0,0.0,0.0,0.0
24579.0,61.12027884102616,1.298334338179525,73.32146549340705,100.0,1.0,99.158,93.0,0.0,0.0,0.0,0.0,0.0,0.0
43994.0,31.05161449304568,1.5,100.0,100.0,3.0,137.988,90.0,0.0,0.0,0.0,0.0,0.0,0.0
28605.0,31.517755516440825,1.5,90.4895675152734,100.0,3.0,107.21,73.0,0.0,0.0,0.0,0.0,0.0,0.0
27399.0,42.18494105221827,1.5,100.0,100.0,2.0,104.798,105.0,0.0,1.0,0.0,0.0,0.0,0.0
16410.0,52.30144203252302,1.3646938797236758,46.14742866844787,78.51847687819452,0.0,82.82,93.0,0.0,0.0,0.0,0.0,0.0,0.0
27385.0,36.97052514390682,1.5,98.8877681158501,100.0,0.0,104.77,109.0,0.0,0.0,1.0,0.0,0.0,0.0
27809.0,35.8749414524928,1.5,95.07743297472616,100.0,0.0,105.618,104.0,0.0,1.0,0.0,0.0,0.0,0.0
10563.0,40.27914201825152,1.383775488423577,30.46340765095043,49.48788019037854,0.0,71.126,187.0,0.0,0.0,0.0,0.0,0.0,0.0
33339.0,24.92514336471592,1.5,100.0,100.0,1.0,116.678,107.0,0.0,0.0,0.0,0.0,0.0,0.0
37265.0,38.47176783521982,1.5,100.0,100.0,4.0,124.53,112.0,0.0,0.0,0.0,0.0,0.0,0.0
27673.0,20.0,1.5,93.96903142263425,100.0,0.0,105.346,96.0,0.0,0.0,1.0,0.0,0.0,1.0
58992.0,43.13845101889725,1.5,100.0,100.0,2.0,167.98399999999998,101.0,0.0,0.0,0.0,0.0,0.0,0.0
11387.0,23.440275851889886,1.2623837354511909,35.871482556462595,57.35448652446362,1.0,72.774,211.0,0.0,1.0,0.0,0.0,0.0,0.0
36477.0,45.16842939087733,1.5,100.0,100.0,3.0,122.954,95.0,0.0,0.0,0.0,0.0,0.0,0.0
42822.0,22.02860923144421,1.5,100.0,100.0,1.0,135.644,110.0,0.0,0.0,0.0,0.0,0.0,0.0
20540.0,52.2547982927275,1.020520077450398,72.63915187623202,97.84552741117548,2.0,91.08,94.0,0.0,0.0,0.0,0.0,0.0,0.0
14705.0,31.128966990614785,1.0487198483360216,43.40982072987164,77.73462074539488,1.0,79.41,201.0,0.0,0.0,0.0,1.0,0.0,0.0
