file,page,intersection,control_mode,start_time,end_time,phase_1_weekday,phase_1_sunday,phase_2_weekday,phase_2_sunday,phase_3_weekday,phase_3_sunday,phase_4_weekday,phase_4_sunday,phase_5_weekday,phase_5_sunday,phase_6_weekday,phase_6_sunday,phase_7_weekday,phase_7_sunday
Bengaluru-BPT-Adugodi-TPS-Signal-Timing-data-Aishwarya_Jn.pdf,1,"ADUGODIJUNCTION,ADUGODIPOLICESTATION",VAC,07:00,08:00,40.0,,20.0,,30.0,,10.0,,100.0,,,,,
Bengaluru-BPT-Adugodi-TPS-Signal-Timing-data-Aishwarya_Jn.pdf,1,"ADUGODIJUNCTION,ADUGODIPOLICESTATION",VAC,08:00,11:00,,,,,,,10.0,,,,,,,
Bengaluru-BPT-Adugodi-TPS-Signal-Timing-data-Aishwarya_Jn.pdf,1,"ADUGODIJUNCTION,ADUGODIPOLICESTATION",VAC,16:30,21:00,,,,,,,10.0,,,,,,,
Bengaluru-BPT-Adugodi-TPS-Signal-Timing-data-Aishwarya_Jn.pdf,1,"ADUGODIJUNCTION,ADUGODIPOLICESTATION",VAC,21:00,23:00,40.0,,20.0,,30.0,,8.0,,98.0,,,,,
Bengaluru-BPT-Adugodi-TPS-Signal-Timing-data-Aishwarya_Jn.pdf,1,"ADUGODIJUNCTION,ADUGODIPOLICESTATION",VAC,07:00,08:00,,,,,,,,,,,,,,
Bengaluru-BPT-Adugodi-TPS-Signal-Timing-data-Aishwarya_Jn.pdf,1,"ADUGODIJUNCTION,ADUGODIPOLICESTATION",VAC,08:00,11:00,,,,,,,,,,,,,,
Bengaluru-BPT-Adugodi-TPS-Signal-Timing-data-Aishwarya_Jn.pdf,1,"ADUGODIJUNCTION,ADUGODIPOLICESTATION",VAC,16:30,21:00,,,,,,,,,,,,,,
Bengaluru-BPT-Adugodi-TPS-Signal-Timing-data-Aishwarya_Jn.pdf,1,"ADUGODIJUNCTION,ADUGODIPOLICESTATION",VAC,21:00,23:00,,,,,,,,,,,,,,
Bengaluru-BPT-Adugodi-TPS-Signal-Timing-data-BDA_JN_KORAMANGALA_WATER_TANK.pdf,1,"BDAJUNCTION,ADUGODITRAFFICPOLICESTATION",FIXED,07:00,08:00,20.0,,35.0,,20.0,,,,,,,,,
Bengaluru-BPT-Adugodi-TPS-Signal-Timing-data-BDA_JN_KORAMANGALA_WATER_TANK.pdf,1,"BDAJUNCTION,ADUGODITRAFFICPOLICESTATION",FIXED,08:00,11:00,20.0,,60.0,,35.0,,,,,,,,,
Bengaluru-BPT-Adugodi-TPS-Signal-Timing-data-BDA_JN_KORAMANGALA_WATER_TANK.pdf,1,"BDAJUNCTION,ADUGODITRAFFICPOLICESTATION",FIXED,16:00,21:00,20.0,,65.0,,35.0,,,,,,,,,
Bengaluru-BPT-Adugodi-TPS-Signal-Timing-data-BDA_JN_KORAMANGALA_WATER_TANK.pdf,1,"BDAJUNCTION,ADUGODITRAFFICPOLICESTATION",FIXED,21:00,23:00,20.0,,35.0,,15.0,,,,,,,,,
Bengaluru-BPT-Adugodi-TPS-Signal-Timing-data-BDA_JN_KORAMANGALA_WATER_TANK.pdf,1,"BDAJUNCTION,ADUGODITRAFFICPOLICESTATION",FIXED,07:00,08:00,25.0,,30.0,,10.0,,30.0,,35.0,,130.0,,,
Bengaluru-BPT-Adugodi-TPS-Signal-Timing-data-BDA_JN_KORAMANGALA_WATER_TANK.pdf,1,"BDAJUNCTION,ADUGODITRAFFICPOLICESTATION",FIXED,08:00,11:00,,,,,,,,,,,,,,
Bengaluru-BPT-Adugodi-TPS-Signal-Timing-data-BDA_JN_KORAMANGALA_WATER_TANK.pdf,1,"BDAJUNCTION,ADUGODITRAFFICPOLICESTATION",FIXED,16:00,21:30,,,35.0,,10.0,,,,,,,,,
Bengaluru-BPT-Adugodi-TPS-Signal-Timing-data-BDA_JN_KORAMANGALA_WATER_TANK.pdf,1,"BDAJUNCTION,ADUGODITRAFFICPOLICESTATION",FIXED,21:30,23:00,,,30.0,,,,,,,,,,,
Bengaluru-BPT-Adugodi-TPS-Signal-Timing-data-KRUPANIDHI_COLLEGE_MAHARAJA_JN.pdf,1,"KRUPANIDHICOLLEGEJUNCTION,ADUGODITRAFFICPOLICESTATION",FIXED,07:00,08:00,40.0,,25.0,,30.0,,10.0,,105.0,,,,,
Bengaluru-BPT-Adugodi-TPS-Signal-Timing-data-KRUPANIDHI_COLLEGE_MAHARAJA_JN.pdf,1,"KRUPANIDHICOLLEGEJUNCTION,ADUGODITRAFFICPOLICESTATION",FIXED,08:00,11:00,55.0,,40.0,,50.0,,10.0,,155.0,,,,,
Bengaluru-BPT-Adugodi-TPS-Signal-Timing-data-KRUPANIDHI_COLLEGE_MAHARAJA_JN.pdf,1,"KRUPANIDHICOLLEGEJUNCTION,ADUGODITRAFFICPOLICESTATION",FIXED,17:00,21:00,55.0,,30.0,,50.0,,10.0,,145.0,,,,,
Bengaluru-BPT-Adugodi-TPS-Signal-Timing-data-KRUPANIDHI_COLLEGE_MAHARAJA_JN.pdf,1,"KRUPANIDHICOLLEGEJUNCTION,ADUGODITRAFFICPOLICESTATION",FIXED,21:00,23:00,40.0,,30.0,,30.0,,10.0,,110.0,,,,,
Bengaluru-BPT-Adugodi-TPS-Signal-Timing-data-KRUPANIDHI_COLLEGE_MAHARAJA_JN.pdf,1,"KRUPANIDHICOLLEGEJUNCTION,ADUGODITRAFFICPOLICESTATION",FIXED,07:00,08:30,15.0,,10.0,,20.0,,15.0,,15.0,,8.0,,83.0,
Bengaluru-BPT-Adugodi-TPS-Signal-Timing-data-KRUPANIDHI_COLLEGE_MAHARAJA_JN.pdf,1,"KRUPANIDHICOLLEGEJUNCTION,ADUGODITRAFFICPOLICESTATION",FIXED,08:30,11:00,25.0,,10.0,,30.0,,20.0,,20.0,,8.0,,113.0,
Bengaluru-BPT-Adugodi-TPS-Signal-Timing-data-KRUPANIDHI_COLLEGE_MAHARAJA_JN.pdf,1,"KRUPANIDHICOLLEGEJUNCTION,ADUGODITRAFFICPOLICESTATION",FIXED,17:00,21:00,25.0,,10.0,,30.0,,20.0,,20.0,,8.0,,113.0,
Bengaluru-BPT-Adugodi-TPS-Signal-Timing-data-KRUPANIDHI_COLLEGE_MAHARAJA_JN.pdf,1,"KRUPANIDHICOLLEGEJUNCTION,ADUGODITRAFFICPOLICESTATION",FIXED,21:00,22:00,15.0,,10.0,,20.0,,15.0,,15.0,,5.0,,80.0,
Bengaluru-BPT-Adugodi-TPS-Signal-Timing-data-NGV_REAR_GATE_JN_SONY_WORLD_KORAMANGALA_80FT_RD.pdf,1,"NGVREARGATEJUNCTION,ADUGODITRAFFICPOLICESTATION",FIXED,07:00,09:00,35.0,,30.0,,25.0,,10.0,,,,,,,
Bengaluru-BPT-Adugodi-TPS-Signal-Timing-data-NGV_REAR_GATE_JN_SONY_WORLD_KORAMANGALA_80FT_RD.pdf,1,"NGVREARGATEJUNCTION,ADUGODITRAFFICPOLICESTATION",FIXED,09:00,11:00,65.0,,40.0,,35.0,,10.0,,150.0,,,,,
Bengaluru-BPT-Adugodi-TPS-Signal-Timing-data-NGV_REAR_GATE_JN_SONY_WORLD_KORAMANGALA_80FT_RD.pdf,1,"NGVREARGATEJUNCTION,ADUGODITRAFFICPOLICESTATION",FIXED,11:00,16:00,45.0,,30.0,,25.0,,10.0,,110.0,,,,,
Bengaluru-BPT-Adugodi-TPS-Signal-Timing-data-NGV_REAR_GATE_JN_SONY_WORLD_KORAMANGALA_80FT_RD.pdf,1,"NGVREARGATEJUNCTION,ADUGODITRAFFICPOLICESTATION",FIXED,16:00,20:00,65.0,,40.0,,35.0,,10.0,,150.0,,,,,
Bengaluru-BPT-Adugodi-TPS-Signal-Timing-data-NGV_REAR_GATE_JN_SONY_WORLD_KORAMANGALA_80FT_RD.pdf,1,"NGVREARGATEJUNCTION,ADUGODITRAFFICPOLICESTATION",FIXED,20:00,22:00,30.0,,25.0,,20.0,,10.0,,85.0,,,,,
Bengaluru-BPT-Adugodi-TPS-Signal-Timing-data-NGV_REAR_GATE_JN_SONY_WORLD_KORAMANGALA_80FT_RD.pdf,1,"NGVREARGATEJUNCTION,ADUGODITRAFFICPOLICESTATION",FIXED,07:00,08:00,35.0,,45.0,,65.0,,50.0,,10.0,,,,,
Bengaluru-BPT-Adugodi-TPS-Signal-Timing-data-NGV_REAR_GATE_JN_SONY_WORLD_KORAMANGALA_80FT_RD.pdf,1,"NGVREARGATEJUNCTION,ADUGODITRAFFICPOLICESTATION",FIXED,08:00,11:00,50.0,,85.0,,65.0,,55.0,,10.0,,265.0,,,
Bengaluru-BPT-Adugodi-TPS-Signal-Timing-data-NGV_REAR_GATE_JN_SONY_WORLD_KORAMANGALA_80FT_RD.pdf,1,"NGVREARGATEJUNCTION,ADUGODITRAFFICPOLICESTATION",FIXED,11:00,17:00,40.0,,65.0,,50.0,,50.0,,10.0,,215.0,,,
Bengaluru-BPT-Adugodi-TPS-Signal-Timing-data-NGV_REAR_GATE_JN_SONY_WORLD_KORAMANGALA_80FT_RD.pdf,1,"NGVREARGATEJUNCTION,ADUGODITRAFFICPOLICESTATION",FIXED,17:00,21:00,50.0,,85.0,,65.0,,55.0,,10.0,,265.0,,,
Bengaluru-BPT-Adugodi-TPS-Signal-Timing-data-NGV_REAR_GATE_JN_SONY_WORLD_KORAMANGALA_80FT_RD.pdf,1,"NGVREARGATEJUNCTION,ADUGODITRAFFICPOLICESTATION",FIXED,21:00,22:00,40.0,,50.0,,55.0,,50.0,,10.0,,205.0,,,
Bengaluru-BPT-Adugodi-TPS-Signal-Timing-data-NGV_REAR_GATE_JN_SONY_WORLD_KORAMANGALA_80FT_RD.pdf,1,"NGVREARGATEJUNCTION,ADUGODITRAFFICPOLICESTATION",FIXED,22:00,23:30,30.0,,30.0,,20.0,,20.0,,5.0,,105.0,,,
Bengaluru-BPT-Adugodi-TPS-Signal-Timing-data-NGV_REAR_GATE_JN_SONY_WORLD_KORAMANGALA_80FT_RD.pdf,1,"NGVREARGATEJUNCTION,ADUGODITRAFFICPOLICESTATION",FIXED,23:30,24:00,20.0,,20.0,,15.0,,15.0,,5.0,,75.0,,,
Bengaluru-BPT-Adugodi-TPS-Signal-Timing-data-SRINIVAGILU_JN_UCO_BANK_JN.pdf,1,"SRINIVAGILU JUNCTION (EJIPURA), ADUGODITRAFFICPOLICESTATION",FIXED,08:00,11:00,30.0,,80.0,,30.0,,30.0,,30.0,,10.0,,210.0,
Bengaluru-BPT-Adugodi-TPS-Signal-Timing-data-SRINIVAGILU_JN_UCO_BANK_JN.pdf,1,"SRINIVAGILU JUNCTION (EJIPURA), ADUGODITRAFFICPOLICESTATION",FIXED,16:00,21:00,30.0,,40.0,,40.0,,30.0,,30.0,,10.0,,180.0,
Bengaluru-BPT-Adugodi-TPS-Signal-Timing-data-SRINIVAGILU_JN_UCO_BANK_JN.pdf,1,"SRINIVAGILU JUNCTION (EJIPURA), ADUGODITRAFFICPOLICESTATION",FIXED,21:00,23:00,30.0,,30.0,,30.0,,20.0,,20.0,,10.0,,140.0,
Bengaluru-BPT-Adugodi-TPS-Signal-Timing-data-SRINIVAGILU_JN_UCO_BANK_JN.pdf,1,"SRINIVAGILU JUNCTION (EJIPURA), ADUGODITRAFFICPOLICESTATION",FIXED,07:00,08:00,40.0,,40.0,,10.0,,40.0,,15.0,,,,,
Bengaluru-BPT-Adugodi-TPS-Signal-Timing-data-SRINIVAGILU_JN_UCO_BANK_JN.pdf,1,"SRINIVAGILU JUNCTION (EJIPURA), ADUGODITRAFFICPOLICESTATION",FIXED,08:00,11:00,70.0,,80.0,,15.0,,70.0,,15.0,,250.0,,,
Bengaluru-BPT-Adugodi-TPS-Signal-Timing-data-SRINIVAGILU_JN_UCO_BANK_JN.pdf,1,"SRINIVAGILU JUNCTION (EJIPURA), ADUGODITRAFFICPOLICESTATION",FIXED,16:30,21:00,70.0,,80.0,,25.0,,70.0,,15.0,,260.0,,,
Bengaluru-BPT-Adugodi-TPS-Signal-Timing-data-SRINIVAGILU_JN_UCO_BANK_JN.pdf,1,"SRINIVAGILU JUNCTION (EJIPURA), ADUGODITRAFFICPOLICESTATION",FIXED,21:00,23:00,40.0,,40.0,,10.0,,35.0,,15.0,,140.0,,,
Bengaluru-BPT-Adugodi-TPS-Signal-Timing-data-WIPRO_JN_DEVARA_BEESANAHALLI_JN.pdf,1,"WIPROJUNCTION,ADUGODITRAFFICPOLICESTATION",FIXED,07:00,08:00,20.0,,60.0,,25.0,,8.0,,,,,,,
Bengaluru-BPT-Adugodi-TPS-Signal-Timing-data-WIPRO_JN_DEVARA_BEESANAHALLI_JN.pdf,1,"WIPROJUNCTION,ADUGODITRAFFICPOLICESTATION",FIXED,08:00,11:00,30.0,,80.0,,50.0,,30.0,,10.0,,200.0,,,
Bengaluru-BPT-Adugodi-TPS-Signal-Timing-data-WIPRO_JN_DEVARA_BEESANAHALLI_JN.pdf,1,"WIPROJUNCTION,ADUGODITRAFFICPOLICESTATION",FIXED,11:00,16:30,20.0,,45.0,,30.0,,40.0,,8.0,,143.0,,,
Bengaluru-BPT-Adugodi-TPS-Signal-Timing-data-WIPRO_JN_DEVARA_BEESANAHALLI_JN.pdf,1,"WIPROJUNCTION,ADUGODITRAFFICPOLICESTATION",FIXED,16:30,21:00,30.0,,80.0,,50.0,,30.0,,10.0,,200.0,,,
Bengaluru-BPT-Adugodi-TPS-Signal-Timing-data-WIPRO_JN_DEVARA_BEESANAHALLI_JN.pdf,1,"WIPROJUNCTION,ADUGODITRAFFICPOLICESTATION",FIXED,21:00,22:00,20.0,,50.0,,25.0,,30.0,,6.0,,131.0,,,
Bengaluru-BPT-Adugodi-TPS-Signal-Timing-data-WIPRO_JN_DEVARA_BEESANAHALLI_JN.pdf,1,"WIPROJUNCTION,ADUGODITRAFFICPOLICESTATION",FIXED,07:00,08:00,30.0,,25.0,,35.0,,70.0,,160.0,,,,,
Bengaluru-BPT-Adugodi-TPS-Signal-Timing-data-WIPRO_JN_DEVARA_BEESANAHALLI_JN.pdf,1,"WIPROJUNCTION,ADUGODITRAFFICPOLICESTATION",FIXED,08:00,11:00,40.0,,35.0,,50.0,,90.0,,215.0,,,,,
Bengaluru-BPT-Adugodi-TPS-Signal-Timing-data-WIPRO_JN_DEVARA_BEESANAHALLI_JN.pdf,1,"WIPROJUNCTION,ADUGODITRAFFICPOLICESTATION",FIXED,17:00,20:00,45.0,,35.0,,50.0,,90.0,,220.0,,,,,
Bengaluru-BPT-Adugodi-TPS-Signal-Timing-data-WIPRO_JN_DEVARA_BEESANAHALLI_JN.pdf,1,"WIPROJUNCTION,ADUGODITRAFFICPOLICESTATION",FIXED,20:00,22:00,30.0,,25.0,,35.0,,70.0,,160.0,,,,,
Bengaluru-BPT-Airport-TPS-Signal-Timing-data-ISRO_JN_KADUBEESANAHALLI_JN.PDF,1,"ISROJUNCTION-AIRPORTROAD,AIRPORTPOLICESTATION",VAC,07:00,08:30,25.0,,35.0,,65.0,,10.0,,138.0,,,,,
Bengaluru-BPT-Airport-TPS-Signal-Timing-data-ISRO_JN_KADUBEESANAHALLI_JN.PDF,1,"ISROJUNCTION-AIRPORTROAD,AIRPORTPOLICESTATION",VAC,08:30,11:30,40.0,,50.0,,90.0,,10.0,,193.0,,,,,
Bengaluru-BPT-Airport-TPS-Signal-Timing-data-ISRO_JN_KADUBEESANAHALLI_JN.PDF,1,"ISROJUNCTION-AIRPORTROAD,AIRPORTPOLICESTATION",VAC,11:30,16:30,25.0,,35.0,,65.0,,10.0,,138.0,,,,,
Bengaluru-BPT-Airport-TPS-Signal-Timing-data-ISRO_JN_KADUBEESANAHALLI_JN.PDF,1,"ISROJUNCTION-AIRPORTROAD,AIRPORTPOLICESTATION",VAC,16:30,20:30,40.0,,50.0,,90.0,,10.0,,193.0,,,,,
Bengaluru-BPT-Airport-TPS-Signal-Timing-data-ISRO_JN_KADUBEESANAHALLI_JN.PDF,1,"ISROJUNCTION-AIRPORTROAD,AIRPORTPOLICESTATION",VAC,20:30,23:00,25.0,,35.0,,65.0,,10.0,,138.0,,,,,
Bengaluru-BPT-Airport-TPS-Signal-Timing-data-ISRO_JN_KADUBEESANAHALLI_JN.PDF,1,"ISROJUNCTION-AIRPORTROAD,AIRPORTPOLICESTATION",VAC,07:00,08:00,20.0,,60.0,,15.0,,15.0,,15.0,,125.0,,,
Bengaluru-BPT-Airport-TPS-Signal-Timing-data-ISRO_JN_KADUBEESANAHALLI_JN.PDF,1,"ISROJUNCTION-AIRPORTROAD,AIRPORTPOLICESTATION",VAC,08:00,11:00,30.0,,80.0,,30.0,,25.0,,25.0,,190.0,,,
Bengaluru-BPT-Airport-TPS-Signal-Timing-data-ISRO_JN_KADUBEESANAHALLI_JN.PDF,1,"ISROJUNCTION-AIRPORTROAD,AIRPORTPOLICESTATION",VAC,11:00,17:30,25.0,,60.0,,25.0,,25.0,,25.0,,160.0,,,
Bengaluru-BPT-Airport-TPS-Signal-Timing-data-ISRO_JN_KADUBEESANAHALLI_JN.PDF,1,"ISROJUNCTION-AIRPORTROAD,AIRPORTPOLICESTATION",VAC,17:30,21:30,30.0,,80.0,,30.0,,25.0,,25.0,,190.0,,,
Bengaluru-BPT-Airport-TPS-Signal-Timing-data-ISRO_JN_KADUBEESANAHALLI_JN.PDF,1,"ISROJUNCTION-AIRPORTROAD,AIRPORTPOLICESTATION",VAC,21:30,22:00,15.0,,50.0,,15.0,,15.0,,15.0,,110.0,,,
Bengaluru-BPT-Airport-TPS-Signal-Timing-data-KUVEMPU_CIRCLE_JN_MANIPAL_HOSPITAL_JN.pdf,1,"KUVEMPUCIRCLEJUNCTION-HALMAINGATE,AIRPORTPOLICESTATION",FIXED,07:00,07:30,10.0,,70.0,,40.0,,15.0,,,,,,,
Bengaluru-BPT-Airport-TPS-Signal-Timing-data-KUVEMPU_CIRCLE_JN_MANIPAL_HOSPITAL_JN.pdf,1,"KUVEMPUCIRCLEJUNCTION-HALMAINGATE,AIRPORTPOLICESTATION",FIXED,07:30,10:30,10.0,,80.0,,45.0,,50.0,,20.0,,205.0,,,
Bengaluru-BPT-Airport-TPS-Signal-Timing-data-KUVEMPU_CIRCLE_JN_MANIPAL_HOSPITAL_JN.pdf,1,"KUVEMPUCIRCLEJUNCTION-HALMAINGATE,AIRPORTPOLICESTATION",FIXED,10:30,16:30,10.0,,70.0,,40.0,,40.0,,15.0,,175.0,,,
Bengaluru-BPT-Airport-TPS-Signal-Timing-data-KUVEMPU_CIRCLE_JN_MANIPAL_HOSPITAL_JN.pdf,1,"KUVEMPUCIRCLEJUNCTION-HALMAINGATE,AIRPORTPOLICESTATION",FIXED,16:30,20:00,10.0,,80.0,,45.0,,50.0,,20.0,,205.0,,,
Bengaluru-BPT-Airport-TPS-Signal-Timing-data-KUVEMPU_CIRCLE_JN_MANIPAL_HOSPITAL_JN.pdf,1,"KUVEMPUCIRCLEJUNCTION-HALMAINGATE,AIRPORTPOLICESTATION",FIXED,20:00,22:00,10.0,,70.0,,40.0,,40.0,,15.0,,175.0,,,
Bengaluru-BPT-Airport-TPS-Signal-Timing-data-KUVEMPU_CIRCLE_JN_MANIPAL_HOSPITAL_JN.pdf,1,"KUVEMPUCIRCLEJUNCTION-HALMAINGATE,AIRPORTPOLICESTATION",FIXED,07:00,08:30,50.0,,73.0,,15.0,,,,,,,,,
Bengaluru-BPT-Airport-TPS-Signal-Timing-data-KUVEMPU_CIRCLE_JN_MANIPAL_HOSPITAL_JN.pdf,1,"KUVEMPUCIRCLEJUNCTION-HALMAINGATE,AIRPORTPOLICESTATION",FIXED,08:00,11:00,70.0,,103.0,,20.0,,193.0,,,,,,,
Bengaluru-BPT-Airport-TPS-Signal-Timing-data-KUVEMPU_CIRCLE_JN_MANIPAL_HOSPITAL_JN.pdf,1,"KUVEMPUCIRCLEJUNCTION-HALMAINGATE,AIRPORTPOLICESTATION",FIXED,11:00,16:30,48.0,,70.0,,20.0,,138.0,,,,,,,
Bengaluru-BPT-Airport-TPS-Signal-Timing-data-KUVEMPU_CIRCLE_JN_MANIPAL_HOSPITAL_JN.pdf,1,"KUVEMPUCIRCLEJUNCTION-HALMAINGATE,AIRPORTPOLICESTATION",FIXED,16:30,20:30,70.0,,103.0,,20.0,,193.0,,,,,,,
Bengaluru-BPT-Airport-TPS-Signal-Timing-data-KUVEMPU_CIRCLE_JN_MANIPAL_HOSPITAL_JN.pdf,1,"KUVEMPUCIRCLEJUNCTION-HALMAINGATE,AIRPORTPOLICESTATION",FIXED,20:30,23:00,48.0,,70.0,,20.0,,138.0,,,,,,,
Bengaluru-BPT-Airport-TPS-Signal-Timing-data-MARATHALLI_BRIDGE_JN_YAMALUR_JN.pdf,1,"MARATHALLIBRIDGEJUNCTION,AIRPORTPOLICESTATION",FIXED,07:00,08:00,75.0,,70.0,,10.0,,,,,,,,,
Bengaluru-BPT-Airport-TPS-Signal-Timing-data-MARATHALLI_BRIDGE_JN_YAMALUR_JN.pdf,1,"MARATHALLIBRIDGEJUNCTION,AIRPORTPOLICESTATION",FIXED,08:00,11:30,110.0,,100.0,,15.0,,225.0,,,,,,,
Bengaluru-BPT-Airport-TPS-Signal-Timing-data-MARATHALLI_BRIDGE_JN_YAMALUR_JN.pdf,1,"MARATHALLIBRIDGEJUNCTION,AIRPORTPOLICESTATION",FIXED,11:30,16:30,75.0,,70.0,,10.0,,155.0,,,,,,,
Bengaluru-BPT-Airport-TPS-Signal-Timing-data-MARATHALLI_BRIDGE_JN_YAMALUR_JN.pdf,1,"MARATHALLIBRIDGEJUNCTION,AIRPORTPOLICESTATION",FIXED,16:30,21:30,110.0,,100.0,,15.0,,225.0,,,,,,,
Bengaluru-BPT-Airport-TPS-Signal-Timing-data-MARATHALLI_BRIDGE_JN_YAMALUR_JN.pdf,1,"MARATHALLIBRIDGEJUNCTION,AIRPORTPOLICESTATION",FIXED,21:30,22:30,70.0,,65.0,,10.0,,145.0,,,,,,,
Bengaluru-BPT-Airport-TPS-Signal-Timing-data-MARATHALLI_BRIDGE_JN_YAMALUR_JN.pdf,1,"MARATHALLIBRIDGEJUNCTION,AIRPORTPOLICESTATION",FIXED,08:00,11:30,40.0,,30.0,,20.0,,10.0,,,,,,,
Bengaluru-BPT-Airport-TPS-Signal-Timing-data-MARATHALLI_BRIDGE_JN_YAMALUR_JN.pdf,1,"MARATHALLIBRIDGEJUNCTION,AIRPORTPOLICESTATION",FIXED,11:30,16:00,,,,,,,,,,,,,,
Bengaluru-BPT-Airport-TPS-Signal-Timing-data-MARATHALLI_BRIDGE_JN_YAMALUR_JN.pdf,1,"MARATHALLIBRIDGEJUNCTION,AIRPORTPOLICESTATION",FIXED,16:00,20:00,40.0,,30.0,,20.0,,10.0,,100.0,,,,,
Bengaluru-BPT-Ashok-Nagar-TPS-Signal-Timing-data-ANEPALYA_JN_ARTS_and_CRAFT_CIRCLE_JN.pdf,1,"ANEPALYAJUNCTION,ASHOKNAGAR POLICESTATION",FIXED,07:00,09:00,30.0,,30.0,,10.0,,,,,,,,,
Bengaluru-BPT-Ashok-Nagar-TPS-Signal-Timing-data-ANEPALYA_JN_ARTS_and_CRAFT_CIRCLE_JN.pdf,1,"ANEPALYAJUNCTION,ASHOKNAGAR POLICESTATION",FIXED,09:00,12:00,40.0,,55.0,,10.0,,105.0,,,,,,,
Bengaluru-BPT-Ashok-Nagar-TPS-Signal-Timing-data-ANEPALYA_JN_ARTS_and_CRAFT_CIRCLE_JN.pdf,1,"ANEPALYAJUNCTION,ASHOKNAGAR POLICESTATION",FIXED,12:00,15:00,30.0,,30.0,,10.0,,70.0,,,,,,,
Bengaluru-BPT-Ashok-Nagar-TPS-Signal-Timing-data-ANEPALYA_JN_ARTS_and_CRAFT_CIRCLE_JN.pdf,1,"ANEPALYAJUNCTION,ASHOKNAGAR POLICESTATION",FIXED,15:00,21:00,45.0,,50.0,,10.0,,105.0,,,,,,,
Bengaluru-BPT-Ashok-Nagar-TPS-Signal-Timing-data-ANEPALYA_JN_ARTS_and_CRAFT_CIRCLE_JN.pdf,1,"ANEPALYAJUNCTION,ASHOKNAGAR POLICESTATION",FIXED,21:00,23:00,25.0,,25.0,,10.0,,60.0,,,,,,,
Bengaluru-BPT-Ashok-Nagar-TPS-Signal-Timing-data-ANEPALYA_JN_ARTS_and_CRAFT_CIRCLE_JN.pdf,1,"ANEPALYAJUNCTION,ASHOKNAGAR POLICESTATION",FIXED,07:00,08:00,20.0,,20.0,,40.0,,10.0,,,,,,,
Bengaluru-BPT-Ashok-Nagar-TPS-Signal-Timing-data-ANEPALYA_JN_ARTS_and_CRAFT_CIRCLE_JN.pdf,1,"ANEPALYAJUNCTION,ASHOKNAGAR POLICESTATION",FIXED,08:00,12:00,50.0,,45.0,,50.0,,10.0,,155.0,,,,,
Bengaluru-BPT-Ashok-Nagar-TPS-Signal-Timing-data-ANEPALYA_JN_ARTS_and_CRAFT_CIRCLE_JN.pdf,1,"ANEPALYAJUNCTION,ASHOKNAGAR POLICESTATION",FIXED,16:00,21:00,60.0,,40.0,,60.0,,10.0,,170.0,,,,,
Bengaluru-BPT-Ashok-Nagar-TPS-Signal-Timing-data-ANEPALYA_JN_ARTS_and_CRAFT_CIRCLE_JN.pdf,1,"ANEPALYAJUNCTION,ASHOKNAGAR POLICESTATION",FIXED,21:00,23:00,30.0,,30.0,,50.0,,10.0,,120.0,,,,,
Bengaluru-BPT-Ashok-Nagar-TPS-Signal-Timing-data-ASHIRWADAM_JN_ASHOK_NAGAR_JN_SHOOLAY_CIRCLE.pdf,1,"ASHIRWADAMJUNCTION,ASHOKNAGAR POLICESTATION",VAC,07:00,08:30,40.0,,80.0,,10.0,,,,,,,,,
Bengaluru-BPT-Ashok-Nagar-TPS-Signal-Timing-data-ASHIRWADAM_JN_ASHOK_NAGAR_JN_SHOOLAY_CIRCLE.pdf,1,"ASHIRWADAMJUNCTION,ASHOKNAGAR POLICESTATION",VAC,08:30,14:00,60.0,,40.0,,10.0,,110.0,,,,,,,
Bengaluru-BPT-Ashok-Nagar-TPS-Signal-Timing-data-ASHIRWADAM_JN_ASHOK_NAGAR_JN_SHOOLAY_CIRCLE.pdf,1,"ASHIRWADAMJUNCTION,ASHOKNAGAR POLICESTATION",VAC,14:00,16:00,40.0,,80.0,,10.0,,130.0,,,,,,,
Bengaluru-BPT-Ashok-Nagar-TPS-Signal-Timing-data-ASHIRWADAM_JN_ASHOK_NAGAR_JN_SHOOLAY_CIRCLE.pdf,1,"ASHIRWADAMJUNCTION,ASHOKNAGAR POLICESTATION",VAC,16:00,18:00,50.0,,60.0,,10.0,,120.0,,,,,,,
Bengaluru-BPT-Ashok-Nagar-TPS-Signal-Timing-data-ASHIRWADAM_JN_ASHOK_NAGAR_JN_SHOOLAY_CIRCLE.pdf,1,"ASHIRWADAMJUNCTION,ASHOKNAGAR POLICESTATION",VAC,18:00,21:00,40.0,,80.0,,10.0,,130.0,,,,,,,
Bengaluru-BPT-Ashok-Nagar-TPS-Signal-Timing-data-ASHIRWADAM_JN_ASHOK_NAGAR_JN_SHOOLAY_CIRCLE.pdf,1,"ASHIRWADAMJUNCTION,ASHOKNAGAR POLICESTATION",VAC,21:00,23:00,40.0,,60.0,,10.0,,110.0,,,,,,,
Bengaluru-BPT-Ashok-Nagar-TPS-Signal-Timing-data-ASHIRWADAM_JN_ASHOK_NAGAR_JN_SHOOLAY_CIRCLE.pdf,1,"ASHIRWADAMJUNCTION,ASHOKNAGAR POLICESTATION",VAC,07:00,08:30,30.0,,,,,,,,,,,,,
Bengaluru-BPT-Ashok-Nagar-TPS-Signal-Timing-data-ASHIRWADAM_JN_ASHOK_NAGAR_JN_SHOOLAY_CIRCLE.pdf,1,"ASHIRWADAMJUNCTION,ASHOKNAGAR POLICESTATION",VAC,08:30,12:00,30.0,,85.0,,120.0,,10.0,,245.0,,,,,
Bengaluru-BPT-Ashok-Nagar-TPS-Signal-Timing-data-ASHIRWADAM_JN_ASHOK_NAGAR_JN_SHOOLAY_CIRCLE.pdf,1,"ASHIRWADAMJUNCTION,ASHOKNAGAR POLICESTATION",VAC,12:00,16:00,30.0,,50.0,,60.0,,10.0,,150.0,,,,,
Bengaluru-BPT-Ashok-Nagar-TPS-Signal-Timing-data-ASHIRWADAM_JN_ASHOK_NAGAR_JN_SHOOLAY_CIRCLE.pdf,1,"ASHIRWADAMJUNCTION,ASHOKNAGAR POLICESTATION",VAC,16:00,20:30,30.0,,85.0,,120.0,,10.0,,245.0,,,,,
Bengaluru-BPT-Ashok-Nagar-TPS-Signal-Timing-data-ASHIRWADAM_JN_ASHOK_NAGAR_JN_SHOOLAY_CIRCLE.pdf,1,"ASHIRWADAMJUNCTION,ASHOKNAGAR POLICESTATION",VAC,20:30,23:00,30.0,,50.0,,50.0,,10.0,,140.0,,,,,
Bengaluru-BPT-Ashok-Nagar-TPS-Signal-Timing-data-BUTCHERY_JN_CAMPBELL_ROAD_JN.pdf,1,"BUTCHERYJUNCTION,ASHOKNAGAR POLICESTATION",FIXED,07:00,08:30,40.0,,20.0,,25.0,,10.0,,,,,,,
Bengaluru-BPT-Ashok-Nagar-TPS-Signal-Timing-data-BUTCHERY_JN_CAMPBELL_ROAD_JN.pdf,1,"BUTCHERYJUNCTION,ASHOKNAGAR POLICESTATION",FIXED,08:30,11:00,55.0,,25.0,,30.0,,10.0,,120.0,,,,,
Bengaluru-BPT-Ashok-Nagar-TPS-Signal-Timing-data-BUTCHERY_JN_CAMPBELL_ROAD_JN.pdf,1,"BUTCHERYJUNCTION,ASHOKNAGAR POLICESTATION",FIXED,17:30,20:30,55.0,,25.0,,30.0,,10.0,,120.0,,,,,
Bengaluru-BPT-Ashok-Nagar-TPS-Signal-Timing-data-BUTCHERY_JN_CAMPBELL_ROAD_JN.pdf,1,"BUTCHERYJUNCTION,ASHOKNAGAR POLICESTATION",FIXED,20:30,23:00,40.0,,20.0,,25.0,,10.0,,95.0,,,,,
Bengaluru-BPT-Ashok-Nagar-TPS-Signal-Timing-data-BUTCHERY_JN_CAMPBELL_ROAD_JN.pdf,1,"BUTCHERYJUNCTION,ASHOKNAGAR POLICESTATION",FIXED,07:00,11:00,20.0,,40.0,,40.0,,10.0,,,,,,,
Bengaluru-BPT-Ashok-Nagar-TPS-Signal-Timing-data-BUTCHERY_JN_CAMPBELL_ROAD_JN.pdf,1,"BUTCHERYJUNCTION,ASHOKNAGAR POLICESTATION",FIXED,11:00,16:00,15.0,,30.0,,40.0,,10.0,,110.0,,,,,
Bengaluru-BPT-Ashok-Nagar-TPS-Signal-Timing-data-BUTCHERY_JN_CAMPBELL_ROAD_JN.pdf,1,"BUTCHERYJUNCTION,ASHOKNAGAR POLICESTATION",FIXED,16:00,20:00,20.0,,40.0,,40.0,,10.0,,135.0,,,,,
Bengaluru-BPT-Ashok-Nagar-TPS-Signal-Timing-data-BUTCHERY_JN_CAMPBELL_ROAD_JN.pdf,1,"BUTCHERYJUNCTION,ASHOKNAGAR POLICESTATION",FIXED,20:00,22:00,15.0,,30.0,,30.0,,10.0,,90.0,,,,,
Bengaluru-BPT-Ashok-Nagar-TPS-Signal-Timing-data-CASH_PHARMACY_JN_CMP_GATE_JN.pdf,1,"CASHPHARMACYJUNCTION,ASHOKNAGAR POLICESTATION",VAC,07:00,08:30,80.0,,30.0,,10.0,,,,,,,,,
Bengaluru-BPT-Ashok-Nagar-TPS-Signal-Timing-data-CASH_PHARMACY_JN_CMP_GATE_JN.pdf,1,"CASHPHARMACYJUNCTION,ASHOKNAGAR POLICESTATION",VAC,08:30,16:00,120.0,,30.0,,10.0,,160.0,,,,,,,
Bengaluru-BPT-Ashok-Nagar-TPS-Signal-Timing-data-CASH_PHARMACY_JN_CMP_GATE_JN.pdf,1,"CASHPHARMACYJUNCTION,ASHOKNAGAR POLICESTATION",VAC,16:00,20:00,80.0,,30.0,,10.0,,120.0,,,,,,,
Bengaluru-BPT-Ashok-Nagar-TPS-Signal-Timing-data-CASH_PHARMACY_JN_CMP_GATE_JN.pdf,1,"CASHPHARMACYJUNCTION,ASHOKNAGAR POLICESTATION",VAC,20:00,23:00,40.0,,20.0,,10.0,,70.0,,,,,,,
Bengaluru-BPT-Ashok-Nagar-TPS-Signal-Timing-data-CASH_PHARMACY_JN_CMP_GATE_JN.pdf,1,"CASHPHARMACYJUNCTION,ASHOKNAGAR POLICESTATION",VAC,07:00,08:30,45.0,,20.0,,5.0,,,,,,,,,
Bengaluru-BPT-Ashok-Nagar-TPS-Signal-Timing-data-CASH_PHARMACY_JN_CMP_GATE_JN.pdf,1,"CASHPHARMACYJUNCTION,ASHOKNAGAR POLICESTATION",VAC,16:00,20:00,,,,,5.0,,,,,,,,,
Bengaluru-BPT-Ashok-Nagar-TPS-Signal-Timing-data-CASH_PHARMACY_JN_CMP_GATE_JN.pdf,1,"CASHPHARMACYJUNCTION,ASHOKNAGAR POLICESTATION",VAC,20:00,23:00,,,,,5.0,,85.0,,,,,,,
Bengaluru-BPT-Ashok-Nagar-TPS-Signal-Timing-data-DSouza_Circle_Jn_Johnson_Market_Jn.pdf,1,"D’SOUZACIRCLEJUNCTION,ASHOKNAGAR POLICESTATION",FIXED,07:00,08:30,30.0,,20.0,,20.0,,10.0,,,,,,,
Bengaluru-BPT-Ashok-Nagar-TPS-Signal-Timing-data-DSouza_Circle_Jn_Johnson_Market_Jn.pdf,1,"D’SOUZACIRCLEJUNCTION,ASHOKNAGAR POLICESTATION",FIXED,08:30,12:00,55.0,,30.0,,30.0,,10.0,,125.0,,,,,
Bengaluru-BPT-Ashok-Nagar-TPS-Signal-Timing-data-DSouza_Circle_Jn_Johnson_Market_Jn.pdf,1,"D’SOUZACIRCLEJUNCTION,ASHOKNAGAR POLICESTATION",FIXED,12:00,16:00,30.0,,20.0,,20.0,,10.0,,80.0,,,,,
Bengaluru-BPT-Ashok-Nagar-TPS-Signal-Timing-data-DSouza_Circle_Jn_Johnson_Market_Jn.pdf,1,"D’SOUZACIRCLEJUNCTION,ASHOKNAGAR POLICESTATION",FIXED,16:00,20:30,55.0,,20.0,,20.0,,10.0,,105.0,,,,,
Bengaluru-BPT-Ashok-Nagar-TPS-Signal-Timing-data-DSouza_Circle_Jn_Johnson_Market_Jn.pdf,1,"D’SOUZACIRCLEJUNCTION,ASHOKNAGAR POLICESTATION",FIXED,20:30,23:00,30.0,,20.0,,20.0,,10.0,,80.0,,,,,
Bengaluru-BPT-Ashok-Nagar-TPS-Signal-Timing-data-DSouza_Circle_Jn_Johnson_Market_Jn.pdf,1,"D’SOUZACIRCLEJUNCTION,ASHOKNAGAR POLICESTATION",FIXED,07:00,08:00,50.0,,15.0,,,,,,,,,,,
Bengaluru-BPT-Ashok-Nagar-TPS-Signal-Timing-data-DSouza_Circle_Jn_Johnson_Market_Jn.pdf,1,"D’SOUZACIRCLEJUNCTION,ASHOKNAGAR POLICESTATION",FIXED,08:00,23:00,30.0,,15.0,,25.0,,10.0,,80.0,,,,,
Bengaluru-BPT-Ashok-Nagar-TPS-Signal-Timing-data-Lower_Agaram_Jn_India_garage_Mayo_Hall_Jn.pdf,1,"LOWERAGARAMJUNCTION(INDIAGARAGE),ASHOKNAGAR POLICESTATION",FIXED,07:00,09:00,25.0,,25.0,,25.0,,10.0,,,,,,,
Bengaluru-BPT-Ashok-Nagar-TPS-Signal-Timing-data-Lower_Agaram_Jn_India_garage_Mayo_Hall_Jn.pdf,1,"LOWERAGARAMJUNCTION(INDIAGARAGE),ASHOKNAGAR POLICESTATION",FIXED,09:00,20:00,50.0,,40.0,,50.0,,10.0,,150.0,,,,,
Bengaluru-BPT-Ashok-Nagar-TPS-Signal-Timing-data-Lower_Agaram_Jn_India_garage_Mayo_Hall_Jn.pdf,1,"LOWERAGARAMJUNCTION(INDIAGARAGE),ASHOKNAGAR POLICESTATION",FIXED,20:00,23:00,40.0,,30.0,,40.0,,10.0,,120.0,,,,,
Bengaluru-BPT-Ashok-Nagar-TPS-Signal-Timing-data-Lower_Agaram_Jn_India_garage_Mayo_Hall_Jn.pdf,1,"LOWERAGARAMJUNCTION(INDIAGARAGE),ASHOKNAGAR POLICESTATION",FIXED,07:00,08:30,40.0,,70.0,,50.0,,10.0,,170.0,,,,,
Bengaluru-BPT-Ashok-Nagar-TPS-Signal-Timing-data-Lower_Agaram_Jn_India_garage_Mayo_Hall_Jn.pdf,1,"LOWERAGARAMJUNCTION(INDIAGARAGE),ASHOKNAGAR POLICESTATION",FIXED,08:30,11:00,50.0,,100.0,,70.0,,10.0,,230.0,,,,,
Bengaluru-BPT-Ashok-Nagar-TPS-Signal-Timing-data-Lower_Agaram_Jn_India_garage_Mayo_Hall_Jn.pdf,1,"LOWERAGARAMJUNCTION(INDIAGARAGE),ASHOKNAGAR POLICESTATION",FIXED,11:00,17:30,40.0,,70.0,,50.0,,10.0,,170.0,,,,,
Bengaluru-BPT-Ashok-Nagar-TPS-Signal-Timing-data-Lower_Agaram_Jn_India_garage_Mayo_Hall_Jn.pdf,1,"LOWERAGARAMJUNCTION(INDIAGARAGE),ASHOKNAGAR POLICESTATION",FIXED,17:30,20:30,50.0,,100.0,,70.0,,10.0,,230.0,,,,,
Bengaluru-BPT-Ashok-Nagar-TPS-Signal-Timing-data-Lower_Agaram_Jn_India_garage_Mayo_Hall_Jn.pdf,1,"LOWERAGARAMJUNCTION(INDIAGARAGE),ASHOKNAGAR POLICESTATION",FIXED,20:30,23:00,40.0,,70.0,,50.0,,10.0,,170.0,,,,,
Bengaluru-BPT-Ashok-Nagar-TPS-Signal-Timing-data-Mother_Theresa_Jn_Nanjappa_circle_Jn.pdf,1,"MOTHERTHERESAJUNCTION,ASHOKNAGAR POLICESTATION",FIXED,07:00,09:00,35.0,,25.0,,25.0,,10.0,,,,,,,
Bengaluru-BPT-Ashok-Nagar-TPS-Signal-Timing-data-Mother_Theresa_Jn_Nanjappa_circle_Jn.pdf,1,"MOTHERTHERESAJUNCTION,ASHOKNAGAR POLICESTATION",FIXED,09:00,12:00,45.0,,30.0,,30.0,,10.0,,115.0,,,,,
Bengaluru-BPT-Ashok-Nagar-TPS-Signal-Timing-data-Mother_Theresa_Jn_Nanjappa_circle_Jn.pdf,1,"MOTHERTHERESAJUNCTION,ASHOKNAGAR POLICESTATION",FIXED,12:00,14:00,35.0,,25.0,,25.0,,10.0,,95.0,,,,,
Bengaluru-BPT-Ashok-Nagar-TPS-Signal-Timing-data-Mother_Theresa_Jn_Nanjappa_circle_Jn.pdf,1,"MOTHERTHERESAJUNCTION,ASHOKNAGAR POLICESTATION",FIXED,14:00,20:00,45.0,,30.0,,30.0,,10.0,,115.0,,,,,
Bengaluru-BPT-Ashok-Nagar-TPS-Signal-Timing-data-Mother_Theresa_Jn_Nanjappa_circle_Jn.pdf,1,"MOTHERTHERESAJUNCTION,ASHOKNAGAR POLICESTATION",FIXED,20:00,22:00,30.0,,20.0,,25.0,,10.0,,85.0,,,,,
Bengaluru-BPT-Ashok-Nagar-TPS-Signal-Timing-data-Mother_Theresa_Jn_Nanjappa_circle_Jn.pdf,1,"MOTHERTHERESAJUNCTION,ASHOKNAGAR POLICESTATION",FIXED,07:00,21:00,70.0,,40.0,,10.0,,,,,,,,,
Bengaluru-BPT-Ashok-Nagar-TPS-Signal-Timing-data-Mother_Theresa_Jn_Nanjappa_circle_Jn.pdf,1,"MOTHERTHERESAJUNCTION,ASHOKNAGAR POLICESTATION",FIXED,21:00,23:00,40.0,,30.0,,10.0,,80.0,,,,,,,
Bengaluru-BPT-Ashok-Nagar-TPS-Signal-Timing-data-Old_Police_Station_Jn_OPERA_Jn.pdf,1,"OLDPOLICESTATIONJUNCTION,ASHOKNAGAR POLICESTATION",FIXED,07:00,08:30,50.0,,25.0,,10.0,,,,,,,,,
Bengaluru-BPT-Ashok-Nagar-TPS-Signal-Timing-data-Old_Police_Station_Jn_OPERA_Jn.pdf,1,"OLDPOLICESTATIONJUNCTION,ASHOKNAGAR POLICESTATION",FIXED,08:30,21:00,90.0,,35.0,,10.0,,135.0,,,,,,,
Bengaluru-BPT-Ashok-Nagar-TPS-Signal-Timing-data-Old_Police_Station_Jn_OPERA_Jn.pdf,1,"OLDPOLICESTATIONJUNCTION,ASHOKNAGAR POLICESTATION",FIXED,21:00,23:00,50.0,,25.0,,10.0,,85.0,,,,,,,
Bengaluru-BPT-Ashok-Nagar-TPS-Signal-Timing-data-Old_Police_Station_Jn_OPERA_Jn.pdf,1,"OLDPOLICESTATIONJUNCTION,ASHOKNAGAR POLICESTATION",FIXED,07:00,09:00,60.0,,40.0,,15.0,,,,,,,,,
Bengaluru-BPT-Ashok-Nagar-TPS-Signal-Timing-data-Old_Police_Station_Jn_OPERA_Jn.pdf,1,"OLDPOLICESTATIONJUNCTION,ASHOKNAGAR POLICESTATION",FIXED,21:00,23:00,40.0,,30.0,,15.0,,85.0,,,,,,,
Bengaluru-BPT-Ashok-Nagar-TPS-Signal-Timing-data-Palmgroove_Jn_Richmond_Circle_Jn.pdf,1,"PALMGROOVE JUNCTION,ASHOKNAGAR POLICESTATION",FIXED,07:00,08:00,60.0,,15.0,,75.0,,,,,,,,,
Bengaluru-BPT-Ashok-Nagar-TPS-Signal-Timing-data-Palmgroove_Jn_Richmond_Circle_Jn.pdf,1,"PALMGROOVE JUNCTION,ASHOKNAGAR POLICESTATION",FIXED,08:00,11:00,70.0,,15.0,,85.0,,,,,,,,,
Bengaluru-BPT-Ashok-Nagar-TPS-Signal-Timing-data-Palmgroove_Jn_Richmond_Circle_Jn.pdf,1,"PALMGROOVE JUNCTION,ASHOKNAGAR POLICESTATION",FIXED,17:00,20:30,70.0,,15.0,,85.0,,,,,,,,,
Bengaluru-BPT-Ashok-Nagar-TPS-Signal-Timing-data-Palmgroove_Jn_Richmond_Circle_Jn.pdf,1,"PALMGROOVE JUNCTION,ASHOKNAGAR POLICESTATION",FIXED,20:30,23:00,60.0,,15.0,,75.0,,,,,,,,,
Bengaluru-BPT-Ashok-Nagar-TPS-Signal-Timing-data-Palmgroove_Jn_Richmond_Circle_Jn.pdf,1,"PALMGROOVE JUNCTION,ASHOKNAGAR POLICESTATION",FIXED,07:00,08:00,60.0,,40.0,,10.0,,,,,,,,,
Bengaluru-BPT-Ashok-Nagar-TPS-Signal-Timing-data-Palmgroove_Jn_Richmond_Circle_Jn.pdf,1,"PALMGROOVE JUNCTION,ASHOKNAGAR POLICESTATION",FIXED,08:00,12:00,90.0,,60.0,,10.0,,160.0,,,,,,,
Bengaluru-BPT-Ashok-Nagar-TPS-Signal-Timing-data-Palmgroove_Jn_Richmond_Circle_Jn.pdf,1,"PALMGROOVE JUNCTION,ASHOKNAGAR POLICESTATION",FIXED,12:00,16:00,70.0,,50.0,,10.0,,130.0,,,,,,,
Bengaluru-BPT-Ashok-Nagar-TPS-Signal-Timing-data-Palmgroove_Jn_Richmond_Circle_Jn.pdf,1,"PALMGROOVE JUNCTION,ASHOKNAGAR POLICESTATION",FIXED,16:00,21:00,90.0,,70.0,,10.0,,180.0,,,,,,,
Bengaluru-BPT-Ashok-Nagar-TPS-Signal-Timing-data-Palmgroove_Jn_Richmond_Circle_Jn.pdf,1,"PALMGROOVE JUNCTION,ASHOKNAGAR POLICESTATION",FIXED,21:00,23:00,60.0,,40.0,,10.0,,110.0,,,,,,,
Bengaluru-BPT-Ashok-Nagar-TPS-Signal-Timing-data-Palmgroove_Jn_Richmond_Circle_Jn.pdf,1,"PALMGROOVE JUNCTION,ASHOKNAGAR POLICESTATION",FIXED,07:00,09:00,60.0,,40.0,,10.0,,110.0,,,,,,,
Bengaluru-BPT-Ashok-Nagar-TPS-Signal-Timing-data-Palmgroove_Jn_Richmond_Circle_Jn.pdf,1,"PALMGROOVE JUNCTION,ASHOKNAGAR POLICESTATION",FIXED,09:00,12:00,90.0,,60.0,,10.0,,160.0,,,,,,,
Bengaluru-BPT-Ashok-Nagar-TPS-Signal-Timing-data-Palmgroove_Jn_Richmond_Circle_Jn.pdf,1,"PALMGROOVE JUNCTION,ASHOKNAGAR POLICESTATION",FIXED,16:00,21:00,90.0,,60.0,,10.0,,170.0,,,,,,,
Bengaluru-BPT-Ashok-Nagar-TPS-Signal-Timing-data-Palmgroove_Jn_Richmond_Circle_Jn.pdf,1,"PALMGROOVE JUNCTION,ASHOKNAGAR POLICESTATION",FIXED,21:00,23:00,60.0,,40.0,,10.0,,110.0,,,,,,,
Bengaluru-BPT-Banashankari-TPS-Signal-Timing-data-ARVIND_SUPER_BAZAAR_ATTIMOBBE_JN.pdf,1,"ARVINDSUPERBAZAARJUNCTION,BANASHANKARIPOLICESTATION",FIXED,07:00,08:00,35.0,,25.0,,30.0,,10.0,,,,,,,
Bengaluru-BPT-Banashankari-TPS-Signal-Timing-data-ARVIND_SUPER_BAZAAR_ATTIMOBBE_JN.pdf,1,"ARVINDSUPERBAZAARJUNCTION,BANASHANKARIPOLICESTATION",FIXED,08:00,11:00,40.0,,25.0,,35.0,,30.0,,10.0,,140.0,,,
Bengaluru-BPT-Banashankari-TPS-Signal-Timing-data-ARVIND_SUPER_BAZAAR_ATTIMOBBE_JN.pdf,1,"ARVINDSUPERBAZAARJUNCTION,BANASHANKARIPOLICESTATION",FIXED,11:00,16:00,35.0,,25.0,,30.0,,30.0,,10.0,,130.0,,,
Bengaluru-BPT-Banashankari-TPS-Signal-Timing-data-ARVIND_SUPER_BAZAAR_ATTIMOBBE_JN.pdf,1,"ARVINDSUPERBAZAARJUNCTION,BANASHANKARIPOLICESTATION",FIXED,16:00,20:30,40.0,,25.0,,35.0,,30.0,,10.0,,140.0,,,
Bengaluru-BPT-Banashankari-TPS-Signal-Timing-data-ARVIND_SUPER_BAZAAR_ATTIMOBBE_JN.pdf,1,"ARVINDSUPERBAZAARJUNCTION,BANASHANKARIPOLICESTATION",FIXED,20:30,23:00,35.0,,25.0,,30.0,,25.0,,10.0,,125.0,,,
Bengaluru-BPT-Banashankari-TPS-Signal-Timing-data-ARVIND_SUPER_BAZAAR_ATTIMOBBE_JN.pdf,1,"ARVINDSUPERBAZAARJUNCTION,BANASHANKARIPOLICESTATION",FIXED,07:00,09:00,20.0,,20.0,,15.0,,10.0,,,,,,,
Bengaluru-BPT-Banashankari-TPS-Signal-Timing-data-ARVIND_SUPER_BAZAAR_ATTIMOBBE_JN.pdf,1,"ARVINDSUPERBAZAARJUNCTION,BANASHANKARIPOLICESTATION",FIXED,09:00,11:00,40.0,,40.0,,30.0,,10.0,,120.0,,,,,
Bengaluru-BPT-Banashankari-TPS-Signal-Timing-data-ARVIND_SUPER_BAZAAR_ATTIMOBBE_JN.pdf,1,"ARVINDSUPERBAZAARJUNCTION,BANASHANKARIPOLICESTATION",FIXED,11:00,17:00,30.0,,30.0,,20.0,,10.0,,90.0,,,,,
Bengaluru-BPT-Banashankari-TPS-Signal-Timing-data-ARVIND_SUPER_BAZAAR_ATTIMOBBE_JN.pdf,1,"ARVINDSUPERBAZAARJUNCTION,BANASHANKARIPOLICESTATION",FIXED,17:00,21:00,40.0,,40.0,,30.0,,10.0,,120.0,,,,,
Bengaluru-BPT-Banashankari-TPS-Signal-Timing-data-BANASHANKARI_BUS_STAND_JN_DEVEGOWDA_PETROL_BUNK_JN.pdf,1,"BANASHANKARIBUSSTANDJUNCTION,BANASHANKARIPOLICESTATION",FIXED,07:00,08:00,40.0,,40.0,,25.0,,55.0,,10.0,,,,,
Bengaluru-BPT-Banashankari-TPS-Signal-Timing-data-BANASHANKARI_BUS_STAND_JN_DEVEGOWDA_PETROL_BUNK_JN.pdf,1,"BANASHANKARIBUSSTANDJUNCTION,BANASHANKARIPOLICESTATION",FIXED,08:00,10:30,50.0,,70.0,,25.0,,120.0,,10.0,,275.0,,,
Bengaluru-BPT-Banashankari-TPS-Signal-Timing-data-BANASHANKARI_BUS_STAND_JN_DEVEGOWDA_PETROL_BUNK_JN.pdf,1,"BANASHANKARIBUSSTANDJUNCTION,BANASHANKARIPOLICESTATION",FIXED,18:15,21:30,50.0,,120.0,,25.0,,80.0,,10.0,,285.0,,,
Bengaluru-BPT-Banashankari-TPS-Signal-Timing-data-BANASHANKARI_BUS_STAND_JN_DEVEGOWDA_PETROL_BUNK_JN.pdf,1,"BANASHANKARIBUSSTANDJUNCTION,BANASHANKARIPOLICESTATION",FIXED,21:30,23:00,30.0,,40.0,,25.0,,40.0,,10.0,,145.0,,,
Bengaluru-BPT-Banashankari-TPS-Signal-Timing-data-BANASHANKARI_BUS_STAND_JN_DEVEGOWDA_PETROL_BUNK_JN.pdf,1,"BANASHANKARIBUSSTANDJUNCTION,BANASHANKARIPOLICESTATION",FIXED,07:00,08:00,60.0,,55.0,,20.0,,40.0,,15.0,,190.0,,,
Bengaluru-BPT-Banashankari-TPS-Signal-Timing-data-BANASHANKARI_BUS_STAND_JN_DEVEGOWDA_PETROL_BUNK_JN.pdf,1,"BANASHANKARIBUSSTANDJUNCTION,BANASHANKARIPOLICESTATION",FIXED,08:00,11:00,85.0,,65.0,,20.0,,50.0,,15.0,,235.0,,,
Bengaluru-BPT-Banashankari-TPS-Signal-Timing-data-BANASHANKARI_BUS_STAND_JN_DEVEGOWDA_PETROL_BUNK_JN.pdf,1,"BANASHANKARIBUSSTANDJUNCTION,BANASHANKARIPOLICESTATION",FIXED,11:00,16:00,60.0,,65.0,,20.0,,50.0,,15.0,,210.0,,,
Bengaluru-BPT-Banashankari-TPS-Signal-Timing-data-BANASHANKARI_BUS_STAND_JN_DEVEGOWDA_PETROL_BUNK_JN.pdf,1,"BANASHANKARIBUSSTANDJUNCTION,BANASHANKARIPOLICESTATION",FIXED,16:00,21:00,85.0,,65.0,,20.0,,50.0,,15.0,,235.0,,,
Bengaluru-BPT-Banashankari-TPS-Signal-Timing-data-BANASHANKARI_BUS_STAND_JN_DEVEGOWDA_PETROL_BUNK_JN.pdf,1,"BANASHANKARIBUSSTANDJUNCTION,BANASHANKARIPOLICESTATION",FIXED,21:00,23:00,60.0,,50.0,,20.0,,40.0,,15.0,,185.0,,,
Bengaluru-BPT-Banashankari-TPS-Signal-Timing-data-HOSAKEREHALLI_JN_ITTAMADU_JN.pdf,1,"HOSAKEREHALLI JUNCTION,BANASHANKARIPOLICESTATION",VAC,07:00,09:00,20.0,,20.0,,15.0,,10.0,,,,,,,
Bengaluru-BPT-Banashankari-TPS-Signal-Timing-data-HOSAKEREHALLI_JN_ITTAMADU_JN.pdf,1,"HOSAKEREHALLI JUNCTION,BANASHANKARIPOLICESTATION",VAC,09:00,11:00,40.0,,40.0,,30.0,,10.0,,120.0,,,,,
Bengaluru-BPT-Banashankari-TPS-Signal-Timing-data-HOSAKEREHALLI_JN_ITTAMADU_JN.pdf,1,"HOSAKEREHALLI JUNCTION,BANASHANKARIPOLICESTATION",VAC,11:00,17:00,30.0,,30.0,,20.0,,10.0,,90.0,,,,,
Bengaluru-BPT-Banashankari-TPS-Signal-Timing-data-HOSAKEREHALLI_JN_ITTAMADU_JN.pdf,1,"HOSAKEREHALLI JUNCTION,BANASHANKARIPOLICESTATION",VAC,17:00,21:00,40.0,,40.0,,30.0,,10.0,,120.0,,,,,
Bengaluru-BPT-Banashankari-TPS-Signal-Timing-data-HOSAKEREHALLI_JN_ITTAMADU_JN.pdf,1,"HOSAKEREHALLI JUNCTION,BANASHANKARIPOLICESTATION",VAC,07:00,08:00,30.0,,50.0,,20.0,,10.0,,110.0,,,,,
Bengaluru-BPT-Banashankari-TPS-Signal-Timing-data-HOSAKEREHALLI_JN_ITTAMADU_JN.pdf,1,"HOSAKEREHALLI JUNCTION,BANASHANKARIPOLICESTATION",VAC,08:00,11:00,30.0,,70.0,,25.0,,10.0,,135.0,,,,,
Bengaluru-BPT-Banashankari-TPS-Signal-Timing-data-HOSAKEREHALLI_JN_ITTAMADU_JN.pdf,1,"HOSAKEREHALLI JUNCTION,BANASHANKARIPOLICESTATION",VAC,11:00,16:00,30.0,,50.0,,20.0,,10.0,,110.0,,,,,
Bengaluru-BPT-Banashankari-TPS-Signal-Timing-data-HOSAKEREHALLI_JN_ITTAMADU_JN.pdf,1,"HOSAKEREHALLI JUNCTION,BANASHANKARIPOLICESTATION",VAC,16:00,21:00,30.0,,70.0,,25.0,,10.0,,135.0,,,,,
Bengaluru-BPT-Banashankari-TPS-Signal-Timing-data-HOSAKEREHALLI_JN_ITTAMADU_JN.pdf,1,"HOSAKEREHALLI JUNCTION,BANASHANKARIPOLICESTATION",VAC,21:00,23:00,30.0,,50.0,,20.0,,10.0,,110.0,,,,,
Bengaluru-BPT-Banashankari-TPS-Signal-Timing-data-JBS_NURSING_HOME_JN_JSS_JN.pdf,1,"JBSNURSINGHOMEJUNCTION,BANASHANKARIPOLICESTATION",FIXED,07:00,08:00,60.0,,20.0,,30.0,,40.0,,10.0,,160.0,,,
Bengaluru-BPT-Banashankari-TPS-Signal-Timing-data-JBS_NURSING_HOME_JN_JSS_JN.pdf,1,"JBSNURSINGHOMEJUNCTION,BANASHANKARIPOLICESTATION",FIXED,08:00,11:00,70.0,,25.0,,30.0,,70.0,,10.0,,205.0,,,
Bengaluru-BPT-Banashankari-TPS-Signal-Timing-data-JBS_NURSING_HOME_JN_JSS_JN.pdf,1,"JBSNURSINGHOMEJUNCTION,BANASHANKARIPOLICESTATION",FIXED,11:00,16:00,60.0,,20.0,,30.0,,40.0,,10.0,,160.0,,,
Bengaluru-BPT-Banashankari-TPS-Signal-Timing-data-JBS_NURSING_HOME_JN_JSS_JN.pdf,1,"JBSNURSINGHOMEJUNCTION,BANASHANKARIPOLICESTATION",FIXED,16:00,20:00,80.0,,40.0,,40.0,,70.0,,10.0,,240.0,,,
Bengaluru-BPT-Banashankari-TPS-Signal-Timing-data-JBS_NURSING_HOME_JN_JSS_JN.pdf,1,"JBSNURSINGHOMEJUNCTION,BANASHANKARIPOLICESTATION",FIXED,20:00,23:00,60.0,,20.0,,30.0,,40.0,,10.0,,160.0,,,
Bengaluru-BPT-Banashankari-TPS-Signal-Timing-data-JBS_NURSING_HOME_JN_JSS_JN.pdf,1,"JBSNURSINGHOMEJUNCTION,BANASHANKARIPOLICESTATION",FIXED,07:00,08:00,40.0,,45.0,,15.0,,15.0,,,,,,,
Bengaluru-BPT-Banashankari-TPS-Signal-Timing-data-JBS_NURSING_HOME_JN_JSS_JN.pdf,1,"JBSNURSINGHOMEJUNCTION,BANASHANKARIPOLICESTATION",FIXED,08:00,11:00,45.0,,65.0,,15.0,,40.0,,35.0,,15.0,,215.0,
Bengaluru-BPT-Banashankari-TPS-Signal-Timing-data-JBS_NURSING_HOME_JN_JSS_JN.pdf,1,"JBSNURSINGHOMEJUNCTION,BANASHANKARIPOLICESTATION",FIXED,11:00,16:00,40.0,,45.0,,15.0,,30.0,,25.0,,15.0,,170.0,
Bengaluru-BPT-Banashankari-TPS-Signal-Timing-data-JBS_NURSING_HOME_JN_JSS_JN.pdf,1,"JBSNURSINGHOMEJUNCTION,BANASHANKARIPOLICESTATION",FIXED,16:00,21:00,45.0,,65.0,,15.0,,40.0,,35.0,,15.0,,215.0,
Bengaluru-BPT-Banashankari-TPS-Signal-Timing-data-JBS_NURSING_HOME_JN_JSS_JN.pdf,1,"JBSNURSINGHOMEJUNCTION,BANASHANKARIPOLICESTATION",FIXED,21:00,23:00,40.0,,45.0,,15.0,,30.0,,25.0,,15.0,,170.0,
Bengaluru-BPT-Banashankari-TPS-Signal-Timing-data-K_R_ROAD_NURSING_HOME_JN_K_R_ROAD_14TH_MAIN_JN.pdf,1,"K.R.ROAD JUNCTION(NEARJSS),BANASHANKARIPOLICESTATION",FIXED,07:00,08:00,40.0,,20.0,,30.0,,10.0,,,,,,,
Bengaluru-BPT-Banashankari-TPS-Signal-Timing-data-K_R_ROAD_NURSING_HOME_JN_K_R_ROAD_14TH_MAIN_JN.pdf,1,"K.R.ROAD JUNCTION(NEARJSS),BANASHANKARIPOLICESTATION",FIXED,08:00,12:00,60.0,,30.0,,40.0,,60.0,,10.0,,200.0,,,
Bengaluru-BPT-Banashankari-TPS-Signal-Timing-data-K_R_ROAD_NURSING_HOME_JN_K_R_ROAD_14TH_MAIN_JN.pdf,1,"K.R.ROAD JUNCTION(NEARJSS),BANASHANKARIPOLICESTATION",FIXED,12:00,16:00,40.0,,20.0,,30.0,,40.0,,10.0,,140.0,,,
Bengaluru-BPT-Banashankari-TPS-Signal-Timing-data-K_R_ROAD_NURSING_HOME_JN_K_R_ROAD_14TH_MAIN_JN.pdf,1,"K.R.ROAD JUNCTION(NEARJSS),BANASHANKARIPOLICESTATION",FIXED,16:00,22:00,60.0,,30.0,,40.0,,60.0,,10.0,,200.0,,,
Bengaluru-BPT-Banashankari-TPS-Signal-Timing-data-K_R_ROAD_NURSING_HOME_JN_K_R_ROAD_14TH_MAIN_JN.pdf,1,"K.R.ROAD JUNCTION(NEARJSS),BANASHANKARIPOLICESTATION",FIXED,22:00,23:00,60.0,,30.0,,40.0,,60.0,,10.0,,200.0,,,
Bengaluru-BPT-Banashankari-TPS-Signal-Timing-data-K_R_ROAD_NURSING_HOME_JN_K_R_ROAD_14TH_MAIN_JN.pdf,1,"K.R.ROAD JUNCTION(NEARJSS),BANASHANKARIPOLICESTATION",FIXED,08:00,09:00,25.0,,30.0,,30.0,,6.0,,91.0,,,,,
Bengaluru-BPT-Banashankari-TPS-Signal-Timing-data-K_R_ROAD_NURSING_HOME_JN_K_R_ROAD_14TH_MAIN_JN.pdf,1,"K.R.ROAD JUNCTION(NEARJSS),BANASHANKARIPOLICESTATION",FIXED,09:00,12:00,40.0,,50.0,,35.0,,6.0,,131.0,,,,,
Bengaluru-BPT-Banashankari-TPS-Signal-Timing-data-K_R_ROAD_NURSING_HOME_JN_K_R_ROAD_14TH_MAIN_JN.pdf,1,"K.R.ROAD JUNCTION(NEARJSS),BANASHANKARIPOLICESTATION",FIXED,12:00,17:00,30.0,,35.0,,30.0,,6.0,,101.0,,,,,
Bengaluru-BPT-Banashankari-TPS-Signal-Timing-data-K_R_ROAD_NURSING_HOME_JN_K_R_ROAD_14TH_MAIN_JN.pdf,1,"K.R.ROAD JUNCTION(NEARJSS),BANASHANKARIPOLICESTATION",FIXED,17:00,20:30,40.0,,50.0,,40.0,,6.0,,136.0,,,,,
Bengaluru-BPT-Banashankari-TPS-Signal-Timing-data-KAMAKYA_NURSING_HOME_JN_KATRIGUPPE_JN.pdf,1,"KAMAKYAJUNCTION,BANASHANKARIPOLICESTATION",VAC,07:00,08:00,50.0,,40.0,,15.0,,25.0,,10.0,,140.0,,,
Bengaluru-BPT-Banashankari-TPS-Signal-Timing-data-KAMAKYA_NURSING_HOME_JN_KATRIGUPPE_JN.pdf,1,"KAMAKYAJUNCTION,BANASHANKARIPOLICESTATION",VAC,08:00,11:00,75.0,,50.0,,25.0,,40.0,,10.0,,200.0,,,
Bengaluru-BPT-Banashankari-TPS-Signal-Timing-data-KAMAKYA_NURSING_HOME_JN_KATRIGUPPE_JN.pdf,1,"KAMAKYAJUNCTION,BANASHANKARIPOLICESTATION",VAC,11:00,17:00,50.0,,40.0,,15.0,,25.0,,10.0,,140.0,,,
Bengaluru-BPT-Banashankari-TPS-Signal-Timing-data-KAMAKYA_NURSING_HOME_JN_KATRIGUPPE_JN.pdf,1,"KAMAKYAJUNCTION,BANASHANKARIPOLICESTATION",VAC,17:00,21:00,75.0,,45.0,,25.0,,50.0,,10.0,,205.0,,,
Bengaluru-BPT-Banashankari-TPS-Signal-Timing-data-KAMAKYA_NURSING_HOME_JN_KATRIGUPPE_JN.pdf,1,"KAMAKYAJUNCTION,BANASHANKARIPOLICESTATION",VAC,21:00,23:00,50.0,,40.0,,15.0,,25.0,,10.0,,140.0,,,
Bengaluru-BPT-Banashankari-TPS-Signal-Timing-data-KAMAKYA_NURSING_HOME_JN_KATRIGUPPE_JN.pdf,1,"KAMAKYAJUNCTION,BANASHANKARIPOLICESTATION",VAC,07:00,08:00,60.0,,20.0,,20.0,,10.0,,110.0,,,,,
Bengaluru-BPT-Banashankari-TPS-Signal-Timing-data-KAMAKYA_NURSING_HOME_JN_KATRIGUPPE_JN.pdf,1,"KAMAKYAJUNCTION,BANASHANKARIPOLICESTATION",VAC,08:00,22:00,70.0,,30.0,,30.0,,10.0,,140.0,,,,,
Bengaluru-BPT-Banashankari-TPS-Signal-Timing-data-KAMAKYA_NURSING_HOME_JN_KATRIGUPPE_JN.pdf,1,"KAMAKYAJUNCTION,BANASHANKARIPOLICESTATION",VAC,22:00,23:00,60.0,,20.0,,20.0,,10.0,,110.0,,,,,
Bengaluru-BPT-Banashankari-TPS-Signal-Timing-data-NCERT_JN_SEETA_CIRCLE_JN_BANASHANKARI.pdf,1,"NCERTJUNCTION,BANASHANKARIPOLICESTATION",VAC,07:00,08:00,40.0,,35.0,,20.0,,15.0,,10.0,,120.0,,,
Bengaluru-BPT-Banashankari-TPS-Signal-Timing-data-NCERT_JN_SEETA_CIRCLE_JN_BANASHANKARI.pdf,1,"NCERTJUNCTION,BANASHANKARIPOLICESTATION",VAC,08:00,11:00,60.0,,50.0,,30.0,,30.0,,10.0,,180.0,,,
Bengaluru-BPT-Banashankari-TPS-Signal-Timing-data-NCERT_JN_SEETA_CIRCLE_JN_BANASHANKARI.pdf,1,"NCERTJUNCTION,BANASHANKARIPOLICESTATION",VAC,11:00,16:00,40.0,,35.0,,20.0,,15.0,,10.0,,120.0,,,
Bengaluru-BPT-Banashankari-TPS-Signal-Timing-data-NCERT_JN_SEETA_CIRCLE_JN_BANASHANKARI.pdf,1,"NCERTJUNCTION,BANASHANKARIPOLICESTATION",VAC,16:00,20:30,60.0,,50.0,,30.0,,20.0,,10.0,,170.0,,,
Bengaluru-BPT-Banashankari-TPS-Signal-Timing-data-NCERT_JN_SEETA_CIRCLE_JN_BANASHANKARI.pdf,1,"NCERTJUNCTION,BANASHANKARIPOLICESTATION",VAC,20:30,23:00,40.0,,35.0,,20.0,,15.0,,10.0,,120.0,,,
Bengaluru-BPT-Banashankari-TPS-Signal-Timing-data-NCERT_JN_SEETA_CIRCLE_JN_BANASHANKARI.pdf,1,"NCERTJUNCTION,BANASHANKARIPOLICESTATION",VAC,08:30,11:00,30.0,,50.0,,25.0,,10.0,,,,,,,
Bengaluru-BPT-Banashankari-TPS-Signal-Timing-data-NCERT_JN_SEETA_CIRCLE_JN_BANASHANKARI.pdf,1,"NCERTJUNCTION,BANASHANKARIPOLICESTATION",VAC,11:00,17:00,25.0,,40.0,,15.0,,10.0,,10.0,,100.0,,,
Bengaluru-BPT-Banashankari-TPS-Signal-Timing-data-NCERT_JN_SEETA_CIRCLE_JN_BANASHANKARI.pdf,1,"NCERTJUNCTION,BANASHANKARIPOLICESTATION",VAC,17:00,20:00,30.0,,50.0,,25.0,,10.0,,10.0,,125.0,,,
Bengaluru-BPT-Banashankari-TPS-Signal-Timing-data-NCERT_JN_SEETA_CIRCLE_JN_BANASHANKARI.pdf,1,"NCERTJUNCTION,BANASHANKARIPOLICESTATION",VAC,20:00,23:00,25.0,,40.0,,15.0,,10.0,,10.0,,100.0,,,
Bengaluru-BPT-Banaswadi-TPS-Signal-Timing-data-KALYAN_NAGAR_ORR_JN_KAMMANAHAlLI_JN.pdf,1,"KALYANNAGARORRJUNCTION,BANASAVADIPOLICESTATION",FIXED,07:00,08:30,30.0,,10.0,,,,,,,,,,,
Bengaluru-BPT-Banaswadi-TPS-Signal-Timing-data-KALYAN_NAGAR_ORR_JN_KAMMANAHAlLI_JN.pdf,1,"KALYANNAGARORRJUNCTION,BANASAVADIPOLICESTATION",FIXED,08:30,20:30,40.0,,30.0,,40.0,,30.0,,30.0,,10.0,,180.0,
Bengaluru-BPT-Banaswadi-TPS-Signal-Timing-data-KALYAN_NAGAR_ORR_JN_KAMMANAHAlLI_JN.pdf,1,"KALYANNAGARORRJUNCTION,BANASAVADIPOLICESTATION",FIXED,20:30,23:00,30.0,,30.0,,30.0,,23.0,,23.0,,10.0,,146.0,
Bengaluru-BPT-Banaswadi-TPS-Signal-Timing-data-KALYAN_NAGAR_ORR_JN_KAMMANAHAlLI_JN.pdf,1,"KALYANNAGARORRJUNCTION,BANASAVADIPOLICESTATION",FIXED,07:00,08:30,40.0,,40.0,,10.0,,,,,,,,,
Bengaluru-BPT-Banaswadi-TPS-Signal-Timing-data-KALYAN_NAGAR_ORR_JN_KAMMANAHAlLI_JN.pdf,1,"KALYANNAGARORRJUNCTION,BANASAVADIPOLICESTATION",FIXED,08:30,20:30,50.0,,25.0,,45.0,,30.0,,30.0,,10.0,,190.0,
Bengaluru-BPT-Banaswadi-TPS-Signal-Timing-data-KALYAN_NAGAR_ORR_JN_KAMMANAHAlLI_JN.pdf,1,"KALYANNAGARORRJUNCTION,BANASAVADIPOLICESTATION",FIXED,20:30,23:00,40.0,,25.0,,40.0,,25.0,,25.0,,10.0,,165.0,
Bengaluru-BPT-Banaswadi-TPS-Signal-Timing-data-MARIAPPA_CIRCLE_JN_NAGAVARA_JN.pdf,1,"MARIAPPACIRCLE(CMRCIRCLE)JUNCTION,BANASAVADIPOLICESTATION",FIXED,07:00,08:00,70.0,,70.0,,10.0,,,,,,,,,
Bengaluru-BPT-Banaswadi-TPS-Signal-Timing-data-MARIAPPA_CIRCLE_JN_NAGAVARA_JN.pdf,1,"MARIAPPACIRCLE(CMRCIRCLE)JUNCTION,BANASAVADIPOLICESTATION",FIXED,08:00,11:00,35.0,,35.0,,45.0,,10.0,,,,,,,
Bengaluru-BPT-Banaswadi-TPS-Signal-Timing-data-MARIAPPA_CIRCLE_JN_NAGAVARA_JN.pdf,1,"MARIAPPACIRCLE(CMRCIRCLE)JUNCTION,BANASAVADIPOLICESTATION",FIXED,08:00,12:00,50.0,,50.0,,70.0,,30.0,,30.0,,10.0,,240.0,
Bengaluru-BPT-Banaswadi-TPS-Signal-Timing-data-MARIAPPA_CIRCLE_JN_NAGAVARA_JN.pdf,1,"MARIAPPACIRCLE(CMRCIRCLE)JUNCTION,BANASAVADIPOLICESTATION",FIXED,12:00,17:00,75.0,,75.0,,30.0,,30.0,,10.0,,220.0,,,
Bengaluru-BPT-Banaswadi-TPS-Signal-Timing-data-MARIAPPA_CIRCLE_JN_NAGAVARA_JN.pdf,1,"MARIAPPACIRCLE(CMRCIRCLE)JUNCTION,BANASAVADIPOLICESTATION",FIXED,17:00,20:30,50.0,,50.0,,75.0,,30.0,,35.0,,10.0,,250.0,
Bengaluru-BPT-Banaswadi-TPS-Signal-Timing-data-MARIAPPA_CIRCLE_JN_NAGAVARA_JN.pdf,1,"MARIAPPACIRCLE(CMRCIRCLE)JUNCTION,BANASAVADIPOLICESTATION",FIXED,20:30,23:00,75.0,,75.0,,30.0,,30.0,,10.0,,220.0,,,
Bengaluru-BPT-Banaswadi-TPS-Signal-Timing-data-MARIAPPA_CIRCLE_JN_NAGAVARA_JN.pdf,1,"MARIAPPACIRCLE(CMRCIRCLE)JUNCTION,BANASAVADIPOLICESTATION",FIXED,11:00,17:00,,,,,,,,,,,,,,
Bengaluru-BPT-Banaswadi-TPS-Signal-Timing-data-MARIAPPA_CIRCLE_JN_NAGAVARA_JN.pdf,1,"MARIAPPACIRCLE(CMRCIRCLE)JUNCTION,BANASAVADIPOLICESTATION",FIXED,17:00,21:00,35.0,,35.0,,45.0,,45.0,,10.0,,170.0,,,
Bengaluru-BPT-Banaswadi-TPS-Signal-Timing-data-MARIAPPA_CIRCLE_JN_NAGAVARA_JN.pdf,1,"MARIAPPACIRCLE(CMRCIRCLE)JUNCTION,BANASAVADIPOLICESTATION",FIXED,09:00,11:00,25.0,,25.0,,35.0,,35.0,,10.0,,130.0,,,
Bengaluru-BPT-Banaswadi-TPS-Signal-Timing-data-MARIAPPA_CIRCLE_JN_NAGAVARA_JN.pdf,1,"MARIAPPACIRCLE(CMRCIRCLE)JUNCTION,BANASAVADIPOLICESTATION",FIXED,17:00,21:00,25.0,,25.0,,35.0,,35.0,,10.0,,130.0,,,
Bengaluru-BPT-Banaswadi-TPS-Signal-Timing-data-ULLASAPPA_JN_VISHWESHWARAIAH_JN.pdf,1,"ULLASAPPAJUNCTION,BANASAVADIPOLICESTATION",FIXED,08:00,13:00,50.0,,50.0,,40.0,,10.0,,,,,,,
Bengaluru-BPT-Banaswadi-TPS-Signal-Timing-data-ULLASAPPA_JN_VISHWESHWARAIAH_JN.pdf,1,"ULLASAPPAJUNCTION,BANASAVADIPOLICESTATION",FIXED,13:00,17:00,,,,,,,,,,,,,,
Bengaluru-BPT-Banaswadi-TPS-Signal-Timing-data-ULLASAPPA_JN_VISHWESHWARAIAH_JN.pdf,1,"ULLASAPPAJUNCTION,BANASAVADIPOLICESTATION",FIXED,17:00,21:30,50.0,,50.0,,40.0,,50.0,,10.0,,200.0,,,
Bengaluru-BPT-Banaswadi-TPS-Signal-Timing-data-ULLASAPPA_JN_VISHWESHWARAIAH_JN.pdf,1,"ULLASAPPAJUNCTION,BANASAVADIPOLICESTATION",FIXED,09:00,13:00,35.0,,35.0,,25.0,,35.0,,10.0,,140.0,,,
Bengaluru-BPT-Banaswadi-TPS-Signal-Timing-data-ULLASAPPA_JN_VISHWESHWARAIAH_JN.pdf,1,"ULLASAPPAJUNCTION,BANASAVADIPOLICESTATION",FIXED,17:00,21:30,35.0,,35.0,,25.0,,35.0,,10.0,,140.0,,,
Bengaluru-BPT-Banaswadi-TPS-Signal-Timing-data-ULLASAPPA_JN_VISHWESHWARAIAH_JN.pdf,1,"ULLASAPPAJUNCTION,BANASAVADIPOLICESTATION",FIXED,08:00,09:00,32.0,,32.0,,27.0,,10.0,,,,,,,
Bengaluru-BPT-Banaswadi-TPS-Signal-Timing-data-ULLASAPPA_JN_VISHWESHWARAIAH_JN.pdf,1,"ULLASAPPAJUNCTION,BANASAVADIPOLICESTATION",FIXED,09:00,11:00,42.0,,42.0,,37.0,,10.0,,131.0,,,,,
Bengaluru-BPT-Banaswadi-TPS-Signal-Timing-data-ULLASAPPA_JN_VISHWESHWARAIAH_JN.pdf,1,"ULLASAPPAJUNCTION,BANASAVADIPOLICESTATION",FIXED,11:00,17:00,,,,,,,,,,,,,,
Bengaluru-BPT-Banaswadi-TPS-Signal-Timing-data-ULLASAPPA_JN_VISHWESHWARAIAH_JN.pdf,1,"ULLASAPPAJUNCTION,BANASAVADIPOLICESTATION",FIXED,17:00,20:00,42.0,,42.0,,37.0,,10.0,,131.0,,,,,
Bengaluru-BPT-Banaswadi-TPS-Signal-Timing-data-ULLASAPPA_JN_VISHWESHWARAIAH_JN.pdf,1,"ULLASAPPAJUNCTION,BANASAVADIPOLICESTATION",FIXED,20:00,21:00,32.0,,32.0,,27.0,,10.0,,101.0,,,,,
Bengaluru-BPT-Banaswadi-TPS-Signal-Timing-data-ULLASAPPA_JN_VISHWESHWARAIAH_JN.pdf,1,"ULLASAPPAJUNCTION,BANASAVADIPOLICESTATION",FIXED,09:00,11:00,32.0,,32.0,,27.0,,10.0,,101.0,,,,,
Bengaluru-BPT-Banaswadi-TPS-Signal-Timing-data-ULLASAPPA_JN_VISHWESHWARAIAH_JN.pdf,1,"ULLASAPPAJUNCTION,BANASAVADIPOLICESTATION",FIXED,17:00,20:00,32.0,,32.0,,27.0,,10.0,,101.0,,,,,
Bengaluru-BPT-Basavangudi-TPS-Signal-Timing-data-BHARATHI_NURSING_HOME_JN_CHAMARAJPET_5TH_MAIN_JN.pdf,1,"CHAMARAJPET5THMAINJUNCTION,BASAVANAGUDIPOLICESTATION",VAC,07:00,08:00,30.0,,50.0,,50.0,,40.0,,10.0,,180.0,,,
Bengaluru-BPT-Basavangudi-TPS-Signal-Timing-data-BHARATHI_NURSING_HOME_JN_CHAMARAJPET_5TH_MAIN_JN.pdf,1,"CHAMARAJPET5THMAINJUNCTION,BASAVANAGUDIPOLICESTATION",VAC,08:00,12:00,40.0,,60.0,,60.0,,50.0,,10.0,,220.0,,,
Bengaluru-BPT-Basavangudi-TPS-Signal-Timing-data-BHARATHI_NURSING_HOME_JN_CHAMARAJPET_5TH_MAIN_JN.pdf,1,"CHAMARAJPET5THMAINJUNCTION,BASAVANAGUDIPOLICESTATION",VAC,12:00,16:00,30.0,,50.0,,50.0,,40.0,,10.0,,180.0,,,
Bengaluru-BPT-Basavangudi-TPS-Signal-Timing-data-BHARATHI_NURSING_HOME_JN_CHAMARAJPET_5TH_MAIN_JN.pdf,1,"CHAMARAJPET5THMAINJUNCTION,BASAVANAGUDIPOLICESTATION",VAC,16:00,21:00,40.0,,60.0,,60.0,,50.0,,10.0,,220.0,,,
Bengaluru-BPT-Basavangudi-TPS-Signal-Timing-data-BHARATHI_NURSING_HOME_JN_CHAMARAJPET_5TH_MAIN_JN.pdf,1,"CHAMARAJPET5THMAINJUNCTION,BASAVANAGUDIPOLICESTATION",VAC,21:00,22:00,30.0,,50.0,,50.0,,40.0,,10.0,,180.0,,,
Bengaluru-BPT-Basavangudi-TPS-Signal-Timing-data-BHARATHI_NURSING_HOME_JN_CHAMARAJPET_5TH_MAIN_JN.pdf,1,"CHAMARAJPET5THMAINJUNCTION,BASAVANAGUDIPOLICESTATION",VAC,08:00,11:00,50.0,,20.0,,30.0,,10.0,,110.0,,,,,
Bengaluru-BPT-Basavangudi-TPS-Signal-Timing-data-BHARATHI_NURSING_HOME_JN_CHAMARAJPET_5TH_MAIN_JN.pdf,1,"CHAMARAJPET5THMAINJUNCTION,BASAVANAGUDIPOLICESTATION",VAC,11:00,16:00,40.0,,15.0,,30.0,,10.0,,95.0,,,,,
Bengaluru-BPT-Basavangudi-TPS-Signal-Timing-data-BHARATHI_NURSING_HOME_JN_CHAMARAJPET_5TH_MAIN_JN.pdf,1,"CHAMARAJPET5THMAINJUNCTION,BASAVANAGUDIPOLICESTATION",VAC,16:00,21:00,50.0,,20.0,,30.0,,10.0,,110.0,,,,,
Bengaluru-BPT-Basavangudi-TPS-Signal-Timing-data-BHARATHI_NURSING_HOME_JN_CHAMARAJPET_5TH_MAIN_JN.pdf,1,"CHAMARAJPET5THMAINJUNCTION,BASAVANAGUDIPOLICESTATION",VAC,21:00,22:00,40.0,,15.0,,30.0,,10.0,,95.0,,,,,
Bengaluru-BPT-Basavangudi-TPS-Signal-Timing-data-DEEVAN_MADHAV_RAO_JN_HALLI_THINDI_JN.pdf,1,"DEEVANMADHAVRAOJUNCTION,BASAVANAGUDIPOLICESTATION",FIXED,08:00,11:00,30.0,,25.0,,20.0,,5.0,,80.0,,,,,
Bengaluru-BPT-Basavangudi-TPS-Signal-Timing-data-DEEVAN_MADHAV_RAO_JN_HALLI_THINDI_JN.pdf,1,"DEEVANMADHAVRAOJUNCTION,BASAVANAGUDIPOLICESTATION",FIXED,11:00,17:00,30.0,,20.0,,20.0,,5.0,,75.0,,,,,
Bengaluru-BPT-Basavangudi-TPS-Signal-Timing-data-DEEVAN_MADHAV_RAO_JN_HALLI_THINDI_JN.pdf,1,"DEEVANMADHAVRAOJUNCTION,BASAVANAGUDIPOLICESTATION",FIXED,17:00,20:30,40.0,,30.0,,25.0,,5.0,,100.0,,,,,
Bengaluru-BPT-Basavangudi-TPS-Signal-Timing-data-DEEVAN_MADHAV_RAO_JN_HALLI_THINDI_JN.pdf,1,"DEEVANMADHAVRAOJUNCTION,BASAVANAGUDIPOLICESTATION",FIXED,07:00,08:00,30.0,,20.0,,20.0,,10.0,,80.0,,,,,
Bengaluru-BPT-Basavangudi-TPS-Signal-Timing-data-DEEVAN_MADHAV_RAO_JN_HALLI_THINDI_JN.pdf,1,"DEEVANMADHAVRAOJUNCTION,BASAVANAGUDIPOLICESTATION",FIXED,08:00,12:00,40.0,,25.0,,20.0,,10.0,,95.0,,,,,
Bengaluru-BPT-Basavangudi-TPS-Signal-Timing-data-DEEVAN_MADHAV_RAO_JN_HALLI_THINDI_JN.pdf,1,"DEEVANMADHAVRAOJUNCTION,BASAVANAGUDIPOLICESTATION",FIXED,12:00,16:00,30.0,,20.0,,20.0,,10.0,,80.0,,,,,
Bengaluru-BPT-Basavangudi-TPS-Signal-Timing-data-DEEVAN_MADHAV_RAO_JN_HALLI_THINDI_JN.pdf,1,"DEEVANMADHAVRAOJUNCTION,BASAVANAGUDIPOLICESTATION",FIXED,16:00,21:00,40.0,,25.0,,20.0,,10.0,,95.0,,,,,
Bengaluru-BPT-Basavangudi-TPS-Signal-Timing-data-DEEVAN_MADHAV_RAO_JN_HALLI_THINDI_JN.pdf,1,"DEEVANMADHAVRAOJUNCTION,BASAVANAGUDIPOLICESTATION",FIXED,21:00,22:00,30.0,,20.0,,20.0,,10.0,,80.0,,,,,
Bengaluru-BPT-Basavangudi-TPS-Signal-Timing-data-LALBAGH_WEST_GATE_JN_NATIONAL_COLLEGE_JN.pdf,1,"LALBAGHWESTGATE JUNCTION,BASAVANAGUDIPOLICESTATION",VAC,07:00,09:00,25.0,,35.0,,10.0,,10.0,,,,,,,
Bengaluru-BPT-Basavangudi-TPS-Signal-Timing-data-LALBAGH_WEST_GATE_JN_NATIONAL_COLLEGE_JN.pdf,1,"LALBAGHWESTGATE JUNCTION,BASAVANAGUDIPOLICESTATION",VAC,07:00,08:30,40.0,,25.0,,15.0,,,,,,,,,
Bengaluru-BPT-Basavangudi-TPS-Signal-Timing-data-LALBAGH_WEST_GATE_JN_NATIONAL_COLLEGE_JN.pdf,1,"LALBAGHWESTGATE JUNCTION,BASAVANAGUDIPOLICESTATION",VAC,09:00,11:00,30.0,,45.0,,15.0,,40.0,,10.0,,140.0,,,
Bengaluru-BPT-Basavangudi-TPS-Signal-Timing-data-LALBAGH_WEST_GATE_JN_NATIONAL_COLLEGE_JN.pdf,1,"LALBAGHWESTGATE JUNCTION,BASAVANAGUDIPOLICESTATION",VAC,11:00,17:00,30.0,,110.0,,,,,,,,,,,
Bengaluru-BPT-Basavangudi-TPS-Signal-Timing-data-LALBAGH_WEST_GATE_JN_NATIONAL_COLLEGE_JN.pdf,1,"LALBAGHWESTGATE JUNCTION,BASAVANAGUDIPOLICESTATION",VAC,17:00,20:00,30.0,,45.0,,15.0,,40.0,,10.0,,140.0,,,
Bengaluru-BPT-Basavangudi-TPS-Signal-Timing-data-LALBAGH_WEST_GATE_JN_NATIONAL_COLLEGE_JN.pdf,1,"LALBAGHWESTGATE JUNCTION,BASAVANAGUDIPOLICESTATION",VAC,20:00,22:00,30.0,,110.0,,,,,,,,,,,
Bengaluru-BPT-Basavangudi-TPS-Signal-Timing-data-LALBAGH_WEST_GATE_JN_NATIONAL_COLLEGE_JN.pdf,1,"LALBAGHWESTGATE JUNCTION,BASAVANAGUDIPOLICESTATION",VAC,08:30,11:00,,,,,,,15.0,,10.0,,,,,
Bengaluru-BPT-Basavangudi-TPS-Signal-Timing-data-LALBAGH_WEST_GATE_JN_NATIONAL_COLLEGE_JN.pdf,1,"LALBAGHWESTGATE JUNCTION,BASAVANAGUDIPOLICESTATION",VAC,16:00,22:00,40.0,,,,,,15.0,,10.0,,,,,
Bengaluru-BPT-Basavangudi-TPS-Signal-Timing-data-LALBAGH_WEST_GATE_JN_NATIONAL_COLLEGE_JN.pdf,1,"LALBAGHWESTGATE JUNCTION,BASAVANAGUDIPOLICESTATION",VAC,22:00,23:00,20.0,,15.0,,15.0,,,,,,,,,
Bengaluru-BPT-Basavangudi-TPS-Signal-Timing-data-VIDTAPETTA_CIRCLE_JN_YEDIYUR_CIRCLE_JN.pdf,1,"VIDTAPETTACIRCLE JUNCTION,BASAVANAGUDIPOLICESTATION",FIXED,07:00,11:00,50.0,,30.0,,30.0,,10.0,,,,,,,
Bengaluru-BPT-Basavangudi-TPS-Signal-Timing-data-VIDTAPETTA_CIRCLE_JN_YEDIYUR_CIRCLE_JN.pdf,1,"VIDTAPETTACIRCLE JUNCTION,BASAVANAGUDIPOLICESTATION",FIXED,11:00,16:00,40.0,,25.0,,40.0,,10.0,,115.0,,,,,
Bengaluru-BPT-Basavangudi-TPS-Signal-Timing-data-VIDTAPETTA_CIRCLE_JN_YEDIYUR_CIRCLE_JN.pdf,1,"VIDTAPETTACIRCLE JUNCTION,BASAVANAGUDIPOLICESTATION",FIXED,16:00,22:00,75.0,,50.0,,50.0,,10.0,,185.0,,,,,
Bengaluru-BPT-Basavangudi-TPS-Signal-Timing-data-VIDTAPETTA_CIRCLE_JN_YEDIYUR_CIRCLE_JN.pdf,1,"VIDTAPETTACIRCLE JUNCTION,BASAVANAGUDIPOLICESTATION",FIXED,07:00,08:30,30.0,,20.0,,20.0,,15.0,,5.0,,90.0,,,
Bengaluru-BPT-Basavangudi-TPS-Signal-Timing-data-VIDTAPETTA_CIRCLE_JN_YEDIYUR_CIRCLE_JN.pdf,1,"VIDTAPETTACIRCLE JUNCTION,BASAVANAGUDIPOLICESTATION",FIXED,08:30,12:00,45.0,,30.0,,30.0,,30.0,,5.0,,140.0,,,
Bengaluru-BPT-Basavangudi-TPS-Signal-Timing-data-VIDTAPETTA_CIRCLE_JN_YEDIYUR_CIRCLE_JN.pdf,1,"VIDTAPETTACIRCLE JUNCTION,BASAVANAGUDIPOLICESTATION",FIXED,16:00,20:30,45.0,,30.0,,30.0,,30.0,,5.0,,140.0,,,
Bengaluru-BPT-Basavangudi-TPS-Signal-Timing-data-VIDTAPETTA_CIRCLE_JN_YEDIYUR_CIRCLE_JN.pdf,1,"VIDTAPETTACIRCLE JUNCTION,BASAVANAGUDIPOLICESTATION",FIXED,20:30,23:00,30.0,,20.0,,20.0,,15.0,,5.0,,90.0,,,
Bengaluru-BPT-Byatarayanapura-TPS-Signal-Timing-data-ATTIGUPPE_CIRCLE_JN_CHANDRA_LAYOUT_JN.pdf,1,"ATTIGUPPECIRCLEJUNCTION,BYATARAYANAPURAPOLICESTATION",VAC,07:00,09:00,35.0,,35.0,,25.0,,10.0,,105.0,,,,,
Bengaluru-BPT-Byatarayanapura-TPS-Signal-Timing-data-ATTIGUPPE_CIRCLE_JN_CHANDRA_LAYOUT_JN.pdf,1,"ATTIGUPPECIRCLEJUNCTION,BYATARAYANAPURAPOLICESTATION",VAC,09:00,11:00,60.0,,45.0,,35.0,,10.0,,150.0,,,,,
Bengaluru-BPT-Byatarayanapura-TPS-Signal-Timing-data-ATTIGUPPE_CIRCLE_JN_CHANDRA_LAYOUT_JN.pdf,1,"ATTIGUPPECIRCLEJUNCTION,BYATARAYANAPURAPOLICESTATION",VAC,11:00,16:00,50.0,,35.0,,25.0,,10.0,,120.0,,,,,
Bengaluru-BPT-Byatarayanapura-TPS-Signal-Timing-data-ATTIGUPPE_CIRCLE_JN_CHANDRA_LAYOUT_JN.pdf,1,"ATTIGUPPECIRCLEJUNCTION,BYATARAYANAPURAPOLICESTATION",VAC,16:00,20:00,60.0,,45.0,,35.0,,10.0,,150.0,,,,,
Bengaluru-BPT-Byatarayanapura-TPS-Signal-Timing-data-ATTIGUPPE_CIRCLE_JN_CHANDRA_LAYOUT_JN.pdf,1,"ATTIGUPPECIRCLEJUNCTION,BYATARAYANAPURAPOLICESTATION",VAC,20:00,22:00,45.0,,45.0,,25.0,,10.0,,125.0,,,,,
Bengaluru-BPT-Byatarayanapura-TPS-Signal-Timing-data-ATTIGUPPE_CIRCLE_JN_CHANDRA_LAYOUT_JN.pdf,1,"ATTIGUPPECIRCLEJUNCTION,BYATARAYANAPURAPOLICESTATION",VAC,08:00,11:00,40.0,,10.0,,40.0,,50.0,,30.0,,170.0,,,
Bengaluru-BPT-Byatarayanapura-TPS-Signal-Timing-data-ATTIGUPPE_CIRCLE_JN_CHANDRA_LAYOUT_JN.pdf,1,"ATTIGUPPECIRCLEJUNCTION,BYATARAYANAPURAPOLICESTATION",VAC,08:30,11:00,30.0,,10.0,,30.0,,40.0,,20.0,,130.0,,,
Bengaluru-BPT-Byatarayanapura-TPS-Signal-Timing-data-ATTIGUPPE_CIRCLE_JN_CHANDRA_LAYOUT_JN.pdf,1,"ATTIGUPPECIRCLEJUNCTION,BYATARAYANAPURAPOLICESTATION",VAC,16:00,21:00,30.0,,10.0,,30.0,,40.0,,20.0,,130.0,,,
Bengaluru-BPT-Byatarayanapura-TPS-Signal-Timing-data-HOYSALA_CIRCLE_KENGERI_UPANAGAR_JN_KIMCO_JN.pdf,1,"HOYSALACIRCLEKENGERIUPANAGARJUNCTION,BYATARAYANAPURAPOLICESTATION",FIXED,07:00,08:00,55.0,,35.0,,25.0,,5.0,,120.0,,,,,
Bengaluru-BPT-Byatarayanapura-TPS-Signal-Timing-data-HOYSALA_CIRCLE_KENGERI_UPANAGAR_JN_KIMCO_JN.pdf,1,"HOYSALACIRCLEKENGERIUPANAGARJUNCTION,BYATARAYANAPURAPOLICESTATION",FIXED,08:00,11:00,85.0,,45.0,,35.0,,5.0,,170.0,,,,,
Bengaluru-BPT-Byatarayanapura-TPS-Signal-Timing-data-HOYSALA_CIRCLE_KENGERI_UPANAGAR_JN_KIMCO_JN.pdf,1,"HOYSALACIRCLEKENGERIUPANAGARJUNCTION,BYATARAYANAPURAPOLICESTATION",FIXED,11:00,16:00,55.0,,35.0,,25.0,,5.0,,120.0,,,,,
Bengaluru-BPT-Byatarayanapura-TPS-Signal-Timing-data-HOYSALA_CIRCLE_KENGERI_UPANAGAR_JN_KIMCO_JN.pdf,1,"HOYSALACIRCLEKENGERIUPANAGARJUNCTION,BYATARAYANAPURAPOLICESTATION",FIXED,16:00,21:00,85.0,,45.0,,35.0,,5.0,,170.0,,,,,
Bengaluru-BPT-Byatarayanapura-TPS-Signal-Timing-data-HOYSALA_CIRCLE_KENGERI_UPANAGAR_JN_KIMCO_JN.pdf,1,"HOYSALACIRCLEKENGERIUPANAGARJUNCTION,BYATARAYANAPURAPOLICESTATION",FIXED,21:00,23:00,55.0,,35.0,,25.0,,5.0,,120.0,,,,,
Bengaluru-BPT-Byatarayanapura-TPS-Signal-Timing-data-HOYSALA_CIRCLE_KENGERI_UPANAGAR_JN_KIMCO_JN.pdf,1,"HOYSALACIRCLEKENGERIUPANAGARJUNCTION,BYATARAYANAPURAPOLICESTATION",FIXED,08:00,11:00,60.0,,45.0,,15.0,,10.0,,10.0,,140.0,,,
Bengaluru-BPT-Byatarayanapura-TPS-Signal-Timing-data-HOYSALA_CIRCLE_KENGERI_UPANAGAR_JN_KIMCO_JN.pdf,1,"HOYSALACIRCLEKENGERIUPANAGARJUNCTION,BYATARAYANAPURAPOLICESTATION",FIXED,17:00,20:00,60.0,,45.0,,15.0,,10.0,,10.0,,140.0,,,
Bengaluru-BPT-Byatarayanapura-TPS-Signal-Timing-data-RAJARAJESHWARI_JN_SATELLITE_BUS_STAND_JN.pdf,1,"RAJARAJESHWARIJUNCTION,BYATARAYANAPURAPOLICESTATION",FIXED,07:00,09:00,25.0,,45.0,,30.0,,10.0,,,,,,,
Bengaluru-BPT-Byatarayanapura-TPS-Signal-Timing-data-RAJARAJESHWARI_JN_SATELLITE_BUS_STAND_JN.pdf,1,"RAJARAJESHWARIJUNCTION,BYATARAYANAPURAPOLICESTATION",FIXED,09:00,11:00,45.0,,60.0,,35.0,,10.0,,150.0,,,,,
Bengaluru-BPT-Byatarayanapura-TPS-Signal-Timing-data-RAJARAJESHWARI_JN_SATELLITE_BUS_STAND_JN.pdf,1,"RAJARAJESHWARIJUNCTION,BYATARAYANAPURAPOLICESTATION",FIXED,11:00,14:00,30.0,,45.0,,30.0,,10.0,,115.0,,,,,
Bengaluru-BPT-Byatarayanapura-TPS-Signal-Timing-data-RAJARAJESHWARI_JN_SATELLITE_BUS_STAND_JN.pdf,1,"RAJARAJESHWARIJUNCTION,BYATARAYANAPURAPOLICESTATION",FIXED,14:00,20:00,45.0,,60.0,,35.0,,10.0,,150.0,,,,,
Bengaluru-BPT-Byatarayanapura-TPS-Signal-Timing-data-RAJARAJESHWARI_JN_SATELLITE_BUS_STAND_JN.pdf,1,"RAJARAJESHWARIJUNCTION,BYATARAYANAPURAPOLICESTATION",FIXED,20:00,22:00,25.0,,45.0,,30.0,,10.0,,110.0,,,,,
Bengaluru-BPT-Byatarayanapura-TPS-Signal-Timing-data-RAJARAJESHWARI_JN_SATELLITE_BUS_STAND_JN.pdf,1,"RAJARAJESHWARIJUNCTION,BYATARAYANAPURAPOLICESTATION",FIXED,07:00,08:00,25.0,,40.0,,10.0,,75.0,,,,,,,
Bengaluru-BPT-Byatarayanapura-TPS-Signal-Timing-data-RAJARAJESHWARI_JN_SATELLITE_BUS_STAND_JN.pdf,1,"RAJARAJESHWARIJUNCTION,BYATARAYANAPURAPOLICESTATION",FIXED,08:00,11:00,25.0,,90.0,,10.0,,125.0,,,,,,,
Bengaluru-BPT-Byatarayanapura-TPS-Signal-Timing-data-RAJARAJESHWARI_JN_SATELLITE_BUS_STAND_JN.pdf,1,"RAJARAJESHWARIJUNCTION,BYATARAYANAPURAPOLICESTATION",FIXED,11:00,16:00,25.0,,40.0,,10.0,,75.0,,,,,,,
Bengaluru-BPT-Byatarayanapura-TPS-Signal-Timing-data-RAJARAJESHWARI_JN_SATELLITE_BUS_STAND_JN.pdf,1,"RAJARAJESHWARIJUNCTION,BYATARAYANAPURAPOLICESTATION",FIXED,16:00,20:30,25.0,,90.0,,10.0,,125.0,,,,,,,
Bengaluru-BPT-Byatarayanapura-TPS-Signal-Timing-data-RAJARAJESHWARI_JN_SATELLITE_BUS_STAND_JN.pdf,1,"RAJARAJESHWARIJUNCTION,BYATARAYANAPURAPOLICESTATION",FIXED,20:30,23:00,25.0,,40.0,,10.0,,75.0,,,,,,,
Bengaluru-BPT-Central-Chikkajalla-TPS-Signal-Timing-data-SIRSI_CIRCLE_JN_CHIKKAJALA_JN.pdf,1,"SIRSICIRCLEJUNCTION,CENTRAL POLICESTATION",VAC,07:00,09:00,45.0,,40.0,,40.0,,50.0,,10.0,,185.0,,,
Bengaluru-BPT-Central-Chikkajalla-TPS-Signal-Timing-data-SIRSI_CIRCLE_JN_CHIKKAJALA_JN.pdf,1,"SIRSICIRCLEJUNCTION,CENTRAL POLICESTATION",VAC,09:00,12:00,60.0,,50.0,,40.0,,65.0,,10.0,,225.0,,,
Bengaluru-BPT-Central-Chikkajalla-TPS-Signal-Timing-data-SIRSI_CIRCLE_JN_CHIKKAJALA_JN.pdf,1,"SIRSICIRCLEJUNCTION,CENTRAL POLICESTATION",VAC,12:00,16:00,60.0,,50.0,,35.0,,60.0,,10.0,,215.0,,,
Bengaluru-BPT-Central-Chikkajalla-TPS-Signal-Timing-data-SIRSI_CIRCLE_JN_CHIKKAJALA_JN.pdf,1,"SIRSICIRCLEJUNCTION,CENTRAL POLICESTATION",VAC,16:00,21:00,50.0,,60.0,,40.0,,65.0,,10.0,,225.0,,,
Bengaluru-BPT-Central-Chikkajalla-TPS-Signal-Timing-data-SIRSI_CIRCLE_JN_CHIKKAJALA_JN.pdf,1,"SIRSICIRCLEJUNCTION,CENTRAL POLICESTATION",VAC,21:00,23:00,45.0,,40.0,,40.0,,50.0,,10.0,,185.0,,,
Bengaluru-BPT-Central-Chikkajalla-TPS-Signal-Timing-data-SIRSI_CIRCLE_JN_CHIKKAJALA_JN.pdf,1,"SIRSICIRCLEJUNCTION,CENTRAL POLICESTATION",VAC,00:00,07:00,10.0,,80.0,,10.0,,0.0,,100.0,,,,,
Bengaluru-BPT-Central-Chikkajalla-TPS-Signal-Timing-data-SIRSI_CIRCLE_JN_CHIKKAJALA_JN.pdf,1,"SIRSICIRCLEJUNCTION,CENTRAL POLICESTATION",VAC,07:00,08:30,15.0,,50.0,,20.0,,10.0,,95.0,,,,,
Bengaluru-BPT-Central-Chikkajalla-TPS-Signal-Timing-data-SIRSI_CIRCLE_JN_CHIKKAJALA_JN.pdf,1,"SIRSICIRCLEJUNCTION,CENTRAL POLICESTATION",VAC,08:30,11:00,20.0,,55.0,,25.0,,10.0,,110.0,,,,,
Bengaluru-BPT-Central-Chikkajalla-TPS-Signal-Timing-data-SIRSI_CIRCLE_JN_CHIKKAJALA_JN.pdf,1,"SIRSICIRCLEJUNCTION,CENTRAL POLICESTATION",VAC,11:00,17:00,15.0,,50.0,,15.0,,8.0,,88.0,,,,,
Bengaluru-BPT-Central-Chikkajalla-TPS-Signal-Timing-data-SIRSI_CIRCLE_JN_CHIKKAJALA_JN.pdf,1,"SIRSICIRCLEJUNCTION,CENTRAL POLICESTATION",VAC,17:00,20:00,25.0,,55.0,,20.0,,10.0,,110.0,,,,,
Bengaluru-BPT-Central-Chikkajalla-TPS-Signal-Timing-data-SIRSI_CIRCLE_JN_CHIKKAJALA_JN.pdf,1,"SIRSICIRCLEJUNCTION,CENTRAL POLICESTATION",VAC,20:00,22:00,20.0,,50.0,,15.0,,8.0,,93.0,,,,,
Bengaluru-BPT-Central-Chikkajalla-TPS-Signal-Timing-data-SIRSI_CIRCLE_JN_CHIKKAJALA_JN.pdf,1,"SIRSICIRCLEJUNCTION,CENTRAL POLICESTATION",VAC,22:00,23:00,15.0,,50.0,,10.0,,7.0,,82.0,,,,,
Bengaluru-BPT-Central-Chikkajalla-TPS-Signal-Timing-data-SIRSI_CIRCLE_JN_CHIKKAJALA_JN.pdf,1,"SIRSICIRCLEJUNCTION,CENTRAL POLICESTATION",VAC,23:00,23:59,10.0,,80.0,,10.0,,0.0,,100.0,,,,,
Bengaluru-BPT-Central-TPS-Signal-Timing-data-BANGALORE_BODY_BUILDERS_JN_MEDICAL_COLLEGE_CIRCLE_JN.pdf,1,"BANGALOREBODYBUILDERSJUNCTION,CENTRAL POLICESTATION",FIXED,07:00,08:30,30.0,,80.0,,10.0,,120.0,,,,,,,
Bengaluru-BPT-Central-TPS-Signal-Timing-data-BANGALORE_BODY_BUILDERS_JN_MEDICAL_COLLEGE_CIRCLE_JN.pdf,1,"BANGALOREBODYBUILDERSJUNCTION,CENTRAL POLICESTATION",FIXED,08:30,21:00,40.0,,100.0,,10.0,,150.0,,,,,,,
Bengaluru-BPT-Central-TPS-Signal-Timing-data-BANGALORE_BODY_BUILDERS_JN_MEDICAL_COLLEGE_CIRCLE_JN.pdf,1,"BANGALOREBODYBUILDERSJUNCTION,CENTRAL POLICESTATION",FIXED,21:00,23:00,30.0,,80.0,,10.0,,120.0,,,,,,,
Bengaluru-BPT-Central-TPS-Signal-Timing-data-BANGALORE_BODY_BUILDERS_JN_MEDICAL_COLLEGE_CIRCLE_JN.pdf,1,"BANGALOREBODYBUILDERSJUNCTION,CENTRAL POLICESTATION",FIXED,07:00,08:30,30.0,,40.0,,30.0,,10.0,,,,,,,
Bengaluru-BPT-Central-TPS-Signal-Timing-data-BANGALORE_BODY_BUILDERS_JN_MEDICAL_COLLEGE_CIRCLE_JN.pdf,1,"BANGALOREBODYBUILDERSJUNCTION,CENTRAL POLICESTATION",FIXED,08:30,11:00,60.0,,80.0,,35.0,,10.0,,185.0,,,,,
Bengaluru-BPT-Central-TPS-Signal-Timing-data-BANGALORE_BODY_BUILDERS_JN_MEDICAL_COLLEGE_CIRCLE_JN.pdf,1,"BANGALOREBODYBUILDERSJUNCTION,CENTRAL POLICESTATION",FIXED,16:00,20:00,55.0,,70.0,,35.0,,10.0,,170.0,,,,,
Bengaluru-BPT-Central-TPS-Signal-Timing-data-BANGALORE_BODY_BUILDERS_JN_MEDICAL_COLLEGE_CIRCLE_JN.pdf,1,"BANGALOREBODYBUILDERSJUNCTION,CENTRAL POLICESTATION",FIXED,20:00,23:00,35.0,,35.0,,30.0,,10.0,,110.0,,,,,
Bengaluru-BPT-Chikkapet-TPS-Signal-Timing-data-BRIYAND_CIRCLE_JN_DR_TCM_ROYAN_ROAD_JN.pdf,1,"BRIYANDCIRCLE JUNCTION,CHIKKAPETHPOLICESTATION",VAC,08:00,11:00,100.0,,30.0,,10.0,,,,,,,,,
Bengaluru-BPT-Chikkapet-TPS-Signal-Timing-data-BRIYAND_CIRCLE_JN_DR_TCM_ROYAN_ROAD_JN.pdf,1,"BRIYANDCIRCLE JUNCTION,CHIKKAPETHPOLICESTATION",VAC,11:00,16:00,,,,,,,,,,,,,,
Bengaluru-BPT-Chikkapet-TPS-Signal-Timing-data-BRIYAND_CIRCLE_JN_DR_TCM_ROYAN_ROAD_JN.pdf,1,"BRIYANDCIRCLE JUNCTION,CHIKKAPETHPOLICESTATION",VAC,16:00,22:00,100.0,,30.0,,20.0,,10.0,,160.0,,,,,
Bengaluru-BPT-Chikkapet-TPS-Signal-Timing-data-BRIYAND_CIRCLE_JN_DR_TCM_ROYAN_ROAD_JN.pdf,1,"BRIYANDCIRCLE JUNCTION,CHIKKAPETHPOLICESTATION",VAC,07:00,09:00,60.0,,45.0,,30.0,,10.0,,145.0,,,,,
Bengaluru-BPT-Chikkapet-TPS-Signal-Timing-data-BRIYAND_CIRCLE_JN_DR_TCM_ROYAN_ROAD_JN.pdf,1,"BRIYANDCIRCLE JUNCTION,CHIKKAPETHPOLICESTATION",VAC,09:00,11:00,90.0,,60.0,,45.0,,10.0,,205.0,,,,,
Bengaluru-BPT-Chikkapet-TPS-Signal-Timing-data-BRIYAND_CIRCLE_JN_DR_TCM_ROYAN_ROAD_JN.pdf,1,"BRIYANDCIRCLE JUNCTION,CHIKKAPETHPOLICESTATION",VAC,16:00,21:00,90.0,,60.0,,45.0,,10.0,,205.0,,,,,
Bengaluru-BPT-Chikkapet-TPS-Signal-Timing-data-BRIYAND_CIRCLE_JN_DR_TCM_ROYAN_ROAD_JN.pdf,1,"BRIYANDCIRCLE JUNCTION,CHIKKAPETHPOLICESTATION",VAC,21:00,23:00,60.0,,45.0,,30.0,,10.0,,145.0,,,,,
Bengaluru-BPT-Cubbon-Park-Devanahalli-TPS-Signal-Timing-data-SIDDALINGAIAH_JN_DEVANAHALLI_CROSS_JN.pdf,1,"SIDDALINGAIAHJUNCTION,CUBBONPARKPOLICESTATION",VAC,07:00,08:00,,,0.0,,,,,,,,,,,
Bengaluru-BPT-Cubbon-Park-Devanahalli-TPS-Signal-Timing-data-SIDDALINGAIAH_JN_DEVANAHALLI_CROSS_JN.pdf,1,"SIDDALINGAIAHJUNCTION,CUBBONPARKPOLICESTATION",VAC,11:00,16:00,,,,,,,,,,,,,,
Bengaluru-BPT-Cubbon-Park-Devanahalli-TPS-Signal-Timing-data-SIDDALINGAIAH_JN_DEVANAHALLI_CROSS_JN.pdf,1,"SIDDALINGAIAHJUNCTION,CUBBONPARKPOLICESTATION",VAC,16:00,21:00,,,,,,,,,,,,,,
Bengaluru-BPT-Cubbon-Park-Devanahalli-TPS-Signal-Timing-data-SIDDALINGAIAH_JN_DEVANAHALLI_CROSS_JN.pdf,1,"SIDDALINGAIAHJUNCTION,CUBBONPARKPOLICESTATION",VAC,21:00,23:00,,,,,,,5.0,,,,,,,
Bengaluru-BPT-Cubbon-Park-TPS-Signal-Timing-data-COFFEE_BOARD_JN_GOPAL_GOWDA_CIRCLE_JN.pdf,1,"COFFEEBOARDJUNCTION,CUBBONPARKPOLICESTATION",SYNC,07:00,08:00,,,16.0,,,,50.0,,,,,,,
Bengaluru-BPT-Cubbon-Park-TPS-Signal-Timing-data-COFFEE_BOARD_JN_GOPAL_GOWDA_CIRCLE_JN.pdf,1,"COFFEEBOARDJUNCTION,CUBBONPARKPOLICESTATION",SYNC,08:00,12:00,,,,,,,170.0,,,,,,,
Bengaluru-BPT-Cubbon-Park-TPS-Signal-Timing-data-COFFEE_BOARD_JN_GOPAL_GOWDA_CIRCLE_JN.pdf,1,"COFFEEBOARDJUNCTION,CUBBONPARKPOLICESTATION",SYNC,22:00,23:00,,,16.0,,,,50.0,,,,,,,
Bengaluru-BPT-Cubbon-Park-TPS-Signal-Timing-data-COFFEE_BOARD_JN_GOPAL_GOWDA_CIRCLE_JN.pdf,1,"COFFEEBOARDJUNCTION,CUBBONPARKPOLICESTATION",SYNC,08:00,09:30,30.0,,30.0,,30.0,,10.0,,10.0,,110.0,,,
Bengaluru-BPT-Cubbon-Park-TPS-Signal-Timing-data-COFFEE_BOARD_JN_GOPAL_GOWDA_CIRCLE_JN.pdf,1,"COFFEEBOARDJUNCTION,CUBBONPARKPOLICESTATION",SYNC,09:30,11:30,,,,,,,,,10.0,,,,,
Bengaluru-BPT-Cubbon-Park-TPS-Signal-Timing-data-COFFEE_BOARD_JN_GOPAL_GOWDA_CIRCLE_JN.pdf,1,"COFFEEBOARDJUNCTION,CUBBONPARKPOLICESTATION",SYNC,17:00,18:45,,,,,,,,,10.0,,,,,
Bengaluru-BPT-Cubbon-Park-TPS-Signal-Timing-data-COFFEE_BOARD_JN_GOPAL_GOWDA_CIRCLE_JN.pdf,1,"COFFEEBOARDJUNCTION,CUBBONPARKPOLICESTATION",SYNC,18:45,23:00,,,,,,,10.0,,10.0,,,,,
Bengaluru-BPT-Devanahalli-TPS-Signal-Timing-data-DODDABALLAPURA_CROSS_JN_NANDI_CROSS_RANI_CROSS_JN.pdf,1,"DODDABALLAPURACROSS(VIJIPURACROSS&BYPASS-DODDABALLAPURA)JUNCTION,DEVANAHALLIPOLICESTATION",FIXED,07:00,08:00,10.0,,35.0,,15.0,,6.0,,,,,,,
Bengaluru-BPT-Devanahalli-TPS-Signal-Timing-data-DODDABALLAPURA_CROSS_JN_NANDI_CROSS_RANI_CROSS_JN.pdf,1,"DODDABALLAPURACROSS(VIJIPURACROSS&BYPASS-DODDABALLAPURA)JUNCTION,DEVANAHALLIPOLICESTATION",FIXED,08:00,11:00,15.0,,45.0,,20.0,,35.0,,6.0,,121.0,,,
Bengaluru-BPT-Devanahalli-TPS-Signal-Timing-data-DODDABALLAPURA_CROSS_JN_NANDI_CROSS_RANI_CROSS_JN.pdf,1,"DODDABALLAPURACROSS(VIJIPURACROSS&BYPASS-DODDABALLAPURA)JUNCTION,DEVANAHALLIPOLICESTATION",FIXED,11:00,17:00,10.0,,35.0,,15.0,,25.0,,6.0,,91.0,,,
Bengaluru-BPT-Devanahalli-TPS-Signal-Timing-data-DODDABALLAPURA_CROSS_JN_NANDI_CROSS_RANI_CROSS_JN.pdf,1,"DODDABALLAPURACROSS(VIJIPURACROSS&BYPASS-DODDABALLAPURA)JUNCTION,DEVANAHALLIPOLICESTATION",FIXED,17:00,20:30,15.0,,45.0,,20.0,,35.0,,6.0,,121.0,,,
Bengaluru-BPT-Devanahalli-TPS-Signal-Timing-data-DODDABALLAPURA_CROSS_JN_NANDI_CROSS_RANI_CROSS_JN.pdf,1,"DODDABALLAPURACROSS(VIJIPURACROSS&BYPASS-DODDABALLAPURA)JUNCTION,DEVANAHALLIPOLICESTATION",FIXED,20:30,22:00,10.0,,35.0,,15.0,,25.0,,6.0,,91.0,,,
Bengaluru-BPT-Electronic-City-TPS-Signal-Timing-data-ELECTRONIC_CITY_GATE-2_JN_NAGANATHAPURA_JN.pdf,1,"ELECTRONICCITYGATE-2JUNCTION,ELECTRONICCITYPOLICESTATION",FIXED,07:00,08:00,25.0,,40.0,,20.0,,10.0,,,,,,,
Bengaluru-BPT-Electronic-City-TPS-Signal-Timing-data-ELECTRONIC_CITY_GATE-2_JN_NAGANATHAPURA_JN.pdf,1,"ELECTRONICCITYGATE-2JUNCTION,ELECTRONICCITYPOLICESTATION",FIXED,08:00,11:00,,,,,,,10.0,,,,,,,
Bengaluru-BPT-Electronic-City-TPS-Signal-Timing-data-ELECTRONIC_CITY_GATE-2_JN_NAGANATHAPURA_JN.pdf,1,"ELECTRONICCITYGATE-2JUNCTION,ELECTRONICCITYPOLICESTATION",FIXED,11:00,17:00,,,,,10.0,,20.0,,10.0,,,,,
Bengaluru-BPT-Electronic-City-TPS-Signal-Timing-data-ELECTRONIC_CITY_GATE-2_JN_NAGANATHAPURA_JN.pdf,1,"ELECTRONICCITYGATE-2JUNCTION,ELECTRONICCITYPOLICESTATION",FIXED,21:00,23:00,20.0,,40.0,,10.0,,20.0,,10.0,,100.0,,,
Bengaluru-BPT-Electronic-City-TPS-Signal-Timing-data-ELECTRONIC_CITY_GATE-2_JN_NAGANATHAPURA_JN.pdf,1,"ELECTRONICCITYGATE-2JUNCTION,ELECTRONICCITYPOLICESTATION",FIXED,07:00,08:00,30.0,,,,,,,,,,,,,
Bengaluru-BPT-Electronic-City-TPS-Signal-Timing-data-ELECTRONIC_CITY_GATE-2_JN_NAGANATHAPURA_JN.pdf,1,"ELECTRONICCITYGATE-2JUNCTION,ELECTRONICCITYPOLICESTATION",FIXED,08:00,11:00,,,,,,,,,15.0,,,,,
Bengaluru-BPT-Electronic-City-TPS-Signal-Timing-data-ELECTRONIC_CITY_GATE-2_JN_NAGANATHAPURA_JN.pdf,1,"ELECTRONICCITYGATE-2JUNCTION,ELECTRONICCITYPOLICESTATION",FIXED,21:00,23:00,,,,,,,,,10.0,,,,,
Bengaluru-BPT-Electronic-City-TPS-Signal-Timing-data-TIMKIN_JN_VEERASANDRA_JN.pdf,1,"TIMKINJUNCTION,ELECTRONICCITYPOLICESTATION",FIXED,08:00,11:30,20.0,,30.0,,50.0,,10.0,,,,,,,
Bengaluru-BPT-Electronic-City-TPS-Signal-Timing-data-TIMKIN_JN_VEERASANDRA_JN.pdf,1,"TIMKINJUNCTION,ELECTRONICCITYPOLICESTATION",FIXED,11:30,16:00,,,,,,,,,,,,,,
Bengaluru-BPT-Electronic-City-TPS-Signal-Timing-data-TIMKIN_JN_VEERASANDRA_JN.pdf,1,"TIMKINJUNCTION,ELECTRONICCITYPOLICESTATION",FIXED,16:00,20:00,25.0,,40.0,,25.0,,10.0,,100.0,,,,,
Bengaluru-BPT-Electronic-City-TPS-Signal-Timing-data-TIMKIN_JN_VEERASANDRA_JN.pdf,1,"TIMKINJUNCTION,ELECTRONICCITYPOLICESTATION",FIXED,07:00,08:00,,,45.0,,15.0,,,,,,,,,
Bengaluru-BPT-Electronic-City-TPS-Signal-Timing-data-TIMKIN_JN_VEERASANDRA_JN.pdf,1,"TIMKINJUNCTION,ELECTRONICCITYPOLICESTATION",FIXED,21:00,23:00,15.0,,45.0,,,,,,6.0,,,,,
Bengaluru-BPT-Frazer-Town-Hebbal-TPS-Signal-Timing-data-VEERANNA_PALYA_JN_BHADRAPPA_LAYOUT_JN.pdf,1,"VEERANNAPALYAJUNCTION(BEL,H.O.),FRAZERTOWNPOLICESTATION",VAC,07:00,08:00,25.0,,45.0,,15.0,,25.0,,25.0,,10.0,,145.0,
Bengaluru-BPT-Frazer-Town-Hebbal-TPS-Signal-Timing-data-VEERANNA_PALYA_JN_BHADRAPPA_LAYOUT_JN.pdf,1,"VEERANNAPALYAJUNCTION(BEL,H.O.),FRAZERTOWNPOLICESTATION",VAC,08:00,11:00,30.0,,55.0,,15.0,,30.0,,30.0,,10.0,,170.0,
Bengaluru-BPT-Frazer-Town-Hebbal-TPS-Signal-Timing-data-VEERANNA_PALYA_JN_BHADRAPPA_LAYOUT_JN.pdf,1,"VEERANNAPALYAJUNCTION(BEL,H.O.),FRAZERTOWNPOLICESTATION",VAC,16:00,20:30,35.0,,55.0,,15.0,,30.0,,25.0,,10.0,,170.0,
Bengaluru-BPT-Frazer-Town-Hebbal-TPS-Signal-Timing-data-VEERANNA_PALYA_JN_BHADRAPPA_LAYOUT_JN.pdf,1,"VEERANNAPALYAJUNCTION(BEL,H.O.),FRAZERTOWNPOLICESTATION",VAC,20:30,22:30,25.0,,45.0,,15.0,,25.0,,20.0,,5.0,,135.0,
Bengaluru-BPT-Frazer-Town-Hebbal-TPS-Signal-Timing-data-VEERANNA_PALYA_JN_BHADRAPPA_LAYOUT_JN.pdf,1,"VEERANNAPALYAJUNCTION(BEL,H.O.),FRAZERTOWNPOLICESTATION",VAC,07:00,08:00,40.0,,50.0,,25.0,,25.0,,140.0,,,,,
Bengaluru-BPT-Frazer-Town-Hebbal-TPS-Signal-Timing-data-VEERANNA_PALYA_JN_BHADRAPPA_LAYOUT_JN.pdf,1,"VEERANNAPALYAJUNCTION(BEL,H.O.),FRAZERTOWNPOLICESTATION",VAC,08:00,11:00,30.0,,50.0,,30.0,,20.0,,35.0,,165.0,,,
Bengaluru-BPT-Frazer-Town-Hebbal-TPS-Signal-Timing-data-VEERANNA_PALYA_JN_BHADRAPPA_LAYOUT_JN.pdf,1,"VEERANNAPALYAJUNCTION(BEL,H.O.),FRAZERTOWNPOLICESTATION",VAC,17:30,20:00,30.0,,55.0,,30.0,,20.0,,45.0,,180.0,,,
Bengaluru-BPT-Frazer-Town-Hebbal-TPS-Signal-Timing-data-VEERANNA_PALYA_JN_BHADRAPPA_LAYOUT_JN.pdf,1,"VEERANNAPALYAJUNCTION(BEL,H.O.),FRAZERTOWNPOLICESTATION",VAC,20:00,22:00,30.0,,50.0,,30.0,,20.0,,35.0,,165.0,,,
Bengaluru-BPT-Frazer-Town-Hebbal-TPS-Signal-Timing-data-VEERANNA_PALYA_JN_BHADRAPPA_LAYOUT_JN.pdf,1,"VEERANNAPALYAJUNCTION(BEL,H.O.),FRAZERTOWNPOLICESTATION",VAC,22:00,23:00,40.0,,50.0,,25.0,,25.0,,140.0,,,,,
Bengaluru-BPT-Frazer-Town-TPS-Signal-Timing-data-MOSQUE_CIRCLE_JN_POTTERY_CIRCLE_JN.pdf,1,"MOSQUECIRCLE(MOSQUERD-MMRD)JUNCTION,FRAZERTOWNPOLICESTATION",FIXED,18:30,20:00,50.0,,45.0,,35.0,,10.0,,140.0,,,,,
Bengaluru-BPT-Frazer-Town-TPS-Signal-Timing-data-MOSQUE_CIRCLE_JN_POTTERY_CIRCLE_JN.pdf,1,"MOSQUECIRCLE(MOSQUERD-MMRD)JUNCTION,FRAZERTOWNPOLICESTATION",FIXED,08:30,10:00,75.0,,50.0,,75.0,,10.0,,,,,,,
Bengaluru-BPT-Frazer-Town-TPS-Signal-Timing-data-MOSQUE_CIRCLE_JN_POTTERY_CIRCLE_JN.pdf,1,"MOSQUECIRCLE(MOSQUERD-MMRD)JUNCTION,FRAZERTOWNPOLICESTATION",FIXED,10:00,17:30,50.0,,30.0,,40.0,,10.0,,130.0,,,,,
Bengaluru-BPT-Frazer-Town-TPS-Signal-Timing-data-MOSQUE_CIRCLE_JN_POTTERY_CIRCLE_JN.pdf,1,"MOSQUECIRCLE(MOSQUERD-MMRD)JUNCTION,FRAZERTOWNPOLICESTATION",FIXED,17:30,18:30,90.0,,40.0,,40.0,,10.0,,180.0,,,,,
Bengaluru-BPT-Frazer-Town-TPS-Signal-Timing-data-MOSQUE_CIRCLE_JN_POTTERY_CIRCLE_JN.pdf,1,"MOSQUECIRCLE(MOSQUERD-MMRD)JUNCTION,FRAZERTOWNPOLICESTATION",FIXED,18:30,22:00,50.0,,30.0,,30.0,,10.0,,120.0,,,,,
Bengaluru-BPT-Hebbal-High-Grounds-TPS-Signal-Timing-data-NANJAPPA_CIRCLE_JN_CHANDRIKA_JN.pdf,1,"NANJAPPACIRCLE(VIDYARANYAPURA)JUNCTION,HEBBALPOLICESTATION",FIXED,10:00,17:00,,,,,,,,,,,,,,
Bengaluru-BPT-Hebbal-High-Grounds-TPS-Signal-Timing-data-NANJAPPA_CIRCLE_JN_CHANDRIKA_JN.pdf,1,"NANJAPPACIRCLE(VIDYARANYAPURA)JUNCTION,HEBBALPOLICESTATION",FIXED,17:00,19:30,20.0,,20.0,,35.0,,5.0,,80.0,,,,,
Bengaluru-BPT-Hebbal-High-Grounds-TPS-Signal-Timing-data-NANJAPPA_CIRCLE_JN_CHANDRIKA_JN.pdf,1,"NANJAPPACIRCLE(VIDYARANYAPURA)JUNCTION,HEBBALPOLICESTATION",FIXED,07:00,09:00,60.0,,20.0,,80.0,,,,,,,,,
Bengaluru-BPT-Hebbal-High-Grounds-TPS-Signal-Timing-data-NANJAPPA_CIRCLE_JN_CHANDRIKA_JN.pdf,1,"NANJAPPACIRCLE(VIDYARANYAPURA)JUNCTION,HEBBALPOLICESTATION",FIXED,09:00,10:00,70.0,,10.0,,80.0,,,,,,,,,
Bengaluru-BPT-Hebbal-High-Grounds-TPS-Signal-Timing-data-NANJAPPA_CIRCLE_JN_CHANDRIKA_JN.pdf,1,"NANJAPPACIRCLE(VIDYARANYAPURA)JUNCTION,HEBBALPOLICESTATION",FIXED,10:00,11:30,60.0,,20.0,,80.0,,,,,,,,,
Bengaluru-BPT-Hebbal-High-Grounds-TPS-Signal-Timing-data-NANJAPPA_CIRCLE_JN_CHANDRIKA_JN.pdf,1,"NANJAPPACIRCLE(VIDYARANYAPURA)JUNCTION,HEBBALPOLICESTATION",FIXED,11:30,13:00,70.0,,10.0,,80.0,,,,,,,,,
Bengaluru-BPT-Hebbal-High-Grounds-TPS-Signal-Timing-data-NANJAPPA_CIRCLE_JN_CHANDRIKA_JN.pdf,1,"NANJAPPACIRCLE(VIDYARANYAPURA)JUNCTION,HEBBALPOLICESTATION",FIXED,13:00,15:30,60.0,,20.0,,80.0,,,,,,,,,
Bengaluru-BPT-Hebbal-High-Grounds-TPS-Signal-Timing-data-NANJAPPA_CIRCLE_JN_CHANDRIKA_JN.pdf,1,"NANJAPPACIRCLE(VIDYARANYAPURA)JUNCTION,HEBBALPOLICESTATION",FIXED,15:30,23:00,60.0,,10.0,,70.0,,,,,,,,,
Bengaluru-BPT-Hebbal-TPS-Signal-Timing-data-HEBBAL_FLY_OVER_JN_KODIGEHALLI_GATE_JN.pdf,1,"HEBBALFLYOVERJUNCTION,HEBBALPOLICESTATION",FIXED,07:00,08:00,30.0,,50.0,,40.0,,10.0,,,,,,,
Bengaluru-BPT-Hebbal-TPS-Signal-Timing-data-HEBBAL_FLY_OVER_JN_KODIGEHALLI_GATE_JN.pdf,1,"HEBBALFLYOVERJUNCTION,HEBBALPOLICESTATION",FIXED,08:00,11:00,40.0,,60.0,,50.0,,10.0,,160.0,,,,,
Bengaluru-BPT-Hebbal-TPS-Signal-Timing-data-HEBBAL_FLY_OVER_JN_KODIGEHALLI_GATE_JN.pdf,1,"HEBBALFLYOVERJUNCTION,HEBBALPOLICESTATION",FIXED,11:00,16:30,30.0,,50.0,,40.0,,10.0,,130.0,,,,,
Bengaluru-BPT-Hebbal-TPS-Signal-Timing-data-HEBBAL_FLY_OVER_JN_KODIGEHALLI_GATE_JN.pdf,1,"HEBBALFLYOVERJUNCTION,HEBBALPOLICESTATION",FIXED,16:30,21:30,40.0,,60.0,,50.0,,10.0,,160.0,,,,,
Bengaluru-BPT-Hebbal-TPS-Signal-Timing-data-HEBBAL_FLY_OVER_JN_KODIGEHALLI_GATE_JN.pdf,1,"HEBBALFLYOVERJUNCTION,HEBBALPOLICESTATION",FIXED,21:30,23:00,30.0,,50.0,,40.0,,5.0,,125.0,,,,,
Bengaluru-BPT-Hebbal-TPS-Signal-Timing-data-HEBBAL_FLY_OVER_JN_KODIGEHALLI_GATE_JN.pdf,1,"HEBBALFLYOVERJUNCTION,HEBBALPOLICESTATION",FIXED,00:00,07:00,10.0,,50.0,,15.0,,10.0,,85.0,,,,,
Bengaluru-BPT-Hebbal-TPS-Signal-Timing-data-HEBBAL_FLY_OVER_JN_KODIGEHALLI_GATE_JN.pdf,1,"HEBBALFLYOVERJUNCTION,HEBBALPOLICESTATION",FIXED,07:00,08:30,20.0,,30.0,,30.0,,30.0,,110.0,,,,,
Bengaluru-BPT-Hebbal-TPS-Signal-Timing-data-HEBBAL_FLY_OVER_JN_KODIGEHALLI_GATE_JN.pdf,1,"HEBBALFLYOVERJUNCTION,HEBBALPOLICESTATION",FIXED,08:30,11:00,20.0,,35.0,,30.0,,30.0,,115.0,,,,,
Bengaluru-BPT-Hebbal-TPS-Signal-Timing-data-HEBBAL_FLY_OVER_JN_KODIGEHALLI_GATE_JN.pdf,1,"HEBBALFLYOVERJUNCTION,HEBBALPOLICESTATION",FIXED,11:00,17:00,20.0,,30.0,,30.0,,25.0,,105.0,,,,,
Bengaluru-BPT-Hebbal-TPS-Signal-Timing-data-HEBBAL_FLY_OVER_JN_KODIGEHALLI_GATE_JN.pdf,1,"HEBBALFLYOVERJUNCTION,HEBBALPOLICESTATION",FIXED,17:00,20:00,25.0,,40.0,,40.0,,40.0,,145.0,,,,,
Bengaluru-BPT-Hebbal-TPS-Signal-Timing-data-HEBBAL_FLY_OVER_JN_KODIGEHALLI_GATE_JN.pdf,1,"HEBBALFLYOVERJUNCTION,HEBBALPOLICESTATION",FIXED,20:00,22:00,20.0,,30.0,,35.0,,30.0,,115.0,,,,,
Bengaluru-BPT-Hebbal-TPS-Signal-Timing-data-HEBBAL_FLY_OVER_JN_KODIGEHALLI_GATE_JN.pdf,1,"HEBBALFLYOVERJUNCTION,HEBBALPOLICESTATION",FIXED,22:00,23:00,20.0,,30.0,,25.0,,25.0,,100.0,,,,,
Bengaluru-BPT-Hebbal-TPS-Signal-Timing-data-HEBBAL_FLY_OVER_JN_KODIGEHALLI_GATE_JN.pdf,1,"HEBBALFLYOVERJUNCTION,HEBBALPOLICESTATION",FIXED,23:00,23:59,10.0,,50.0,,15.0,,10.0,,85.0,,,,,
Bengaluru-BPT-High-Grounds-TPS-Signal-Timing-data-LINK_ROAD-MALLESHWARAM_JN_LRDE_JN.pdf,1,"LINKROAD-MALLESHWARAMJUNCTION,HIGHGROUNDSPOLICESTATION",VAC,07:00,08:00,50.0,,20.0,,15.0,,85.0,,,,,,,
Bengaluru-BPT-High-Grounds-TPS-Signal-Timing-data-LINK_ROAD-MALLESHWARAM_JN_LRDE_JN.pdf,1,"LINKROAD-MALLESHWARAMJUNCTION,HIGHGROUNDSPOLICESTATION",VAC,08:00,12:00,80.0,,30.0,,15.0,,125.0,,,,,,,
Bengaluru-BPT-High-Grounds-TPS-Signal-Timing-data-LINK_ROAD-MALLESHWARAM_JN_LRDE_JN.pdf,1,"LINKROAD-MALLESHWARAMJUNCTION,HIGHGROUNDSPOLICESTATION",VAC,12:00,16:00,70.0,,20.0,,15.0,,105.0,,,,,,,
Bengaluru-BPT-High-Grounds-TPS-Signal-Timing-data-LINK_ROAD-MALLESHWARAM_JN_LRDE_JN.pdf,1,"LINKROAD-MALLESHWARAMJUNCTION,HIGHGROUNDSPOLICESTATION",VAC,16:00,21:00,70.0,,30.0,,15.0,,115.0,,,,,,,
Bengaluru-BPT-High-Grounds-TPS-Signal-Timing-data-LINK_ROAD-MALLESHWARAM_JN_LRDE_JN.pdf,1,"LINKROAD-MALLESHWARAMJUNCTION,HIGHGROUNDSPOLICESTATION",VAC,21:00,23:00,40.0,,20.0,,10.0,,70.0,,,,,,,
Bengaluru-BPT-High-Grounds-TPS-Signal-Timing-data-LINK_ROAD-MALLESHWARAM_JN_LRDE_JN.pdf,1,"LINKROAD-MALLESHWARAMJUNCTION,HIGHGROUNDSPOLICESTATION",VAC,07:00,08:00,70.0,,20.0,,90.0,,,,,,,,,
Bengaluru-BPT-High-Grounds-TPS-Signal-Timing-data-LINK_ROAD-MALLESHWARAM_JN_LRDE_JN.pdf,1,"LINKROAD-MALLESHWARAMJUNCTION,HIGHGROUNDSPOLICESTATION",VAC,08:00,11:00,80.0,,30.0,,110.0,,,,,,,,,
Bengaluru-BPT-High-Grounds-TPS-Signal-Timing-data-LINK_ROAD-MALLESHWARAM_JN_LRDE_JN.pdf,1,"LINKROAD-MALLESHWARAMJUNCTION,HIGHGROUNDSPOLICESTATION",VAC,16:00,21:00,60.0,,25.0,,85.0,,,,,,,,,
Bengaluru-BPT-High-Grounds-TPS-Signal-Timing-data-LINK_ROAD-MALLESHWARAM_JN_LRDE_JN.pdf,1,"LINKROAD-MALLESHWARAMJUNCTION,HIGHGROUNDSPOLICESTATION",VAC,21:00,23:00,50.0,,20.0,,70.0,,,,,,,,,
Bengaluru-BPT-High-Grounds-TPS-Signal-Timing-data-PLATFORM_ROAD_JN_SHIVANANDA_CIRCLE_JN.pdf,1,"PLATFORMROADJUNCTION,HIGHGROUNDSPOLICESTATION",VAC,07:00,12:00,120.0,,15.0,,10.0,,,,,,,,,
Bengaluru-BPT-High-Grounds-TPS-Signal-Timing-data-PLATFORM_ROAD_JN_SHIVANANDA_CIRCLE_JN.pdf,1,"PLATFORMROADJUNCTION,HIGHGROUNDSPOLICESTATION",VAC,12:00,16:00,110.0,,15.0,,45.0,,10.0,,180.0,,,,,
Bengaluru-BPT-High-Grounds-TPS-Signal-Timing-data-PLATFORM_ROAD_JN_SHIVANANDA_CIRCLE_JN.pdf,1,"PLATFORMROADJUNCTION,HIGHGROUNDSPOLICESTATION",VAC,16:00,21:00,120.0,,15.0,,35.0,,10.0,,180.0,,,,,
Bengaluru-BPT-High-Grounds-TPS-Signal-Timing-data-PLATFORM_ROAD_JN_SHIVANANDA_CIRCLE_JN.pdf,1,"PLATFORMROADJUNCTION,HIGHGROUNDSPOLICESTATION",VAC,21:00,23:00,110.0,,15.0,,45.0,,10.0,,180.0,,,,,
Bengaluru-BPT-High-Grounds-TPS-Signal-Timing-data-PLATFORM_ROAD_JN_SHIVANANDA_CIRCLE_JN.pdf,1,"PLATFORMROADJUNCTION,HIGHGROUNDSPOLICESTATION",VAC,07:00,08:00,,,,,,,,,,,,,,
Bengaluru-BPT-High-Grounds-TPS-Signal-Timing-data-PLATFORM_ROAD_JN_SHIVANANDA_CIRCLE_JN.pdf,1,"PLATFORMROADJUNCTION,HIGHGROUNDSPOLICESTATION",VAC,08:00,12:00,,,,,,,,,,,,,,
Bengaluru-BPT-High-Grounds-TPS-Signal-Timing-data-PLATFORM_ROAD_JN_SHIVANANDA_CIRCLE_JN.pdf,1,"PLATFORMROADJUNCTION,HIGHGROUNDSPOLICESTATION",VAC,16:00,21:00,,,,,,,,,,,,,,
Bengaluru-BPT-High-Grounds-TPS-Signal-Timing-data-PLATFORM_ROAD_JN_SHIVANANDA_CIRCLE_JN.pdf,1,"PLATFORMROADJUNCTION,HIGHGROUNDSPOLICESTATION",VAC,21:00,23:00,,,,,,,,,,,,,,
Bengaluru-BPT-Indiranagar-Jayanagar-TPS-Signal-Timing-data-SONY_WORLD_JN_ARBINDO_CIRCLE_JN.pdf,1,"SONYWORLD JUNCTION(Indiranagar12thMain&100Ft.Road),INDIRANAGARPOLICESTATION",VAC,07:00,08:30,23.0,,13.0,,10.0,,,,,,,,,
Bengaluru-BPT-Indiranagar-Jayanagar-TPS-Signal-Timing-data-SONY_WORLD_JN_ARBINDO_CIRCLE_JN.pdf,1,"SONYWORLD JUNCTION(Indiranagar12thMain&100Ft.Road),INDIRANAGARPOLICESTATION",VAC,08:30,11:00,33.0,,43.0,,18.0,,63.0,,43.0,,10.0,,210.0,
Bengaluru-BPT-Indiranagar-Jayanagar-TPS-Signal-Timing-data-SONY_WORLD_JN_ARBINDO_CIRCLE_JN.pdf,1,"SONYWORLD JUNCTION(Indiranagar12thMain&100Ft.Road),INDIRANAGARPOLICESTATION",VAC,11:00,16:30,23.0,,33.0,,13.0,,33.0,,33.0,,10.0,,145.0,
Bengaluru-BPT-Indiranagar-Jayanagar-TPS-Signal-Timing-data-SONY_WORLD_JN_ARBINDO_CIRCLE_JN.pdf,1,"SONYWORLD JUNCTION(Indiranagar12thMain&100Ft.Road),INDIRANAGARPOLICESTATION",VAC,16:30,20:30,33.0,,43.0,,18.0,,63.0,,43.0,,10.0,,210.0,
Bengaluru-BPT-Indiranagar-Jayanagar-TPS-Signal-Timing-data-SONY_WORLD_JN_ARBINDO_CIRCLE_JN.pdf,1,"SONYWORLD JUNCTION(Indiranagar12thMain&100Ft.Road),INDIRANAGARPOLICESTATION",VAC,20:30,22:00,23.0,,33.0,,13.0,,33.0,,23.0,,10.0,,135.0,
Bengaluru-BPT-Indiranagar-Jayanagar-TPS-Signal-Timing-data-SONY_WORLD_JN_ARBINDO_CIRCLE_JN.pdf,1,"SONYWORLD JUNCTION(Indiranagar12thMain&100Ft.Road),INDIRANAGARPOLICESTATION",VAC,07:00,08:00,40.0,,30.0,,55.0,,7.0,,132.0,,,,,
Bengaluru-BPT-Indiranagar-Jayanagar-TPS-Signal-Timing-data-SONY_WORLD_JN_ARBINDO_CIRCLE_JN.pdf,1,"SONYWORLD JUNCTION(Indiranagar12thMain&100Ft.Road),INDIRANAGARPOLICESTATION",VAC,08:00,11:00,45.0,,35.0,,60.0,,10.0,,150.0,,,,,
Bengaluru-BPT-Indiranagar-Jayanagar-TPS-Signal-Timing-data-SONY_WORLD_JN_ARBINDO_CIRCLE_JN.pdf,1,"SONYWORLD JUNCTION(Indiranagar12thMain&100Ft.Road),INDIRANAGARPOLICESTATION",VAC,11:00,16:30,40.0,,30.0,,55.0,,7.0,,132.0,,,,,
Bengaluru-BPT-Indiranagar-Jayanagar-TPS-Signal-Timing-data-SONY_WORLD_JN_ARBINDO_CIRCLE_JN.pdf,1,"SONYWORLD JUNCTION(Indiranagar12thMain&100Ft.Road),INDIRANAGARPOLICESTATION",VAC,16:30,21:00,55.0,,35.0,,60.0,,10.0,,160.0,,,,,
Bengaluru-BPT-Indiranagar-Jayanagar-TPS-Signal-Timing-data-SONY_WORLD_JN_ARBINDO_CIRCLE_JN.pdf,1,"SONYWORLD JUNCTION(Indiranagar12thMain&100Ft.Road),INDIRANAGARPOLICESTATION",VAC,21:00,23:00,35.0,,30.0,,40.0,,6.0,,111.0,,,,,
Bengaluru-BPT-Indiranagar-TPS-Signal-Timing-data-BEML_GATE_JN_BIG_BAZAAR_JN.pdf,1,"BEMLGATEJUNCTION(SURANJANDASROADJN),INDIRANAGARPOLICESTATION",FIXED,07:00,08:00,30.0,,20.0,,10.0,,,,,,,,,
Bengaluru-BPT-Indiranagar-TPS-Signal-Timing-data-BEML_GATE_JN_BIG_BAZAAR_JN.pdf,1,"BEMLGATEJUNCTION(SURANJANDASROADJN),INDIRANAGARPOLICESTATION",FIXED,08:00,10:00,45.0,,25.0,,10.0,,50.0,,10.0,,140.0,,,
Bengaluru-BPT-Indiranagar-TPS-Signal-Timing-data-BEML_GATE_JN_BIG_BAZAAR_JN.pdf,1,"BEMLGATEJUNCTION(SURANJANDASROADJN),INDIRANAGARPOLICESTATION",FIXED,10:00,17:00,20.0,,30.0,,20.0,,25.0,,8.0,,103.0,,,
Bengaluru-BPT-Indiranagar-TPS-Signal-Timing-data-BEML_GATE_JN_BIG_BAZAAR_JN.pdf,1,"BEMLGATEJUNCTION(SURANJANDASROADJN),INDIRANAGARPOLICESTATION",FIXED,17:00,21:00,20.0,,35.0,,20.0,,30.0,,8.0,,113.0,,,
Bengaluru-BPT-Indiranagar-TPS-Signal-Timing-data-BEML_GATE_JN_BIG_BAZAAR_JN.pdf,1,"BEMLGATEJUNCTION(SURANJANDASROADJN),INDIRANAGARPOLICESTATION",FIXED,21:00,23:00,20.0,,20.0,,15.0,,25.0,,6.0,,86.0,,,
Bengaluru-BPT-Indiranagar-TPS-Signal-Timing-data-BEML_GATE_JN_BIG_BAZAAR_JN.pdf,1,"BEMLGATEJUNCTION(SURANJANDASROADJN),INDIRANAGARPOLICESTATION",FIXED,07:00,08:00,20.0,,60.0,,20.0,,10.0,,110.0,,,,,
Bengaluru-BPT-Indiranagar-TPS-Signal-Timing-data-BEML_GATE_JN_BIG_BAZAAR_JN.pdf,1,"BEMLGATEJUNCTION(SURANJANDASROADJN),INDIRANAGARPOLICESTATION",FIXED,08:00,11:00,20.0,,70.0,,30.0,,10.0,,130.0,,,,,
Bengaluru-BPT-Indiranagar-TPS-Signal-Timing-data-BEML_GATE_JN_BIG_BAZAAR_JN.pdf,1,"BEMLGATEJUNCTION(SURANJANDASROADJN),INDIRANAGARPOLICESTATION",FIXED,11:00,17:00,20.0,,60.0,,20.0,,10.0,,110.0,,,,,
Bengaluru-BPT-Indiranagar-TPS-Signal-Timing-data-BEML_GATE_JN_BIG_BAZAAR_JN.pdf,1,"BEMLGATEJUNCTION(SURANJANDASROADJN),INDIRANAGARPOLICESTATION",FIXED,17:00,20:00,30.0,,70.0,,20.0,,10.0,,130.0,,,,,
Bengaluru-BPT-Indiranagar-TPS-Signal-Timing-data-BEML_GATE_JN_BIG_BAZAAR_JN.pdf,1,"BEMLGATEJUNCTION(SURANJANDASROADJN),INDIRANAGARPOLICESTATION",FIXED,20:00,22:00,20.0,,60.0,,20.0,,5.0,,105.0,,,,,
Bengaluru-BPT-Indiranagar-TPS-Signal-Timing-data-BYAPPANAHALLI_JN_CMH_ROAD_INDIRANAGAR_80_FT_ROAD_JN.pdf,1,"BYAPPANAHALLI JUNCTION(SURANJANDAS&OMROAD),INDIRANAGARPOLICESTATION",FIXED,07:00,08:00,30.0,,60.0,,30.0,,10.0,,,,,,,
Bengaluru-BPT-Indiranagar-TPS-Signal-Timing-data-BYAPPANAHALLI_JN_CMH_ROAD_INDIRANAGAR_80_FT_ROAD_JN.pdf,1,"BYAPPANAHALLI JUNCTION(SURANJANDAS&OMROAD),INDIRANAGARPOLICESTATION",FIXED,08:00,11:00,40.0,,70.0,,35.0,,45.0,,10.0,,200.0,,,
Bengaluru-BPT-Indiranagar-TPS-Signal-Timing-data-BYAPPANAHALLI_JN_CMH_ROAD_INDIRANAGAR_80_FT_ROAD_JN.pdf,1,"BYAPPANAHALLI JUNCTION(SURANJANDAS&OMROAD),INDIRANAGARPOLICESTATION",FIXED,11:00,17:00,30.0,,60.0,,30.0,,30.0,,10.0,,160.0,,,
Bengaluru-BPT-Indiranagar-TPS-Signal-Timing-data-BYAPPANAHALLI_JN_CMH_ROAD_INDIRANAGAR_80_FT_ROAD_JN.pdf,1,"BYAPPANAHALLI JUNCTION(SURANJANDAS&OMROAD),INDIRANAGARPOLICESTATION",FIXED,17:00,20:30,40.0,,70.0,,35.0,,45.0,,10.0,,200.0,,,
Bengaluru-BPT-Indiranagar-TPS-Signal-Timing-data-BYAPPANAHALLI_JN_CMH_ROAD_INDIRANAGAR_80_FT_ROAD_JN.pdf,1,"BYAPPANAHALLI JUNCTION(SURANJANDAS&OMROAD),INDIRANAGARPOLICESTATION",FIXED,20:30,22:00,30.0,,60.0,,30.0,,30.0,,10.0,,160.0,,,
Bengaluru-BPT-Indiranagar-TPS-Signal-Timing-data-BYAPPANAHALLI_JN_CMH_ROAD_INDIRANAGAR_80_FT_ROAD_JN.pdf,1,"BYAPPANAHALLI JUNCTION(SURANJANDAS&OMROAD),INDIRANAGARPOLICESTATION",FIXED,07:00,08:00,20.0,,35.0,,20.0,,10.0,,,,,,,
Bengaluru-BPT-Indiranagar-TPS-Signal-Timing-data-BYAPPANAHALLI_JN_CMH_ROAD_INDIRANAGAR_80_FT_ROAD_JN.pdf,1,"BYAPPANAHALLI JUNCTION(SURANJANDAS&OMROAD),INDIRANAGARPOLICESTATION",FIXED,08:00,11:00,30.0,,50.0,,25.0,,10.0,,105.0,,,,,
Bengaluru-BPT-Indiranagar-TPS-Signal-Timing-data-BYAPPANAHALLI_JN_CMH_ROAD_INDIRANAGAR_80_FT_ROAD_JN.pdf,1,"BYAPPANAHALLI JUNCTION(SURANJANDAS&OMROAD),INDIRANAGARPOLICESTATION",FIXED,11:00,16:00,25.0,,40.0,,20.0,,10.0,,95.0,,,,,
Bengaluru-BPT-Indiranagar-TPS-Signal-Timing-data-BYAPPANAHALLI_JN_CMH_ROAD_INDIRANAGAR_80_FT_ROAD_JN.pdf,1,"BYAPPANAHALLI JUNCTION(SURANJANDAS&OMROAD),INDIRANAGARPOLICESTATION",FIXED,16:00,21:00,30.0,,60.0,,25.0,,10.0,,125.0,,,,,
Bengaluru-BPT-Indiranagar-TPS-Signal-Timing-data-BYAPPANAHALLI_JN_CMH_ROAD_INDIRANAGAR_80_FT_ROAD_JN.pdf,1,"BYAPPANAHALLI JUNCTION(SURANJANDAS&OMROAD),INDIRANAGARPOLICESTATION",FIXED,21:00,23:00,20.0,,30.0,,15.0,,5.0,,70.0,,,,,
Bengaluru-BPT-Indiranagar-TPS-Signal-Timing-data-INDIRANAGAR_ESI_HOSPITAL_JN_OM_ROAD_BMTC_DEPO_JN.pdf,1,"INDIRANAGARESIHOSPITALJUNCTION,INDIRANAGARPOLICESTATION",FIXED,08:00,11:00,60.0,,50.0,,20.0,,45.0,,10.0,,185.0,,,
Bengaluru-BPT-Indiranagar-TPS-Signal-Timing-data-INDIRANAGAR_ESI_HOSPITAL_JN_OM_ROAD_BMTC_DEPO_JN.pdf,1,"INDIRANAGARESIHOSPITALJUNCTION,INDIRANAGARPOLICESTATION",FIXED,11:00,16:30,50.0,,45.0,,15.0,,40.0,,10.0,,160.0,,,
Bengaluru-BPT-Indiranagar-TPS-Signal-Timing-data-INDIRANAGAR_ESI_HOSPITAL_JN_OM_ROAD_BMTC_DEPO_JN.pdf,1,"INDIRANAGARESIHOSPITALJUNCTION,INDIRANAGARPOLICESTATION",FIXED,16:30,20:30,70.0,,50.0,,15.0,,60.0,,10.0,,205.0,,,
Bengaluru-BPT-Indiranagar-TPS-Signal-Timing-data-INDIRANAGAR_ESI_HOSPITAL_JN_OM_ROAD_BMTC_DEPO_JN.pdf,1,"INDIRANAGARESIHOSPITALJUNCTION,INDIRANAGARPOLICESTATION",FIXED,20:30,22:30,30.0,,30.0,,15.0,,30.0,,10.0,,115.0,,,
Bengaluru-BPT-Indiranagar-TPS-Signal-Timing-data-INDIRANAGAR_ESI_HOSPITAL_JN_OM_ROAD_BMTC_DEPO_JN.pdf,1,"INDIRANAGARESIHOSPITALJUNCTION,INDIRANAGARPOLICESTATION",FIXED,07:00,08:00,90.0,,15.0,,15.0,,10.0,,130.0,,,,,
Bengaluru-BPT-Indiranagar-TPS-Signal-Timing-data-INDIRANAGAR_ESI_HOSPITAL_JN_OM_ROAD_BMTC_DEPO_JN.pdf,1,"INDIRANAGARESIHOSPITALJUNCTION,INDIRANAGARPOLICESTATION",FIXED,08:00,12:00,100.0,,20.0,,20.0,,10.0,,150.0,,,,,
Bengaluru-BPT-Indiranagar-TPS-Signal-Timing-data-INDIRANAGAR_ESI_HOSPITAL_JN_OM_ROAD_BMTC_DEPO_JN.pdf,1,"INDIRANAGARESIHOSPITALJUNCTION,INDIRANAGARPOLICESTATION",FIXED,12:00,16:00,90.0,,15.0,,15.0,,10.0,,130.0,,,,,
Bengaluru-BPT-Indiranagar-TPS-Signal-Timing-data-INDIRANAGAR_ESI_HOSPITAL_JN_OM_ROAD_BMTC_DEPO_JN.pdf,1,"INDIRANAGARESIHOSPITALJUNCTION,INDIRANAGARPOLICESTATION",FIXED,16:00,22:00,100.0,,20.0,,20.0,,10.0,,150.0,,,,,
Bengaluru-BPT-Indiranagar-TPS-Signal-Timing-data-INDIRANAGAR_ESI_HOSPITAL_JN_OM_ROAD_BMTC_DEPO_JN.pdf,1,"INDIRANAGARESIHOSPITALJUNCTION,INDIRANAGARPOLICESTATION",FIXED,22:00,23:00,70.0,,15.0,,15.0,,5.0,,105.0,,,,,
Bengaluru-BPT-Jayanagar-TPS-Signal-Timing-data-CANARA_BANK_JN_DELMIA_JAYANAGAR_JN.pdf,1,"CANARABANKJUNCTION(JAYANAGAR27THCROSS&9THMAIN),JAYANAGARPOLICESTATION",FIXED,07:00,08:00,50.0,,25.0,,30.0,,,,,,,,,
Bengaluru-BPT-Jayanagar-TPS-Signal-Timing-data-CANARA_BANK_JN_DELMIA_JAYANAGAR_JN.pdf,1,"CANARABANKJUNCTION(JAYANAGAR27THCROSS&9THMAIN),JAYANAGARPOLICESTATION",FIXED,08:00,21:00,70.0,,30.0,,40.0,,10.0,,150.0,,,,,
Bengaluru-BPT-Jayanagar-TPS-Signal-Timing-data-CANARA_BANK_JN_DELMIA_JAYANAGAR_JN.pdf,1,"CANARABANKJUNCTION(JAYANAGAR27THCROSS&9THMAIN),JAYANAGARPOLICESTATION",FIXED,21:00,22:00,50.0,,25.0,,30.0,,7.0,,112.0,,,,,
Bengaluru-BPT-Jayanagar-TPS-Signal-Timing-data-CANARA_BANK_JN_DELMIA_JAYANAGAR_JN.pdf,1,"CANARABANKJUNCTION(JAYANAGAR27THCROSS&9THMAIN),JAYANAGARPOLICESTATION",FIXED,07:00,10:00,45.0,,40.0,,30.0,,40.0,,,,,,,
Bengaluru-BPT-Jayanagar-TPS-Signal-Timing-data-CANARA_BANK_JN_DELMIA_JAYANAGAR_JN.pdf,1,"CANARABANKJUNCTION(JAYANAGAR27THCROSS&9THMAIN),JAYANAGARPOLICESTATION",FIXED,10:00,17:00,25.0,,25.0,,20.0,,20.0,,10.0,,100.0,,,
Bengaluru-BPT-Jayanagar-TPS-Signal-Timing-data-CANARA_BANK_JN_DELMIA_JAYANAGAR_JN.pdf,1,"CANARABANKJUNCTION(JAYANAGAR27THCROSS&9THMAIN),JAYANAGARPOLICESTATION",FIXED,17:00,23:00,40.0,,45.0,,40.0,,35.0,,10.0,,170.0,,,
Bengaluru-BPT-Jayanagar-TPS-Signal-Timing-data-GEETA_CIRCLE_JN_JAYANAGAR_27TH_CROSS_JN.pdf,1,"GEETACIRCLEJUNCTION,JAYANAGARPOLICESTATION",FIXED,07:30,09:00,30.0,,20.0,,40.0,,10.0,,100.0,,,,,
Bengaluru-BPT-Jayanagar-TPS-Signal-Timing-data-GEETA_CIRCLE_JN_JAYANAGAR_27TH_CROSS_JN.pdf,1,"GEETACIRCLEJUNCTION,JAYANAGARPOLICESTATION",FIXED,09:00,11:00,45.0,,25.0,,60.0,,10.0,,140.0,,,,,
Bengaluru-BPT-Jayanagar-TPS-Signal-Timing-data-GEETA_CIRCLE_JN_JAYANAGAR_27TH_CROSS_JN.pdf,1,"GEETACIRCLEJUNCTION,JAYANAGARPOLICESTATION",FIXED,11:00,17:00,35.0,,20.0,,45.0,,10.0,,110.0,,,,,
Bengaluru-BPT-Jayanagar-TPS-Signal-Timing-data-GEETA_CIRCLE_JN_JAYANAGAR_27TH_CROSS_JN.pdf,1,"GEETACIRCLEJUNCTION,JAYANAGARPOLICESTATION",FIXED,17:00,20:30,45.0,,25.0,,60.0,,10.0,,140.0,,,,,
Bengaluru-BPT-Jayanagar-TPS-Signal-Timing-data-GEETA_CIRCLE_JN_JAYANAGAR_27TH_CROSS_JN.pdf,1,"GEETACIRCLEJUNCTION,JAYANAGARPOLICESTATION",FIXED,20:30,22:00,30.0,,20.0,,40.0,,10.0,,100.0,,,,,
Bengaluru-BPT-Jayanagar-TPS-Signal-Timing-data-GEETA_CIRCLE_JN_JAYANAGAR_27TH_CROSS_JN.pdf,1,"GEETACIRCLEJUNCTION,JAYANAGARPOLICESTATION",FIXED,07:30,17:00,30.0,,25.0,,40.0,,10.0,,105.0,,,,,
Bengaluru-BPT-Jayanagar-TPS-Signal-Timing-data-GEETA_CIRCLE_JN_JAYANAGAR_27TH_CROSS_JN.pdf,1,"GEETACIRCLEJUNCTION,JAYANAGARPOLICESTATION",FIXED,20:30,22:00,30.0,,20.0,,40.0,,10.0,,100.0,,,,,
Bengaluru-BPT-Jayanagar-TPS-Signal-Timing-data-GEETA_CIRCLE_JN_JAYANAGAR_27TH_CROSS_JN.pdf,1,"GEETACIRCLEJUNCTION,JAYANAGARPOLICESTATION",FIXED,07:00,08:00,15.0,,20.0,,15.0,,10.0,,,,,,,
Bengaluru-BPT-Jayanagar-TPS-Signal-Timing-data-GEETA_CIRCLE_JN_JAYANAGAR_27TH_CROSS_JN.pdf,1,"GEETACIRCLEJUNCTION,JAYANAGARPOLICESTATION",FIXED,08:00,11:00,30.0,,50.0,,20.0,,40.0,,10.0,,150.0,,,
Bengaluru-BPT-Jayanagar-TPS-Signal-Timing-data-GEETA_CIRCLE_JN_JAYANAGAR_27TH_CROSS_JN.pdf,1,"GEETACIRCLEJUNCTION,JAYANAGARPOLICESTATION",FIXED,11:00,16:00,15.0,,40.0,,20.0,,25.0,,10.0,,110.0,,,
Bengaluru-BPT-Jayanagar-TPS-Signal-Timing-data-GEETA_CIRCLE_JN_JAYANAGAR_27TH_CROSS_JN.pdf,1,"GEETACIRCLEJUNCTION,JAYANAGARPOLICESTATION",FIXED,16:00,21:00,30.0,,85.0,,25.0,,35.0,,10.0,,185.0,,,
Bengaluru-BPT-Jayanagar-TPS-Signal-Timing-data-GEETA_CIRCLE_JN_JAYANAGAR_27TH_CROSS_JN.pdf,1,"GEETACIRCLEJUNCTION,JAYANAGARPOLICESTATION",FIXED,21:00,23:00,15.0,,25.0,,15.0,,20.0,,10.0,,85.0,,,
Bengaluru-BPT-Jayanagar-TPS-Signal-Timing-data-J_P_NAGAR_15TH_CROSS_JN_J_P_NAGAR_9TH_CROSS_24TH_MAIN_JN.pdf,1,"J.P.NAGAR15THCROSSJUNCTION(JPNAGAR24THMAIN)-UNDERPASS,JAYANAGARPOLICESTATION",FIXED,07:00,08:00,40.0,,35.0,,30.0,,30.0,,135.0,,,,,
Bengaluru-BPT-Jayanagar-TPS-Signal-Timing-data-J_P_NAGAR_15TH_CROSS_JN_J_P_NAGAR_9TH_CROSS_24TH_MAIN_JN.pdf,1,"J.P.NAGAR15THCROSSJUNCTION(JPNAGAR24THMAIN)-UNDERPASS,JAYANAGARPOLICESTATION",FIXED,08:00,10:00,35.0,,40.0,,30.0,,35.0,,140.0,,,,,
Bengaluru-BPT-Jayanagar-TPS-Signal-Timing-data-J_P_NAGAR_15TH_CROSS_JN_J_P_NAGAR_9TH_CROSS_24TH_MAIN_JN.pdf,1,"J.P.NAGAR15THCROSSJUNCTION(JPNAGAR24THMAIN)-UNDERPASS,JAYANAGARPOLICESTATION",FIXED,17:00,20:00,35.0,,40.0,,35.0,,35.0,,145.0,,,,,
Bengaluru-BPT-Jayanagar-TPS-Signal-Timing-data-J_P_NAGAR_15TH_CROSS_JN_J_P_NAGAR_9TH_CROSS_24TH_MAIN_JN.pdf,1,"J.P.NAGAR15THCROSSJUNCTION(JPNAGAR24THMAIN)-UNDERPASS,JAYANAGARPOLICESTATION",FIXED,20:00,23:00,40.0,,35.0,,30.0,,25.0,,130.0,,,,,
Bengaluru-BPT-Jayanagar-TPS-Signal-Timing-data-J_P_NAGAR_15TH_CROSS_JN_J_P_NAGAR_9TH_CROSS_24TH_MAIN_JN.pdf,1,"J.P.NAGAR15THCROSSJUNCTION(JPNAGAR24THMAIN)-UNDERPASS,JAYANAGARPOLICESTATION",FIXED,07:00,08:00,25.0,,30.0,,30.0,,8.0,,,,,,,
Bengaluru-BPT-Jayanagar-TPS-Signal-Timing-data-J_P_NAGAR_15TH_CROSS_JN_J_P_NAGAR_9TH_CROSS_24TH_MAIN_JN.pdf,1,"J.P.NAGAR15THCROSSJUNCTION(JPNAGAR24THMAIN)-UNDERPASS,JAYANAGARPOLICESTATION",FIXED,08:00,11:00,35.0,,40.0,,40.0,,10.0,,125.0,,,,,
Bengaluru-BPT-Jayanagar-TPS-Signal-Timing-data-J_P_NAGAR_15TH_CROSS_JN_J_P_NAGAR_9TH_CROSS_24TH_MAIN_JN.pdf,1,"J.P.NAGAR15THCROSSJUNCTION(JPNAGAR24THMAIN)-UNDERPASS,JAYANAGARPOLICESTATION",FIXED,11:00,17:00,25.0,,30.0,,30.0,,8.0,,93.0,,,,,
Bengaluru-BPT-Jayanagar-TPS-Signal-Timing-data-J_P_NAGAR_15TH_CROSS_JN_J_P_NAGAR_9TH_CROSS_24TH_MAIN_JN.pdf,1,"J.P.NAGAR15THCROSSJUNCTION(JPNAGAR24THMAIN)-UNDERPASS,JAYANAGARPOLICESTATION",FIXED,17:00,21:00,35.0,,40.0,,40.0,,10.0,,125.0,,,,,
Bengaluru-BPT-Jayanagar-TPS-Signal-Timing-data-J_P_NAGAR_15TH_CROSS_JN_J_P_NAGAR_9TH_CROSS_24TH_MAIN_JN.pdf,1,"J.P.NAGAR15THCROSSJUNCTION(JPNAGAR24THMAIN)-UNDERPASS,JAYANAGARPOLICESTATION",FIXED,21:00,22:00,25.0,,30.0,,30.0,,7.0,,92.0,,,,,
Bengaluru-BPT-Jayanagar-TPS-Signal-Timing-data-PUTTANNA_JN_RAJALAXMI_KALYANA_MANTAPA_JN.pdf,1,"PUTTANNAJUNCTION,JAYANAGARPOLICESTATION",FIXED,07:00,08:00,50.0,,25.0,,20.0,,10.0,,,,,,,
Bengaluru-BPT-Jayanagar-TPS-Signal-Timing-data-PUTTANNA_JN_RAJALAXMI_KALYANA_MANTAPA_JN.pdf,1,"PUTTANNAJUNCTION,JAYANAGARPOLICESTATION",FIXED,08:00,11:00,70.0,,35.0,,20.0,,10.0,,135.0,,,,,
Bengaluru-BPT-Jayanagar-TPS-Signal-Timing-data-PUTTANNA_JN_RAJALAXMI_KALYANA_MANTAPA_JN.pdf,1,"PUTTANNAJUNCTION,JAYANAGARPOLICESTATION",FIXED,11:00,16:00,50.0,,25.0,,20.0,,10.0,,105.0,,,,,
Bengaluru-BPT-Jayanagar-TPS-Signal-Timing-data-PUTTANNA_JN_RAJALAXMI_KALYANA_MANTAPA_JN.pdf,1,"PUTTANNAJUNCTION,JAYANAGARPOLICESTATION",FIXED,16:00,21:00,70.0,,35.0,,20.0,,10.0,,135.0,,,,,
Bengaluru-BPT-Jayanagar-TPS-Signal-Timing-data-PUTTANNA_JN_RAJALAXMI_KALYANA_MANTAPA_JN.pdf,1,"PUTTANNAJUNCTION,JAYANAGARPOLICESTATION",FIXED,08:00,09:00,40.0,,40.0,,25.0,,10.0,,115.0,,,,,
Bengaluru-BPT-Jayanagar-TPS-Signal-Timing-data-PUTTANNA_JN_RAJALAXMI_KALYANA_MANTAPA_JN.pdf,1,"PUTTANNAJUNCTION,JAYANAGARPOLICESTATION",FIXED,09:00,11:30,50.0,,50.0,,30.0,,10.0,,140.0,,,,,
Bengaluru-BPT-Jayanagar-TPS-Signal-Timing-data-PUTTANNA_JN_RAJALAXMI_KALYANA_MANTAPA_JN.pdf,1,"PUTTANNAJUNCTION,JAYANAGARPOLICESTATION",FIXED,11:30,17:30,40.0,,40.0,,25.0,,7.0,,112.0,,,,,
Bengaluru-BPT-Jayanagar-TPS-Signal-Timing-data-PUTTANNA_JN_RAJALAXMI_KALYANA_MANTAPA_JN.pdf,1,"PUTTANNAJUNCTION,JAYANAGARPOLICESTATION",FIXED,17:30,20:30,50.0,,50.0,,30.0,,10.0,,130.0,,,,,
Bengaluru-BPT-Jayanagar-TPS-Signal-Timing-data-PUTTANNA_JN_RAJALAXMI_KALYANA_MANTAPA_JN.pdf,1,"PUTTANNAJUNCTION,JAYANAGARPOLICESTATION",FIXED,20:30,22:00,40.0,,40.0,,25.0,,6.0,,111.0,,,,,
Bengaluru-BPT-Jayanagar-TPS-Signal-Timing-data-SOUTH_END_CIRCLE_JN_SYNDICATE_BANK_CIRCLE_JN.pdf,1,"SOUTHENDCIRCLEJUNCTION,JAYANAGARPOLICESTATION",FIXED,07:00,08:00,30.0,,20.0,,20.0,,20.0,,10.0,,,,,
Bengaluru-BPT-Jayanagar-TPS-Signal-Timing-data-SOUTH_END_CIRCLE_JN_SYNDICATE_BANK_CIRCLE_JN.pdf,1,"SOUTHENDCIRCLEJUNCTION,JAYANAGARPOLICESTATION",FIXED,08:00,11:00,55.0,,25.0,,30.0,,25.0,,30.0,,10.0,,175.0,
Bengaluru-BPT-Jayanagar-TPS-Signal-Timing-data-SOUTH_END_CIRCLE_JN_SYNDICATE_BANK_CIRCLE_JN.pdf,1,"SOUTHENDCIRCLEJUNCTION,JAYANAGARPOLICESTATION",FIXED,11:00,16:00,30.0,,20.0,,20.0,,20.0,,20.0,,10.0,,120.0,
Bengaluru-BPT-Jayanagar-TPS-Signal-Timing-data-SOUTH_END_CIRCLE_JN_SYNDICATE_BANK_CIRCLE_JN.pdf,1,"SOUTHENDCIRCLEJUNCTION,JAYANAGARPOLICESTATION",FIXED,16:00,20:00,55.0,,25.0,,30.0,,25.0,,30.0,,10.0,,175.0,
Bengaluru-BPT-Jayanagar-TPS-Signal-Timing-data-SOUTH_END_CIRCLE_JN_SYNDICATE_BANK_CIRCLE_JN.pdf,1,"SOUTHENDCIRCLEJUNCTION,JAYANAGARPOLICESTATION",FIXED,20:00,23:00,30.0,,20.0,,20.0,,20.0,,20.0,,10.0,,120.0,
Bengaluru-BPT-Jayanagar-TPS-Signal-Timing-data-SOUTH_END_CIRCLE_JN_SYNDICATE_BANK_CIRCLE_JN.pdf,1,"SOUTHENDCIRCLEJUNCTION,JAYANAGARPOLICESTATION",FIXED,07:00,09:00,80.0,,20.0,,20.0,,30.0,,15.0,,,,,
Bengaluru-BPT-Jayanagar-TPS-Signal-Timing-data-SOUTH_END_CIRCLE_JN_SYNDICATE_BANK_CIRCLE_JN.pdf,1,"SOUTHENDCIRCLEJUNCTION,JAYANAGARPOLICESTATION",FIXED,09:00,11:00,80.0,,30.0,,20.0,,40.0,,15.0,,10.0,,195.0,
Bengaluru-BPT-Jayanagar-TPS-Signal-Timing-data-SOUTH_END_CIRCLE_JN_SYNDICATE_BANK_CIRCLE_JN.pdf,1,"SOUTHENDCIRCLEJUNCTION,JAYANAGARPOLICESTATION",FIXED,11:00,16:00,70.0,,30.0,,15.0,,20.0,,15.0,,10.0,,160.0,
Bengaluru-BPT-Jayanagar-TPS-Signal-Timing-data-SOUTH_END_CIRCLE_JN_SYNDICATE_BANK_CIRCLE_JN.pdf,1,"SOUTHENDCIRCLEJUNCTION,JAYANAGARPOLICESTATION",FIXED,16:00,20:00,80.0,,30.0,,20.0,,40.0,,15.0,,10.0,,195.0,
Bengaluru-BPT-Jayanagar-TPS-Signal-Timing-data-SOUTH_END_CIRCLE_JN_SYNDICATE_BANK_CIRCLE_JN.pdf,1,"SOUTHENDCIRCLEJUNCTION,JAYANAGARPOLICESTATION",FIXED,20:00,22:00,70.0,,25.0,,15.0,,30.0,,15.0,,10.0,,165.0,
Bengaluru-BPT-K-R-Market-TPS-Signal-Timing-data-BASAPPA_CIRCLE_JN_BHARAT_TALKIES_JN.pdf,1,"BASAPPACIRCLEJUNCTION, K.R.MARKET POLICESTATION",FIXED,07:00,08:00,70.0,,25.0,,40.0,,10.0,,,,,,,
Bengaluru-BPT-K-R-Market-TPS-Signal-Timing-data-BASAPPA_CIRCLE_JN_BHARAT_TALKIES_JN.pdf,1,"BASAPPACIRCLEJUNCTION, K.R.MARKET POLICESTATION",FIXED,08:00,12:00,80.0,,30.0,,50.0,,50.0,,10.0,,220.0,,,
Bengaluru-BPT-K-R-Market-TPS-Signal-Timing-data-BASAPPA_CIRCLE_JN_BHARAT_TALKIES_JN.pdf,1,"BASAPPACIRCLEJUNCTION, K.R.MARKET POLICESTATION",FIXED,12:00,16:00,70.0,,25.0,,40.0,,45.0,,10.0,,190.0,,,
Bengaluru-BPT-K-R-Market-TPS-Signal-Timing-data-BASAPPA_CIRCLE_JN_BHARAT_TALKIES_JN.pdf,1,"BASAPPACIRCLEJUNCTION, K.R.MARKET POLICESTATION",FIXED,16:00,22:00,80.0,,30.0,,50.0,,50.0,,10.0,,220.0,,,
Bengaluru-BPT-K-R-Market-TPS-Signal-Timing-data-BASAPPA_CIRCLE_JN_BHARAT_TALKIES_JN.pdf,1,"BASAPPACIRCLEJUNCTION, K.R.MARKET POLICESTATION",FIXED,22:00,23:00,70.0,,25.0,,40.0,,45.0,,10.0,,190.0,,,
Bengaluru-BPT-K-R-Market-TPS-Signal-Timing-data-BASAPPA_CIRCLE_JN_BHARAT_TALKIES_JN.pdf,1,"BASAPPACIRCLEJUNCTION, K.R.MARKET POLICESTATION",FIXED,07:00,09:00,,,,,,,,,,,,,,
Bengaluru-BPT-K-R-Market-TPS-Signal-Timing-data-BASAPPA_CIRCLE_JN_BHARAT_TALKIES_JN.pdf,1,"BASAPPACIRCLEJUNCTION, K.R.MARKET POLICESTATION",FIXED,09:00,12:00,,,,,,,,,,,,,,
Bengaluru-BPT-K-R-Market-TPS-Signal-Timing-data-BASAPPA_CIRCLE_JN_BHARAT_TALKIES_JN.pdf,1,"BASAPPACIRCLEJUNCTION, K.R.MARKET POLICESTATION",FIXED,16:00,20:00,,,,,,,,,,,,,,
Bengaluru-BPT-K-R-Market-TPS-Signal-Timing-data-BASAPPA_CIRCLE_JN_BHARAT_TALKIES_JN.pdf,1,"BASAPPACIRCLEJUNCTION, K.R.MARKET POLICESTATION",FIXED,20:00,23:00,,,,,,,,,,,,,,
Bengaluru-BPT-K-R-Market-TPS-Signal-Timing-data-K_R_MARKET_JN_MINERVA_CIRCLE_JN.pdf,1,"K.R.MARKET JUNCTION, K.R.MARKET POLICESTATION",VAC,06:00,08:00,20.0,,40.0,,30.0,,90.0,,,,,,,
Bengaluru-BPT-K-R-Market-TPS-Signal-Timing-data-K_R_MARKET_JN_MINERVA_CIRCLE_JN.pdf,1,"K.R.MARKET JUNCTION, K.R.MARKET POLICESTATION",VAC,08:00,12:00,30.0,,60.0,,50.0,,140.0,,,,,,,
Bengaluru-BPT-K-R-Market-TPS-Signal-Timing-data-K_R_MARKET_JN_MINERVA_CIRCLE_JN.pdf,1,"K.R.MARKET JUNCTION, K.R.MARKET POLICESTATION",VAC,16:00,21:00,30.0,,65.0,,50.0,,145.0,,,,,,,
Bengaluru-BPT-K-R-Market-TPS-Signal-Timing-data-K_R_MARKET_JN_MINERVA_CIRCLE_JN.pdf,1,"K.R.MARKET JUNCTION, K.R.MARKET POLICESTATION",VAC,21:00,23:00,20.0,,40.0,,30.0,,90.0,,,,,,,
Bengaluru-BPT-K-R-Market-TPS-Signal-Timing-data-K_R_MARKET_JN_MINERVA_CIRCLE_JN.pdf,1,"K.R.MARKET JUNCTION, K.R.MARKET POLICESTATION",VAC,09:00,11:00,85.0,,15.0,,43.0,,43.0,,186.0,,,,,
Bengaluru-BPT-K-R-Market-TPS-Signal-Timing-data-K_R_MARKET_JN_MINERVA_CIRCLE_JN.pdf,1,"K.R.MARKET JUNCTION, K.R.MARKET POLICESTATION",VAC,16:00,20:00,53.0,,15.0,,53.0,,67.0,,233.0,,,,,
Bengaluru-BPT-K-R-Market-TPS-Signal-Timing-data-K_R_MARKET_JN_MINERVA_CIRCLE_JN.pdf,1,"K.R.MARKET JUNCTION, K.R.MARKET POLICESTATION",VAC,20:00,23:00,53.0,,15.0,,35.0,,38.0,,141.0,,,,,
Bengaluru-BPT-K-R-Puram-TPS-Signal-Timing-data-DEVASANDRA_JN_ESI_HOSPITAL_JN.pdf,1,"DEVASANDRAJUNCTION, K.R.PURAM POLICESTATION",FIXED,07:00,09:00,20.0,,20.0,,40.0,,15.0,,95.0,,,,,
Bengaluru-BPT-K-R-Puram-TPS-Signal-Timing-data-DEVASANDRA_JN_ESI_HOSPITAL_JN.pdf,1,"DEVASANDRAJUNCTION, K.R.PURAM POLICESTATION",FIXED,09:00,11:00,20.0,,25.0,,40.0,,20.0,,105.0,,,,,
Bengaluru-BPT-K-R-Puram-TPS-Signal-Timing-data-DEVASANDRA_JN_ESI_HOSPITAL_JN.pdf,1,"DEVASANDRAJUNCTION, K.R.PURAM POLICESTATION",FIXED,11:00,16:00,20.0,,25.0,,50.0,,15.0,,110.0,,,,,
Bengaluru-BPT-K-R-Puram-TPS-Signal-Timing-data-DEVASANDRA_JN_ESI_HOSPITAL_JN.pdf,1,"DEVASANDRAJUNCTION, K.R.PURAM POLICESTATION",FIXED,16:00,21:00,20.0,,30.0,,60.0,,20.0,,130.0,,,,,
Bengaluru-BPT-K-R-Puram-TPS-Signal-Timing-data-DEVASANDRA_JN_ESI_HOSPITAL_JN.pdf,1,"DEVASANDRAJUNCTION, K.R.PURAM POLICESTATION",FIXED,21:00,22:00,20.0,,20.0,,40.0,,15.0,,95.0,,,,,
Bengaluru-BPT-K-R-Puram-TPS-Signal-Timing-data-DEVASANDRA_JN_ESI_HOSPITAL_JN.pdf,1,"DEVASANDRAJUNCTION, K.R.PURAM POLICESTATION",FIXED,07:00,08:00,30.0,,30.0,,10.0,,70.0,,,,,,,
Bengaluru-BPT-K-R-Puram-TPS-Signal-Timing-data-DEVASANDRA_JN_ESI_HOSPITAL_JN.pdf,1,"DEVASANDRAJUNCTION, K.R.PURAM POLICESTATION",FIXED,08:00,11:00,45.0,,35.0,,10.0,,90.0,,,,,,,
Bengaluru-BPT-K-R-Puram-TPS-Signal-Timing-data-DEVASANDRA_JN_ESI_HOSPITAL_JN.pdf,1,"DEVASANDRAJUNCTION, K.R.PURAM POLICESTATION",FIXED,11:00,17:00,30.0,,30.0,,10.0,,70.0,,,,,,,
Bengaluru-BPT-K-R-Puram-TPS-Signal-Timing-data-DEVASANDRA_JN_ESI_HOSPITAL_JN.pdf,1,"DEVASANDRAJUNCTION, K.R.PURAM POLICESTATION",FIXED,17:00,20:30,50.0,,50.0,,10.0,,110.0,,,,,,,
Bengaluru-BPT-K-R-Puram-TPS-Signal-Timing-data-DEVASANDRA_JN_ESI_HOSPITAL_JN.pdf,1,"DEVASANDRAJUNCTION, K.R.PURAM POLICESTATION",FIXED,20:30,21:30,25.0,,25.0,,10.0,,60.0,,,,,,,
Bengaluru-BPT-K-R-Puram-TPS-Signal-Timing-data-HOODI_JN_ESI_RAMAMURTHY_NAGAR_JN.pdf,1,"HOODIJUNCTION, K.R.PURAM POLICESTATION",FIXED,07:00,08:00,40.0,,20.0,,15.0,,30.0,,10.0,,115.0,,,
Bengaluru-BPT-K-R-Puram-TPS-Signal-Timing-data-HOODI_JN_ESI_RAMAMURTHY_NAGAR_JN.pdf,1,"HOODIJUNCTION, K.R.PURAM POLICESTATION",FIXED,08:00,10:00,50.0,,30.0,,15.0,,40.0,,10.0,,145.0,,,
Bengaluru-BPT-K-R-Puram-TPS-Signal-Timing-data-HOODI_JN_ESI_RAMAMURTHY_NAGAR_JN.pdf,1,"HOODIJUNCTION, K.R.PURAM POLICESTATION",FIXED,10:00,17:00,30.0,,20.0,,15.0,,30.0,,10.0,,105.0,,,
Bengaluru-BPT-K-R-Puram-TPS-Signal-Timing-data-HOODI_JN_ESI_RAMAMURTHY_NAGAR_JN.pdf,1,"HOODIJUNCTION, K.R.PURAM POLICESTATION",FIXED,17:00,20:00,50.0,,30.0,,15.0,,40.0,,10.0,,145.0,,,
Bengaluru-BPT-K-R-Puram-TPS-Signal-Timing-data-HOODI_JN_ESI_RAMAMURTHY_NAGAR_JN.pdf,1,"HOODIJUNCTION, K.R.PURAM POLICESTATION",FIXED,20:00,22:00,30.0,,20.0,,15.0,,30.0,,0.0,,95.0,,,
Bengaluru-BPT-K-S-Layout-TPS-Signal-Timing-data-KANAKAPURA_JN_KONANAKUNTE_JN.pdf,1,"KANAKAPURA-RINGROADJUNCTION, K.S.LAYOUTPOLICESTATION",FIXED,07:00,11:00,20.0,,40.0,,50.0,,10.0,,,,,,,
Bengaluru-BPT-K-S-Layout-TPS-Signal-Timing-data-KANAKAPURA_JN_KONANAKUNTE_JN.pdf,1,"KANAKAPURA-RINGROADJUNCTION, K.S.LAYOUTPOLICESTATION",FIXED,07:00,08:30,20.0,,30.0,,40.0,,10.0,,,,,,,
Bengaluru-BPT-K-S-Layout-TPS-Signal-Timing-data-KANAKAPURA_JN_KONANAKUNTE_JN.pdf,1,"KANAKAPURA-RINGROADJUNCTION, K.S.LAYOUTPOLICESTATION",FIXED,11:00,16:00,20.0,,30.0,,40.0,,10.0,,10.0,,110.0,,,
Bengaluru-BPT-K-S-Layout-TPS-Signal-Timing-data-KANAKAPURA_JN_KONANAKUNTE_JN.pdf,1,"KANAKAPURA-RINGROADJUNCTION, K.S.LAYOUTPOLICESTATION",FIXED,16:00,23:00,20.0,,35.0,,45.0,,10.0,,10.0,,120.0,,,
Bengaluru-BPT-K-S-Layout-TPS-Signal-Timing-data-KANAKAPURA_JN_KONANAKUNTE_JN.pdf,1,"KANAKAPURA-RINGROADJUNCTION, K.S.LAYOUTPOLICESTATION",FIXED,08:30,11:30,30.0,,35.0,,65.0,,45.0,,10.0,,185.0,,,
Bengaluru-BPT-K-S-Layout-TPS-Signal-Timing-data-KANAKAPURA_JN_KONANAKUNTE_JN.pdf,1,"KANAKAPURA-RINGROADJUNCTION, K.S.LAYOUTPOLICESTATION",FIXED,11:30,16:00,25.0,,35.0,,35.0,,50.0,,10.0,,155.0,,,
Bengaluru-BPT-K-S-Layout-TPS-Signal-Timing-data-KANAKAPURA_JN_KONANAKUNTE_JN.pdf,1,"KANAKAPURA-RINGROADJUNCTION, K.S.LAYOUTPOLICESTATION",FIXED,16:00,20:30,30.0,,45.0,,45.0,,65.0,,10.0,,195.0,,,
Bengaluru-BPT-K-S-Layout-TPS-Signal-Timing-data-KANAKAPURA_JN_KONANAKUNTE_JN.pdf,1,"KANAKAPURA-RINGROADJUNCTION, K.S.LAYOUTPOLICESTATION",FIXED,20:30,22:30,20.0,,30.0,,30.0,,45.0,,0.0,,125.0,,,
Bengaluru-BPT-Kamakshi-Palya-TPS-Signal-Timing-data-FIRE_FORCE_JN_RING_ROAD_NEAR_KENGUNTE_JN.pdf,1,"RINGROADNEARKENGUNTEJUNCTION,KAMAKSHIPALYAPOLICESTATION",FIXED,07:00,08:00,15.0,,35.0,,,,,,,,,,,
Bengaluru-BPT-Kamakshi-Palya-TPS-Signal-Timing-data-FIRE_FORCE_JN_RING_ROAD_NEAR_KENGUNTE_JN.pdf,1,"RINGROADNEARKENGUNTEJUNCTION,KAMAKSHIPALYAPOLICESTATION",FIXED,08:00,10:30,20.0,,40.0,,20.0,,30.0,,10.0,,120.0,,,
Bengaluru-BPT-Kamakshi-Palya-TPS-Signal-Timing-data-FIRE_FORCE_JN_RING_ROAD_NEAR_KENGUNTE_JN.pdf,1,"RINGROADNEARKENGUNTEJUNCTION,KAMAKSHIPALYAPOLICESTATION",FIXED,10:30,16:00,15.0,,35.0,,15.0,,20.0,,10.0,,95.0,,,
Bengaluru-BPT-Kamakshi-Palya-TPS-Signal-Timing-data-FIRE_FORCE_JN_RING_ROAD_NEAR_KENGUNTE_JN.pdf,1,"RINGROADNEARKENGUNTEJUNCTION,KAMAKSHIPALYAPOLICESTATION",FIXED,16:00,20:00,20.0,,40.0,,20.0,,30.0,,10.0,,120.0,,,
Bengaluru-BPT-Kamakshi-Palya-TPS-Signal-Timing-data-FIRE_FORCE_JN_RING_ROAD_NEAR_KENGUNTE_JN.pdf,1,"RINGROADNEARKENGUNTEJUNCTION,KAMAKSHIPALYAPOLICESTATION",FIXED,20:00,22:00,15.0,,35.0,,15.0,,20.0,,0.0,,85.0,,,
Bengaluru-BPT-Kamakshi-Palya-TPS-Signal-Timing-data-FIRE_FORCE_JN_RING_ROAD_NEAR_KENGUNTE_JN.pdf,1,"RINGROADNEARKENGUNTEJUNCTION,KAMAKSHIPALYAPOLICESTATION",FIXED,07:00,09:00,40.0,,40.0,,30.0,,,,,,,,,
Bengaluru-BPT-Kamakshi-Palya-TPS-Signal-Timing-data-FIRE_FORCE_JN_RING_ROAD_NEAR_KENGUNTE_JN.pdf,1,"RINGROADNEARKENGUNTEJUNCTION,KAMAKSHIPALYAPOLICESTATION",FIXED,09:00,12:00,45.0,,45.0,,30.0,,15.0,,10.0,,145.0,,,
Bengaluru-BPT-Kamakshi-Palya-TPS-Signal-Timing-data-FIRE_FORCE_JN_RING_ROAD_NEAR_KENGUNTE_JN.pdf,1,"RINGROADNEARKENGUNTEJUNCTION,KAMAKSHIPALYAPOLICESTATION",FIXED,12:00,17:00,40.0,,40.0,,30.0,,15.0,,10.0,,135.0,,,
Bengaluru-BPT-Kamakshi-Palya-TPS-Signal-Timing-data-FIRE_FORCE_JN_RING_ROAD_NEAR_KENGUNTE_JN.pdf,1,"RINGROADNEARKENGUNTEJUNCTION,KAMAKSHIPALYAPOLICESTATION",FIXED,17:00,20:00,50.0,,43.0,,30.0,,15.0,,10.0,,148.0,,,
Bengaluru-BPT-Kamakshi-Palya-TPS-Signal-Timing-data-FIRE_FORCE_JN_RING_ROAD_NEAR_KENGUNTE_JN.pdf,1,"RINGROADNEARKENGUNTEJUNCTION,KAMAKSHIPALYAPOLICESTATION",FIXED,20:00,22:00,40.0,,40.0,,30.0,,15.0,,7.0,,132.0,,,
Bengaluru-BPT-Kamakshi-Palya-TPS-Signal-Timing-data-RING_ROAD_ULLAL_JN_SRIGANDAKAVALU_JN.pdf,1,"RINGROAD-ULLALJUNCTION, KAMAKSHIPALYAPOLICESTATION",FIXED,08:00,11:00,45.0,,45.0,,30.0,,25.0,,10.0,,,,,
Bengaluru-BPT-Kamakshi-Palya-TPS-Signal-Timing-data-RING_ROAD_ULLAL_JN_SRIGANDAKAVALU_JN.pdf,1,"RINGROAD-ULLALJUNCTION, KAMAKSHIPALYAPOLICESTATION",FIXED,11:00,16:00,,,,,,,,,,,,,,
Bengaluru-BPT-Kamakshi-Palya-TPS-Signal-Timing-data-RING_ROAD_ULLAL_JN_SRIGANDAKAVALU_JN.pdf,1,"RINGROAD-ULLALJUNCTION, KAMAKSHIPALYAPOLICESTATION",FIXED,16:00,20:00,45.0,,45.0,,30.0,,25.0,,10.0,,155.0,,,
Bengaluru-BPT-Kamakshi-Palya-TPS-Signal-Timing-data-RING_ROAD_ULLAL_JN_SRIGANDAKAVALU_JN.pdf,1,"RINGROAD-ULLALJUNCTION, KAMAKSHIPALYAPOLICESTATION",FIXED,09:00,11:00,35.0,,35.0,,20.0,,15.0,,10.0,,115.0,,,
Bengaluru-BPT-Kamakshi-Palya-TPS-Signal-Timing-data-RING_ROAD_ULLAL_JN_SRIGANDAKAVALU_JN.pdf,1,"RINGROAD-ULLALJUNCTION, KAMAKSHIPALYAPOLICESTATION",FIXED,17:00,20:00,35.0,,35.0,,20.0,,15.0,,10.0,,115.0,,,
Bengaluru-BPT-Kamakshi-Palya-TPS-Signal-Timing-data-RING_ROAD_ULLAL_JN_SRIGANDAKAVALU_JN.pdf,1,"RINGROAD-ULLALJUNCTION, KAMAKSHIPALYAPOLICESTATION",FIXED,07:00,08:00,20.0,,50.0,,30.0,,10.0,,110.0,,,,,
Bengaluru-BPT-Kamakshi-Palya-TPS-Signal-Timing-data-RING_ROAD_ULLAL_JN_SRIGANDAKAVALU_JN.pdf,1,"RINGROAD-ULLALJUNCTION, KAMAKSHIPALYAPOLICESTATION",FIXED,08:00,11:00,30.0,,75.0,,50.0,,10.0,,165.0,,,,,
Bengaluru-BPT-Kamakshi-Palya-TPS-Signal-Timing-data-RING_ROAD_ULLAL_JN_SRIGANDAKAVALU_JN.pdf,1,"RINGROAD-ULLALJUNCTION, KAMAKSHIPALYAPOLICESTATION",FIXED,11:00,16:00,20.0,,50.0,,30.0,,10.0,,110.0,,,,,
Bengaluru-BPT-Kamakshi-Palya-TPS-Signal-Timing-data-RING_ROAD_ULLAL_JN_SRIGANDAKAVALU_JN.pdf,1,"RINGROAD-ULLALJUNCTION, KAMAKSHIPALYAPOLICESTATION",FIXED,16:00,21:00,30.0,,75.0,,50.0,,10.0,,165.0,,,,,
Bengaluru-BPT-Kamakshi-Palya-TPS-Signal-Timing-data-RING_ROAD_ULLAL_JN_SRIGANDAKAVALU_JN.pdf,1,"RINGROAD-ULLALJUNCTION, KAMAKSHIPALYAPOLICESTATION",FIXED,21:00,22:00,20.0,,50.0,,30.0,,0.0,,100.0,,,,,
Bengaluru-BPT-Madiwala-TPS-Signal-Timing-data-AUTOMART_JN_AYYAPPA_TEMPLE_JN.pdf,1,"AUTOMARTJUNCTION,MADIWALAPOLICESTATION",FIXED,07:00,08:00,50.0,,10.0,,15.0,,0.0,,75.0,,,,,
Bengaluru-BPT-Madiwala-TPS-Signal-Timing-data-AUTOMART_JN_AYYAPPA_TEMPLE_JN.pdf,1,"AUTOMARTJUNCTION,MADIWALAPOLICESTATION",FIXED,08:00,11:00,80.0,,15.0,,20.0,,10.0,,125.0,,,,,
Bengaluru-BPT-Madiwala-TPS-Signal-Timing-data-AUTOMART_JN_AYYAPPA_TEMPLE_JN.pdf,1,"AUTOMARTJUNCTION,MADIWALAPOLICESTATION",FIXED,11:00,16:00,60.0,,10.0,,20.0,,10.0,,100.0,,,,,
Bengaluru-BPT-Madiwala-TPS-Signal-Timing-data-AUTOMART_JN_AYYAPPA_TEMPLE_JN.pdf,1,"AUTOMARTJUNCTION,MADIWALAPOLICESTATION",FIXED,16:00,21:00,80.0,,15.0,,20.0,,10.0,,125.0,,,,,
Bengaluru-BPT-Madiwala-TPS-Signal-Timing-data-AUTOMART_JN_AYYAPPA_TEMPLE_JN.pdf,1,"AUTOMARTJUNCTION,MADIWALAPOLICESTATION",FIXED,21:00,23:00,35.0,,10.0,,10.0,,0.0,,55.0,,,,,
Bengaluru-BPT-Madiwala-TPS-Signal-Timing-data-AUTOMART_JN_AYYAPPA_TEMPLE_JN.pdf,1,"AUTOMARTJUNCTION,MADIWALAPOLICESTATION",FIXED,07:00,08:30,90.0,,20.0,,10.0,,120.0,,,,,,,
Bengaluru-BPT-Madiwala-TPS-Signal-Timing-data-AUTOMART_JN_AYYAPPA_TEMPLE_JN.pdf,1,"AUTOMARTJUNCTION,MADIWALAPOLICESTATION",FIXED,08:30,11:00,120.0,,30.0,,10.0,,160.0,,,,,,,
Bengaluru-BPT-Madiwala-TPS-Signal-Timing-data-AUTOMART_JN_AYYAPPA_TEMPLE_JN.pdf,1,"AUTOMARTJUNCTION,MADIWALAPOLICESTATION",FIXED,11:00,16:30,90.0,,20.0,,10.0,,120.0,,,,,,,
Bengaluru-BPT-Madiwala-TPS-Signal-Timing-data-AUTOMART_JN_AYYAPPA_TEMPLE_JN.pdf,1,"AUTOMARTJUNCTION,MADIWALAPOLICESTATION",FIXED,16:30,20:30,120.0,,30.0,,10.0,,160.0,,,,,,,
Bengaluru-BPT-Madiwala-TPS-Signal-Timing-data-AUTOMART_JN_AYYAPPA_TEMPLE_JN.pdf,1,"AUTOMARTJUNCTION,MADIWALAPOLICESTATION",FIXED,20:30,23:00,90.0,,20.0,,10.0,,120.0,,,,,,,
Bengaluru-BPT-Madiwala-TPS-Signal-Timing-data-BOMMANAHALLI_JN_G_B_PALYA_JN.pdf,1,"BOMMANAHALLIJUNCTION,MADIWALAPOLICESTATION",FIXED,07:00,08:00,20.0,,50.0,,20.0,,15.0,,,,,,,
Bengaluru-BPT-Madiwala-TPS-Signal-Timing-data-BOMMANAHALLI_JN_G_B_PALYA_JN.pdf,1,"BOMMANAHALLIJUNCTION,MADIWALAPOLICESTATION",FIXED,08:00,11:00,,,,,15.0,,10.0,,,,,,,
Bengaluru-BPT-Madiwala-TPS-Signal-Timing-data-BOMMANAHALLI_JN_G_B_PALYA_JN.pdf,1,"BOMMANAHALLIJUNCTION,MADIWALAPOLICESTATION",FIXED,07:00,08:00,40.0,,50.0,,30.0,,15.0,,,,,,,
Bengaluru-BPT-Madiwala-TPS-Signal-Timing-data-BOMMANAHALLI_JN_G_B_PALYA_JN.pdf,1,"BOMMANAHALLIJUNCTION,MADIWALAPOLICESTATION",FIXED,08:00,11:30,,,60.0,,,,15.0,,,,,,,
Bengaluru-BPT-Madiwala-TPS-Signal-Timing-data-BOMMANAHALLI_JN_G_B_PALYA_JN.pdf,1,"BOMMANAHALLIJUNCTION,MADIWALAPOLICESTATION",FIXED,11:00,16:00,20.0,,50.0,,20.0,,15.0,,10.0,,115.0,,,
Bengaluru-BPT-Madiwala-TPS-Signal-Timing-data-BOMMANAHALLI_JN_G_B_PALYA_JN.pdf,1,"BOMMANAHALLIJUNCTION,MADIWALAPOLICESTATION",FIXED,21:00,23:00,20.0,,50.0,,20.0,,10.0,,10.0,,110.0,,,
Bengaluru-BPT-Madiwala-TPS-Signal-Timing-data-BOMMANAHALLI_JN_G_B_PALYA_JN.pdf,1,"BOMMANAHALLIJUNCTION,MADIWALAPOLICESTATION",FIXED,11:30,15:30,40.0,,50.0,,25.0,,10.0,,125.0,,,,,
Bengaluru-BPT-Madiwala-TPS-Signal-Timing-data-BOMMANAHALLI_JN_G_B_PALYA_JN.pdf,1,"BOMMANAHALLIJUNCTION,MADIWALAPOLICESTATION",FIXED,17:00,21:00,,,,,,,15.0,,,,,,,
Bengaluru-BPT-Madiwala-TPS-Signal-Timing-data-BOMMANAHALLI_JN_G_B_PALYA_JN.pdf,1,"BOMMANAHALLIJUNCTION,MADIWALAPOLICESTATION",FIXED,21:00,23:30,30.0,,50.0,,20.0,,10.0,,110.0,,,,,
Bengaluru-BPT-Madiwala-TPS-Signal-Timing-data-HSR_14TH_MAIN_JN_IBLUR_JN.pdf,1,"HSR14THMAINJUNCTION,MADIWALAPOLICESTATION",FIXED,07:00,08:00,60.0,,30.0,,70.0,,0.0,,,,,,,
Bengaluru-BPT-Madiwala-TPS-Signal-Timing-data-HSR_14TH_MAIN_JN_IBLUR_JN.pdf,1,"HSR14THMAINJUNCTION,MADIWALAPOLICESTATION",FIXED,08:00,11:00,80.0,,40.0,,90.0,,35.0,,10.0,,255.0,,,
Bengaluru-BPT-Madiwala-TPS-Signal-Timing-data-HSR_14TH_MAIN_JN_IBLUR_JN.pdf,1,"HSR14THMAINJUNCTION,MADIWALAPOLICESTATION",FIXED,11:00,16:30,60.0,,30.0,,80.0,,30.0,,10.0,,210.0,,,
Bengaluru-BPT-Madiwala-TPS-Signal-Timing-data-HSR_14TH_MAIN_JN_IBLUR_JN.pdf,1,"HSR14THMAINJUNCTION,MADIWALAPOLICESTATION",FIXED,16:30,21:00,70.0,,40.0,,100.0,,35.0,,10.0,,255.0,,,
Bengaluru-BPT-Madiwala-TPS-Signal-Timing-data-HSR_14TH_MAIN_JN_IBLUR_JN.pdf,1,"HSR14THMAINJUNCTION,MADIWALAPOLICESTATION",FIXED,21:00,23:00,60.0,,30.0,,80.0,,25.0,,0.0,,195.0,,,
Bengaluru-BPT-Madiwala-TPS-Signal-Timing-data-HSR_14TH_MAIN_JN_IBLUR_JN.pdf,1,"HSR14THMAINJUNCTION,MADIWALAPOLICESTATION",FIXED,08:00,10:30,80.0,,40.0,,80.0,,10.0,,210.0,,,,,
Bengaluru-BPT-Madiwala-TPS-Signal-Timing-data-HSR_14TH_MAIN_JN_IBLUR_JN.pdf,1,"HSR14THMAINJUNCTION,MADIWALAPOLICESTATION",FIXED,10:30,17:00,60.0,,60.0,,60.0,,10.0,,190.0,,,,,
Bengaluru-BPT-Madiwala-TPS-Signal-Timing-data-HSR_14TH_MAIN_JN_IBLUR_JN.pdf,1,"HSR14THMAINJUNCTION,MADIWALAPOLICESTATION",FIXED,17:00,20:30,100.0,,40.0,,60.0,,10.0,,210.0,,,,,
Bengaluru-BPT-Madiwala-TPS-Signal-Timing-data-HSR_14TH_MAIN_JN_IBLUR_JN.pdf,1,"HSR14THMAINJUNCTION,MADIWALAPOLICESTATION",FIXED,20:30,23:00,80.0,,60.0,,60.0,,10.0,,210.0,,,,,
Bengaluru-BPT-Madiwala-TPS-Signal-Timing-data-KUDULU_GATE_JN_MADIWALA_JN.pdf,1,"KUDULUGATEJUNCTION,MADIWALAPOLICESTATION",FIXED,07:00,08:00,20.0,,35.0,,,,,,,,,,,
Bengaluru-BPT-Madiwala-TPS-Signal-Timing-data-KUDULU_GATE_JN_MADIWALA_JN.pdf,1,"KUDULUGATEJUNCTION,MADIWALAPOLICESTATION",FIXED,08:00,11:00,,,,,,,,,,,,,,
Bengaluru-BPT-Madiwala-TPS-Signal-Timing-data-KUDULU_GATE_JN_MADIWALA_JN.pdf,1,"KUDULUGATEJUNCTION,MADIWALAPOLICESTATION",FIXED,07:00,08:30,40.0,,60.0,,10.0,,110.0,,,,,,,
Bengaluru-BPT-Madiwala-TPS-Signal-Timing-data-KUDULU_GATE_JN_MADIWALA_JN.pdf,1,"KUDULUGATEJUNCTION,MADIWALAPOLICESTATION",FIXED,08:30,11:00,60.0,,90.0,,10.0,,160.0,,,,,,,
Bengaluru-BPT-Madiwala-TPS-Signal-Timing-data-KUDULU_GATE_JN_MADIWALA_JN.pdf,1,"KUDULUGATEJUNCTION,MADIWALAPOLICESTATION",FIXED,11:00,16:30,40.0,,60.0,,10.0,,110.0,,,,,,,
Bengaluru-BPT-Madiwala-TPS-Signal-Timing-data-KUDULU_GATE_JN_MADIWALA_JN.pdf,1,"KUDULUGATEJUNCTION,MADIWALAPOLICESTATION",FIXED,16:30,20:30,60.0,,90.0,,10.0,,160.0,,,,,,,
Bengaluru-BPT-Madiwala-TPS-Signal-Timing-data-KUDULU_GATE_JN_MADIWALA_JN.pdf,1,"KUDULUGATEJUNCTION,MADIWALAPOLICESTATION",FIXED,20:30,23:00,40.0,,60.0,,10.0,,110.0,,,,,,,
Bengaluru-BPT-Madiwala-TPS-Signal-Timing-data-KUDULU_GATE_JN_MADIWALA_JN.pdf,1,"KUDULUGATEJUNCTION,MADIWALAPOLICESTATION",FIXED,21:00,23:00,20.0,,35.0,,15.0,,6.0,,76.0,,,,,
Bengaluru-BPT-Madiwala-TPS-Signal-Timing-data-SARJAPUR_ROAD_CHECKPOST_JN_SILK_BOARD_JN.pdf,1,"SARJAPURROAD-CHECKPOSTJUNCTION,MADIWALAPOLICESTATION",FIXED,07:00,08:00,,,,,40.0,,,,,,,,,
Bengaluru-BPT-Madiwala-TPS-Signal-Timing-data-SARJAPUR_ROAD_CHECKPOST_JN_SILK_BOARD_JN.pdf,1,"SARJAPURROAD-CHECKPOSTJUNCTION,MADIWALAPOLICESTATION",FIXED,08:00,11:00,,,,,50.0,,,,10.0,,,,,
Bengaluru-BPT-Madiwala-TPS-Signal-Timing-data-SARJAPUR_ROAD_CHECKPOST_JN_SILK_BOARD_JN.pdf,1,"SARJAPURROAD-CHECKPOSTJUNCTION,MADIWALAPOLICESTATION",FIXED,17:00,21:00,,,,,50.0,,,,10.0,,,,,
Bengaluru-BPT-Madiwala-TPS-Signal-Timing-data-SARJAPUR_ROAD_CHECKPOST_JN_SILK_BOARD_JN.pdf,1,"SARJAPURROAD-CHECKPOSTJUNCTION,MADIWALAPOLICESTATION",FIXED,21:00,23:00,,,,,40.0,,,,,,,,,
Bengaluru-BPT-Madiwala-TPS-Signal-Timing-data-SARJAPUR_ROAD_CHECKPOST_JN_SILK_BOARD_JN.pdf,1,"SARJAPURROAD-CHECKPOSTJUNCTION,MADIWALAPOLICESTATION",FIXED,07:00,08:00,,,,,,,,,,,,,,
Bengaluru-BPT-Madiwala-TPS-Signal-Timing-data-SARJAPUR_ROAD_CHECKPOST_JN_SILK_BOARD_JN.pdf,1,"SARJAPURROAD-CHECKPOSTJUNCTION,MADIWALAPOLICESTATION",FIXED,08:00,12:00,,,,,,,,,,,,,,
Bengaluru-BPT-Madiwala-TPS-Signal-Timing-data-SARJAPUR_ROAD_CHECKPOST_JN_SILK_BOARD_JN.pdf,1,"SARJAPURROAD-CHECKPOSTJUNCTION,MADIWALAPOLICESTATION",FIXED,12:00,16:00,,,,,,,,,,,,,,
Bengaluru-BPT-Madiwala-TPS-Signal-Timing-data-SARJAPUR_ROAD_CHECKPOST_JN_SILK_BOARD_JN.pdf,1,"SARJAPURROAD-CHECKPOSTJUNCTION,MADIWALAPOLICESTATION",FIXED,22:00,23:00,,,,,,,,,,,,,,
Bengaluru-BPT-Madiwala-TPS-Signal-Timing-data-SARJAPUR_ROAD_CHECKPOST_JN_SILK_BOARD_JN.pdf,1,"SARJAPURROAD-CHECKPOSTJUNCTION,MADIWALAPOLICESTATION",FIXED,23:00,23:59,,,,,,,0.0,,,,,,,
Bengaluru-BPT-Magadi-Road-TPS-Signal-Timing-data-BASAVAMANTAPA_CIRCLE_JN_CHOLUR_PALYA_JN.pdf,1,"BASAVAMANTAPACIRCLEJUNCTION,Dr.RAJKUMARROAD,MAGADIROADPOLICESTATION",FIXED,07:00,08:00,20.0,,35.0,,15.0,,7.0,,77.0,,,,,
Bengaluru-BPT-Magadi-Road-TPS-Signal-Timing-data-BASAVAMANTAPA_CIRCLE_JN_CHOLUR_PALYA_JN.pdf,1,"BASAVAMANTAPACIRCLEJUNCTION,Dr.RAJKUMARROAD,MAGADIROADPOLICESTATION",FIXED,08:00,11:00,30.0,,50.0,,25.0,,10.0,,115.0,,,,,
Bengaluru-BPT-Magadi-Road-TPS-Signal-Timing-data-BASAVAMANTAPA_CIRCLE_JN_CHOLUR_PALYA_JN.pdf,1,"BASAVAMANTAPACIRCLEJUNCTION,Dr.RAJKUMARROAD,MAGADIROADPOLICESTATION",FIXED,11:00,17:00,20.0,,40.0,,20.0,,7.0,,87.0,,,,,
Bengaluru-BPT-Magadi-Road-TPS-Signal-Timing-data-BASAVAMANTAPA_CIRCLE_JN_CHOLUR_PALYA_JN.pdf,1,"BASAVAMANTAPACIRCLEJUNCTION,Dr.RAJKUMARROAD,MAGADIROADPOLICESTATION",FIXED,17:00,20:00,30.0,,50.0,,25.0,,10.0,,115.0,,,,,
Bengaluru-BPT-Magadi-Road-TPS-Signal-Timing-data-BASAVAMANTAPA_CIRCLE_JN_CHOLUR_PALYA_JN.pdf,1,"BASAVAMANTAPACIRCLEJUNCTION,Dr.RAJKUMARROAD,MAGADIROADPOLICESTATION",FIXED,20:00,23:00,20.0,,35.0,,15.0,,6.0,,76.0,,,,,
Bengaluru-BPT-Magadi-Road-TPS-Signal-Timing-data-BASAVAMANTAPA_CIRCLE_JN_CHOLUR_PALYA_JN.pdf,1,"BASAVAMANTAPACIRCLEJUNCTION,Dr.RAJKUMARROAD,MAGADIROADPOLICESTATION",FIXED,07:00,08:00,20.0,,40.0,,20.0,,5.0,,,,,,,
Bengaluru-BPT-Magadi-Road-TPS-Signal-Timing-data-BASAVAMANTAPA_CIRCLE_JN_CHOLUR_PALYA_JN.pdf,1,"BASAVAMANTAPACIRCLEJUNCTION,Dr.RAJKUMARROAD,MAGADIROADPOLICESTATION",FIXED,08:00,11:00,20.0,,50.0,,25.0,,5.0,,100.0,,,,,
Bengaluru-BPT-Magadi-Road-TPS-Signal-Timing-data-BASAVAMANTAPA_CIRCLE_JN_CHOLUR_PALYA_JN.pdf,1,"BASAVAMANTAPACIRCLEJUNCTION,Dr.RAJKUMARROAD,MAGADIROADPOLICESTATION",FIXED,11:00,16:00,15.0,,40.0,,20.0,,5.0,,80.0,,,,,
Bengaluru-BPT-Magadi-Road-TPS-Signal-Timing-data-BASAVAMANTAPA_CIRCLE_JN_CHOLUR_PALYA_JN.pdf,1,"BASAVAMANTAPACIRCLEJUNCTION,Dr.RAJKUMARROAD,MAGADIROADPOLICESTATION",FIXED,16:00,21:00,20.0,,50.0,,25.0,,5.0,,100.0,,,,,
Bengaluru-BPT-Magadi-Road-TPS-Signal-Timing-data-BASAVAMANTAPA_CIRCLE_JN_CHOLUR_PALYA_JN.pdf,1,"BASAVAMANTAPACIRCLEJUNCTION,Dr.RAJKUMARROAD,MAGADIROADPOLICESTATION",FIXED,21:00,23:00,20.0,,40.0,,20.0,,5.0,,85.0,,,,,
Bengaluru-BPT-Magadi-Road-TPS-Signal-Timing-data-LEPROSY_HOSPITAL_CIRCLE_JN_M_C_CIRCLE_JN.pdf,1,"M.C.CIRCLE, MAGADIROADPOLICESTATION",FIXED,07:00,08:00,60.0,,60.0,,50.0,,10.0,,,,,,,
Bengaluru-BPT-Magadi-Road-TPS-Signal-Timing-data-LEPROSY_HOSPITAL_CIRCLE_JN_M_C_CIRCLE_JN.pdf,1,"M.C.CIRCLE, MAGADIROADPOLICESTATION",FIXED,07:00,08:00,20.0,,20.0,,15.0,,15.0,,10.0,,70.0,,,
Bengaluru-BPT-Magadi-Road-TPS-Signal-Timing-data-LEPROSY_HOSPITAL_CIRCLE_JN_M_C_CIRCLE_JN.pdf,1,"M.C.CIRCLE, MAGADIROADPOLICESTATION",FIXED,08:00,11:00,45.0,,20.0,,15.0,,15.0,,10.0,,95.0,,,
Bengaluru-BPT-Magadi-Road-TPS-Signal-Timing-data-LEPROSY_HOSPITAL_CIRCLE_JN_M_C_CIRCLE_JN.pdf,1,"M.C.CIRCLE, MAGADIROADPOLICESTATION",FIXED,11:00,16:00,30.0,,15.0,,15.0,,15.0,,10.0,,75.0,,,
Bengaluru-BPT-Magadi-Road-TPS-Signal-Timing-data-LEPROSY_HOSPITAL_CIRCLE_JN_M_C_CIRCLE_JN.pdf,1,"M.C.CIRCLE, MAGADIROADPOLICESTATION",FIXED,16:00,21:00,45.0,,20.0,,15.0,,15.0,,10.0,,95.0,,,
Bengaluru-BPT-Magadi-Road-TPS-Signal-Timing-data-LEPROSY_HOSPITAL_CIRCLE_JN_M_C_CIRCLE_JN.pdf,1,"M.C.CIRCLE, MAGADIROADPOLICESTATION",FIXED,21:00,23:00,20.0,,20.0,,15.0,,15.0,,10.0,,70.0,,,
Bengaluru-BPT-Magadi-Road-TPS-Signal-Timing-data-LEPROSY_HOSPITAL_CIRCLE_JN_M_C_CIRCLE_JN.pdf,1,"M.C.CIRCLE, MAGADIROADPOLICESTATION",FIXED,08:00,11:00,90.0,,90.0,,60.0,,10.0,,250.0,,,,,
Bengaluru-BPT-Magadi-Road-TPS-Signal-Timing-data-LEPROSY_HOSPITAL_CIRCLE_JN_M_C_CIRCLE_JN.pdf,1,"M.C.CIRCLE, MAGADIROADPOLICESTATION",FIXED,11:00,16:00,60.0,,60.0,,50.0,,10.0,,180.0,,,,,
Bengaluru-BPT-Magadi-Road-TPS-Signal-Timing-data-LEPROSY_HOSPITAL_CIRCLE_JN_M_C_CIRCLE_JN.pdf,1,"M.C.CIRCLE, MAGADIROADPOLICESTATION",FIXED,16:00,21:00,90.0,,90.0,,60.0,,10.0,,250.0,,,,,
Bengaluru-BPT-Magadi-Road-TPS-Signal-Timing-data-LEPROSY_HOSPITAL_CIRCLE_JN_M_C_CIRCLE_JN.pdf,1,"M.C.CIRCLE, MAGADIROADPOLICESTATION",FIXED,21:00,23:00,60.0,,60.0,,50.0,,10.0,,180.0,,,,,
Bengaluru-BPT-Malleswaram-TPS-Signal-Timing-data-DR_RAJKUMAR_ROAD_17TH_CROSS_CIRCLE_JN_KARNATAKA_BHAVAN_JN.pdf,1,"DR.RAJKUMARROAD,17THCROSSJUNCTION, MALLESHWARAM POLICESTATION",FIXED,07:00,08:00,30.0,,40.0,,10.0,,,,,,,,,
Bengaluru-BPT-Malleswaram-TPS-Signal-Timing-data-DR_RAJKUMAR_ROAD_17TH_CROSS_CIRCLE_JN_KARNATAKA_BHAVAN_JN.pdf,1,"DR.RAJKUMARROAD,17THCROSSJUNCTION, MALLESHWARAM POLICESTATION",FIXED,08:00,11:00,40.0,,45.0,,30.0,,10.0,,125.0,,,,,
Bengaluru-BPT-Malleswaram-TPS-Signal-Timing-data-DR_RAJKUMAR_ROAD_17TH_CROSS_CIRCLE_JN_KARNATAKA_BHAVAN_JN.pdf,1,"DR.RAJKUMARROAD,17THCROSSJUNCTION, MALLESHWARAM POLICESTATION",FIXED,11:00,16:00,30.0,,40.0,,25.0,,10.0,,105.0,,,,,
Bengaluru-BPT-Malleswaram-TPS-Signal-Timing-data-DR_RAJKUMAR_ROAD_17TH_CROSS_CIRCLE_JN_KARNATAKA_BHAVAN_JN.pdf,1,"DR.RAJKUMARROAD,17THCROSSJUNCTION, MALLESHWARAM POLICESTATION",FIXED,16:00,20:30,40.0,,45.0,,30.0,,10.0,,125.0,,,,,
Bengaluru-BPT-Malleswaram-TPS-Signal-Timing-data-DR_RAJKUMAR_ROAD_17TH_CROSS_CIRCLE_JN_KARNATAKA_BHAVAN_JN.pdf,1,"DR.RAJKUMARROAD,17THCROSSJUNCTION, MALLESHWARAM POLICESTATION",FIXED,20:30,23:00,25.0,,35.0,,20.0,,5.0,,85.0,,,,,
Bengaluru-BPT-Malleswaram-TPS-Signal-Timing-data-DR_RAJKUMAR_ROAD_17TH_CROSS_CIRCLE_JN_KARNATAKA_BHAVAN_JN.pdf,1,"DR.RAJKUMARROAD,17THCROSSJUNCTION, MALLESHWARAM POLICESTATION",FIXED,07:00,12:00,55.0,,80.0,,40.0,,10.0,,185.0,,,,,
Bengaluru-BPT-Malleswaram-TPS-Signal-Timing-data-DR_RAJKUMAR_ROAD_17TH_CROSS_CIRCLE_JN_KARNATAKA_BHAVAN_JN.pdf,1,"DR.RAJKUMARROAD,17THCROSSJUNCTION, MALLESHWARAM POLICESTATION",FIXED,12:00,16:00,45.0,,75.0,,40.0,,10.0,,170.0,,,,,
Bengaluru-BPT-Malleswaram-TPS-Signal-Timing-data-DR_RAJKUMAR_ROAD_17TH_CROSS_CIRCLE_JN_KARNATAKA_BHAVAN_JN.pdf,1,"DR.RAJKUMARROAD,17THCROSSJUNCTION, MALLESHWARAM POLICESTATION",FIXED,16:00,21:00,55.0,,80.0,,40.0,,10.0,,185.0,,,,,
Bengaluru-BPT-Malleswaram-TPS-Signal-Timing-data-DR_RAJKUMAR_ROAD_17TH_CROSS_CIRCLE_JN_KARNATAKA_BHAVAN_JN.pdf,1,"DR.RAJKUMARROAD,17THCROSSJUNCTION, MALLESHWARAM POLICESTATION",FIXED,21:00,23:00,45.0,,75.0,,40.0,,10.0,,170.0,,,,,
Bengaluru-BPT-Malleswaram-TPS-Signal-Timing-data-MARGOSA_18TH_CROSS_JN_MILL_CORNER_JN.pdf,1,"MARGOSA18THCROSSJUNCTION, MALLESHWARAMPOLICESTATION",FIXED,07:00,08:00,40.0,,13.0,,30.0,,7.0,,,,,,,
Bengaluru-BPT-Malleswaram-TPS-Signal-Timing-data-MARGOSA_18TH_CROSS_JN_MILL_CORNER_JN.pdf,1,"MARGOSA18THCROSSJUNCTION, MALLESHWARAMPOLICESTATION",FIXED,08:00,11:00,60.0,,20.0,,40.0,,10.0,,130.0,,,,,
Bengaluru-BPT-Malleswaram-TPS-Signal-Timing-data-MARGOSA_18TH_CROSS_JN_MILL_CORNER_JN.pdf,1,"MARGOSA18THCROSSJUNCTION, MALLESHWARAMPOLICESTATION",FIXED,16:00,21:00,60.0,,20.0,,40.0,,10.0,,130.0,,,,,
Bengaluru-BPT-Malleswaram-TPS-Signal-Timing-data-MARGOSA_18TH_CROSS_JN_MILL_CORNER_JN.pdf,1,"MARGOSA18THCROSSJUNCTION, MALLESHWARAMPOLICESTATION",FIXED,21:00,22:00,40.0,,13.0,,30.0,,7.0,,90.0,,,,,
Bengaluru-BPT-Malleswaram-TPS-Signal-Timing-data-MARGOSA_18TH_CROSS_JN_MILL_CORNER_JN.pdf,1,"MARGOSA18THCROSSJUNCTION, MALLESHWARAMPOLICESTATION",FIXED,07:00,08:00,50.0,,10.0,,10.0,,,,,,,,,
Bengaluru-BPT-Malleswaram-TPS-Signal-Timing-data-MARGOSA_18TH_CROSS_JN_MILL_CORNER_JN.pdf,1,"MARGOSA18THCROSSJUNCTION, MALLESHWARAMPOLICESTATION",FIXED,08:00,11:00,80.0,,45.0,,10.0,,135.0,,,,,,,
Bengaluru-BPT-Malleswaram-TPS-Signal-Timing-data-MARGOSA_18TH_CROSS_JN_MILL_CORNER_JN.pdf,1,"MARGOSA18THCROSSJUNCTION, MALLESHWARAMPOLICESTATION",FIXED,11:00,16:00,50.0,,20.0,,10.0,,80.0,,,,,,,
Bengaluru-BPT-Malleswaram-TPS-Signal-Timing-data-MARGOSA_18TH_CROSS_JN_MILL_CORNER_JN.pdf,1,"MARGOSA18THCROSSJUNCTION, MALLESHWARAMPOLICESTATION",FIXED,16:00,20:30,95.0,,25.0,,10.0,,130.0,,,,,,,
Bengaluru-BPT-Malleswaram-TPS-Signal-Timing-data-MARGOSA_18TH_CROSS_JN_MILL_CORNER_JN.pdf,1,"MARGOSA18THCROSSJUNCTION, MALLESHWARAMPOLICESTATION",FIXED,20:30,23:00,50.0,,15.0,,10.0,,75.0,,,,,,,
Bengaluru-BPT-Malleswaram-TPS-Signal-Timing-data-MODI_BRIDGE_JN_NAVRANG_THEATRE_JN.pdf,1,"MODIBRIDGEJUNCTION, MALLESHWARAMPOLICESTATION",SYNC,08:30,11:00,32.0,,67.0,,22.0,,37.0,,10.0,,180.0,,,
Bengaluru-BPT-Malleswaram-TPS-Signal-Timing-data-MODI_BRIDGE_JN_NAVRANG_THEATRE_JN.pdf,1,"MODIBRIDGEJUNCTION, MALLESHWARAMPOLICESTATION",SYNC,11:00,16:00,22.0,,52.0,,17.0,,27.0,,10.0,,140.0,,,
Bengaluru-BPT-Malleswaram-TPS-Signal-Timing-data-MODI_BRIDGE_JN_NAVRANG_THEATRE_JN.pdf,1,"MODIBRIDGEJUNCTION, MALLESHWARAMPOLICESTATION",SYNC,16:00,21:00,32.0,,67.0,,22.0,,37.0,,10.0,,180.0,,,
Bengaluru-BPT-Malleswaram-TPS-Signal-Timing-data-MODI_BRIDGE_JN_NAVRANG_THEATRE_JN.pdf,1,"MODIBRIDGEJUNCTION, MALLESHWARAMPOLICESTATION",SYNC,21:00,23:00,22.0,,52.0,,17.0,,27.0,,10.0,,140.0,,,
Bengaluru-BPT-Malleswaram-TPS-Signal-Timing-data-MODI_BRIDGE_JN_NAVRANG_THEATRE_JN.pdf,1,"MODIBRIDGEJUNCTION, MALLESHWARAMPOLICESTATION",SYNC,06:30,08:30,43.0,,43.0,,30.0,,10.0,,,,,,,
Bengaluru-BPT-Malleswaram-TPS-Signal-Timing-data-MODI_BRIDGE_JN_NAVRANG_THEATRE_JN.pdf,1,"MODIBRIDGEJUNCTION, MALLESHWARAMPOLICESTATION",SYNC,08:30,11:00,60.0,,60.0,,45.0,,10.0,,175.0,,,,,
Bengaluru-BPT-Malleswaram-TPS-Signal-Timing-data-MODI_BRIDGE_JN_NAVRANG_THEATRE_JN.pdf,1,"MODIBRIDGEJUNCTION, MALLESHWARAMPOLICESTATION",SYNC,11:00,16:00,43.0,,43.0,,30.0,,10.0,,126.0,,,,,
Bengaluru-BPT-Malleswaram-TPS-Signal-Timing-data-MODI_BRIDGE_JN_NAVRANG_THEATRE_JN.pdf,1,"MODIBRIDGEJUNCTION, MALLESHWARAMPOLICESTATION",SYNC,16:00,21:00,60.0,,60.0,,45.0,,10.0,,175.0,,,,,
Bengaluru-BPT-Malleswaram-TPS-Signal-Timing-data-MODI_BRIDGE_JN_NAVRANG_THEATRE_JN.pdf,1,"MODIBRIDGEJUNCTION, MALLESHWARAMPOLICESTATION",SYNC,21:00,23:00,43.0,,43.0,,30.0,,5.0,,121.0,,,,,
Bengaluru-BPT-Malleswaram-TPS-Signal-Timing-data-RAJAJINAGAR_1ST_BLOCK_JN_RAJAJINAGAR_19TH_MAIN_JN.pdf,1,"RAJAJINAGAR1STBLOCKJUNCTION, MALLESHWARAMPOLICESTATION",VAC,07:00,08:00,35.0,,35.0,,20.0,,45.0,,10.0,,,,,
Bengaluru-BPT-Malleswaram-TPS-Signal-Timing-data-RAJAJINAGAR_1ST_BLOCK_JN_RAJAJINAGAR_19TH_MAIN_JN.pdf,1,"RAJAJINAGAR1STBLOCKJUNCTION, MALLESHWARAMPOLICESTATION",VAC,08:00,11:00,50.0,,50.0,,35.0,,60.0,,10.0,,205.0,,,
Bengaluru-BPT-Malleswaram-TPS-Signal-Timing-data-RAJAJINAGAR_1ST_BLOCK_JN_RAJAJINAGAR_19TH_MAIN_JN.pdf,1,"RAJAJINAGAR1STBLOCKJUNCTION, MALLESHWARAMPOLICESTATION",VAC,16:30,21:00,50.0,,50.0,,35.0,,60.0,,10.0,,205.0,,,
Bengaluru-BPT-Malleswaram-TPS-Signal-Timing-data-RAJAJINAGAR_1ST_BLOCK_JN_RAJAJINAGAR_19TH_MAIN_JN.pdf,1,"RAJAJINAGAR1STBLOCKJUNCTION, MALLESHWARAMPOLICESTATION",VAC,21:00,23:00,35.0,,35.0,,20.0,,45.0,,5.0,,140.0,,,
Bengaluru-BPT-Malleswaram-TPS-Signal-Timing-data-RAJAJINAGAR_1ST_BLOCK_JN_RAJAJINAGAR_19TH_MAIN_JN.pdf,1,"RAJAJINAGAR1STBLOCKJUNCTION, MALLESHWARAMPOLICESTATION",VAC,06:30,08:30,22.0,,52.0,,30.0,,24.0,,140.0,,,,,
Bengaluru-BPT-Malleswaram-TPS-Signal-Timing-data-RAJAJINAGAR_1ST_BLOCK_JN_RAJAJINAGAR_19TH_MAIN_JN.pdf,1,"RAJAJINAGAR1STBLOCKJUNCTION, MALLESHWARAMPOLICESTATION",VAC,08:30,11:00,33.0,,71.0,,35.0,,29.0,,180.0,,,,,
Bengaluru-BPT-Malleswaram-TPS-Signal-Timing-data-RAJAJINAGAR_1ST_BLOCK_JN_RAJAJINAGAR_19TH_MAIN_JN.pdf,1,"RAJAJINAGAR1STBLOCKJUNCTION, MALLESHWARAMPOLICESTATION",VAC,16:00,21:00,33.0,,71.0,,35.0,,29.0,,180.0,,,,,
Bengaluru-BPT-Malleswaram-TPS-Signal-Timing-data-RAJAJINAGAR_1ST_BLOCK_JN_RAJAJINAGAR_19TH_MAIN_JN.pdf,1,"RAJAJINAGAR1STBLOCKJUNCTION, MALLESHWARAMPOLICESTATION",VAC,21:00,23:00,22.0,,52.0,,30.0,,24.0,,140.0,,,,,
Bengaluru-BPT-Mico-Layout-TPS-Signal-Timing-data-29TH_BTM_ROAD_JN_ARAKERE_GATE_JN.pdf,1,"29THBTMROADJUNCTION, MICOLAYOUTPOLICESTATION",FIXED,07:00,08:00,15.0,,70.0,,15.0,,10.0,,25.0,,10.0,,145.0,
Bengaluru-BPT-Mico-Layout-TPS-Signal-Timing-data-29TH_BTM_ROAD_JN_ARAKERE_GATE_JN.pdf,1,"29THBTMROADJUNCTION, MICOLAYOUTPOLICESTATION",FIXED,08:00,10:30,20.0,,90.0,,25.0,,15.0,,25.0,,10.0,,185.0,
Bengaluru-BPT-Mico-Layout-TPS-Signal-Timing-data-29TH_BTM_ROAD_JN_ARAKERE_GATE_JN.pdf,1,"29THBTMROADJUNCTION, MICOLAYOUTPOLICESTATION",FIXED,10:30,17:00,20.0,,60.0,,15.0,,10.0,,25.0,,10.0,,140.0,
Bengaluru-BPT-Mico-Layout-TPS-Signal-Timing-data-29TH_BTM_ROAD_JN_ARAKERE_GATE_JN.pdf,1,"29THBTMROADJUNCTION, MICOLAYOUTPOLICESTATION",FIXED,17:00,21:30,25.0,,90.0,,20.0,,15.0,,25.0,,10.0,,185.0,
Bengaluru-BPT-Mico-Layout-TPS-Signal-Timing-data-29TH_BTM_ROAD_JN_ARAKERE_GATE_JN.pdf,1,"29THBTMROADJUNCTION, MICOLAYOUTPOLICESTATION",FIXED,21:30,23:00,15.0,,50.0,,15.0,,10.0,,20.0,,10.0,,120.0,
Bengaluru-BPT-Mico-Layout-TPS-Signal-Timing-data-29TH_BTM_ROAD_JN_ARAKERE_GATE_JN.pdf,1,"29THBTMROADJUNCTION, MICOLAYOUTPOLICESTATION",FIXED,07:00,08:00,20.0,,25.0,,20.0,,,,,,,,,
Bengaluru-BPT-Mico-Layout-TPS-Signal-Timing-data-29TH_BTM_ROAD_JN_ARAKERE_GATE_JN.pdf,1,"29THBTMROADJUNCTION, MICOLAYOUTPOLICESTATION",FIXED,08:00,11:00,,,,,,,10.0,,60.0,,10.0,,,
Bengaluru-BPT-Mico-Layout-TPS-Signal-Timing-data-29TH_BTM_ROAD_JN_ARAKERE_GATE_JN.pdf,1,"29THBTMROADJUNCTION, MICOLAYOUTPOLICESTATION",FIXED,17:00,20:30,,,,,25.0,,15.0,,,,10.0,,,
Bengaluru-BPT-Mico-Layout-TPS-Signal-Timing-data-29TH_BTM_ROAD_JN_ARAKERE_GATE_JN.pdf,1,"29THBTMROADJUNCTION, MICOLAYOUTPOLICESTATION",FIXED,20:30,22:00,20.0,,,,20.0,,10.0,,45.0,,,,,
Bengaluru-BPT-Mico-Layout-TPS-Signal-Timing-data-BILEKAHALLI_JN_BTM_16TH_MAIN_ORR_JN.pdf,1,"BILEKAHALLIJUNCTION, MICOLAYOUTPOLICESTATION",FIXED,07:00,08:00,10.0,,60.0,,25.0,,10.0,,,,,,,
Bengaluru-BPT-Mico-Layout-TPS-Signal-Timing-data-BILEKAHALLI_JN_BTM_16TH_MAIN_ORR_JN.pdf,1,"BILEKAHALLIJUNCTION, MICOLAYOUTPOLICESTATION",FIXED,08:00,10:30,15.0,,120.0,,50.0,,10.0,,195.0,,,,,
Bengaluru-BPT-Mico-Layout-TPS-Signal-Timing-data-BILEKAHALLI_JN_BTM_16TH_MAIN_ORR_JN.pdf,1,"BILEKAHALLIJUNCTION, MICOLAYOUTPOLICESTATION",FIXED,10:30,17:00,10.0,,100.0,,40.0,,10.0,,160.0,,,,,
Bengaluru-BPT-Mico-Layout-TPS-Signal-Timing-data-BILEKAHALLI_JN_BTM_16TH_MAIN_ORR_JN.pdf,1,"BILEKAHALLIJUNCTION, MICOLAYOUTPOLICESTATION",FIXED,17:00,21:00,15.0,,120.0,,40.0,,10.0,,185.0,,,,,
Bengaluru-BPT-Mico-Layout-TPS-Signal-Timing-data-BILEKAHALLI_JN_BTM_16TH_MAIN_ORR_JN.pdf,1,"BILEKAHALLIJUNCTION, MICOLAYOUTPOLICESTATION",FIXED,21:00,23:00,10.0,,40.0,,25.0,,10.0,,85.0,,,,,
Bengaluru-BPT-Mico-Layout-TPS-Signal-Timing-data-BILEKAHALLI_JN_BTM_16TH_MAIN_ORR_JN.pdf,1,"BILEKAHALLIJUNCTION, MICOLAYOUTPOLICESTATION",FIXED,07:00,08:00,10.0,,60.0,,25.0,,10.0,,105.0,,,,,
Bengaluru-BPT-Mico-Layout-TPS-Signal-Timing-data-BILEKAHALLI_JN_BTM_16TH_MAIN_ORR_JN.pdf,1,"BILEKAHALLIJUNCTION, MICOLAYOUTPOLICESTATION",FIXED,08:00,10:30,15.0,,120.0,,50.0,,10.0,,195.0,,,,,
Bengaluru-BPT-Mico-Layout-TPS-Signal-Timing-data-BILEKAHALLI_JN_BTM_16TH_MAIN_ORR_JN.pdf,1,"BILEKAHALLIJUNCTION, MICOLAYOUTPOLICESTATION",FIXED,17:00,21:00,15.0,,120.0,,40.0,,10.0,,185.0,,,,,
Bengaluru-BPT-Mico-Layout-TPS-Signal-Timing-data-BILEKAHALLI_JN_BTM_16TH_MAIN_ORR_JN.pdf,1,"BILEKAHALLIJUNCTION, MICOLAYOUTPOLICESTATION",FIXED,21:00,23:00,10.0,,40.0,,25.0,,10.0,,85.0,,,,,
Bengaluru-BPT-Mico-Layout-TPS-Signal-Timing-data-BILEKAHALLI_JN_BTM_16TH_MAIN_ORR_JN.pdf,1,"BILEKAHALLIJUNCTION, MICOLAYOUTPOLICESTATION",FIXED,07:00,08:00,,,,,15.0,,25.0,,15.0,,,,,
Bengaluru-BPT-Mico-Layout-TPS-Signal-Timing-data-BILEKAHALLI_JN_BTM_16TH_MAIN_ORR_JN.pdf,1,"BILEKAHALLIJUNCTION, MICOLAYOUTPOLICESTATION",FIXED,08:00,10:30,,,,,,,25.0,,,,,,,
Bengaluru-BPT-Mico-Layout-TPS-Signal-Timing-data-BILEKAHALLI_JN_BTM_16TH_MAIN_ORR_JN.pdf,1,"BILEKAHALLIJUNCTION, MICOLAYOUTPOLICESTATION",FIXED,21:30,23:00,,,,,15.0,,50.0,,15.0,,,,,
Bengaluru-BPT-Mico-Layout-TPS-Signal-Timing-data-DAIRY_CIRCLE_JN_GURAPPANAPALYA_JN.pdf,1,"DAIRYCIRCLEJUNCTION, MICOLAYOUTPOLICESTATION",FIXED,07:00,08:00,35.0,,30.0,,10.0,,75.0,,,,,,,
Bengaluru-BPT-Mico-Layout-TPS-Signal-Timing-data-DAIRY_CIRCLE_JN_GURAPPANAPALYA_JN.pdf,1,"DAIRYCIRCLEJUNCTION, MICOLAYOUTPOLICESTATION",FIXED,08:00,11:00,50.0,,40.0,,10.0,,100.0,,,,,,,
Bengaluru-BPT-Mico-Layout-TPS-Signal-Timing-data-DAIRY_CIRCLE_JN_GURAPPANAPALYA_JN.pdf,1,"DAIRYCIRCLEJUNCTION, MICOLAYOUTPOLICESTATION",FIXED,11:00,16:30,35.0,,30.0,,10.0,,75.0,,,,,,,
Bengaluru-BPT-Mico-Layout-TPS-Signal-Timing-data-DAIRY_CIRCLE_JN_GURAPPANAPALYA_JN.pdf,1,"DAIRYCIRCLEJUNCTION, MICOLAYOUTPOLICESTATION",FIXED,16:30,21:00,50.0,,40.0,,10.0,,100.0,,,,,,,
Bengaluru-BPT-Mico-Layout-TPS-Signal-Timing-data-DAIRY_CIRCLE_JN_GURAPPANAPALYA_JN.pdf,1,"DAIRYCIRCLEJUNCTION, MICOLAYOUTPOLICESTATION",FIXED,21:00,23:00,35.0,,30.0,,10.0,,75.0,,,,,,,
Bengaluru-BPT-Mico-Layout-TPS-Signal-Timing-data-DAIRY_CIRCLE_JN_GURAPPANAPALYA_JN.pdf,1,"DAIRYCIRCLEJUNCTION, MICOLAYOUTPOLICESTATION",FIXED,08:00,11:00,30.0,,120.0,,30.0,,10.0,,190.0,,,,,
Bengaluru-BPT-Mico-Layout-TPS-Signal-Timing-data-DAIRY_CIRCLE_JN_GURAPPANAPALYA_JN.pdf,1,"DAIRYCIRCLEJUNCTION, MICOLAYOUTPOLICESTATION",FIXED,11:00,17:00,25.0,,80.0,,20.0,,10.0,,135.0,,,,,
Bengaluru-BPT-Mico-Layout-TPS-Signal-Timing-data-DAIRY_CIRCLE_JN_GURAPPANAPALYA_JN.pdf,1,"DAIRYCIRCLEJUNCTION, MICOLAYOUTPOLICESTATION",FIXED,17:00,21:00,30.0,,120.0,,30.0,,10.0,,190.0,,,,,
Bengaluru-BPT-Mico-Layout-TPS-Signal-Timing-data-DAIRY_CIRCLE_JN_GURAPPANAPALYA_JN.pdf,1,"DAIRYCIRCLEJUNCTION, MICOLAYOUTPOLICESTATION",FIXED,21:00,22:30,15.0,,50.0,,15.0,,7.0,,83.0,,,,,
Bengaluru-BPT-Mico-Layout-TPS-Signal-Timing-data-HULIMAVU_JN_J_D_MARA_JN.pdf,1,"HULIMAVUJUNCTION, MICOLAYOUTPOLICESTATION",FIXED,07:00,08:00,15.0,,15.0,,35.0,,10.0,,,,,,,
Bengaluru-BPT-Mico-Layout-TPS-Signal-Timing-data-HULIMAVU_JN_J_D_MARA_JN.pdf,1,"HULIMAVUJUNCTION, MICOLAYOUTPOLICESTATION",FIXED,08:00,10:00,25.0,,15.0,,65.0,,10.0,,115.0,,,,,
Bengaluru-BPT-Mico-Layout-TPS-Signal-Timing-data-HULIMAVU_JN_J_D_MARA_JN.pdf,1,"HULIMAVUJUNCTION, MICOLAYOUTPOLICESTATION",FIXED,10:00,17:30,15.0,,15.0,,45.0,,10.0,,85.0,,,,,
Bengaluru-BPT-Mico-Layout-TPS-Signal-Timing-data-HULIMAVU_JN_J_D_MARA_JN.pdf,1,"HULIMAVUJUNCTION, MICOLAYOUTPOLICESTATION",FIXED,17:30,20:30,25.0,,15.0,,70.0,,10.0,,120.0,,,,,
Bengaluru-BPT-Mico-Layout-TPS-Signal-Timing-data-HULIMAVU_JN_J_D_MARA_JN.pdf,1,"HULIMAVUJUNCTION, MICOLAYOUTPOLICESTATION",FIXED,20:30,22:00,15.0,,15.0,,40.0,,5.0,,75.0,,,,,
Bengaluru-BPT-Mico-Layout-TPS-Signal-Timing-data-HULIMAVU_JN_J_D_MARA_JN.pdf,1,"HULIMAVUJUNCTION, MICOLAYOUTPOLICESTATION",FIXED,07:00,08:00,20.0,,45.0,,25.0,,10.0,,,,,,,
Bengaluru-BPT-Mico-Layout-TPS-Signal-Timing-data-HULIMAVU_JN_J_D_MARA_JN.pdf,1,"HULIMAVUJUNCTION, MICOLAYOUTPOLICESTATION",FIXED,08:00,10:30,35.0,,95.0,,30.0,,10.0,,170.0,,,,,
Bengaluru-BPT-Mico-Layout-TPS-Signal-Timing-data-HULIMAVU_JN_J_D_MARA_JN.pdf,1,"HULIMAVUJUNCTION, MICOLAYOUTPOLICESTATION",FIXED,10:30,17:00,20.0,,45.0,,25.0,,10.0,,100.0,,,,,
Bengaluru-BPT-Mico-Layout-TPS-Signal-Timing-data-HULIMAVU_JN_J_D_MARA_JN.pdf,1,"HULIMAVUJUNCTION, MICOLAYOUTPOLICESTATION",FIXED,17:00,21:30,35.0,,95.0,,30.0,,10.0,,170.0,,,,,
Bengaluru-BPT-Mico-Layout-TPS-Signal-Timing-data-HULIMAVU_JN_J_D_MARA_JN.pdf,1,"HULIMAVUJUNCTION, MICOLAYOUTPOLICESTATION",FIXED,21:30,23:00,20.0,,45.0,,25.0,,5.0,,95.0,,,,,
Bengaluru-BPT-Mico-Layout-TPS-Signal-Timing-data-JAYADEVA_HOSPITAL_JN_MARENAHALLI_18TH_MAIN_PETROL_BUNK_JN.pdf,1,"JAYADEVAHOSPITAL(BTMLAYOUT),MICOLAYOUTPOLICESTATION",FIXED,07:00,08:00,50.0,,20.0,,20.0,,10.0,,,,,,,
Bengaluru-BPT-Mico-Layout-TPS-Signal-Timing-data-JAYADEVA_HOSPITAL_JN_MARENAHALLI_18TH_MAIN_PETROL_BUNK_JN.pdf,1,"JAYADEVAHOSPITAL(BTMLAYOUT),MICOLAYOUTPOLICESTATION",FIXED,08:00,11:00,70.0,,25.0,,40.0,,10.0,,145.0,,,,,
Bengaluru-BPT-Mico-Layout-TPS-Signal-Timing-data-JAYADEVA_HOSPITAL_JN_MARENAHALLI_18TH_MAIN_PETROL_BUNK_JN.pdf,1,"JAYADEVAHOSPITAL(BTMLAYOUT),MICOLAYOUTPOLICESTATION",FIXED,11:00,16:00,50.0,,30.0,,30.0,,8.0,,118.0,,,,,
Bengaluru-BPT-Mico-Layout-TPS-Signal-Timing-data-JAYADEVA_HOSPITAL_JN_MARENAHALLI_18TH_MAIN_PETROL_BUNK_JN.pdf,1,"JAYADEVAHOSPITAL(BTMLAYOUT),MICOLAYOUTPOLICESTATION",FIXED,16:00,21:00,80.0,,30.0,,40.0,,10.0,,160.0,,,,,
Bengaluru-BPT-Mico-Layout-TPS-Signal-Timing-data-JAYADEVA_HOSPITAL_JN_MARENAHALLI_18TH_MAIN_PETROL_BUNK_JN.pdf,1,"JAYADEVAHOSPITAL(BTMLAYOUT),MICOLAYOUTPOLICESTATION",FIXED,21:00,23:00,40.0,,20.0,,10.0,,7.0,,77.0,,,,,
Bengaluru-BPT-Mico-Layout-TPS-Signal-Timing-data-JAYADEVA_HOSPITAL_JN_MARENAHALLI_18TH_MAIN_PETROL_BUNK_JN.pdf,1,"JAYADEVAHOSPITAL(BTMLAYOUT),MICOLAYOUTPOLICESTATION",FIXED,07:00,08:00,25.0,,30.0,,20.0,,10.0,,,,,,,
Bengaluru-BPT-Mico-Layout-TPS-Signal-Timing-data-JAYADEVA_HOSPITAL_JN_MARENAHALLI_18TH_MAIN_PETROL_BUNK_JN.pdf,1,"JAYADEVAHOSPITAL(BTMLAYOUT),MICOLAYOUTPOLICESTATION",FIXED,08:00,11:00,40.0,,60.0,,30.0,,10.0,,140.0,,,,,
Bengaluru-BPT-Mico-Layout-TPS-Signal-Timing-data-JAYADEVA_HOSPITAL_JN_MARENAHALLI_18TH_MAIN_PETROL_BUNK_JN.pdf,1,"JAYADEVAHOSPITAL(BTMLAYOUT),MICOLAYOUTPOLICESTATION",FIXED,11:00,17:00,30.0,,40.0,,25.0,,7.0,,102.0,,,,,
Bengaluru-BPT-Mico-Layout-TPS-Signal-Timing-data-JAYADEVA_HOSPITAL_JN_MARENAHALLI_18TH_MAIN_PETROL_BUNK_JN.pdf,1,"JAYADEVAHOSPITAL(BTMLAYOUT),MICOLAYOUTPOLICESTATION",FIXED,17:00,21:00,50.0,,40.0,,30.0,,10.0,,130.0,,,,,
Bengaluru-BPT-Mico-Layout-TPS-Signal-Timing-data-JAYADEVA_HOSPITAL_JN_MARENAHALLI_18TH_MAIN_PETROL_BUNK_JN.pdf,1,"JAYADEVAHOSPITAL(BTMLAYOUT),MICOLAYOUTPOLICESTATION",FIXED,21:00,23:00,25.0,,30.0,,15.0,,7.0,,77.0,,,,,
Bengaluru-BPT-Mico-Layout-TPS-Signal-Timing-data-SAGAR_APPOLLO_JN_SWAGAT_MAIN_ROAD_JN.pdf,1,"SAGARAPPOLLOJUNCTION, MICOLAYOUTPOLICESTATION",FIXED,07:00,08:00,35.0,,25.0,,30.0,,5.0,,,,,,,
Bengaluru-BPT-Mico-Layout-TPS-Signal-Timing-data-SAGAR_APPOLLO_JN_SWAGAT_MAIN_ROAD_JN.pdf,1,"SAGARAPPOLLOJUNCTION, MICOLAYOUTPOLICESTATION",FIXED,07:00,08:00,,,,,,,,,,,,,,
Bengaluru-BPT-Mico-Layout-TPS-Signal-Timing-data-SAGAR_APPOLLO_JN_SWAGAT_MAIN_ROAD_JN.pdf,1,"SAGARAPPOLLOJUNCTION, MICOLAYOUTPOLICESTATION",FIXED,11:00,17:00,,,,,,,,,,,,,,
Bengaluru-BPT-Mico-Layout-TPS-Signal-Timing-data-SAGAR_APPOLLO_JN_SWAGAT_MAIN_ROAD_JN.pdf,1,"SAGARAPPOLLOJUNCTION, MICOLAYOUTPOLICESTATION",FIXED,17:00,21:00,,,,,,,,,,,,,,
Bengaluru-BPT-Mico-Layout-TPS-Signal-Timing-data-SAGAR_APPOLLO_JN_SWAGAT_MAIN_ROAD_JN.pdf,1,"SAGARAPPOLLOJUNCTION, MICOLAYOUTPOLICESTATION",FIXED,21:00,23:00,,,,,,,,,,,,,,
Bengaluru-BPT-Mico-Layout-TPS-Signal-Timing-data-SAGAR_APPOLLO_JN_SWAGAT_MAIN_ROAD_JN.pdf,1,"SAGARAPPOLLOJUNCTION, MICOLAYOUTPOLICESTATION",FIXED,08:00,11:00,50.0,,30.0,,40.0,,15.0,,10.0,,145.0,,,
Bengaluru-BPT-Mico-Layout-TPS-Signal-Timing-data-SAGAR_APPOLLO_JN_SWAGAT_MAIN_ROAD_JN.pdf,1,"SAGARAPPOLLOJUNCTION, MICOLAYOUTPOLICESTATION",FIXED,11:00,17:00,30.0,,25.0,,50.0,,15.0,,10.0,,130.0,,,
Bengaluru-BPT-Mico-Layout-TPS-Signal-Timing-data-SAGAR_APPOLLO_JN_SWAGAT_MAIN_ROAD_JN.pdf,1,"SAGARAPPOLLOJUNCTION, MICOLAYOUTPOLICESTATION",FIXED,17:00,21:00,35.0,,30.0,,90.0,,15.0,,10.0,,180.0,,,
Bengaluru-BPT-Mico-Layout-TPS-Signal-Timing-data-SAGAR_APPOLLO_JN_SWAGAT_MAIN_ROAD_JN.pdf,1,"SAGARAPPOLLOJUNCTION, MICOLAYOUTPOLICESTATION",FIXED,21:00,23:00,20.0,,20.0,,40.0,,10.0,,5.0,,95.0,,,
Bengaluru-BPT-Peenya-TPS-Signal-Timing-data-14TH_CROSS_PEENYA_JN_BAGALGUNTE_JN.pdf,1,"14THCROSSPEENYAJUNCTION, PEENYAPOLICESTATION",FIXED,07:00,11:00,50.0,,50.0,,30.0,,10.0,,140.0,,,,,
Bengaluru-BPT-Peenya-TPS-Signal-Timing-data-14TH_CROSS_PEENYA_JN_BAGALGUNTE_JN.pdf,1,"14THCROSSPEENYAJUNCTION, PEENYAPOLICESTATION",FIXED,11:00,16:00,50.0,,55.0,,35.0,,10.0,,150.0,,,,,
Bengaluru-BPT-Peenya-TPS-Signal-Timing-data-14TH_CROSS_PEENYA_JN_BAGALGUNTE_JN.pdf,1,"14THCROSSPEENYAJUNCTION, PEENYAPOLICESTATION",FIXED,16:00,22:00,50.0,,50.0,,30.0,,10.0,,140.0,,,,,
Bengaluru-BPT-Peenya-TPS-Signal-Timing-data-14TH_CROSS_PEENYA_JN_BAGALGUNTE_JN.pdf,1,"14THCROSSPEENYAJUNCTION, PEENYAPOLICESTATION",FIXED,07:00,08:00,30.0,,30.0,,20.0,,20.0,,10.0,,,,,
Bengaluru-BPT-Peenya-TPS-Signal-Timing-data-14TH_CROSS_PEENYA_JN_BAGALGUNTE_JN.pdf,1,"14THCROSSPEENYAJUNCTION, PEENYAPOLICESTATION",FIXED,08:00,11:00,50.0,,50.0,,30.0,,30.0,,10.0,,170.0,,,
Bengaluru-BPT-Peenya-TPS-Signal-Timing-data-14TH_CROSS_PEENYA_JN_BAGALGUNTE_JN.pdf,1,"14THCROSSPEENYAJUNCTION, PEENYAPOLICESTATION",FIXED,11:00,16:00,35.0,,35.0,,20.0,,20.0,,10.0,,120.0,,,
Bengaluru-BPT-Peenya-TPS-Signal-Timing-data-14TH_CROSS_PEENYA_JN_BAGALGUNTE_JN.pdf,1,"14THCROSSPEENYAJUNCTION, PEENYAPOLICESTATION",FIXED,16:00,20:30,50.0,,50.0,,30.0,,30.0,,10.0,,170.0,,,
Bengaluru-BPT-Peenya-TPS-Signal-Timing-data-14TH_CROSS_PEENYA_JN_BAGALGUNTE_JN.pdf,1,"14THCROSSPEENYAJUNCTION, PEENYAPOLICESTATION",FIXED,20:30,22:00,30.0,,30.0,,20.0,,20.0,,6.0,,106.0,,,
Bengaluru-BPT-Peenya-TPS-Signal-Timing-data-HESARAGATTA_CROSS_JN_JALAHALLI_CROSS_JN.pdf,1,"HESARAGATTACROSSJUNCTION, PEENYAPOLICESTATION",FIXED,07:00,23:00,70.0,,30.0,,50.0,,15.0,,,,,,,
Bengaluru-BPT-Peenya-TPS-Signal-Timing-data-HESARAGATTA_CROSS_JN_JALAHALLI_CROSS_JN.pdf,1,"HESARAGATTACROSSJUNCTION, PEENYAPOLICESTATION",FIXED,06:30,08:00,15.0,,70.0,,30.0,,30.0,,10.0,,,,,
Bengaluru-BPT-Peenya-TPS-Signal-Timing-data-HESARAGATTA_CROSS_JN_JALAHALLI_CROSS_JN.pdf,1,"HESARAGATTACROSSJUNCTION, PEENYAPOLICESTATION",FIXED,08:00,10:00,15.0,,60.0,,40.0,,35.0,,15.0,,165.0,,,
Bengaluru-BPT-Peenya-TPS-Signal-Timing-data-HESARAGATTA_CROSS_JN_JALAHALLI_CROSS_JN.pdf,1,"HESARAGATTACROSSJUNCTION, PEENYAPOLICESTATION",FIXED,10:00,17:00,15.0,,60.0,,35.0,,45.0,,15.0,,170.0,,,
Bengaluru-BPT-Peenya-TPS-Signal-Timing-data-HESARAGATTA_CROSS_JN_JALAHALLI_CROSS_JN.pdf,1,"HESARAGATTACROSSJUNCTION, PEENYAPOLICESTATION",FIXED,17:00,20:30,15.0,,60.0,,35.0,,50.0,,15.0,,175.0,,,
Bengaluru-BPT-Peenya-TPS-Signal-Timing-data-HESARAGATTA_CROSS_JN_JALAHALLI_CROSS_JN.pdf,1,"HESARAGATTACROSSJUNCTION, PEENYAPOLICESTATION",FIXED,20:30,23:00,15.0,,75.0,,25.0,,30.0,,15.0,,160.0,,,
Bengaluru-BPT-Peenya-TPS-Signal-Timing-data-NTTF_CIRCLE_JN_PEENYA_2ND_STAGE_JN.pdf,1,"NTTFCIRCLEJUNCTION, PEENYAPOLICESTATION",FIXED,07:00,11:00,60.0,,50.0,,30.0,,20.0,,10.0,,170.0,,,
Bengaluru-BPT-Peenya-TPS-Signal-Timing-data-NTTF_CIRCLE_JN_PEENYA_2ND_STAGE_JN.pdf,1,"NTTFCIRCLEJUNCTION, PEENYAPOLICESTATION",FIXED,11:00,16:00,40.0,,40.0,,20.0,,10.0,,10.0,,120.0,,,
Bengaluru-BPT-Peenya-TPS-Signal-Timing-data-NTTF_CIRCLE_JN_PEENYA_2ND_STAGE_JN.pdf,1,"NTTFCIRCLEJUNCTION, PEENYAPOLICESTATION",FIXED,16:00,22:00,50.0,,60.0,,35.0,,15.0,,10.0,,170.0,,,
Bengaluru-BPT-Peenya-TPS-Signal-Timing-data-NTTF_CIRCLE_JN_PEENYA_2ND_STAGE_JN.pdf,1,"NTTFCIRCLEJUNCTION, PEENYAPOLICESTATION",FIXED,07:00,08:30,35.0,,25.0,,15.0,,10.0,,,,,,,
Bengaluru-BPT-Peenya-TPS-Signal-Timing-data-NTTF_CIRCLE_JN_PEENYA_2ND_STAGE_JN.pdf,1,"NTTFCIRCLEJUNCTION, PEENYAPOLICESTATION",FIXED,08:30,11:00,50.0,,30.0,,15.0,,10.0,,105.0,,,,,
Bengaluru-BPT-Peenya-TPS-Signal-Timing-data-NTTF_CIRCLE_JN_PEENYA_2ND_STAGE_JN.pdf,1,"NTTFCIRCLEJUNCTION, PEENYAPOLICESTATION",FIXED,11:00,17:00,30.0,,25.0,,15.0,,10.0,,80.0,,,,,
Bengaluru-BPT-Peenya-TPS-Signal-Timing-data-NTTF_CIRCLE_JN_PEENYA_2ND_STAGE_JN.pdf,1,"NTTFCIRCLEJUNCTION, PEENYAPOLICESTATION",FIXED,17:00,20:00,60.0,,40.0,,20.0,,10.0,,130.0,,,,,
Bengaluru-BPT-Peenya-TPS-Signal-Timing-data-NTTF_CIRCLE_JN_PEENYA_2ND_STAGE_JN.pdf,1,"NTTFCIRCLEJUNCTION, PEENYAPOLICESTATION",FIXED,20:00,22:00,30.0,,20.0,,10.0,,10.0,,70.0,,,,,
Bengaluru-BPT-Peenya-TPS-Signal-Timing-data-SBM_JN_T_V_S_CROSS_JN.pdf,1,"SBMJUNCTION, PEENYAPOLICESTATION",FIXED,07:00,11:00,40.0,,40.0,,20.0,,20.0,,10.0,,130.0,,,
Bengaluru-BPT-Peenya-TPS-Signal-Timing-data-SBM_JN_T_V_S_CROSS_JN.pdf,1,"SBMJUNCTION, PEENYAPOLICESTATION",FIXED,11:00,16:00,30.0,,30.0,,20.0,,15.0,,10.0,,105.0,,,
Bengaluru-BPT-Peenya-TPS-Signal-Timing-data-SBM_JN_T_V_S_CROSS_JN.pdf,1,"SBMJUNCTION, PEENYAPOLICESTATION",FIXED,16:00,22:00,40.0,,40.0,,20.0,,20.0,,10.0,,130.0,,,
Bengaluru-BPT-Peenya-TPS-Signal-Timing-data-SBM_JN_T_V_S_CROSS_JN.pdf,1,"SBMJUNCTION, PEENYAPOLICESTATION",FIXED,07:00,08:30,30.0,,25.0,,30.0,,20.0,,10.0,,,,,
Bengaluru-BPT-Peenya-TPS-Signal-Timing-data-SBM_JN_T_V_S_CROSS_JN.pdf,1,"SBMJUNCTION, PEENYAPOLICESTATION",FIXED,08:30,11:00,50.0,,50.0,,60.0,,35.0,,10.0,,205.0,,,
Bengaluru-BPT-Peenya-TPS-Signal-Timing-data-SBM_JN_T_V_S_CROSS_JN.pdf,1,"SBMJUNCTION, PEENYAPOLICESTATION",FIXED,11:00,16:00,45.0,,40.0,,35.0,,30.0,,10.0,,160.0,,,
Bengaluru-BPT-Peenya-TPS-Signal-Timing-data-SBM_JN_T_V_S_CROSS_JN.pdf,1,"SBMJUNCTION, PEENYAPOLICESTATION",FIXED,16:00,20:00,60.0,,60.0,,50.0,,35.0,,10.0,,215.0,,,
Bengaluru-BPT-Peenya-TPS-Signal-Timing-data-SBM_JN_T_V_S_CROSS_JN.pdf,1,"SBMJUNCTION, PEENYAPOLICESTATION",FIXED,20:00,22:00,35.0,,25.0,,35.0,,18.0,,10.0,,123.0,,,
Bengaluru-BPT-Peenya-TPS-Signal-Timing-data-SBM_JN_T_V_S_CROSS_JN.pdf,1,"SBMJUNCTION, PEENYAPOLICESTATION",FIXED,22:00,23:00,25.0,,20.0,,22.0,,12.0,,6.0,,85.0,,,
Bengaluru-BPT-R-T-Nagar-TPS-Signal-Timing-data-DEVASANDRA_JN_GULABI_JN.pdf,1,"DEVASANDRAJUNCTION, R.T.NAGARPOLICESTATION",FIXED,07:00,08:00,20.0,,35.0,,15.0,,7.0,,,,,,,
Bengaluru-BPT-R-T-Nagar-TPS-Signal-Timing-data-DEVASANDRA_JN_GULABI_JN.pdf,1,"DEVASANDRAJUNCTION, R.T.NAGARPOLICESTATION",FIXED,08:00,11:00,25.0,,45.0,,20.0,,8.0,,98.0,,,,,
Bengaluru-BPT-R-T-Nagar-TPS-Signal-Timing-data-DEVASANDRA_JN_GULABI_JN.pdf,1,"DEVASANDRAJUNCTION, R.T.NAGARPOLICESTATION",FIXED,11:00,16:00,20.0,,35.0,,15.0,,6.0,,80.0,,,,,
Bengaluru-BPT-R-T-Nagar-TPS-Signal-Timing-data-DEVASANDRA_JN_GULABI_JN.pdf,1,"DEVASANDRAJUNCTION, R.T.NAGARPOLICESTATION",FIXED,16:00,21:00,25.0,,45.0,,20.0,,7.0,,97.0,,,,,
Bengaluru-BPT-R-T-Nagar-TPS-Signal-Timing-data-DEVASANDRA_JN_GULABI_JN.pdf,1,"DEVASANDRAJUNCTION, R.T.NAGARPOLICESTATION",FIXED,21:00,22:30,20.0,,35.0,,15.0,,6.0,,76.0,,,,,
Bengaluru-BPT-R-T-Nagar-TPS-Signal-Timing-data-DEVASANDRA_JN_GULABI_JN.pdf,1,"DEVASANDRAJUNCTION, R.T.NAGARPOLICESTATION",FIXED,07:00,08:00,35.0,,25.0,,15.0,,6.0,,,,,,,
Bengaluru-BPT-R-T-Nagar-TPS-Signal-Timing-data-DEVASANDRA_JN_GULABI_JN.pdf,1,"DEVASANDRAJUNCTION, R.T.NAGARPOLICESTATION",FIXED,08:00,11:00,55.0,,35.0,,15.0,,15.0,,6.0,,126.0,,,
Bengaluru-BPT-R-T-Nagar-TPS-Signal-Timing-data-DEVASANDRA_JN_GULABI_JN.pdf,1,"DEVASANDRAJUNCTION, R.T.NAGARPOLICESTATION",FIXED,11:00,16:00,30.0,,25.0,,15.0,,15.0,,6.0,,96.0,,,
Bengaluru-BPT-R-T-Nagar-TPS-Signal-Timing-data-DEVASANDRA_JN_GULABI_JN.pdf,1,"DEVASANDRAJUNCTION, R.T.NAGARPOLICESTATION",FIXED,16:00,21:00,40.0,,60.0,,20.0,,20.0,,6.0,,146.0,,,
Bengaluru-BPT-R-T-Nagar-TPS-Signal-Timing-data-DEVASANDRA_JN_GULABI_JN.pdf,1,"DEVASANDRAJUNCTION, R.T.NAGARPOLICESTATION",FIXED,21:00,23:00,30.0,,30.0,,10.0,,10.0,,6.0,,86.0,,,
Bengaluru-BPT-R-T-Nagar-TPS-Signal-Timing-data-ISRO_JUNCTION_JN_M_S_RAMAIAH_HOSPITAL_JN.pdf,1,"M.S.RAMAIAHHOSPITALJUNCTION, R.T.NAGARPOLICESTATION",VAC,07:00,08:00,20.0,,20.0,,50.0,,10.0,,15.0,,115.0,,,
Bengaluru-BPT-R-T-Nagar-TPS-Signal-Timing-data-ISRO_JUNCTION_JN_M_S_RAMAIAH_HOSPITAL_JN.pdf,1,"M.S.RAMAIAHHOSPITALJUNCTION, R.T.NAGARPOLICESTATION",VAC,08:00,11:30,30.0,,35.0,,70.0,,25.0,,25.0,,185.0,,,
Bengaluru-BPT-R-T-Nagar-TPS-Signal-Timing-data-ISRO_JUNCTION_JN_M_S_RAMAIAH_HOSPITAL_JN.pdf,1,"M.S.RAMAIAHHOSPITALJUNCTION, R.T.NAGARPOLICESTATION",VAC,07:00,08:00,35.0,,30.0,,70.0,,25.0,,25.0,,185.0,,,
Bengaluru-BPT-R-T-Nagar-TPS-Signal-Timing-data-ISRO_JUNCTION_JN_M_S_RAMAIAH_HOSPITAL_JN.pdf,1,"M.S.RAMAIAHHOSPITALJUNCTION, R.T.NAGARPOLICESTATION",VAC,07:00,08:00,25.0,,25.0,,50.0,,15.0,,15.0,,130.0,,,
Bengaluru-BPT-R-T-Nagar-TPS-Signal-Timing-data-ISRO_JUNCTION_JN_M_S_RAMAIAH_HOSPITAL_JN.pdf,1,"M.S.RAMAIAHHOSPITALJUNCTION, R.T.NAGARPOLICESTATION",VAC,07:00,09:00,,,,,,,15.0,,15.0,,,,,
Bengaluru-BPT-R-T-Nagar-TPS-Signal-Timing-data-ISRO_JUNCTION_JN_M_S_RAMAIAH_HOSPITAL_JN.pdf,1,"M.S.RAMAIAHHOSPITALJUNCTION, R.T.NAGARPOLICESTATION",VAC,09:00,12:00,,,,,,,,,,,,,,
Bengaluru-BPT-R-T-Nagar-TPS-Signal-Timing-data-ISRO_JUNCTION_JN_M_S_RAMAIAH_HOSPITAL_JN.pdf,1,"M.S.RAMAIAHHOSPITALJUNCTION, R.T.NAGARPOLICESTATION",VAC,16:00,20:00,,,,,,,,,,,,,,
Bengaluru-BPT-R-T-Nagar-TPS-Signal-Timing-data-ISRO_JUNCTION_JN_M_S_RAMAIAH_HOSPITAL_JN.pdf,1,"M.S.RAMAIAHHOSPITALJUNCTION, R.T.NAGARPOLICESTATION",VAC,20:00,23:00,,,,,40.0,,,,15.0,,,,,
Bengaluru-BPT-R-T-Nagar-TPS-Signal-Timing-data-R_T_NAGAR_POLICE_STATION_JN_TARALABALU_JN.pdf,1,"R.T.NAGARPOLICESTATIONJUNCTION, R.T.NAGARPOLICESTATION",FIXED,07:00,08:00,25.0,,25.0,,40.0,,20.0,,8.0,,118.0,,,
Bengaluru-BPT-R-T-Nagar-TPS-Signal-Timing-data-R_T_NAGAR_POLICE_STATION_JN_TARALABALU_JN.pdf,1,"R.T.NAGARPOLICESTATIONJUNCTION, R.T.NAGARPOLICESTATION",FIXED,08:00,11:00,35.0,,30.0,,50.0,,30.0,,8.0,,153.0,,,
Bengaluru-BPT-R-T-Nagar-TPS-Signal-Timing-data-R_T_NAGAR_POLICE_STATION_JN_TARALABALU_JN.pdf,1,"R.T.NAGARPOLICESTATIONJUNCTION, R.T.NAGARPOLICESTATION",FIXED,11:00,17:00,25.0,,25.0,,40.0,,25.0,,8.0,,123.0,,,
Bengaluru-BPT-R-T-Nagar-TPS-Signal-Timing-data-R_T_NAGAR_POLICE_STATION_JN_TARALABALU_JN.pdf,1,"R.T.NAGARPOLICESTATIONJUNCTION, R.T.NAGARPOLICESTATION",FIXED,17:00,22:00,35.0,,30.0,,50.0,,30.0,,8.0,,153.0,,,
Bengaluru-BPT-R-T-Nagar-TPS-Signal-Timing-data-R_T_NAGAR_POLICE_STATION_JN_TARALABALU_JN.pdf,1,"R.T.NAGARPOLICESTATIONJUNCTION, R.T.NAGARPOLICESTATION",FIXED,07:00,08:00,8.0,,,,,,,,,,,,,
Bengaluru-BPT-R-T-Nagar-TPS-Signal-Timing-data-R_T_NAGAR_POLICE_STATION_JN_TARALABALU_JN.pdf,1,"R.T.NAGARPOLICESTATIONJUNCTION, R.T.NAGARPOLICESTATION",FIXED,08:00,11:00,20.0,,20.0,,40.0,,8.0,,88.0,,,,,
Bengaluru-BPT-R-T-Nagar-TPS-Signal-Timing-data-R_T_NAGAR_POLICE_STATION_JN_TARALABALU_JN.pdf,1,"R.T.NAGARPOLICESTATIONJUNCTION, R.T.NAGARPOLICESTATION",FIXED,11:00,16:00,15.0,,15.0,,30.0,,7.0,,67.0,,,,,
Bengaluru-BPT-R-T-Nagar-TPS-Signal-Timing-data-R_T_NAGAR_POLICE_STATION_JN_TARALABALU_JN.pdf,1,"R.T.NAGARPOLICESTATIONJUNCTION, R.T.NAGARPOLICESTATION",FIXED,16:00,20:30,20.0,,20.0,,40.0,,8.0,,88.0,,,,,
Bengaluru-BPT-R-T-Nagar-TPS-Signal-Timing-data-R_T_NAGAR_POLICE_STATION_JN_TARALABALU_JN.pdf,1,"R.T.NAGARPOLICESTATIONJUNCTION, R.T.NAGARPOLICESTATION",FIXED,20:30,22:00,15.0,,15.0,,30.0,,6.0,,66.0,,,,,
Bengaluru-BPT-Rajajinagar-R-T-Nagar-TPS-Signal-Timing-data-RAJARAJESHWARI_KALYANA_MANTAPA_JN_CIL_CROSS_JN.pdf,1,"RAJARAJESHWARIKALYANAMANTAPAJUNCTION,DR.RAJKUMARROAD,RAJAJINAGARPOLICESTATION",FIXED,07:00,09:00,20.0,,25.0,,10.0,,10.0,,8.0,,,,,
Bengaluru-BPT-Rajajinagar-R-T-Nagar-TPS-Signal-Timing-data-RAJARAJESHWARI_KALYANA_MANTAPA_JN_CIL_CROSS_JN.pdf,1,"RAJARAJESHWARIKALYANAMANTAPAJUNCTION,DR.RAJKUMARROAD,RAJAJINAGARPOLICESTATION",FIXED,09:00,20:00,30.0,,40.0,,15.0,,15.0,,8.0,,108.0,,,
Bengaluru-BPT-Rajajinagar-R-T-Nagar-TPS-Signal-Timing-data-RAJARAJESHWARI_KALYANA_MANTAPA_JN_CIL_CROSS_JN.pdf,1,"RAJARAJESHWARIKALYANAMANTAPAJUNCTION,DR.RAJKUMARROAD,RAJAJINAGARPOLICESTATION",FIXED,20:00,22:00,20.0,,25.0,,10.0,,10.0,,6.0,,71.0,,,
Bengaluru-BPT-Rajajinagar-R-T-Nagar-TPS-Signal-Timing-data-RAJARAJESHWARI_KALYANA_MANTAPA_JN_CIL_CROSS_JN.pdf,1,"RAJARAJESHWARIKALYANAMANTAPAJUNCTION,DR.RAJKUMARROAD,RAJAJINAGARPOLICESTATION",FIXED,07:00,08:00,75.0,,75.0,,30.0,,10.0,,,,,,,
Bengaluru-BPT-Rajajinagar-R-T-Nagar-TPS-Signal-Timing-data-RAJARAJESHWARI_KALYANA_MANTAPA_JN_CIL_CROSS_JN.pdf,1,"RAJARAJESHWARIKALYANAMANTAPAJUNCTION,DR.RAJKUMARROAD,RAJAJINAGARPOLICESTATION",FIXED,08:00,11:00,60.0,,90.0,,30.0,,10.0,,190.0,,,,,
Bengaluru-BPT-Rajajinagar-R-T-Nagar-TPS-Signal-Timing-data-RAJARAJESHWARI_KALYANA_MANTAPA_JN_CIL_CROSS_JN.pdf,1,"RAJARAJESHWARIKALYANAMANTAPAJUNCTION,DR.RAJKUMARROAD,RAJAJINAGARPOLICESTATION",FIXED,11:00,16:00,75.0,,75.0,,30.0,,10.0,,190.0,,,,,
Bengaluru-BPT-Rajajinagar-R-T-Nagar-TPS-Signal-Timing-data-RAJARAJESHWARI_KALYANA_MANTAPA_JN_CIL_CROSS_JN.pdf,1,"RAJARAJESHWARIKALYANAMANTAPAJUNCTION,DR.RAJKUMARROAD,RAJAJINAGARPOLICESTATION",FIXED,16:00,21:00,100.0,,80.0,,30.0,,10.0,,220.0,,,,,
Bengaluru-BPT-Rajajinagar-R-T-Nagar-TPS-Signal-Timing-data-RAJARAJESHWARI_KALYANA_MANTAPA_JN_CIL_CROSS_JN.pdf,1,"RAJARAJESHWARIKALYANAMANTAPAJUNCTION,DR.RAJKUMARROAD,RAJAJINAGARPOLICESTATION",FIXED,21:00,23:00,60.0,,60.0,,30.0,,7.0,,157.0,,,,,
Bengaluru-BPT-Rajajinagar-TPS-Signal-Timing-data-BHASHYAM_CIRCLE_RAJAJINAGAR_JN_ESIHOSPITAL_RAJAJINAGAR_JN.pdf,1,"BHASHYAMCIRCLE-RAJAJINAGARJUNCTION, RAJAJINAGARPOLICESTATION",FIXED,07:00,09:00,35.0,,,,,,,,,,,,,
Bengaluru-BPT-Rajajinagar-TPS-Signal-Timing-data-BHASHYAM_CIRCLE_RAJAJINAGAR_JN_ESIHOSPITAL_RAJAJINAGAR_JN.pdf,1,"BHASHYAMCIRCLE-RAJAJINAGARJUNCTION, RAJAJINAGARPOLICESTATION",FIXED,09:00,12:00,45.0,,40.0,,30.0,,8.0,,123.0,,,,,
Bengaluru-BPT-Rajajinagar-TPS-Signal-Timing-data-BHASHYAM_CIRCLE_RAJAJINAGAR_JN_ESIHOSPITAL_RAJAJINAGAR_JN.pdf,1,"BHASHYAMCIRCLE-RAJAJINAGARJUNCTION, RAJAJINAGARPOLICESTATION",FIXED,12:00,17:00,35.0,,35.0,,25.0,,8.0,,103.0,,,,,
Bengaluru-BPT-Rajajinagar-TPS-Signal-Timing-data-BHASHYAM_CIRCLE_RAJAJINAGAR_JN_ESIHOSPITAL_RAJAJINAGAR_JN.pdf,1,"BHASHYAMCIRCLE-RAJAJINAGARJUNCTION, RAJAJINAGARPOLICESTATION",FIXED,17:00,21:00,50.0,,50.0,,30.0,,8.0,,138.0,,,,,
Bengaluru-BPT-Rajajinagar-TPS-Signal-Timing-data-BHASHYAM_CIRCLE_RAJAJINAGAR_JN_ESIHOSPITAL_RAJAJINAGAR_JN.pdf,1,"BHASHYAMCIRCLE-RAJAJINAGARJUNCTION, RAJAJINAGARPOLICESTATION",FIXED,21:00,23:00,35.0,,35.0,,25.0,,6.0,,101.0,,,,,
Bengaluru-BPT-Rajajinagar-TPS-Signal-Timing-data-BHASHYAM_CIRCLE_RAJAJINAGAR_JN_ESIHOSPITAL_RAJAJINAGAR_JN.pdf,1,"BHASHYAMCIRCLE-RAJAJINAGARJUNCTION, RAJAJINAGARPOLICESTATION",FIXED,08:00,11:00,40.0,,40.0,,30.0,,30.0,,8.0,,148.0,,,
Bengaluru-BPT-Rajajinagar-TPS-Signal-Timing-data-BHASHYAM_CIRCLE_RAJAJINAGAR_JN_ESIHOSPITAL_RAJAJINAGAR_JN.pdf,1,"BHASHYAMCIRCLE-RAJAJINAGARJUNCTION, RAJAJINAGARPOLICESTATION",FIXED,11:00,16:00,30.0,,30.0,,20.0,,20.0,,8.0,,108.0,,,
Bengaluru-BPT-Rajajinagar-TPS-Signal-Timing-data-BHASHYAM_CIRCLE_RAJAJINAGAR_JN_ESIHOSPITAL_RAJAJINAGAR_JN.pdf,1,"BHASHYAMCIRCLE-RAJAJINAGARJUNCTION, RAJAJINAGARPOLICESTATION",FIXED,16:00,20:00,40.0,,40.0,,30.0,,30.0,,8.0,,148.0,,,
Bengaluru-BPT-Rajajinagar-TPS-Signal-Timing-data-BHASHYAM_CIRCLE_RAJAJINAGAR_JN_ESIHOSPITAL_RAJAJINAGAR_JN.pdf,1,"BHASHYAMCIRCLE-RAJAJINAGARJUNCTION, RAJAJINAGARPOLICESTATION",FIXED,20:00,22:00,30.0,,30.0,,20.0,,20.0,,6.0,,104.0,,,
Bengaluru-BPT-Rajajinagar-TPS-Signal-Timing-data-FTI_JN_MAHALAXMI_ENTRANCE_JN.pdf,1,"FTIJUNCTION(KANTEERAVASTUDIO), RAJAJINAGARPOLICESTATION",VAC,07:00,11:00,45.0,,60.0,,50.0,,45.0,,10.0,,,,,
Bengaluru-BPT-Rajajinagar-TPS-Signal-Timing-data-FTI_JN_MAHALAXMI_ENTRANCE_JN.pdf,1,"FTIJUNCTION(KANTEERAVASTUDIO), RAJAJINAGARPOLICESTATION",VAC,11:00,16:30,35.0,,50.0,,40.0,,40.0,,15.0,,180.0,,,
Bengaluru-BPT-Rajajinagar-TPS-Signal-Timing-data-FTI_JN_MAHALAXMI_ENTRANCE_JN.pdf,1,"FTIJUNCTION(KANTEERAVASTUDIO), RAJAJINAGARPOLICESTATION",VAC,16:30,20:30,45.0,,60.0,,50.0,,45.0,,15.0,,215.0,,,
Bengaluru-BPT-Rajajinagar-TPS-Signal-Timing-data-FTI_JN_MAHALAXMI_ENTRANCE_JN.pdf,1,"FTIJUNCTION(KANTEERAVASTUDIO), RAJAJINAGARPOLICESTATION",VAC,20:30,23:00,35.0,,50.0,,40.0,,40.0,,10.0,,175.0,,,
Bengaluru-BPT-Rajajinagar-TPS-Signal-Timing-data-FTI_JN_MAHALAXMI_ENTRANCE_JN.pdf,1,"FTIJUNCTION(KANTEERAVASTUDIO), RAJAJINAGARPOLICESTATION",VAC,07:00,11:00,35.0,,40.0,,50.0,,10.0,,,,,,,
Bengaluru-BPT-Rajajinagar-TPS-Signal-Timing-data-FTI_JN_MAHALAXMI_ENTRANCE_JN.pdf,1,"FTIJUNCTION(KANTEERAVASTUDIO), RAJAJINAGARPOLICESTATION",VAC,11:00,16:00,25.0,,50.0,,60.0,,10.0,,145.0,,,,,
Bengaluru-BPT-Rajajinagar-TPS-Signal-Timing-data-FTI_JN_MAHALAXMI_ENTRANCE_JN.pdf,1,"FTIJUNCTION(KANTEERAVASTUDIO), RAJAJINAGARPOLICESTATION",VAC,16:00,23:00,35.0,,40.0,,50.0,,10.0,,135.0,,,,,
Bengaluru-BPT-Rajajinagar-TPS-Signal-Timing-data-NAVARANG_BAR_JN_RAJAJI_NAGAR_JN.pdf,1,"NAVARANGBARJUNCTION,Dr.RAJKUMARRD.&BRIDGESTONE)RAJAJINAGARPOLICESTATION",FIXED,08:00,11:00,25.0,,45.0,,15.0,,15.0,,10.0,,110.0,,,
Bengaluru-BPT-Rajajinagar-TPS-Signal-Timing-data-NAVARANG_BAR_JN_RAJAJI_NAGAR_JN.pdf,1,"NAVARANGBARJUNCTION,Dr.RAJKUMARRD.&BRIDGESTONE)RAJAJINAGARPOLICESTATION",FIXED,11:00,17:00,20.0,,30.0,,10.0,,10.0,,7.0,,77.0,,,
Bengaluru-BPT-Rajajinagar-TPS-Signal-Timing-data-NAVARANG_BAR_JN_RAJAJI_NAGAR_JN.pdf,1,"NAVARANGBARJUNCTION,Dr.RAJKUMARRD.&BRIDGESTONE)RAJAJINAGARPOLICESTATION",FIXED,17:00,22:00,25.0,,45.0,,15.0,,15.0,,10.0,,110.0,,,
Bengaluru-BPT-Rajajinagar-TPS-Signal-Timing-data-NAVARANG_BAR_JN_RAJAJI_NAGAR_JN.pdf,1,"NAVARANGBARJUNCTION,Dr.RAJKUMARRD.&BRIDGESTONE)RAJAJINAGARPOLICESTATION",FIXED,22:00,23:00,20.0,,30.0,,10.0,,10.0,,5.0,,75.0,,,
Bengaluru-BPT-Rajajinagar-TPS-Signal-Timing-data-NAVARANG_BAR_JN_RAJAJI_NAGAR_JN.pdf,1,"NAVARANGBARJUNCTION,Dr.RAJKUMARRD.&BRIDGESTONE)RAJAJINAGARPOLICESTATION",FIXED,07:00,09:00,20.0,,25.0,,20.0,,65.0,,,,,,,
Bengaluru-BPT-Rajajinagar-TPS-Signal-Timing-data-NAVARANG_BAR_JN_RAJAJI_NAGAR_JN.pdf,1,"NAVARANGBARJUNCTION,Dr.RAJKUMARRD.&BRIDGESTONE)RAJAJINAGARPOLICESTATION",FIXED,09:00,12:00,25.0,,30.0,,30.0,,85.0,,,,,,,
Bengaluru-BPT-Rajajinagar-TPS-Signal-Timing-data-NAVARANG_BAR_JN_RAJAJI_NAGAR_JN.pdf,1,"NAVARANGBARJUNCTION,Dr.RAJKUMARRD.&BRIDGESTONE)RAJAJINAGARPOLICESTATION",FIXED,16:00,21:00,25.0,,35.0,,25.0,,85.0,,,,,,,
Bengaluru-BPT-Rajajinagar-TPS-Signal-Timing-data-NAVARANG_BAR_JN_RAJAJI_NAGAR_JN.pdf,1,"NAVARANGBARJUNCTION,Dr.RAJKUMARRD.&BRIDGESTONE)RAJAJINAGARPOLICESTATION",FIXED,21:00,22:00,20.0,,20.0,,20.0,,60.0,,,,,,,
Bengaluru-BPT-Sadashivnagar-Shivajinagar-TPS-Signal-Timing-data-VINAYAKA_JN_COLES_PARK_JN.pdf,1,"VINAYAKAJUNCTION, SADASHIVANAGARPOLICESTATION",FIXED,07:00,09:00,20.0,,20.0,,25.0,,8.0,,,,,,,
Bengaluru-BPT-Sadashivnagar-Shivajinagar-TPS-Signal-Timing-data-VINAYAKA_JN_COLES_PARK_JN.pdf,1,"VINAYAKAJUNCTION, SADASHIVANAGARPOLICESTATION",FIXED,09:00,11:00,20.0,,20.0,,30.0,,40.0,,8.0,,118.0,,,
Bengaluru-BPT-Sadashivnagar-Shivajinagar-TPS-Signal-Timing-data-VINAYAKA_JN_COLES_PARK_JN.pdf,1,"VINAYAKAJUNCTION, SADASHIVANAGARPOLICESTATION",FIXED,11:00,16:00,25.0,,25.0,,30.0,,40.0,,7.0,,127.0,,,
Bengaluru-BPT-Sadashivnagar-Shivajinagar-TPS-Signal-Timing-data-VINAYAKA_JN_COLES_PARK_JN.pdf,1,"VINAYAKAJUNCTION, SADASHIVANAGARPOLICESTATION",FIXED,16:00,20:00,40.0,,30.0,,20.0,,40.0,,8.0,,138.0,,,
Bengaluru-BPT-Sadashivnagar-Shivajinagar-TPS-Signal-Timing-data-VINAYAKA_JN_COLES_PARK_JN.pdf,1,"VINAYAKAJUNCTION, SADASHIVANAGARPOLICESTATION",FIXED,20:00,22:00,15.0,,20.0,,20.0,,30.0,,6.0,,91.0,,,
Bengaluru-BPT-Sadashivnagar-Shivajinagar-TPS-Signal-Timing-data-VINAYAKA_JN_COLES_PARK_JN.pdf,1,"VINAYAKAJUNCTION, SADASHIVANAGARPOLICESTATION",FIXED,07:00,08:00,20.0,,15.0,,20.0,,8.0,,63.0,,,,,
Bengaluru-BPT-Sadashivnagar-Shivajinagar-TPS-Signal-Timing-data-VINAYAKA_JN_COLES_PARK_JN.pdf,1,"VINAYAKAJUNCTION, SADASHIVANAGARPOLICESTATION",FIXED,08:00,12:00,50.0,,25.0,,40.0,,8.0,,123.0,,,,,
Bengaluru-BPT-Sadashivnagar-Shivajinagar-TPS-Signal-Timing-data-VINAYAKA_JN_COLES_PARK_JN.pdf,1,"VINAYAKAJUNCTION, SADASHIVANAGARPOLICESTATION",FIXED,12:00,16:00,25.0,,15.0,,40.0,,7.0,,87.0,,,,,
Bengaluru-BPT-Sadashivnagar-Shivajinagar-TPS-Signal-Timing-data-VINAYAKA_JN_COLES_PARK_JN.pdf,1,"VINAYAKAJUNCTION, SADASHIVANAGARPOLICESTATION",FIXED,16:00,21:00,50.0,,25.0,,40.0,,8.0,,123.0,,,,,
Bengaluru-BPT-Sadashivnagar-Shivajinagar-TPS-Signal-Timing-data-VINAYAKA_JN_COLES_PARK_JN.pdf,1,"VINAYAKAJUNCTION, SADASHIVANAGARPOLICESTATION",FIXED,21:00,23:00,20.0,,15.0,,20.0,,6.0,,61.0,,,,,
Bengaluru-BPT-Sadashivnagar-TPS-Signal-Timing-data-BHASHYAM_CIRCLE_JN_MEKHRI_CIRCLE_JN.pdf,1,"BHASHYAMCIRCLEJUNCTION, SADASHIVANAGARPOLICESTATION",VAC,07:00,08:30,30.0,,25.0,,20.0,,20.0,,10.0,,,,,
Bengaluru-BPT-Sadashivnagar-TPS-Signal-Timing-data-BHASHYAM_CIRCLE_JN_MEKHRI_CIRCLE_JN.pdf,1,"BHASHYAMCIRCLEJUNCTION, SADASHIVANAGARPOLICESTATION",VAC,08:30,11:30,90.0,,40.0,,50.0,,40.0,,10.0,,230.0,,,
Bengaluru-BPT-Sadashivnagar-TPS-Signal-Timing-data-BHASHYAM_CIRCLE_JN_MEKHRI_CIRCLE_JN.pdf,1,"BHASHYAMCIRCLEJUNCTION, SADASHIVANAGARPOLICESTATION",VAC,11:30,17:30,50.0,,40.0,,35.0,,30.0,,8.0,,163.0,,,
Bengaluru-BPT-Sadashivnagar-TPS-Signal-Timing-data-BHASHYAM_CIRCLE_JN_MEKHRI_CIRCLE_JN.pdf,1,"BHASHYAMCIRCLEJUNCTION, SADASHIVANAGARPOLICESTATION",VAC,17:30,20:30,60.0,,90.0,,40.0,,30.0,,10.0,,230.0,,,
Bengaluru-BPT-Sadashivnagar-TPS-Signal-Timing-data-BHASHYAM_CIRCLE_JN_MEKHRI_CIRCLE_JN.pdf,1,"BHASHYAMCIRCLEJUNCTION, SADASHIVANAGARPOLICESTATION",VAC,20:30,23:00,30.0,,30.0,,20.0,,20.0,,7.0,,107.0,,,
Bengaluru-BPT-Sadashivnagar-TPS-Signal-Timing-data-BHASHYAM_CIRCLE_JN_MEKHRI_CIRCLE_JN.pdf,1,"BHASHYAMCIRCLEJUNCTION, SADASHIVANAGARPOLICESTATION",VAC,07:00,09:00,60.0,,50.0,,50.0,,10.0,,,,,,,
Bengaluru-BPT-Sadashivnagar-TPS-Signal-Timing-data-BHASHYAM_CIRCLE_JN_MEKHRI_CIRCLE_JN.pdf,1,"BHASHYAMCIRCLEJUNCTION, SADASHIVANAGARPOLICESTATION",VAC,09:00,18:00,55.0,,45.0,,60.0,,10.0,,170.0,,,,,
Bengaluru-BPT-Sadashivnagar-TPS-Signal-Timing-data-BHASHYAM_CIRCLE_JN_MEKHRI_CIRCLE_JN.pdf,1,"BHASHYAMCIRCLEJUNCTION, SADASHIVANAGARPOLICESTATION",VAC,18:00,21:00,60.0,,40.0,,40.0,,10.0,,150.0,,,,,
Bengaluru-BPT-Sadashivnagar-TPS-Signal-Timing-data-BHASHYAM_CIRCLE_JN_MEKHRI_CIRCLE_JN.pdf,1,"BHASHYAMCIRCLEJUNCTION, SADASHIVANAGARPOLICESTATION",VAC,21:00,23:00,30.0,,30.0,,30.0,,7.0,,97.0,,,,,
Bengaluru-BPT-Sadashivnagar-TPS-Signal-Timing-data-SADASHIVANAGAR_JN_TATA_INSTITUTE_CIRCLE_JN.pdf,1,"SADASHIVANAGARJUNCTION, SADASHIVANAGARPOLICESTATION",VAC,07:00,09:00,45.0,,50.0,,45.0,,10.0,,150.0,,,,,
Bengaluru-BPT-Sadashivnagar-TPS-Signal-Timing-data-SADASHIVANAGAR_JN_TATA_INSTITUTE_CIRCLE_JN.pdf,1,"SADASHIVANAGARJUNCTION, SADASHIVANAGARPOLICESTATION",VAC,09:00,11:00,60.0,,60.0,,60.0,,10.0,,190.0,,,,,
Bengaluru-BPT-Sadashivnagar-TPS-Signal-Timing-data-SADASHIVANAGAR_JN_TATA_INSTITUTE_CIRCLE_JN.pdf,1,"SADASHIVANAGARJUNCTION, SADASHIVANAGARPOLICESTATION",VAC,11:00,17:00,45.0,,50.0,,45.0,,7.0,,147.0,,,,,
Bengaluru-BPT-Sadashivnagar-TPS-Signal-Timing-data-SADASHIVANAGAR_JN_TATA_INSTITUTE_CIRCLE_JN.pdf,1,"SADASHIVANAGARJUNCTION, SADASHIVANAGARPOLICESTATION",VAC,17:00,21:00,50.0,,60.0,,50.0,,10.0,,170.0,,,,,
Bengaluru-BPT-Sadashivnagar-TPS-Signal-Timing-data-SADASHIVANAGAR_JN_TATA_INSTITUTE_CIRCLE_JN.pdf,1,"SADASHIVANAGARJUNCTION, SADASHIVANAGARPOLICESTATION",VAC,21:00,23:00,45.0,,50.0,,45.0,,6.0,,146.0,,,,,
Bengaluru-BPT-Sadashivnagar-TPS-Signal-Timing-data-SADASHIVANAGAR_JN_TATA_INSTITUTE_CIRCLE_JN.pdf,1,"SADASHIVANAGARJUNCTION, SADASHIVANAGARPOLICESTATION",VAC,07:00,09:00,,,,,,,,,,,,,,
Bengaluru-BPT-Sadashivnagar-TPS-Signal-Timing-data-SADASHIVANAGAR_JN_TATA_INSTITUTE_CIRCLE_JN.pdf,1,"SADASHIVANAGARJUNCTION, SADASHIVANAGARPOLICESTATION",VAC,09:00,11:00,,,,,,,,,,,,,,
Bengaluru-BPT-Sadashivnagar-TPS-Signal-Timing-data-SADASHIVANAGAR_JN_TATA_INSTITUTE_CIRCLE_JN.pdf,1,"SADASHIVANAGARJUNCTION, SADASHIVANAGARPOLICESTATION",VAC,17:00,21:00,,,,,,,,,,,,,,
Bengaluru-BPT-Sadashivnagar-TPS-Signal-Timing-data-SADASHIVANAGAR_JN_TATA_INSTITUTE_CIRCLE_JN.pdf,1,"SADASHIVANAGARJUNCTION, SADASHIVANAGARPOLICESTATION",VAC,21:00,23:00,,,,,,,,,,,,,,
Bengaluru-BPT-Shivajinagar-TPS-Signal-Timing-data-HAINS_JN_HAJ_CAMP_JN.pdf,1,"HAINSJUNCTION, SHIVAJINAGARPOLICESTATION",VAC,07:00,08:00,15.0,,40.0,,20.0,,40.0,,8.0,,123.0,,,
Bengaluru-BPT-Shivajinagar-TPS-Signal-Timing-data-HAINS_JN_HAJ_CAMP_JN.pdf,1,"HAINSJUNCTION, SHIVAJINAGARPOLICESTATION",VAC,08:00,12:00,20.0,,60.0,,25.0,,70.0,,8.0,,183.0,,,
Bengaluru-BPT-Shivajinagar-TPS-Signal-Timing-data-HAINS_JN_HAJ_CAMP_JN.pdf,1,"HAINSJUNCTION, SHIVAJINAGARPOLICESTATION",VAC,12:00,16:00,15.0,,40.0,,20.0,,40.0,,7.0,,122.0,,,
Bengaluru-BPT-Shivajinagar-TPS-Signal-Timing-data-HAINS_JN_HAJ_CAMP_JN.pdf,1,"HAINSJUNCTION, SHIVAJINAGARPOLICESTATION",VAC,16:00,20:00,20.0,,60.0,,25.0,,70.0,,8.0,,183.0,,,
Bengaluru-BPT-Shivajinagar-TPS-Signal-Timing-data-HAINS_JN_HAJ_CAMP_JN.pdf,1,"HAINSJUNCTION, SHIVAJINAGARPOLICESTATION",VAC,20:00,23:00,15.0,,40.0,,20.0,,40.0,,6.0,,121.0,,,
Bengaluru-BPT-Shivajinagar-TPS-Signal-Timing-data-KAMRAJ_ROAD_JN_MANIPAL_CENTRE_JN.pdf,1,"KAMRAJROADJUNCTION, SHIVAJINAGARPOLICESTATION",SYNC,07:00,08:00,50.0,,35.0,,35.0,,15.0,,13.0,,160.0,,,
Bengaluru-BPT-Shivajinagar-TPS-Signal-Timing-data-KAMRAJ_ROAD_JN_MANIPAL_CENTRE_JN.pdf,1,"KAMRAJROADJUNCTION, SHIVAJINAGARPOLICESTATION",SYNC,08:00,12:00,60.0,,45.0,,45.0,,15.0,,13.0,,190.0,,,
Bengaluru-BPT-Shivajinagar-TPS-Signal-Timing-data-KAMRAJ_ROAD_JN_MANIPAL_CENTRE_JN.pdf,1,"KAMRAJROADJUNCTION, SHIVAJINAGARPOLICESTATION",SYNC,12:00,16:00,50.0,,35.0,,35.0,,15.0,,13.0,,160.0,,,
Bengaluru-BPT-Shivajinagar-TPS-Signal-Timing-data-KAMRAJ_ROAD_JN_MANIPAL_CENTRE_JN.pdf,1,"KAMRAJROADJUNCTION, SHIVAJINAGARPOLICESTATION",SYNC,16:00,20:30,60.0,,45.0,,45.0,,15.0,,13.0,,190.0,,,
Bengaluru-BPT-Shivajinagar-TPS-Signal-Timing-data-KAMRAJ_ROAD_JN_MANIPAL_CENTRE_JN.pdf,1,"KAMRAJROADJUNCTION, SHIVAJINAGARPOLICESTATION",SYNC,20:30,22:00,50.0,,35.0,,35.0,,15.0,,13.0,,160.0,,,
Bengaluru-BPT-Shivajinagar-TPS-Signal-Timing-data-KAMRAJ_ROAD_JN_MANIPAL_CENTRE_JN.pdf,1,"KAMRAJROADJUNCTION, SHIVAJINAGARPOLICESTATION",SYNC,22:00,23:00,35.0,,30.0,,24.0,,10.0,,9.0,,120.0,,,
Bengaluru-BPT-Shivajinagar-TPS-Signal-Timing-data-KAMRAJ_ROAD_JN_MANIPAL_CENTRE_JN.pdf,1,"KAMRAJROADJUNCTION, SHIVAJINAGARPOLICESTATION",SYNC,07:00,08:30,40.0,,40.0,,20.0,,8.0,,120.0,,,,,
Bengaluru-BPT-Shivajinagar-TPS-Signal-Timing-data-KAMRAJ_ROAD_JN_MANIPAL_CENTRE_JN.pdf,1,"KAMRAJROADJUNCTION, SHIVAJINAGARPOLICESTATION",SYNC,08:30,12:00,55.0,,55.0,,30.0,,8.0,,160.0,,,,,
Bengaluru-BPT-Shivajinagar-TPS-Signal-Timing-data-KAMRAJ_ROAD_JN_MANIPAL_CENTRE_JN.pdf,1,"KAMRAJROADJUNCTION, SHIVAJINAGARPOLICESTATION",SYNC,12:00,15:30,40.0,,40.0,,20.0,,8.0,,120.0,,,,,
Bengaluru-BPT-Shivajinagar-TPS-Signal-Timing-data-KAMRAJ_ROAD_JN_MANIPAL_CENTRE_JN.pdf,1,"KAMRAJROADJUNCTION, SHIVAJINAGARPOLICESTATION",SYNC,15:30,21:00,55.0,,55.0,,30.0,,8.0,,160.0,,,,,
Bengaluru-BPT-Shivajinagar-TPS-Signal-Timing-data-KAMRAJ_ROAD_JN_MANIPAL_CENTRE_JN.pdf,1,"KAMRAJROADJUNCTION, SHIVAJINAGARPOLICESTATION",SYNC,21:00,23:00,40.0,,40.0,,20.0,,8.0,,120.0,,,,,
Bengaluru-BPT-Shivajinagar-TPS-Signal-Timing-data-NAGA_THEATRE_JN_VETERINARY_HOSPITAL_JN.pdf,1,"NAGATHEATREJUNCTION-ULSOOR, SHIVAJINAGARPOLICESTATION",VAC,07:00,08:00,35.0,,50.0,,8.0,,93.0,,,,,,,
Bengaluru-BPT-Shivajinagar-TPS-Signal-Timing-data-NAGA_THEATRE_JN_VETERINARY_HOSPITAL_JN.pdf,1,"NAGATHEATREJUNCTION-ULSOOR, SHIVAJINAGARPOLICESTATION",VAC,08:00,12:00,45.0,,70.0,,8.0,,123.0,,,,,,,
Bengaluru-BPT-Shivajinagar-TPS-Signal-Timing-data-NAGA_THEATRE_JN_VETERINARY_HOSPITAL_JN.pdf,1,"NAGATHEATREJUNCTION-ULSOOR, SHIVAJINAGARPOLICESTATION",VAC,12:00,16:00,35.0,,50.0,,7.0,,92.0,,,,,,,
Bengaluru-BPT-Shivajinagar-TPS-Signal-Timing-data-NAGA_THEATRE_JN_VETERINARY_HOSPITAL_JN.pdf,1,"NAGATHEATREJUNCTION-ULSOOR, SHIVAJINAGARPOLICESTATION",VAC,16:00,22:00,45.0,,70.0,,8.0,,123.0,,,,,,,
Bengaluru-BPT-Shivajinagar-TPS-Signal-Timing-data-NAGA_THEATRE_JN_VETERINARY_HOSPITAL_JN.pdf,1,"NAGATHEATREJUNCTION-ULSOOR, SHIVAJINAGARPOLICESTATION",VAC,22:00,23:00,35.0,,50.0,,5.0,,90.0,,,,,,,
Bengaluru-BPT-Shivajinagar-TPS-Signal-Timing-data-NAGA_THEATRE_JN_VETERINARY_HOSPITAL_JN.pdf,1,"NAGATHEATREJUNCTION-ULSOOR, SHIVAJINAGARPOLICESTATION",VAC,07:00,08:00,15.0,,20.0,,20.0,,20.0,,7.0,,82.0,,,
Bengaluru-BPT-Shivajinagar-TPS-Signal-Timing-data-NAGA_THEATRE_JN_VETERINARY_HOSPITAL_JN.pdf,1,"NAGATHEATREJUNCTION-ULSOOR, SHIVAJINAGARPOLICESTATION",VAC,08:00,12:00,30.0,,40.0,,40.0,,40.0,,7.0,,157.0,,,
Bengaluru-BPT-Shivajinagar-TPS-Signal-Timing-data-NAGA_THEATRE_JN_VETERINARY_HOSPITAL_JN.pdf,1,"NAGATHEATREJUNCTION-ULSOOR, SHIVAJINAGARPOLICESTATION",VAC,12:00,16:00,25.0,,30.0,,40.0,,35.0,,6.0,,136.0,,,
Bengaluru-BPT-Shivajinagar-TPS-Signal-Timing-data-NAGA_THEATRE_JN_VETERINARY_HOSPITAL_JN.pdf,1,"NAGATHEATREJUNCTION-ULSOOR, SHIVAJINAGARPOLICESTATION",VAC,16:00,21:00,30.0,,40.0,,40.0,,40.0,,7.0,,157.0,,,
Bengaluru-BPT-Shivajinagar-TPS-Signal-Timing-data-NAGA_THEATRE_JN_VETERINARY_HOSPITAL_JN.pdf,1,"NAGATHEATREJUNCTION-ULSOOR, SHIVAJINAGARPOLICESTATION",VAC,21:00,23:00,15.0,,20.0,,20.0,,20.0,,5.0,,80.0,,,
Bengaluru-BPT-Shivajinagar-TPS-Signal-Timing-data-SAFINA_PLAZA_JN_SHIVAJI_NAGAR_JN.pdf,1,"SAFINAPLAZAJUNCTION, SHIVAJINAGARPOLICESTATION",SYNC,07:00,09:00,10.0,,10.0,,8.0,,,,,,,,,
Bengaluru-BPT-Shivajinagar-TPS-Signal-Timing-data-SAFINA_PLAZA_JN_SHIVAJI_NAGAR_JN.pdf,1,"SAFINAPLAZAJUNCTION, SHIVAJINAGARPOLICESTATION",SYNC,09:00,14:00,15.0,,20.0,,8.0,,43.0,,,,,,,
Bengaluru-BPT-Shivajinagar-TPS-Signal-Timing-data-SAFINA_PLAZA_JN_SHIVAJI_NAGAR_JN.pdf,1,"SAFINAPLAZAJUNCTION, SHIVAJINAGARPOLICESTATION",SYNC,14:00,16:00,15.0,,15.0,,7.0,,37.0,,,,,,,
Bengaluru-BPT-Shivajinagar-TPS-Signal-Timing-data-SAFINA_PLAZA_JN_SHIVAJI_NAGAR_JN.pdf,1,"SAFINAPLAZAJUNCTION, SHIVAJINAGARPOLICESTATION",SYNC,16:00,20:00,15.0,,20.0,,8.0,,43.0,,,,,,,
Bengaluru-BPT-Shivajinagar-TPS-Signal-Timing-data-SAFINA_PLAZA_JN_SHIVAJI_NAGAR_JN.pdf,1,"SAFINAPLAZAJUNCTION, SHIVAJINAGARPOLICESTATION",SYNC,20:00,23:00,15.0,,15.0,,6.0,,36.0,,,,,,,
Bengaluru-BPT-Shivajinagar-TPS-Signal-Timing-data-SAFINA_PLAZA_JN_SHIVAJI_NAGAR_JN.pdf,1,"SAFINAPLAZAJUNCTION, SHIVAJINAGARPOLICESTATION",SYNC,07:00,09:00,10.0,,10.0,,7.0,,27.0,,,,,,,
Bengaluru-BPT-Shivajinagar-TPS-Signal-Timing-data-SAFINA_PLAZA_JN_SHIVAJI_NAGAR_JN.pdf,1,"SAFINAPLAZAJUNCTION, SHIVAJINAGARPOLICESTATION",SYNC,09:00,14:00,15.0,,20.0,,10.0,,45.0,,,,,,,
Bengaluru-BPT-Shivajinagar-TPS-Signal-Timing-data-SAFINA_PLAZA_JN_SHIVAJI_NAGAR_JN.pdf,1,"SAFINAPLAZAJUNCTION, SHIVAJINAGARPOLICESTATION",SYNC,16:00,20:00,20.0,,25.0,,10.0,,55.0,,,,,,,
Bengaluru-BPT-Shivajinagar-TPS-Signal-Timing-data-SAFINA_PLAZA_JN_SHIVAJI_NAGAR_JN.pdf,1,"SAFINAPLAZAJUNCTION, SHIVAJINAGARPOLICESTATION",SYNC,20:00,23:00,20.0,,25.0,,10.0,,55.0,,,,,,,
Bengaluru-BPT-Shivajinagar-TPS-Signal-Timing-data-SAFINA_PLAZA_JN_SHIVAJI_NAGAR_JN.pdf,1,"SAFINAPLAZAJUNCTION, SHIVAJINAGARPOLICESTATION",SYNC,07:00,08:00,35.0,,45.0,,60.0,,160.0,,,,,,,
Bengaluru-BPT-Shivajinagar-TPS-Signal-Timing-data-SAFINA_PLAZA_JN_SHIVAJI_NAGAR_JN.pdf,1,"SAFINAPLAZAJUNCTION, SHIVAJINAGARPOLICESTATION",SYNC,08:00,12:00,45.0,,55.0,,70.0,,190.0,,,,,,,
Bengaluru-BPT-Shivajinagar-TPS-Signal-Timing-data-SAFINA_PLAZA_JN_SHIVAJI_NAGAR_JN.pdf,1,"SAFINAPLAZAJUNCTION, SHIVAJINAGARPOLICESTATION",SYNC,22:00,23:00,25.0,,35.0,,45.0,,120.0,,,,,,,
Bengaluru-BPT-Shivajinagar-TPS-Signal-Timing-data-THOMAS_BAKERY_JN_TYAGI_HENAGALAVARAYAN_JN.pdf,1,"THOMASBAKERYJUNCTION, SHIVAJINAGARPOLICESTATION",VAC,07:00,08:00,20.0,,20.0,,30.0,,8.0,,78.0,,,,,
Bengaluru-BPT-Shivajinagar-TPS-Signal-Timing-data-THOMAS_BAKERY_JN_TYAGI_HENAGALAVARAYAN_JN.pdf,1,"THOMASBAKERYJUNCTION, SHIVAJINAGARPOLICESTATION",VAC,08:00,12:00,20.0,,20.0,,50.0,,8.0,,98.0,,,,,
Bengaluru-BPT-Shivajinagar-TPS-Signal-Timing-data-THOMAS_BAKERY_JN_TYAGI_HENAGALAVARAYAN_JN.pdf,1,"THOMASBAKERYJUNCTION, SHIVAJINAGARPOLICESTATION",VAC,12:00,16:00,20.0,,20.0,,40.0,,7.0,,87.0,,,,,
Bengaluru-BPT-Shivajinagar-TPS-Signal-Timing-data-THOMAS_BAKERY_JN_TYAGI_HENAGALAVARAYAN_JN.pdf,1,"THOMASBAKERYJUNCTION, SHIVAJINAGARPOLICESTATION",VAC,16:00,21:00,20.0,,20.0,,60.0,,10.0,,110.0,,,,,
Bengaluru-BPT-Shivajinagar-TPS-Signal-Timing-data-THOMAS_BAKERY_JN_TYAGI_HENAGALAVARAYAN_JN.pdf,1,"THOMASBAKERYJUNCTION, SHIVAJINAGARPOLICESTATION",VAC,21:00,23:00,20.0,,20.0,,30.0,,8.0,,78.0,,,,,
Bengaluru-BPT-Shivajinagar-TPS-Signal-Timing-data-THOMAS_BAKERY_JN_TYAGI_HENAGALAVARAYAN_JN.pdf,1,"THOMASBAKERYJUNCTION, SHIVAJINAGARPOLICESTATION",VAC,07:00,09:00,15.0,,10.0,,20.0,,15.0,,60.0,,,,,
Bengaluru-BPT-Shivajinagar-TPS-Signal-Timing-data-THOMAS_BAKERY_JN_TYAGI_HENAGALAVARAYAN_JN.pdf,1,"THOMASBAKERYJUNCTION, SHIVAJINAGARPOLICESTATION",VAC,09:00,10:00,30.0,,15.0,,40.0,,20.0,,105.0,,,,,
Bengaluru-BPT-Shivajinagar-TPS-Signal-Timing-data-THOMAS_BAKERY_JN_TYAGI_HENAGALAVARAYAN_JN.pdf,1,"THOMASBAKERYJUNCTION, SHIVAJINAGARPOLICESTATION",VAC,10:00,12:00,40.0,,30.0,,60.0,,20.0,,150.0,,,,,
Bengaluru-BPT-Shivajinagar-TPS-Signal-Timing-data-THOMAS_BAKERY_JN_TYAGI_HENAGALAVARAYAN_JN.pdf,1,"THOMASBAKERYJUNCTION, SHIVAJINAGARPOLICESTATION",VAC,12:00,16:00,30.0,,20.0,,75.0,,20.0,,145.0,,,,,
Bengaluru-BPT-Shivajinagar-TPS-Signal-Timing-data-THOMAS_BAKERY_JN_TYAGI_HENAGALAVARAYAN_JN.pdf,1,"THOMASBAKERYJUNCTION, SHIVAJINAGARPOLICESTATION",VAC,16:00,20:00,40.0,,30.0,,75.0,,20.0,,165.0,,,,,
Bengaluru-BPT-Shivajinagar-TPS-Signal-Timing-data-THOMAS_BAKERY_JN_TYAGI_HENAGALAVARAYAN_JN.pdf,1,"THOMASBAKERYJUNCTION, SHIVAJINAGARPOLICESTATION",VAC,20:00,21:30,30.0,,20.0,,40.0,,20.0,,110.0,,,,,
Bengaluru-BPT-Shivajinagar-TPS-Signal-Timing-data-THOMAS_BAKERY_JN_TYAGI_HENAGALAVARAYAN_JN.pdf,1,"THOMASBAKERYJUNCTION, SHIVAJINAGARPOLICESTATION",VAC,21:30,23:00,10.0,,10.0,,15.0,,15.0,,50.0,,,,,
Bengaluru-BPT-Ulsoor-Gate-TPS-Signal-Timing-data-BLOOD_BANK_CIRCLE_JN_DEVANGA_HOSTEL_JN.pdf,1,"BLOODBANKCIRCLEJUNCTION,ULSOORGATEPOLICESTATION",VAC,07:00,09:00,50.0,,50.0,,60.0,,170.0,,,,,,,
Bengaluru-BPT-Ulsoor-Gate-TPS-Signal-Timing-data-BLOOD_BANK_CIRCLE_JN_DEVANGA_HOSTEL_JN.pdf,1,"BLOODBANKCIRCLEJUNCTION,ULSOORGATEPOLICESTATION",VAC,09:00,12:00,50.0,,60.0,,60.0,,180.0,,,,,,,
Bengaluru-BPT-Ulsoor-Gate-TPS-Signal-Timing-data-BLOOD_BANK_CIRCLE_JN_DEVANGA_HOSTEL_JN.pdf,1,"BLOODBANKCIRCLEJUNCTION,ULSOORGATEPOLICESTATION",VAC,12:00,16:00,50.0,,50.0,,60.0,,170.0,,,,,,,
Bengaluru-BPT-Ulsoor-Gate-TPS-Signal-Timing-data-BLOOD_BANK_CIRCLE_JN_DEVANGA_HOSTEL_JN.pdf,1,"BLOODBANKCIRCLEJUNCTION,ULSOORGATEPOLICESTATION",VAC,16:00,21:00,60.0,,50.0,,70.0,,190.0,,,,,,,
Bengaluru-BPT-Ulsoor-Gate-TPS-Signal-Timing-data-BLOOD_BANK_CIRCLE_JN_DEVANGA_HOSTEL_JN.pdf,1,"BLOODBANKCIRCLEJUNCTION,ULSOORGATEPOLICESTATION",VAC,21:00,22:00,40.0,,40.0,,50.0,,140.0,,,,,,,
Bengaluru-BPT-Ulsoor-Gate-TPS-Signal-Timing-data-BLOOD_BANK_CIRCLE_JN_DEVANGA_HOSTEL_JN.pdf,1,"BLOODBANKCIRCLEJUNCTION,ULSOORGATEPOLICESTATION",VAC,22:00,23:00,35.0,,40.0,,40.0,,,,,,,,,
Bengaluru-BPT-Ulsoor-Gate-TPS-Signal-Timing-data-BLOOD_BANK_CIRCLE_JN_DEVANGA_HOSTEL_JN.pdf,1,"BLOODBANKCIRCLEJUNCTION,ULSOORGATEPOLICESTATION",VAC,07:00,09:00,40.0,,40.0,,80.0,,,,,,,,,
Bengaluru-BPT-Ulsoor-Gate-TPS-Signal-Timing-data-BLOOD_BANK_CIRCLE_JN_DEVANGA_HOSTEL_JN.pdf,1,"BLOODBANKCIRCLEJUNCTION,ULSOORGATEPOLICESTATION",VAC,09:00,12:00,40.0,,50.0,,90.0,,,,,,,,,
Bengaluru-BPT-Ulsoor-Gate-TPS-Signal-Timing-data-BLOOD_BANK_CIRCLE_JN_DEVANGA_HOSTEL_JN.pdf,1,"BLOODBANKCIRCLEJUNCTION,ULSOORGATEPOLICESTATION",VAC,12:00,16:00,50.0,,45.0,,95.0,,,,,,,,,
Bengaluru-BPT-Ulsoor-Gate-TPS-Signal-Timing-data-BLOOD_BANK_CIRCLE_JN_DEVANGA_HOSTEL_JN.pdf,1,"BLOODBANKCIRCLEJUNCTION,ULSOORGATEPOLICESTATION",VAC,16:00,21:00,50.0,,60.0,,110.0,,,,,,,,,
Bengaluru-BPT-Ulsoor-Gate-TPS-Signal-Timing-data-BLOOD_BANK_CIRCLE_JN_DEVANGA_HOSTEL_JN.pdf,1,"BLOODBANKCIRCLEJUNCTION,ULSOORGATEPOLICESTATION",VAC,21:00,22:00,50.0,,45.0,,95.0,,,,,,,,,
Bengaluru-BPT-Ulsoor-Gate-TPS-Signal-Timing-data-BLOOD_BANK_CIRCLE_JN_DEVANGA_HOSTEL_JN.pdf,1,"BLOODBANKCIRCLEJUNCTION,ULSOORGATEPOLICESTATION",VAC,22:00,23:00,40.0,,40.0,,80.0,,,,,,,,,
Bengaluru-BPT-Ulsoor-Gate-TPS-Signal-Timing-data-HUDSON_CIRCLE_JN_N_R_SQUARE_JN.pdf,1,"HUDSONCIRCLEJUNCTION,ULSOORGATEPOLICESTATION",SYNC,07:00,09:00,,,,,,,,,,,,,,
Bengaluru-BPT-Ulsoor-Gate-TPS-Signal-Timing-data-HUDSON_CIRCLE_JN_N_R_SQUARE_JN.pdf,1,"HUDSONCIRCLEJUNCTION,ULSOORGATEPOLICESTATION",SYNC,09:00,12:00,,,,,,,,,,,,,,
Bengaluru-BPT-Ulsoor-Gate-TPS-Signal-Timing-data-HUDSON_CIRCLE_JN_N_R_SQUARE_JN.pdf,1,"HUDSONCIRCLEJUNCTION,ULSOORGATEPOLICESTATION",SYNC,16:00,20:00,,,,,,,,,,,,,,
Bengaluru-BPT-Ulsoor-Gate-TPS-Signal-Timing-data-HUDSON_CIRCLE_JN_N_R_SQUARE_JN.pdf,1,"HUDSONCIRCLEJUNCTION,ULSOORGATEPOLICESTATION",SYNC,20:00,23:00,,,,,,,,,,,,,,
Bengaluru-BPT-Ulsoor-Gate-TPS-Signal-Timing-data-HUDSON_CIRCLE_JN_N_R_SQUARE_JN.pdf,1,"HUDSONCIRCLEJUNCTION,ULSOORGATEPOLICESTATION",SYNC,09:00,12:00,,,,,,,,,,,,,,
Bengaluru-BPT-Ulsoor-Gate-TPS-Signal-Timing-data-HUDSON_CIRCLE_JN_N_R_SQUARE_JN.pdf,1,"HUDSONCIRCLEJUNCTION,ULSOORGATEPOLICESTATION",SYNC,20:00,23:00,,,,,,,,,,,,,,
Bengaluru-BPT-Ulsoor-Gate-TPS-Signal-Timing-data-POLICE_CORNER_JN_POORNIMA_THEATRE_JN.pdf,1,"POLICECORNERJUNCTION,ULSOORGATEPOLICESTATION",SYNC,07:00,08:00,93.0,,,,,,,,,,,,,
Bengaluru-BPT-Ulsoor-Gate-TPS-Signal-Timing-data-POLICE_CORNER_JN_POORNIMA_THEATRE_JN.pdf,1,"POLICECORNERJUNCTION,ULSOORGATEPOLICESTATION",SYNC,07:00,09:00,,,,,,,,,,,,,,
Bengaluru-BPT-Ulsoor-Gate-TPS-Signal-Timing-data-POLICE_CORNER_JN_POORNIMA_THEATRE_JN.pdf,1,"POLICECORNERJUNCTION,ULSOORGATEPOLICESTATION",SYNC,09:00,12:00,,,,,,,,,,,,,,
Bengaluru-BPT-Ulsoor-Gate-TPS-Signal-Timing-data-POLICE_CORNER_JN_POORNIMA_THEATRE_JN.pdf,1,"POLICECORNERJUNCTION,ULSOORGATEPOLICESTATION",SYNC,16:00,20:00,,,,,,,,,,,,,,
Bengaluru-BPT-Ulsoor-Gate-TPS-Signal-Timing-data-POLICE_CORNER_JN_POORNIMA_THEATRE_JN.pdf,1,"POLICECORNERJUNCTION,ULSOORGATEPOLICESTATION",SYNC,20:00,23:00,,,,,,,,,,,,,,
Bengaluru-BPT-Ulsoor-Gate-TPS-Signal-Timing-data-POLICE_CORNER_JN_POORNIMA_THEATRE_JN.pdf,1,"POLICECORNERJUNCTION,ULSOORGATEPOLICESTATION",SYNC,08:00,12:00,70.0,,30.0,,20.0,,8.0,,128.0,,,,,
Bengaluru-BPT-Ulsoor-Gate-TPS-Signal-Timing-data-POLICE_CORNER_JN_POORNIMA_THEATRE_JN.pdf,1,"POLICECORNERJUNCTION,ULSOORGATEPOLICESTATION",SYNC,12:00,16:00,50.0,,20.0,,15.0,,7.0,,92.0,,,,,
Bengaluru-BPT-Ulsoor-Gate-TPS-Signal-Timing-data-POLICE_CORNER_JN_POORNIMA_THEATRE_JN.pdf,1,"POLICECORNERJUNCTION,ULSOORGATEPOLICESTATION",SYNC,16:00,21:00,70.0,,30.0,,20.0,,8.0,,128.0,,,,,
Bengaluru-BPT-Ulsoor-Gate-TPS-Signal-Timing-data-POLICE_CORNER_JN_POORNIMA_THEATRE_JN.pdf,1,"POLICECORNERJUNCTION,ULSOORGATEPOLICESTATION",SYNC,21:00,23:00,50.0,,20.0,,13.0,,6.0,,89.0,,,,,
Bengaluru-BPT-Ulsoor-Gate-TPS-Signal-Timing-data-SHIVAJI_TALKIES_JN_TOWN_HALL_JN.pdf,1,"SHIVAJITALKIESJUNCTION,ULSOORGATEPOLICESTATION",SYNC,16:00,20:00,,,,,,,,,,,,,,
Bengaluru-BPT-Ulsoor-Gate-TPS-Signal-Timing-data-SHIVAJI_TALKIES_JN_TOWN_HALL_JN.pdf,1,"SHIVAJITALKIESJUNCTION,ULSOORGATEPOLICESTATION",SYNC,20:00,23:00,,,,,,,,,,,,,,
Bengaluru-BPT-Ulsoor-Gate-TPS-Signal-Timing-data-SHIVAJI_TALKIES_JN_TOWN_HALL_JN.pdf,1,"SHIVAJITALKIESJUNCTION,ULSOORGATEPOLICESTATION",SYNC,16:00,20:00,,,,,,,,,,,,,,
Bengaluru-BPT-Ulsoor-Gate-TPS-Signal-Timing-data-SHIVAJI_TALKIES_JN_TOWN_HALL_JN.pdf,1,"SHIVAJITALKIESJUNCTION,ULSOORGATEPOLICESTATION",SYNC,20:00,23:00,,,,,,,,,,,,,,
Bengaluru-BPT-Ulsoor-Gate-TPS-Signal-Timing-data-ULSOOR_GATE_JN_ANAND_RAO_JN.pdf,1,"ULSOORGATEJUNCTION,ULSOORGATEPOLICESTATION",SYNC,07:00,09:00,,,,,,,,,,,,,,
Bengaluru-BPT-Ulsoor-Gate-TPS-Signal-Timing-data-ULSOOR_GATE_JN_ANAND_RAO_JN.pdf,1,"ULSOORGATEJUNCTION,ULSOORGATEPOLICESTATION",SYNC,09:00,12:00,,,,,,,,,,,,,,
Bengaluru-BPT-Ulsoor-Gate-TPS-Signal-Timing-data-ULSOOR_GATE_JN_ANAND_RAO_JN.pdf,1,"ULSOORGATEJUNCTION,ULSOORGATEPOLICESTATION",SYNC,16:00,20:00,,,,,,,,,,,,,,
Bengaluru-BPT-Ulsoor-Gate-TPS-Signal-Timing-data-ULSOOR_GATE_JN_ANAND_RAO_JN.pdf,1,"ULSOORGATEJUNCTION,ULSOORGATEPOLICESTATION",SYNC,20:00,23:00,,,,,,,,,,,,,,
Bengaluru-BPT-Ulsoor-Gate-TPS-Signal-Timing-data-ULSOOR_GATE_JN_ANAND_RAO_JN.pdf,1,"ULSOORGATEJUNCTION,ULSOORGATEPOLICESTATION",SYNC,07:00,08:00,15.0,,15.0,,30.0,,15.0,,15.0,,90.0,,,
Bengaluru-BPT-Ulsoor-Gate-TPS-Signal-Timing-data-ULSOOR_GATE_JN_ANAND_RAO_JN.pdf,1,"ULSOORGATEJUNCTION,ULSOORGATEPOLICESTATION",SYNC,08:00,12:00,30.0,,40.0,,50.0,,30.0,,15.0,,165.0,,,
Bengaluru-BPT-Ulsoor-Gate-TPS-Signal-Timing-data-ULSOOR_GATE_JN_ANAND_RAO_JN.pdf,1,"ULSOORGATEJUNCTION,ULSOORGATEPOLICESTATION",SYNC,12:00,16:00,30.0,,35.0,,45.0,,25.0,,15.0,,150.0,,,
Bengaluru-BPT-Ulsoor-Gate-TPS-Signal-Timing-data-ULSOOR_GATE_JN_ANAND_RAO_JN.pdf,1,"ULSOORGATEJUNCTION,ULSOORGATEPOLICESTATION",SYNC,16:00,22:00,40.0,,30.0,,55.0,,30.0,,15.0,,170.0,,,
Bengaluru-BPT-Ulsoor-Gate-TPS-Signal-Timing-data-ULSOOR_GATE_JN_ANAND_RAO_JN.pdf,1,"ULSOORGATEJUNCTION,ULSOORGATEPOLICESTATION",SYNC,22:00,23:00,25.0,,20.0,,30.0,,20.0,,15.0,,110.0,,,
Bengaluru-BPT-Ulsoor-TPS-Signal-Timing-data-ADIGAS_JN_ANJENEYA_TEMPLE_JN.pdf,1,"ADIGASJUNCTION(ULSOORRD.-DICKENSONRD.), ULSOORPOLICESTATION",SYNC,07:00,08:30,25.0,,60.0,,120.0,,,,,,,,,
Bengaluru-BPT-Ulsoor-TPS-Signal-Timing-data-ADIGAS_JN_ANJENEYA_TEMPLE_JN.pdf,1,"ADIGASJUNCTION(ULSOORRD.-DICKENSONRD.), ULSOORPOLICESTATION",SYNC,08:30,12:00,40.0,,80.0,,8.0,,160.0,,,,,,,
Bengaluru-BPT-Ulsoor-TPS-Signal-Timing-data-ADIGAS_JN_ANJENEYA_TEMPLE_JN.pdf,1,"ADIGASJUNCTION(ULSOORRD.-DICKENSONRD.), ULSOORPOLICESTATION",SYNC,07:00,08:00,80.0,,30.0,,115.0,,,,,,,,,
Bengaluru-BPT-Ulsoor-TPS-Signal-Timing-data-ADIGAS_JN_ANJENEYA_TEMPLE_JN.pdf,1,"ADIGASJUNCTION(ULSOORRD.-DICKENSONRD.), ULSOORPOLICESTATION",SYNC,08:00,12:00,90.0,,40.0,,135.0,,,,,,,,,
Bengaluru-BPT-Ulsoor-TPS-Signal-Timing-data-ADIGAS_JN_ANJENEYA_TEMPLE_JN.pdf,1,"ADIGASJUNCTION(ULSOORRD.-DICKENSONRD.), ULSOORPOLICESTATION",SYNC,16:00,20:00,90.0,,40.0,,135.0,,,,,,,,,
Bengaluru-BPT-Ulsoor-TPS-Signal-Timing-data-ADIGAS_JN_ANJENEYA_TEMPLE_JN.pdf,1,"ADIGASJUNCTION(ULSOORRD.-DICKENSONRD.), ULSOORPOLICESTATION",SYNC,20:00,23:00,60.0,,25.0,,90.0,,,,,,,,,
Bengaluru-BPT-Ulsoor-TPS-Signal-Timing-data-ASC_JN_BEGUM_MAHAL_JN.pdf,1,"ASCJUNCTION,ULSOORPOLICESTATION",VAC,07:00,08:00,40.0,,50.0,,90.0,,,,,,,,,
Bengaluru-BPT-Ulsoor-TPS-Signal-Timing-data-ASC_JN_BEGUM_MAHAL_JN.pdf,1,"ASCJUNCTION,ULSOORPOLICESTATION",VAC,08:00,11:00,80.0,,90.0,,170.0,,,,,,,,,
Bengaluru-BPT-Ulsoor-TPS-Signal-Timing-data-ASC_JN_BEGUM_MAHAL_JN.pdf,1,"ASCJUNCTION,ULSOORPOLICESTATION",VAC,16:00,20:00,80.0,,100.0,,180.0,,,,,,,,,
Bengaluru-BPT-Ulsoor-TPS-Signal-Timing-data-ASC_JN_BEGUM_MAHAL_JN.pdf,1,"ASCJUNCTION,ULSOORPOLICESTATION",VAC,20:00,23:00,50.0,,60.0,,110.0,,,,,,,,,
Bengaluru-BPT-Ulsoor-TPS-Signal-Timing-data-ASC_JN_BEGUM_MAHAL_JN.pdf,1,"ASCJUNCTION,ULSOORPOLICESTATION",VAC,07:00,08:00,90.0,,80.0,,10.0,,180.0,,,,,,,
Bengaluru-BPT-Ulsoor-TPS-Signal-Timing-data-ASC_JN_BEGUM_MAHAL_JN.pdf,1,"ASCJUNCTION,ULSOORPOLICESTATION",VAC,08:00,16:00,100.0,,90.0,,15.0,,205.0,,,,,,,
Bengaluru-BPT-Ulsoor-TPS-Signal-Timing-data-ASC_JN_BEGUM_MAHAL_JN.pdf,1,"ASCJUNCTION,ULSOORPOLICESTATION",VAC,20:00,23:00,80.0,,80.0,,15.0,,175.0,,,,,,,
Bengaluru-BPT-Ulsoor-TPS-Signal-Timing-data-ASC_JN_BEGUM_MAHAL_JN.pdf,1,"ASCJUNCTION,ULSOORPOLICESTATION",VAC,07:00,09:00,60.0,,50.0,,10.0,,120.0,,,,,,,
Bengaluru-BPT-Ulsoor-TPS-Signal-Timing-data-ASC_JN_BEGUM_MAHAL_JN.pdf,1,"ASCJUNCTION,ULSOORPOLICESTATION",VAC,20:00,23:00,60.0,,50.0,,10.0,,120.0,,,,,,,
Bengaluru-BPT-Ulsoor-TPS-Signal-Timing-data-CB_ROAD_AIRPORT_JN_DOMLUR_WATER_TANK_JN.pdf,1,"CBROADAIRPORTJUNCTION,ULSOORPOLICESTATION",FIXED,07:00,08:00,60.0,,40.0,,30.0,,5.0,,,,,,,
Bengaluru-BPT-Ulsoor-TPS-Signal-Timing-data-CB_ROAD_AIRPORT_JN_DOMLUR_WATER_TANK_JN.pdf,1,"CBROADAIRPORTJUNCTION,ULSOORPOLICESTATION",FIXED,08:00,11:00,100.0,,40.0,,30.0,,8.0,,178.0,,,,,
Bengaluru-BPT-Ulsoor-TPS-Signal-Timing-data-CB_ROAD_AIRPORT_JN_DOMLUR_WATER_TANK_JN.pdf,1,"CBROADAIRPORTJUNCTION,ULSOORPOLICESTATION",FIXED,11:00,17:00,60.0,,40.0,,30.0,,7.0,,137.0,,,,,
Bengaluru-BPT-Ulsoor-TPS-Signal-Timing-data-CB_ROAD_AIRPORT_JN_DOMLUR_WATER_TANK_JN.pdf,1,"CBROADAIRPORTJUNCTION,ULSOORPOLICESTATION",FIXED,17:00,21:00,100.0,,40.0,,30.0,,8.0,,178.0,,,,,
Bengaluru-BPT-Ulsoor-TPS-Signal-Timing-data-CB_ROAD_AIRPORT_JN_DOMLUR_WATER_TANK_JN.pdf,1,"CBROADAIRPORTJUNCTION,ULSOORPOLICESTATION",FIXED,21:00,23:00,50.0,,30.0,,30.0,,0.0,,110.0,,,,,
Bengaluru-BPT-Ulsoor-TPS-Signal-Timing-data-CB_ROAD_AIRPORT_JN_DOMLUR_WATER_TANK_JN.pdf,1,"CBROADAIRPORTJUNCTION,ULSOORPOLICESTATION",FIXED,07:00,08:00,60.0,,25.0,,25.0,,10.0,,,,,,,
Bengaluru-BPT-Ulsoor-TPS-Signal-Timing-data-CB_ROAD_AIRPORT_JN_DOMLUR_WATER_TANK_JN.pdf,1,"CBROADAIRPORTJUNCTION,ULSOORPOLICESTATION",FIXED,08:00,11:00,90.0,,25.0,,30.0,,10.0,,155.0,,,,,
Bengaluru-BPT-Ulsoor-TPS-Signal-Timing-data-CB_ROAD_AIRPORT_JN_DOMLUR_WATER_TANK_JN.pdf,1,"CBROADAIRPORTJUNCTION,ULSOORPOLICESTATION",FIXED,11:00,16:00,70.0,,25.0,,30.0,,10.0,,135.0,,,,,
Bengaluru-BPT-Ulsoor-TPS-Signal-Timing-data-CB_ROAD_AIRPORT_JN_DOMLUR_WATER_TANK_JN.pdf,1,"CBROADAIRPORTJUNCTION,ULSOORPOLICESTATION",FIXED,16:00,20:30,90.0,,25.0,,30.0,,10.0,,155.0,,,,,
Bengaluru-BPT-Ulsoor-TPS-Signal-Timing-data-CB_ROAD_AIRPORT_JN_DOMLUR_WATER_TANK_JN.pdf,1,"CBROADAIRPORTJUNCTION,ULSOORPOLICESTATION",FIXED,20:30,23:00,60.0,,25.0,,25.0,,7.0,,117.0,,,,,
Bengaluru-BPT-Ulsoor-TPS-Signal-Timing-data-HOSMAT_JN_KENSINGTON_JN.pdf,1,"KENSINGTONJUNCTION,ULSOORPOLICESTATION",VAC,07:00,08:30,70.0,,25.0,,103.0,,,,,,,,,
Bengaluru-BPT-Ulsoor-TPS-Signal-Timing-data-HOSMAT_JN_KENSINGTON_JN.pdf,1,"KENSINGTONJUNCTION,ULSOORPOLICESTATION",VAC,08:30,11:30,80.0,,30.0,,118.0,,,,,,,,,
Bengaluru-BPT-Ulsoor-TPS-Signal-Timing-data-HOSMAT_JN_KENSINGTON_JN.pdf,1,"KENSINGTONJUNCTION,ULSOORPOLICESTATION",VAC,16:00,21:30,80.0,,30.0,,118.0,,,,,,,,,
Bengaluru-BPT-Ulsoor-TPS-Signal-Timing-data-HOSMAT_JN_KENSINGTON_JN.pdf,1,"KENSINGTONJUNCTION,ULSOORPOLICESTATION",VAC,21:30,23:00,70.0,,25.0,,100.0,,,,,,,,,
Bengaluru-BPT-Ulsoor-TPS-Signal-Timing-data-HOSMAT_JN_KENSINGTON_JN.pdf,1,"KENSINGTONJUNCTION,ULSOORPOLICESTATION",VAC,07:00,08:00,40.0,,30.0,,78.0,,,,,,,,,
Bengaluru-BPT-Ulsoor-TPS-Signal-Timing-data-HOSMAT_JN_KENSINGTON_JN.pdf,1,"KENSINGTONJUNCTION,ULSOORPOLICESTATION",VAC,08:00,12:00,60.0,,50.0,,118.0,,,,,,,,,
Bengaluru-BPT-Ulsoor-TPS-Signal-Timing-data-RAMAIAH_CIRCLE_ULSOOR_POLICE_STATION_JN_TAMARI_KANNAN_JN.pdf,1,"RAMAIAHCIRCLE-ULSOORPOLICESTATIONJUNCTION,ULSOORPOLICESTATION",SYNC,07:00,08:00,75.0,,60.0,,143.0,,,,,,,,,
Bengaluru-BPT-Ulsoor-TPS-Signal-Timing-data-RAMAIAH_CIRCLE_ULSOOR_POLICE_STATION_JN_TAMARI_KANNAN_JN.pdf,1,"RAMAIAHCIRCLE-ULSOORPOLICESTATIONJUNCTION,ULSOORPOLICESTATION",SYNC,08:00,12:00,80.0,,70.0,,160.0,,,,,,,,,
Bengaluru-BPT-Ulsoor-TPS-Signal-Timing-data-RAMAIAH_CIRCLE_ULSOOR_POLICE_STATION_JN_TAMARI_KANNAN_JN.pdf,1,"RAMAIAHCIRCLE-ULSOORPOLICESTATIONJUNCTION,ULSOORPOLICESTATION",SYNC,07:00,08:00,30.0,,50.0,,88.0,,,,,,,,,
Bengaluru-BPT-Ulsoor-TPS-Signal-Timing-data-RAMAIAH_CIRCLE_ULSOOR_POLICE_STATION_JN_TAMARI_KANNAN_JN.pdf,1,"RAMAIAHCIRCLE-ULSOORPOLICESTATIONJUNCTION,ULSOORPOLICESTATION",SYNC,08:00,12:00,55.0,,80.0,,143.0,,,,,,,,,
Bengaluru-BPT-Ulsoor-Upparapeth-TPS-Signal-Timing-data-TRINITY_CIRCLE_JN_WEBBS_CIRCLE_JN.pdf,1,"TRINITYCIRCLEJUNCTION,ULSOORPOLICESTATION",SYNC,00:00,07:00,20.0,,15.0,,10.0,,5.0,,,,,,,
Bengaluru-BPT-Ulsoor-Upparapeth-TPS-Signal-Timing-data-TRINITY_CIRCLE_JN_WEBBS_CIRCLE_JN.pdf,1,"TRINITYCIRCLEJUNCTION,ULSOORPOLICESTATION",SYNC,07:00,11:30,70.0,,45.0,,25.0,,50.0,,15.0,,205.0,,,
Bengaluru-BPT-Ulsoor-Upparapeth-TPS-Signal-Timing-data-TRINITY_CIRCLE_JN_WEBBS_CIRCLE_JN.pdf,1,"TRINITYCIRCLEJUNCTION,ULSOORPOLICESTATION",SYNC,11:30,16:30,55.0,,35.0,,20.0,,35.0,,15.0,,160.0,,,
Bengaluru-BPT-Ulsoor-Upparapeth-TPS-Signal-Timing-data-TRINITY_CIRCLE_JN_WEBBS_CIRCLE_JN.pdf,1,"TRINITYCIRCLEJUNCTION,ULSOORPOLICESTATION",SYNC,16:30,20:30,70.0,,45.0,,25.0,,55.0,,15.0,,210.0,,,
Bengaluru-BPT-Ulsoor-Upparapeth-TPS-Signal-Timing-data-TRINITY_CIRCLE_JN_WEBBS_CIRCLE_JN.pdf,1,"TRINITYCIRCLEJUNCTION,ULSOORPOLICESTATION",SYNC,20:30,22:30,55.0,,35.0,,15.0,,30.0,,10.0,,145.0,,,
Bengaluru-BPT-Ulsoor-Upparapeth-TPS-Signal-Timing-data-TRINITY_CIRCLE_JN_WEBBS_CIRCLE_JN.pdf,1,"TRINITYCIRCLEJUNCTION,ULSOORPOLICESTATION",SYNC,22:30,23:59,20.0,,15.0,,10.0,,15.0,,5.0,,65.0,,,
Bengaluru-BPT-Ulsoor-Upparapeth-TPS-Signal-Timing-data-TRINITY_CIRCLE_JN_WEBBS_CIRCLE_JN.pdf,1,"TRINITYCIRCLEJUNCTION,ULSOORPOLICESTATION",SYNC,07:00,08:30,35.0,,50.0,,15.0,,8.0,,120.0,,,,,
Bengaluru-BPT-Ulsoor-Upparapeth-TPS-Signal-Timing-data-TRINITY_CIRCLE_JN_WEBBS_CIRCLE_JN.pdf,1,"TRINITYCIRCLEJUNCTION,ULSOORPOLICESTATION",SYNC,08:30,12:00,50.0,,65.0,,25.0,,8.0,,160.0,,,,,
Bengaluru-BPT-Ulsoor-Upparapeth-TPS-Signal-Timing-data-TRINITY_CIRCLE_JN_WEBBS_CIRCLE_JN.pdf,1,"TRINITYCIRCLEJUNCTION,ULSOORPOLICESTATION",SYNC,12:00,15:30,35.0,,50.0,,15.0,,8.0,,120.0,,,,,
Bengaluru-BPT-Ulsoor-Upparapeth-TPS-Signal-Timing-data-TRINITY_CIRCLE_JN_WEBBS_CIRCLE_JN.pdf,1,"TRINITYCIRCLEJUNCTION,ULSOORPOLICESTATION",SYNC,15:30,21:00,50.0,,65.0,,25.0,,8.0,,160.0,,,,,
Bengaluru-BPT-Ulsoor-Upparapeth-TPS-Signal-Timing-data-TRINITY_CIRCLE_JN_WEBBS_CIRCLE_JN.pdf,1,"TRINITYCIRCLEJUNCTION,ULSOORPOLICESTATION",SYNC,21:00,23:00,35.0,,50.0,,15.0,,8.0,,120.0,,,,,
Bengaluru-BPT-Upparapeth-Gate-TPS-Signal-Timing-data-ELITE_JN_K_G_JUNCTION_JN.pdf,1,"ELITEJUNCTION,UPPARPETHPOLICESTATION",SYNC,07:00,09:00,60.0,,30.0,,100.0,,,,,,,,,
Bengaluru-BPT-Upparapeth-Gate-TPS-Signal-Timing-data-ELITE_JN_K_G_JUNCTION_JN.pdf,1,"ELITEJUNCTION,UPPARPETHPOLICESTATION",SYNC,09:00,16:00,75.0,,30.0,,10.0,,115.0,,,,,,,
Bengaluru-BPT-Upparapeth-Gate-TPS-Signal-Timing-data-ELITE_JN_K_G_JUNCTION_JN.pdf,1,"ELITEJUNCTION,UPPARPETHPOLICESTATION",SYNC,16:00,23:00,80.0,,30.0,,10.0,,120.0,,,,,,,
Bengaluru-BPT-Upparapeth-Gate-TPS-Signal-Timing-data-ELITE_JN_K_G_JUNCTION_JN.pdf,1,"ELITEJUNCTION,UPPARPETHPOLICESTATION",SYNC,07:00,09:00,60.0,,30.0,,100.0,,,,,,,,,
Bengaluru-BPT-Upparapeth-Gate-TPS-Signal-Timing-data-ELITE_JN_K_G_JUNCTION_JN.pdf,1,"ELITEJUNCTION,UPPARPETHPOLICESTATION",SYNC,09:00,16:00,75.0,,30.0,,10.0,,115.0,,,,,,,
Bengaluru-BPT-Upparapeth-Gate-TPS-Signal-Timing-data-ELITE_JN_K_G_JUNCTION_JN.pdf,1,"ELITEJUNCTION,UPPARPETHPOLICESTATION",SYNC,16:00,23:00,80.0,,30.0,,10.0,,120.0,,,,,,,
Bengaluru-BPT-Upparapeth-Gate-TPS-Signal-Timing-data-SAGAR_THEATRE_JN_SBM_JN.pdf,1,"SAGARTHEATREJUNCTION,UPPARPETHPOLICESTATION",SYNC,07:00,09:00,60.0,,15.0,,30.0,,105.0,,,,,,,
Bengaluru-BPT-Upparapeth-Gate-TPS-Signal-Timing-data-SAGAR_THEATRE_JN_SBM_JN.pdf,1,"SAGARTHEATREJUNCTION,UPPARPETHPOLICESTATION",SYNC,09:00,22:00,100.0,,15.0,,35.0,,150.0,,,,,,,
Bengaluru-BPT-Upparapeth-Gate-TPS-Signal-Timing-data-SAGAR_THEATRE_JN_SBM_JN.pdf,1,"SAGARTHEATREJUNCTION,UPPARPETHPOLICESTATION",SYNC,22:00,23:00,60.0,,15.0,,30.0,,105.0,,,,,,,
Bengaluru-BPT-Upparapeth-Gate-TPS-Signal-Timing-data-SAGAR_THEATRE_JN_SBM_JN.pdf,1,"SAGARTHEATREJUNCTION,UPPARPETHPOLICESTATION",SYNC,07:00,08:00,65.0,,15.0,,15.0,,115.0,,,,,,,
Bengaluru-BPT-Upparapeth-Gate-TPS-Signal-Timing-data-SAGAR_THEATRE_JN_SBM_JN.pdf,1,"SAGARTHEATREJUNCTION,UPPARPETHPOLICESTATION",SYNC,08:00,11:00,80.0,,20.0,,30.0,,20.0,,150.0,,,,,
Bengaluru-BPT-Upparapeth-Gate-TPS-Signal-Timing-data-SAGAR_THEATRE_JN_SBM_JN.pdf,1,"SAGARTHEATREJUNCTION,UPPARPETHPOLICESTATION",SYNC,11:00,16:00,70.0,,15.0,,25.0,,20.0,,130.0,,,,,
Bengaluru-BPT-Upparapeth-Gate-TPS-Signal-Timing-data-SAGAR_THEATRE_JN_SBM_JN.pdf,1,"SAGARTHEATREJUNCTION,UPPARPETHPOLICESTATION",SYNC,16:00,21:00,80.0,,20.0,,30.0,,20.0,,150.0,,,,,
Bengaluru-BPT-Upparapeth-Gate-TPS-Signal-Timing-data-SAGAR_THEATRE_JN_SBM_JN.pdf,1,"SAGARTHEATREJUNCTION,UPPARPETHPOLICESTATION",SYNC,21:00,23:00,65.0,,15.0,,20.0,,15.0,,115.0,,,,,
Bengaluru-BPT-Upparapeth-Gate-TPS-Signal-Timing-data-SUBBANNA_JN_UPPARPETH_JN.pdf,1,"SUBBANNAJUNCTION,UPPARPETHPOLICESTATION",VAC,07:00,09:00,25.0,,35.0,,25.0,,10.0,,,,,,,
Bengaluru-BPT-Upparapeth-Gate-TPS-Signal-Timing-data-SUBBANNA_JN_UPPARPETH_JN.pdf,1,"SUBBANNAJUNCTION,UPPARPETHPOLICESTATION",VAC,09:00,16:00,35.0,,40.0,,30.0,,10.0,,115.0,,,,,
Bengaluru-BPT-Upparapeth-Gate-TPS-Signal-Timing-data-SUBBANNA_JN_UPPARPETH_JN.pdf,1,"SUBBANNAJUNCTION,UPPARPETHPOLICESTATION",VAC,16:00,22:00,45.0,,40.0,,30.0,,10.0,,125.0,,,,,
Bengaluru-BPT-Upparapeth-Gate-TPS-Signal-Timing-data-SUBBANNA_JN_UPPARPETH_JN.pdf,1,"SUBBANNAJUNCTION,UPPARPETHPOLICESTATION",VAC,22:00,23:00,25.0,,35.0,,25.0,,7.0,,92.0,,,,,
Bengaluru-BPT-Upparapeth-Gate-TPS-Signal-Timing-data-SUBBANNA_JN_UPPARPETH_JN.pdf,1,"SUBBANNAJUNCTION,UPPARPETHPOLICESTATION",VAC,07:00,08:00,30.0,,20.0,,50.0,,,,,,,,,
Bengaluru-BPT-Upparapeth-Gate-TPS-Signal-Timing-data-SUBBANNA_JN_UPPARPETH_JN.pdf,1,"SUBBANNAJUNCTION,UPPARPETHPOLICESTATION",VAC,08:00,09:00,50.0,,20.0,,70.0,,,,,,,,,
Bengaluru-BPT-Upparapeth-Gate-TPS-Signal-Timing-data-SUBBANNA_JN_UPPARPETH_JN.pdf,1,"SUBBANNAJUNCTION,UPPARPETHPOLICESTATION",VAC,10:00,22:00,80.0,,30.0,,110.0,,,,,,,,,
Bengaluru-BPT-Upparapeth-Gate-TPS-Signal-Timing-data-SUBBANNA_JN_UPPARPETH_JN.pdf,1,"SUBBANNAJUNCTION,UPPARPETHPOLICESTATION",VAC,22:00,23:00,50.0,,20.0,,70.0,,,,,,,,,
Bengaluru-BPT-Vijayanagar-Gate-TPS-Signal-Timing-data-KHB_JN_MARENAHALLI_JN.pdf,1,"KHBJUNCTION,VIJAYANAGARPOLICESTATION",VAC,07:00,08:00,30.0,,30.0,,30.0,,15.0,,,,,,,
Bengaluru-BPT-Vijayanagar-Gate-TPS-Signal-Timing-data-KHB_JN_MARENAHALLI_JN.pdf,1,"KHBJUNCTION,VIJAYANAGARPOLICESTATION",VAC,08:00,11:00,45.0,,45.0,,45.0,,15.0,,150.0,,,,,
Bengaluru-BPT-Vijayanagar-Gate-TPS-Signal-Timing-data-KHB_JN_MARENAHALLI_JN.pdf,1,"KHBJUNCTION,VIJAYANAGARPOLICESTATION",VAC,11:00,16:00,30.0,,30.0,,25.0,,15.0,,100.0,,,,,
Bengaluru-BPT-Vijayanagar-Gate-TPS-Signal-Timing-data-KHB_JN_MARENAHALLI_JN.pdf,1,"KHBJUNCTION,VIJAYANAGARPOLICESTATION",VAC,16:00,21:00,45.0,,45.0,,45.0,,15.0,,150.0,,,,,
Bengaluru-BPT-Vijayanagar-Gate-TPS-Signal-Timing-data-KHB_JN_MARENAHALLI_JN.pdf,1,"KHBJUNCTION,VIJAYANAGARPOLICESTATION",VAC,21:00,23:00,20.0,,20.0,,20.0,,10.0,,70.0,,,,,
Bengaluru-BPT-Vijayanagar-Gate-TPS-Signal-Timing-data-KHB_JN_MARENAHALLI_JN.pdf,1,"KHBJUNCTION,VIJAYANAGARPOLICESTATION",VAC,07:00,08:00,20.0,,20.0,,10.0,,,,,,,,,
Bengaluru-BPT-Vijayanagar-Gate-TPS-Signal-Timing-data-KHB_JN_MARENAHALLI_JN.pdf,1,"KHBJUNCTION,VIJAYANAGARPOLICESTATION",VAC,08:00,12:00,20.0,,75.0,,30.0,,30.0,,10.0,,165.0,,,
Bengaluru-BPT-Vijayanagar-Gate-TPS-Signal-Timing-data-KHB_JN_MARENAHALLI_JN.pdf,1,"KHBJUNCTION,VIJAYANAGARPOLICESTATION",VAC,12:00,16:00,20.0,,60.0,,20.0,,20.0,,10.0,,130.0,,,
Bengaluru-BPT-Vijayanagar-Gate-TPS-Signal-Timing-data-KHB_JN_MARENAHALLI_JN.pdf,1,"KHBJUNCTION,VIJAYANAGARPOLICESTATION",VAC,16:00,21:00,20.0,,75.0,,30.0,,35.0,,10.0,,170.0,,,
Bengaluru-BPT-Vijayanagar-Gate-TPS-Signal-Timing-data-KHB_JN_MARENAHALLI_JN.pdf,1,"KHBJUNCTION,VIJAYANAGARPOLICESTATION",VAC,21:00,22:00,15.0,,40.0,,20.0,,35.0,,10.0,,120.0,,,
Bengaluru-BPT-Vijayanagar-Gate-TPS-Signal-Timing-data-MODI_HOSPITAL_JN_NATIONAL_SCHOOL_JN.pdf,1,"MODIHOSPITAL JUNCTION,VIJAYANAGARPOLICESTATION",FIXED,07:00,08:00,15.0,,15.0,,40.0,,25.0,,20.0,,,,,
Bengaluru-BPT-Vijayanagar-Gate-TPS-Signal-Timing-data-MODI_HOSPITAL_JN_NATIONAL_SCHOOL_JN.pdf,1,"MODIHOSPITAL JUNCTION,VIJAYANAGARPOLICESTATION",FIXED,08:00,11:00,20.0,,25.0,,60.0,,30.0,,25.0,,15.0,,175.0,
Bengaluru-BPT-Vijayanagar-Gate-TPS-Signal-Timing-data-MODI_HOSPITAL_JN_NATIONAL_SCHOOL_JN.pdf,1,"MODIHOSPITAL JUNCTION,VIJAYANAGARPOLICESTATION",FIXED,11:00,16:00,15.0,,15.0,,40.0,,25.0,,20.0,,10.0,,125.0,
Bengaluru-BPT-Vijayanagar-Gate-TPS-Signal-Timing-data-MODI_HOSPITAL_JN_NATIONAL_SCHOOL_JN.pdf,1,"MODIHOSPITAL JUNCTION,VIJAYANAGARPOLICESTATION",FIXED,16:00,20:30,25.0,,20.0,,60.0,,30.0,,25.0,,15.0,,175.0,
Bengaluru-BPT-Vijayanagar-Gate-TPS-Signal-Timing-data-MODI_HOSPITAL_JN_NATIONAL_SCHOOL_JN.pdf,1,"MODIHOSPITAL JUNCTION,VIJAYANAGARPOLICESTATION",FIXED,20:30,23:00,15.0,,15.0,,40.0,,15.0,,15.0,,8.0,,108.0,
Bengaluru-BPT-Vijayanagar-Gate-TPS-Signal-Timing-data-MODI_HOSPITAL_JN_NATIONAL_SCHOOL_JN.pdf,1,"MODIHOSPITAL JUNCTION,VIJAYANAGARPOLICESTATION",FIXED,07:00,08:00,20.0,,25.0,,20.0,,7.0,,,,,,,
Bengaluru-BPT-Vijayanagar-Gate-TPS-Signal-Timing-data-MODI_HOSPITAL_JN_NATIONAL_SCHOOL_JN.pdf,1,"MODIHOSPITAL JUNCTION,VIJAYANAGARPOLICESTATION",FIXED,08:00,12:00,25.0,,30.0,,25.0,,8.0,,88.0,,,,,
Bengaluru-BPT-Vijayanagar-Gate-TPS-Signal-Timing-data-MODI_HOSPITAL_JN_NATIONAL_SCHOOL_JN.pdf,1,"MODIHOSPITAL JUNCTION,VIJAYANAGARPOLICESTATION",FIXED,12:00,16:00,20.0,,25.0,,20.0,,7.0,,72.0,,,,,
Bengaluru-BPT-Vijayanagar-Gate-TPS-Signal-Timing-data-MODI_HOSPITAL_JN_NATIONAL_SCHOOL_JN.pdf,1,"MODIHOSPITAL JUNCTION,VIJAYANAGARPOLICESTATION",FIXED,16:00,21:00,25.0,,35.0,,25.0,,8.0,,93.0,,,,,
Bengaluru-BPT-Vijayanagar-Gate-TPS-Signal-Timing-data-MODI_HOSPITAL_JN_NATIONAL_SCHOOL_JN.pdf,1,"MODIHOSPITAL JUNCTION,VIJAYANAGARPOLICESTATION",FIXED,21:00,23:00,20.0,,30.0,,20.0,,5.0,,75.0,,,,,
Bengaluru-BPT-Vijayanagar-Gate-TPS-Signal-Timing-data-PUTTAMMA_CHOULTRY_JN_SHANKAR_MUTT_JN.pdf,1,"PUTTAMMACHOULTRYJUNCTION-NAGARABHAVIROAD,VIJAYANAGARPOLICESTATION",FIXED,07:00,11:00,10.0,,,,,,,,,,,,,
Bengaluru-BPT-Vijayanagar-Gate-TPS-Signal-Timing-data-PUTTAMMA_CHOULTRY_JN_SHANKAR_MUTT_JN.pdf,1,"PUTTAMMACHOULTRYJUNCTION-NAGARABHAVIROAD,VIJAYANAGARPOLICESTATION",FIXED,11:00,16:00,50.0,,30.0,,30.0,,10.0,,120.0,,,,,
Bengaluru-BPT-Vijayanagar-Gate-TPS-Signal-Timing-data-PUTTAMMA_CHOULTRY_JN_SHANKAR_MUTT_JN.pdf,1,"PUTTAMMACHOULTRYJUNCTION-NAGARABHAVIROAD,VIJAYANAGARPOLICESTATION",FIXED,16:00,22:00,60.0,,40.0,,40.0,,10.0,,150.0,,,,,
Bengaluru-BPT-Vijayanagar-Gate-TPS-Signal-Timing-data-PUTTAMMA_CHOULTRY_JN_SHANKAR_MUTT_JN.pdf,1,"PUTTAMMACHOULTRYJUNCTION-NAGARABHAVIROAD,VIJAYANAGARPOLICESTATION",FIXED,07:00,08:00,40.0,,20.0,,20.0,,30.0,,10.0,,,,,
Bengaluru-BPT-Vijayanagar-Gate-TPS-Signal-Timing-data-PUTTAMMA_CHOULTRY_JN_SHANKAR_MUTT_JN.pdf,1,"PUTTAMMACHOULTRYJUNCTION-NAGARABHAVIROAD,VIJAYANAGARPOLICESTATION",FIXED,08:00,11:00,80.0,,30.0,,30.0,,40.0,,10.0,,190.0,,,
Bengaluru-BPT-Vijayanagar-Gate-TPS-Signal-Timing-data-PUTTAMMA_CHOULTRY_JN_SHANKAR_MUTT_JN.pdf,1,"PUTTAMMACHOULTRYJUNCTION-NAGARABHAVIROAD,VIJAYANAGARPOLICESTATION",FIXED,11:00,16:00,60.0,,20.0,,20.0,,30.0,,10.0,,140.0,,,
Bengaluru-BPT-Vijayanagar-Gate-TPS-Signal-Timing-data-PUTTAMMA_CHOULTRY_JN_SHANKAR_MUTT_JN.pdf,1,"PUTTAMMACHOULTRYJUNCTION-NAGARABHAVIROAD,VIJAYANAGARPOLICESTATION",FIXED,16:00,21:00,80.0,,30.0,,30.0,,50.0,,10.0,,200.0,,,
Bengaluru-BPT-Vijayanagar-Gate-TPS-Signal-Timing-data-PUTTAMMA_CHOULTRY_JN_SHANKAR_MUTT_JN.pdf,1,"PUTTAMMACHOULTRYJUNCTION-NAGARABHAVIROAD,VIJAYANAGARPOLICESTATION",FIXED,21:00,23:00,40.0,,20.0,,20.0,,25.0,,7.0,,112.0,,,
Bengaluru-BPT-Vijayanagar-Gate-TPS-Signal-Timing-data-SHIVANAHALLI_JN_VIJAYANAGAR_BUS_STAND_JN.pdf,1,"SHIVANAHALLIJUNCTION, WOCROAD,VIJAYANAGARPOLICESTATION",FIXED,07:00,08:30,20.0,,45.0,,15.0,,25.0,,10.0,,115.0,,,
Bengaluru-BPT-Vijayanagar-Gate-TPS-Signal-Timing-data-SHIVANAHALLI_JN_VIJAYANAGAR_BUS_STAND_JN.pdf,1,"SHIVANAHALLIJUNCTION, WOCROAD,VIJAYANAGARPOLICESTATION",FIXED,08:30,11:30,25.0,,50.0,,20.0,,25.0,,130.0,,,,,
Bengaluru-BPT-Vijayanagar-Gate-TPS-Signal-Timing-data-SHIVANAHALLI_JN_VIJAYANAGAR_BUS_STAND_JN.pdf,1,"SHIVANAHALLIJUNCTION, WOCROAD,VIJAYANAGARPOLICESTATION",FIXED,16:00,20:30,25.0,,65.0,,15.0,,30.0,,145.0,,,,,
Bengaluru-BPT-Vijayanagar-Gate-TPS-Signal-Timing-data-SHIVANAHALLI_JN_VIJAYANAGAR_BUS_STAND_JN.pdf,1,"SHIVANAHALLIJUNCTION, WOCROAD,VIJAYANAGARPOLICESTATION",FIXED,20:30,23:00,20.0,,45.0,,15.0,,25.0,,112.0,,,,,
Bengaluru-BPT-Vijayanagar-Gate-TPS-Signal-Timing-data-SHIVANAHALLI_JN_VIJAYANAGAR_BUS_STAND_JN.pdf,1,"SHIVANAHALLIJUNCTION, WOCROAD,VIJAYANAGARPOLICESTATION",FIXED,07:00,08:00,40.0,,50.0,,50.0,,10.0,,,,,,,
Bengaluru-BPT-Vijayanagar-Gate-TPS-Signal-Timing-data-SHIVANAHALLI_JN_VIJAYANAGAR_BUS_STAND_JN.pdf,1,"SHIVANAHALLIJUNCTION, WOCROAD,VIJAYANAGARPOLICESTATION",FIXED,08:00,12:00,50.0,,50.0,,50.0,,10.0,,160.0,,,,,
Bengaluru-BPT-Vijayanagar-Gate-TPS-Signal-Timing-data-SHIVANAHALLI_JN_VIJAYANAGAR_BUS_STAND_JN.pdf,1,"SHIVANAHALLIJUNCTION, WOCROAD,VIJAYANAGARPOLICESTATION",FIXED,12:00,16:00,40.0,,40.0,,40.0,,10.0,,130.0,,,,,
Bengaluru-BPT-Vijayanagar-Gate-TPS-Signal-Timing-data-SHIVANAHALLI_JN_VIJAYANAGAR_BUS_STAND_JN.pdf,1,"SHIVANAHALLIJUNCTION, WOCROAD,VIJAYANAGARPOLICESTATION",FIXED,16:00,22:00,50.0,,50.0,,50.0,,10.0,,160.0,,,,,
Bengaluru-BPT-Vijayanagar-Gate-TPS-Signal-Timing-data-SHIVANAHALLI_JN_VIJAYANAGAR_BUS_STAND_JN.pdf,1,"SHIVANAHALLIJUNCTION, WOCROAD,VIJAYANAGARPOLICESTATION",FIXED,22:00,23:00,40.0,,40.0,,40.0,,6.0,,126.0,,,,,
Bengaluru-BPT-Whitefield-TPS-Signal-Timing-data-BIG_BAZAAR_WHITE_FILED_JN_GRAPHITE_INDIA_JN.pdf,1,"BIGBAZAAR(WHITEFILED)JUNCTION,WHITEFIELDPOLICESTATION",FIXED,07:00,08:30,20.0,,40.0,,15.0,,10.0,,,,,,,
Bengaluru-BPT-Whitefield-TPS-Signal-Timing-data-BIG_BAZAAR_WHITE_FILED_JN_GRAPHITE_INDIA_JN.pdf,1,"BIGBAZAAR(WHITEFILED)JUNCTION,WHITEFIELDPOLICESTATION",FIXED,08:30,11:00,40.0,,60.0,,25.0,,10.0,,135.0,,,,,
Bengaluru-BPT-Whitefield-TPS-Signal-Timing-data-BIG_BAZAAR_WHITE_FILED_JN_GRAPHITE_INDIA_JN.pdf,1,"BIGBAZAAR(WHITEFILED)JUNCTION,WHITEFIELDPOLICESTATION",FIXED,16:00,20:00,30.0,,70.0,,30.0,,10.0,,140.0,,,,,
Bengaluru-BPT-Whitefield-TPS-Signal-Timing-data-BIG_BAZAAR_WHITE_FILED_JN_GRAPHITE_INDIA_JN.pdf,1,"BIGBAZAAR(WHITEFILED)JUNCTION,WHITEFIELDPOLICESTATION",FIXED,20:00,22:00,20.0,,40.0,,15.0,,7.0,,82.0,,,,,
Bengaluru-BPT-Whitefield-TPS-Signal-Timing-data-BIG_BAZAAR_WHITE_FILED_JN_GRAPHITE_INDIA_JN.pdf,1,"BIGBAZAAR(WHITEFILED)JUNCTION,WHITEFIELDPOLICESTATION",FIXED,07:00,08:00,50.0,,40.0,,30.0,,10.0,,130.0,,,,,
Bengaluru-BPT-Whitefield-TPS-Signal-Timing-data-BIG_BAZAAR_WHITE_FILED_JN_GRAPHITE_INDIA_JN.pdf,1,"BIGBAZAAR(WHITEFILED)JUNCTION,WHITEFIELDPOLICESTATION",FIXED,08:00,12:00,50.0,,60.0,,50.0,,10.0,,170.0,,,,,
Bengaluru-BPT-Whitefield-TPS-Signal-Timing-data-BIG_BAZAAR_WHITE_FILED_JN_GRAPHITE_INDIA_JN.pdf,1,"BIGBAZAAR(WHITEFILED)JUNCTION,WHITEFIELDPOLICESTATION",FIXED,12:00,16:30,30.0,,40.0,,30.0,,8.0,,108.0,,,,,
Bengaluru-BPT-Whitefield-TPS-Signal-Timing-data-BIG_BAZAAR_WHITE_FILED_JN_GRAPHITE_INDIA_JN.pdf,1,"BIGBAZAAR(WHITEFILED)JUNCTION,WHITEFIELDPOLICESTATION",FIXED,16:30,20:30,30.0,,50.0,,60.0,,10.0,,150.0,,,,,
Bengaluru-BPT-Whitefield-TPS-Signal-Timing-data-BIG_BAZAAR_WHITE_FILED_JN_GRAPHITE_INDIA_JN.pdf,1,"BIGBAZAAR(WHITEFILED)JUNCTION,WHITEFIELDPOLICESTATION",FIXED,20:30,23:00,15.0,,30.0,,20.0,,7.0,,72.0,,,,,
Bengaluru-BPT-Whitefield-TPS-Signal-Timing-data-HOPE_FARM_JN_KUNDENAHALLI_GATE_JN.pdf,1,"HOPEFARMJUNCTION,WHITEFIELDPOLICESTATION",FIXED,07:00,08:00,40.0,,30.0,,40.0,,40.0,,10.0,,160.0,,,
Bengaluru-BPT-Whitefield-TPS-Signal-Timing-data-HOPE_FARM_JN_KUNDENAHALLI_GATE_JN.pdf,1,"HOPEFARMJUNCTION,WHITEFIELDPOLICESTATION",FIXED,08:00,12:00,80.0,,50.0,,40.0,,40.0,,10.0,,220.0,,,
Bengaluru-BPT-Whitefield-TPS-Signal-Timing-data-HOPE_FARM_JN_KUNDENAHALLI_GATE_JN.pdf,1,"HOPEFARMJUNCTION,WHITEFIELDPOLICESTATION",FIXED,12:00,16:00,50.0,,40.0,,40.0,,40.0,,8.0,,178.0,,,
Bengaluru-BPT-Whitefield-TPS-Signal-Timing-data-HOPE_FARM_JN_KUNDENAHALLI_GATE_JN.pdf,1,"HOPEFARMJUNCTION,WHITEFIELDPOLICESTATION",FIXED,16:00,21:00,80.0,,50.0,,40.0,,40.0,,10.0,,220.0,,,
Bengaluru-BPT-Whitefield-TPS-Signal-Timing-data-HOPE_FARM_JN_KUNDENAHALLI_GATE_JN.pdf,1,"HOPEFARMJUNCTION,WHITEFIELDPOLICESTATION",FIXED,21:00,22:00,40.0,,30.0,,40.0,,40.0,,7.0,,157.0,,,
Bengaluru-BPT-Whitefield-TPS-Signal-Timing-data-HOPE_FARM_JN_KUNDENAHALLI_GATE_JN.pdf,1,"HOPEFARMJUNCTION,WHITEFIELDPOLICESTATION",FIXED,07:00,11:00,30.0,,70.0,,70.0,,10.0,,,,,,,
Bengaluru-BPT-Whitefield-TPS-Signal-Timing-data-HOPE_FARM_JN_KUNDENAHALLI_GATE_JN.pdf,1,"HOPEFARMJUNCTION,WHITEFIELDPOLICESTATION",FIXED,11:00,16:00,30.0,,50.0,,45.0,,10.0,,10.0,,145.0,,,
Bengaluru-BPT-Whitefield-TPS-Signal-Timing-data-HOPE_FARM_JN_KUNDENAHALLI_GATE_JN.pdf,1,"HOPEFARMJUNCTION,WHITEFIELDPOLICESTATION",FIXED,16:00,21:00,30.0,,50.0,,90.0,,30.0,,10.0,,210.0,,,
Bengaluru-BPT-Whitefield-TPS-Signal-Timing-data-HOPE_FARM_JN_KUNDENAHALLI_GATE_JN.pdf,1,"HOPEFARMJUNCTION,WHITEFIELDPOLICESTATION",FIXED,21:00,23:00,25.0,,45.0,,45.0,,10.0,,7.0,,132.0,,,
Bengaluru-BPT-Wilson-Garden-TPS-Signal-Timing-data-BMTC_JN_K_H_JUNCTION_JN.pdf,1,"BMTCJUNCTION(K.H.ROAD),WILSONGARDENPOLICESTATION",FIXED,07:00,08:00,15.0,,40.0,,30.0,,10.0,,,,,,,
Bengaluru-BPT-Wilson-Garden-TPS-Signal-Timing-data-BMTC_JN_K_H_JUNCTION_JN.pdf,1,"BMTCJUNCTION(K.H.ROAD),WILSONGARDENPOLICESTATION",FIXED,08:00,11:00,25.0,,60.0,,53.0,,10.0,,148.0,,,,,
Bengaluru-BPT-Wilson-Garden-TPS-Signal-Timing-data-BMTC_JN_K_H_JUNCTION_JN.pdf,1,"BMTCJUNCTION(K.H.ROAD),WILSONGARDENPOLICESTATION",FIXED,11:00,17:00,15.0,,40.0,,30.0,,10.0,,95.0,,,,,
Bengaluru-BPT-Wilson-Garden-TPS-Signal-Timing-data-BMTC_JN_K_H_JUNCTION_JN.pdf,1,"BMTCJUNCTION(K.H.ROAD),WILSONGARDENPOLICESTATION",FIXED,17:00,20:00,25.0,,60.0,,53.0,,10.0,,148.0,,,,,
Bengaluru-BPT-Wilson-Garden-TPS-Signal-Timing-data-BMTC_JN_K_H_JUNCTION_JN.pdf,1,"BMTCJUNCTION(K.H.ROAD),WILSONGARDENPOLICESTATION",FIXED,20:00,22:00,15.0,,40.0,,30.0,,10.0,,95.0,,,,,
Bengaluru-BPT-Wilson-Garden-TPS-Signal-Timing-data-BMTC_JN_K_H_JUNCTION_JN.pdf,1,"BMTCJUNCTION(K.H.ROAD),WILSONGARDENPOLICESTATION",FIXED,07:00,08:30,10.0,,,,,,,,,,,,,
Bengaluru-BPT-Wilson-Garden-TPS-Signal-Timing-data-BMTC_JN_K_H_JUNCTION_JN.pdf,1,"BMTCJUNCTION(K.H.ROAD),WILSONGARDENPOLICESTATION",FIXED,08:30,11:00,75.0,,45.0,,50.0,,10.0,,180.0,,,,,
Bengaluru-BPT-Wilson-Garden-TPS-Signal-Timing-data-BMTC_JN_K_H_JUNCTION_JN.pdf,1,"BMTCJUNCTION(K.H.ROAD),WILSONGARDENPOLICESTATION",FIXED,11:00,16:30,55.0,,35.0,,40.0,,7.0,,137.0,,,,,
Bengaluru-BPT-Wilson-Garden-TPS-Signal-Timing-data-BMTC_JN_K_H_JUNCTION_JN.pdf,1,"BMTCJUNCTION(K.H.ROAD),WILSONGARDENPOLICESTATION",FIXED,16:30,20:30,75.0,,45.0,,50.0,,10.0,,180.0,,,,,
Bengaluru-BPT-Wilson-Garden-TPS-Signal-Timing-data-BMTC_JN_K_H_JUNCTION_JN.pdf,1,"BMTCJUNCTION(K.H.ROAD),WILSONGARDENPOLICESTATION",FIXED,20:30,22:00,50.0,,35.0,,35.0,,6.0,,126.0,,,,,
Bengaluru-BPT-Wilson-Garden-TPS-Signal-Timing-data-LALBAGH_MAIN_GATE_JN_NIMHANS_JN.pdf,1,"LALBAGHMAINGATEJUNCTION,WILSONGARDENPOLICESTATION",VAC,07:00,08:30,50.0,,50.0,,100.0,,,,,,,,,
Bengaluru-BPT-Wilson-Garden-TPS-Signal-Timing-data-LALBAGH_MAIN_GATE_JN_NIMHANS_JN.pdf,1,"LALBAGHMAINGATEJUNCTION,WILSONGARDENPOLICESTATION",VAC,08:30,12:00,75.0,,65.0,,140.0,,,,,,,,,
Bengaluru-BPT-Wilson-Garden-TPS-Signal-Timing-data-LALBAGH_MAIN_GATE_JN_NIMHANS_JN.pdf,1,"LALBAGHMAINGATEJUNCTION,WILSONGARDENPOLICESTATION",VAC,16:30,20:30,75.0,,65.0,,140.0,,,,,,,,,
Bengaluru-BPT-Wilson-Garden-TPS-Signal-Timing-data-LALBAGH_MAIN_GATE_JN_NIMHANS_JN.pdf,1,"LALBAGHMAINGATEJUNCTION,WILSONGARDENPOLICESTATION",VAC,20:30,22:00,50.0,,45.0,,95.0,,,,,,,,,
Bengaluru-BPT-Wilson-Garden-TPS-Signal-Timing-data-LALBAGH_MAIN_GATE_JN_NIMHANS_JN.pdf,1,"LALBAGHMAINGATEJUNCTION,WILSONGARDENPOLICESTATION",VAC,07:00,08:00,60.0,,20.0,,,,,,,,,,,
Bengaluru-BPT-Wilson-Garden-TPS-Signal-Timing-data-LALBAGH_MAIN_GATE_JN_NIMHANS_JN.pdf,1,"LALBAGHMAINGATEJUNCTION,WILSONGARDENPOLICESTATION",VAC,08:00,21:00,90.0,,20.0,,110.0,,,,,,,,,
Bengaluru-BPT-Wilson-Garden-TPS-Signal-Timing-data-LALBAGH_MAIN_GATE_JN_NIMHANS_JN.pdf,1,"LALBAGHMAINGATEJUNCTION,WILSONGARDENPOLICESTATION",VAC,21:00,23:00,60.0,,15.0,,75.0,,,,,,,,,
Bengaluru-BPT-Wilson-Garden-TPS-Signal-Timing-data-SIDDAPURA_JN_URVASHI_JN.pdf,1,"SIDDAPURAJUNCTION,WILSONGARDENPOLICESTATION",VAC,07:00,08:30,50.0,,45.0,,95.0,,,,,,,,,
Bengaluru-BPT-Wilson-Garden-TPS-Signal-Timing-data-SIDDAPURA_JN_URVASHI_JN.pdf,1,"SIDDAPURAJUNCTION,WILSONGARDENPOLICESTATION",VAC,08:30,12:00,75.0,,65.0,,150.0,,,,,,,,,
Bengaluru-BPT-Wilson-Garden-TPS-Signal-Timing-data-SIDDAPURA_JN_URVASHI_JN.pdf,1,"SIDDAPURAJUNCTION,WILSONGARDENPOLICESTATION",VAC,16:00,20:00,75.0,,65.0,,150.0,,,,,,,,,
Bengaluru-BPT-Wilson-Garden-TPS-Signal-Timing-data-SIDDAPURA_JN_URVASHI_JN.pdf,1,"SIDDAPURAJUNCTION,WILSONGARDENPOLICESTATION",VAC,20:00,23:00,50.0,,45.0,,95.0,,,,,,,,,
Bengaluru-BPT-Wilson-Garden-TPS-Signal-Timing-data-SIDDAPURA_JN_URVASHI_JN.pdf,1,"SIDDAPURAJUNCTION,WILSONGARDENPOLICESTATION",VAC,07:00,08:30,50.0,,35.0,,25.0,,110.0,,,,,,,
Bengaluru-BPT-Wilson-Garden-TPS-Signal-Timing-data-SIDDAPURA_JN_URVASHI_JN.pdf,1,"SIDDAPURAJUNCTION,WILSONGARDENPOLICESTATION",VAC,08:30,10:30,60.0,,35.0,,35.0,,130.0,,,,,,,
Bengaluru-BPT-Wilson-Garden-TPS-Signal-Timing-data-SIDDAPURA_JN_URVASHI_JN.pdf,1,"SIDDAPURAJUNCTION,WILSONGARDENPOLICESTATION",VAC,17:00,21:00,60.0,,65.0,,25.0,,150.0,,,,,,,
Bengaluru-BPT-Wilson-Garden-TPS-Signal-Timing-data-SIDDAPURA_JN_URVASHI_JN.pdf,1,"SIDDAPURAJUNCTION,WILSONGARDENPOLICESTATION",VAC,21:00,23:00,50.0,,30.0,,20.0,,100.0,,,,,,,
Bengaluru-BPT-Wilson-Garden-Yellahanka-TPS-Signal-Timing-data-WILSON_GARDEN_10TH_CROSS_JN_AMRITAHALLI_JN.pdf,1,"WILSONGARDEN10THCROSSJUNCTION,WILSONGARDENPOLICESTATION",FIXED,07:00,09:00,60.0,,30.0,,25.0,,10.0,,,,,,,
Bengaluru-BPT-Wilson-Garden-Yellahanka-TPS-Signal-Timing-data-WILSON_GARDEN_10TH_CROSS_JN_AMRITAHALLI_JN.pdf,1,"WILSONGARDEN10THCROSSJUNCTION,WILSONGARDENPOLICESTATION",FIXED,09:00,12:00,90.0,,50.0,,30.0,,10.0,,180.0,,,,,
Bengaluru-BPT-Wilson-Garden-Yellahanka-TPS-Signal-Timing-data-WILSON_GARDEN_10TH_CROSS_JN_AMRITAHALLI_JN.pdf,1,"WILSONGARDEN10THCROSSJUNCTION,WILSONGARDENPOLICESTATION",FIXED,12:00,17:00,70.0,,50.0,,30.0,,8.0,,158.0,,,,,
Bengaluru-BPT-Wilson-Garden-Yellahanka-TPS-Signal-Timing-data-WILSON_GARDEN_10TH_CROSS_JN_AMRITAHALLI_JN.pdf,1,"WILSONGARDEN10THCROSSJUNCTION,WILSONGARDENPOLICESTATION",FIXED,17:00,21:00,90.0,,50.0,,30.0,,10.0,,180.0,,,,,
Bengaluru-BPT-Wilson-Garden-Yellahanka-TPS-Signal-Timing-data-WILSON_GARDEN_10TH_CROSS_JN_AMRITAHALLI_JN.pdf,1,"WILSONGARDEN10THCROSSJUNCTION,WILSONGARDENPOLICESTATION",FIXED,21:00,22:00,60.0,,50.0,,25.0,,7.0,,142.0,,,,,
Bengaluru-BPT-Wilson-Garden-Yellahanka-TPS-Signal-Timing-data-WILSON_GARDEN_10TH_CROSS_JN_AMRITAHALLI_JN.pdf,1,"WILSONGARDEN10THCROSSJUNCTION,WILSONGARDENPOLICESTATION",FIXED,00:00,07:00,15.0,,80.0,,10.0,,0.0,,10.0,,115.0,,,
Bengaluru-BPT-Wilson-Garden-Yellahanka-TPS-Signal-Timing-data-WILSON_GARDEN_10TH_CROSS_JN_AMRITAHALLI_JN.pdf,1,"WILSONGARDEN10THCROSSJUNCTION,WILSONGARDENPOLICESTATION",FIXED,07:00,08:30,20.0,,50.0,,20.0,,20.0,,20.0,,130.0,,,
Bengaluru-BPT-Wilson-Garden-Yellahanka-TPS-Signal-Timing-data-WILSON_GARDEN_10TH_CROSS_JN_AMRITAHALLI_JN.pdf,1,"WILSONGARDEN10THCROSSJUNCTION,WILSONGARDENPOLICESTATION",FIXED,08:30,11:00,30.0,,50.0,,20.0,,20.0,,20.0,,140.0,,,
Bengaluru-BPT-Wilson-Garden-Yellahanka-TPS-Signal-Timing-data-WILSON_GARDEN_10TH_CROSS_JN_AMRITAHALLI_JN.pdf,1,"WILSONGARDEN10THCROSSJUNCTION,WILSONGARDENPOLICESTATION",FIXED,11:00,17:00,25.0,,50.0,,20.0,,15.0,,20.0,,130.0,,,
Bengaluru-BPT-Wilson-Garden-Yellahanka-TPS-Signal-Timing-data-WILSON_GARDEN_10TH_CROSS_JN_AMRITAHALLI_JN.pdf,1,"WILSONGARDEN10THCROSSJUNCTION,WILSONGARDENPOLICESTATION",FIXED,17:00,20:00,30.0,,50.0,,20.0,,20.0,,20.0,,140.0,,,
Bengaluru-BPT-Wilson-Garden-Yellahanka-TPS-Signal-Timing-data-WILSON_GARDEN_10TH_CROSS_JN_AMRITAHALLI_JN.pdf,1,"WILSONGARDEN10THCROSSJUNCTION,WILSONGARDENPOLICESTATION",FIXED,20:00,22:00,25.0,,50.0,,20.0,,15.0,,20.0,,130.0,,,
Bengaluru-BPT-Wilson-Garden-Yellahanka-TPS-Signal-Timing-data-WILSON_GARDEN_10TH_CROSS_JN_AMRITAHALLI_JN.pdf,1,"WILSONGARDEN10THCROSSJUNCTION,WILSONGARDENPOLICESTATION",FIXED,22:00,23:00,20.0,,40.0,,15.0,,7.0,,15.0,,97.0,,,
Bengaluru-BPT-Wilson-Garden-Yellahanka-TPS-Signal-Timing-data-WILSON_GARDEN_10TH_CROSS_JN_AMRITAHALLI_JN.pdf,1,"WILSONGARDEN10THCROSSJUNCTION,WILSONGARDENPOLICESTATION",FIXED,23:00,23:59,15.0,,80.0,,10.0,,0.0,,10.0,,115.0,,,
Bengaluru-BPT-Yellahanka-TPS-Signal-Timing-data-BAGALUR_CROSS_JN_HUNSEMARENAHALLI_JN.pdf,1,"BAGALURCROSSJUNCTION,YELAHANKAPOLICESTATION",FIXED,00:00,07:00,15.0,,80.0,,10.0,,10.0,,0.0,,110.0,,,
Bengaluru-BPT-Yellahanka-TPS-Signal-Timing-data-BAGALUR_CROSS_JN_HUNSEMARENAHALLI_JN.pdf,1,"BAGALURCROSSJUNCTION,YELAHANKAPOLICESTATION",FIXED,07:00,08:30,25.0,,40.0,,10.0,,20.0,,15.0,,110.0,,,
Bengaluru-BPT-Yellahanka-TPS-Signal-Timing-data-BAGALUR_CROSS_JN_HUNSEMARENAHALLI_JN.pdf,1,"BAGALURCROSSJUNCTION,YELAHANKAPOLICESTATION",FIXED,08:30,11:00,30.0,,40.0,,10.0,,20.0,,15.0,,115.0,,,
Bengaluru-BPT-Yellahanka-TPS-Signal-Timing-data-BAGALUR_CROSS_JN_HUNSEMARENAHALLI_JN.pdf,1,"BAGALURCROSSJUNCTION,YELAHANKAPOLICESTATION",FIXED,11:00,17:00,25.0,,40.0,,10.0,,20.0,,10.0,,105.0,,,
Bengaluru-BPT-Yellahanka-TPS-Signal-Timing-data-BAGALUR_CROSS_JN_HUNSEMARENAHALLI_JN.pdf,1,"BAGALURCROSSJUNCTION,YELAHANKAPOLICESTATION",FIXED,17:00,20:00,35.0,,40.0,,10.0,,20.0,,15.0,,120.0,,,
Bengaluru-BPT-Yellahanka-TPS-Signal-Timing-data-BAGALUR_CROSS_JN_HUNSEMARENAHALLI_JN.pdf,1,"BAGALURCROSSJUNCTION,YELAHANKAPOLICESTATION",FIXED,20:00,22:00,25.0,,40.0,,10.0,,20.0,,10.0,,105.0,,,
Bengaluru-BPT-Yellahanka-TPS-Signal-Timing-data-BAGALUR_CROSS_JN_HUNSEMARENAHALLI_JN.pdf,1,"BAGALURCROSSJUNCTION,YELAHANKAPOLICESTATION",FIXED,22:00,23:00,20.0,,40.0,,10.0,,15.0,,7.0,,92.0,,,
Bengaluru-BPT-Yellahanka-TPS-Signal-Timing-data-BAGALUR_CROSS_JN_HUNSEMARENAHALLI_JN.pdf,1,"BAGALURCROSSJUNCTION,YELAHANKAPOLICESTATION",FIXED,23:00,23:59,15.0,,80.0,,10.0,,10.0,,0.0,,110.0,,,
Bengaluru-BPT-Yellahanka-TPS-Signal-Timing-data-BAGALUR_CROSS_JN_HUNSEMARENAHALLI_JN.pdf,1,"BAGALURCROSSJUNCTION,YELAHANKAPOLICESTATION",FIXED,00:00,07:00,10.0,,80.0,,10.0,,10.0,,0.0,,110.0,,,
Bengaluru-BPT-Yellahanka-TPS-Signal-Timing-data-BAGALUR_CROSS_JN_HUNSEMARENAHALLI_JN.pdf,1,"BAGALURCROSSJUNCTION,YELAHANKAPOLICESTATION",FIXED,07:00,08:30,15.0,,45.0,,15.0,,20.0,,10.0,,105.0,,,
Bengaluru-BPT-Yellahanka-TPS-Signal-Timing-data-BAGALUR_CROSS_JN_HUNSEMARENAHALLI_JN.pdf,1,"BAGALURCROSSJUNCTION,YELAHANKAPOLICESTATION",FIXED,08:30,11:00,20.0,,55.0,,20.0,,30.0,,10.0,,135.0,,,
Bengaluru-BPT-Yellahanka-TPS-Signal-Timing-data-BAGALUR_CROSS_JN_HUNSEMARENAHALLI_JN.pdf,1,"BAGALURCROSSJUNCTION,YELAHANKAPOLICESTATION",FIXED,11:00,17:00,15.0,,45.0,,15.0,,20.0,,8.0,,103.0,,,
Bengaluru-BPT-Yellahanka-TPS-Signal-Timing-data-BAGALUR_CROSS_JN_HUNSEMARENAHALLI_JN.pdf,1,"BAGALURCROSSJUNCTION,YELAHANKAPOLICESTATION",FIXED,17:00,20:00,20.0,,55.0,,20.0,,30.0,,10.0,,135.0,,,
Bengaluru-BPT-Yellahanka-TPS-Signal-Timing-data-BAGALUR_CROSS_JN_HUNSEMARENAHALLI_JN.pdf,1,"BAGALURCROSSJUNCTION,YELAHANKAPOLICESTATION",FIXED,20:00,22:00,15.0,,45.0,,15.0,,20.0,,8.0,,103.0,,,
Bengaluru-BPT-Yellahanka-TPS-Signal-Timing-data-BAGALUR_CROSS_JN_HUNSEMARENAHALLI_JN.pdf,1,"BAGALURCROSSJUNCTION,YELAHANKAPOLICESTATION",FIXED,22:00,23:00,10.0,,40.0,,10.0,,15.0,,5.0,,80.0,,,
Bengaluru-BPT-Yellahanka-TPS-Signal-Timing-data-BAGALUR_CROSS_JN_HUNSEMARENAHALLI_JN.pdf,1,"BAGALURCROSSJUNCTION,YELAHANKAPOLICESTATION",FIXED,23:00,23:59,10.0,,80.0,,10.0,,10.0,,0.0,,110.0,,,
Bengaluru-BPT-Yellahanka-TPS-Signal-Timing-data-KOGILU_CROSS_JN_YELAHANKA_CIRCLE_JN.pdf,1,"KOGILUCROSSJUNCTION,YELAHANKAPOLICESTATION",FIXED,00:00,07:00,15.0,,80.0,,10.0,,10.0,,10.0,,0.0,,125.0,
Bengaluru-BPT-Yellahanka-TPS-Signal-Timing-data-KOGILU_CROSS_JN_YELAHANKA_CIRCLE_JN.pdf,1,"KOGILUCROSSJUNCTION,YELAHANKAPOLICESTATION",FIXED,07:00,08:30,30.0,,30.0,,20.0,,15.0,,15.0,,10.0,,120.0,
Bengaluru-BPT-Yellahanka-TPS-Signal-Timing-data-KOGILU_CROSS_JN_YELAHANKA_CIRCLE_JN.pdf,1,"KOGILUCROSSJUNCTION,YELAHANKAPOLICESTATION",FIXED,08:30,11:00,35.0,,35.0,,20.0,,15.0,,17.0,,10.0,,132.0,
Bengaluru-BPT-Yellahanka-TPS-Signal-Timing-data-KOGILU_CROSS_JN_YELAHANKA_CIRCLE_JN.pdf,1,"KOGILUCROSSJUNCTION,YELAHANKAPOLICESTATION",FIXED,11:00,17:00,30.0,,30.0,,20.0,,13.0,,15.0,,10.0,,118.0,
Bengaluru-BPT-Yellahanka-TPS-Signal-Timing-data-KOGILU_CROSS_JN_YELAHANKA_CIRCLE_JN.pdf,1,"KOGILUCROSSJUNCTION,YELAHANKAPOLICESTATION",FIXED,17:00,20:00,35.0,,35.0,,20.0,,15.0,,17.0,,10.0,,132.0,
Bengaluru-BPT-Yellahanka-TPS-Signal-Timing-data-KOGILU_CROSS_JN_YELAHANKA_CIRCLE_JN.pdf,1,"KOGILUCROSSJUNCTION,YELAHANKAPOLICESTATION",FIXED,20:00,22:00,30.0,,30.0,,15.0,,13.0,,15.0,,8.0,,111.0,
Bengaluru-BPT-Yellahanka-TPS-Signal-Timing-data-KOGILU_CROSS_JN_YELAHANKA_CIRCLE_JN.pdf,1,"KOGILUCROSSJUNCTION,YELAHANKAPOLICESTATION",FIXED,22:00,23:00,25.0,,30.0,,15.0,,10.0,,12.0,,6.0,,98.0,
Bengaluru-BPT-Yellahanka-TPS-Signal-Timing-data-KOGILU_CROSS_JN_YELAHANKA_CIRCLE_JN.pdf,1,"KOGILUCROSSJUNCTION,YELAHANKAPOLICESTATION",FIXED,23:00,23:59,15.0,,80.0,,10.0,,10.0,,10.0,,0.0,,125.0,
Bengaluru-BPT-Yellahanka-TPS-Signal-Timing-data-KOGILU_CROSS_JN_YELAHANKA_CIRCLE_JN.pdf,1,"KOGILUCROSSJUNCTION,YELAHANKAPOLICESTATION",FIXED,07:00,08:00,25.0,,40.0,,25.0,,20.0,,,,,,,
Bengaluru-BPT-Yellahanka-TPS-Signal-Timing-data-KOGILU_CROSS_JN_YELAHANKA_CIRCLE_JN.pdf,1,"KOGILUCROSSJUNCTION,YELAHANKAPOLICESTATION",FIXED,08:00,12:00,35.0,,50.0,,40.0,,20.0,,145.0,,,,,
Bengaluru-BPT-Yellahanka-TPS-Signal-Timing-data-KOGILU_CROSS_JN_YELAHANKA_CIRCLE_JN.pdf,1,"KOGILUCROSSJUNCTION,YELAHANKAPOLICESTATION",FIXED,12:00,16:00,25.0,,45.0,,30.0,,20.0,,120.0,,,,,
Bengaluru-BPT-Yellahanka-TPS-Signal-Timing-data-KOGILU_CROSS_JN_YELAHANKA_CIRCLE_JN.pdf,1,"KOGILUCROSSJUNCTION,YELAHANKAPOLICESTATION",FIXED,16:00,20:00,35.0,,60.0,,40.0,,20.0,,155.0,,,,,
Bengaluru-BPT-Yellahanka-TPS-Signal-Timing-data-KOGILU_CROSS_JN_YELAHANKA_CIRCLE_JN.pdf,1,"KOGILUCROSSJUNCTION,YELAHANKAPOLICESTATION",FIXED,20:00,22:00,20.0,,30.0,,20.0,,0.0,,70.0,,,,,
Bengaluru-BPT-Yellahanka-Yeshwantpur-TPS-Signal-Timing-data-YELAHANKA_BYPASS_JN_BEL_CIRCLE_JNpdf.pdf,1,"YELAHANKABYPASSJUNCTION,YELAHANKAPOLICESTATION",FIXED,00:00,07:00,8.0,,80.0,,8.0,,15.0,,0.0,,111.0,,,
Bengaluru-BPT-Yellahanka-Yeshwantpur-TPS-Signal-Timing-data-YELAHANKA_BYPASS_JN_BEL_CIRCLE_JNpdf.pdf,1,"YELAHANKABYPASSJUNCTION,YELAHANKAPOLICESTATION",FIXED,07:00,08:30,15.0,,30.0,,10.0,,40.0,,10.0,,105.0,,,
Bengaluru-BPT-Yellahanka-Yeshwantpur-TPS-Signal-Timing-data-YELAHANKA_BYPASS_JN_BEL_CIRCLE_JNpdf.pdf,1,"YELAHANKABYPASSJUNCTION,YELAHANKAPOLICESTATION",FIXED,08:30,11:00,20.0,,35.0,,10.0,,45.0,,15.0,,125.0,,,
Bengaluru-BPT-Yellahanka-Yeshwantpur-TPS-Signal-Timing-data-YELAHANKA_BYPASS_JN_BEL_CIRCLE_JNpdf.pdf,1,"YELAHANKABYPASSJUNCTION,YELAHANKAPOLICESTATION",FIXED,11:00,17:00,15.0,,30.0,,10.0,,40.0,,10.0,,105.0,,,
Bengaluru-BPT-Yellahanka-Yeshwantpur-TPS-Signal-Timing-data-YELAHANKA_BYPASS_JN_BEL_CIRCLE_JNpdf.pdf,1,"YELAHANKABYPASSJUNCTION,YELAHANKAPOLICESTATION",FIXED,17:00,20:00,20.0,,35.0,,15.0,,45.0,,15.0,,130.0,,,
Bengaluru-BPT-Yellahanka-Yeshwantpur-TPS-Signal-Timing-data-YELAHANKA_BYPASS_JN_BEL_CIRCLE_JNpdf.pdf,1,"YELAHANKABYPASSJUNCTION,YELAHANKAPOLICESTATION",FIXED,20:00,22:00,15.0,,30.0,,10.0,,40.0,,10.0,,105.0,,,
Bengaluru-BPT-Yellahanka-Yeshwantpur-TPS-Signal-Timing-data-YELAHANKA_BYPASS_JN_BEL_CIRCLE_JNpdf.pdf,1,"YELAHANKABYPASSJUNCTION,YELAHANKAPOLICESTATION",FIXED,22:00,23:00,10.0,,30.0,,10.0,,35.0,,5.0,,90.0,,,
Bengaluru-BPT-Yellahanka-Yeshwantpur-TPS-Signal-Timing-data-YELAHANKA_BYPASS_JN_BEL_CIRCLE_JNpdf.pdf,1,"YELAHANKABYPASSJUNCTION,YELAHANKAPOLICESTATION",FIXED,23:00,23:59,8.0,,80.0,,8.0,,15.0,,0.0,,111.0,,,
Bengaluru-BPT-Yellahanka-Yeshwantpur-TPS-Signal-Timing-data-YELAHANKA_BYPASS_JN_BEL_CIRCLE_JNpdf.pdf,1,"YELAHANKABYPASSJUNCTION,YELAHANKAPOLICESTATION",FIXED,07:00,08:00,,,,,30.0,,,,,,,,,
Bengaluru-BPT-Yellahanka-Yeshwantpur-TPS-Signal-Timing-data-YELAHANKA_BYPASS_JN_BEL_CIRCLE_JNpdf.pdf,1,"YELAHANKABYPASSJUNCTION,YELAHANKAPOLICESTATION",FIXED,08:00,11:00,,,,,30.0,,,,,,,,,
Bengaluru-BPT-Yellahanka-Yeshwantpur-TPS-Signal-Timing-data-YELAHANKA_BYPASS_JN_BEL_CIRCLE_JNpdf.pdf,1,"YELAHANKABYPASSJUNCTION,YELAHANKAPOLICESTATION",FIXED,16:00,21:00,,,,,30.0,,,,,,,,,
Bengaluru-BPT-Yellahanka-Yeshwantpur-TPS-Signal-Timing-data-YELAHANKA_BYPASS_JN_BEL_CIRCLE_JNpdf.pdf,1,"YELAHANKABYPASSJUNCTION,YELAHANKAPOLICESTATION",FIXED,21:00,23:00,,,,,30.0,,,,,,,,,
Bengaluru-BPT-Yeshwantpur-TPS-Signal-Timing-data-GOKULDAS_IMAGES_JN_GURUGUNTA_PALYA_JN.pdf,1,,,07:00,08:00,10.0,,50.0,,40.0,,30.0,,10.0,,,,,
Bengaluru-BPT-Yeshwantpur-TPS-Signal-Timing-data-GOKULDAS_IMAGES_JN_GURUGUNTA_PALYA_JN.pdf,1,,,08:00,21:00,15.0,,75.0,,50.0,,60.0,,10.0,,210.0,,,
Bengaluru-BPT-Yeshwantpur-TPS-Signal-Timing-data-GOKULDAS_IMAGES_JN_GURUGUNTA_PALYA_JN.pdf,1,,,21:00,23:00,15.0,,50.0,,40.0,,30.0,,10.0,,145.0,,,
Bengaluru-BPT-Yeshwantpur-TPS-Signal-Timing-data-GOKULDAS_IMAGES_JN_GURUGUNTA_PALYA_JN.pdf,1,,,07:00,23:00,60.0,,60.0,,15.0,,135.0,,,,,,,
Bengaluru-BPT-Yeshwantpur-TPS-Signal-Timing-data-KUVEMPU_CIRCLE_BEL_JN_M_S_RAMAIAH_JN.pdf,1,"KUVEMPUCIRCLE-BELJUNCTION,YESHVANTAPURPOLICESTATION",VAC,07:00,08:00,30.0,,40.0,,40.0,,10.0,,,,,,,
Bengaluru-BPT-Yeshwantpur-TPS-Signal-Timing-data-KUVEMPU_CIRCLE_BEL_JN_M_S_RAMAIAH_JN.pdf,1,"KUVEMPUCIRCLE-BELJUNCTION,YESHVANTAPURPOLICESTATION",VAC,08:00,14:40,15.0,,20.0,,40.0,,40.0,,10.0,,10.0,,135.0,
Bengaluru-BPT-Yeshwantpur-TPS-Signal-Timing-data-KUVEMPU_CIRCLE_BEL_JN_M_S_RAMAIAH_JN.pdf,1,"KUVEMPUCIRCLE-BELJUNCTION,YESHVANTAPURPOLICESTATION",VAC,14:40,14:50,15.0,,30.0,,30.0,,30.0,,10.0,,115.0,,,
Bengaluru-BPT-Yeshwantpur-TPS-Signal-Timing-data-KUVEMPU_CIRCLE_BEL_JN_M_S_RAMAIAH_JN.pdf,1,"KUVEMPUCIRCLE-BELJUNCTION,YESHVANTAPURPOLICESTATION",VAC,14:50,16:15,15.0,,20.0,,40.0,,40.0,,10.0,,10.0,,135.0,
Bengaluru-BPT-Yeshwantpur-TPS-Signal-Timing-data-KUVEMPU_CIRCLE_BEL_JN_M_S_RAMAIAH_JN.pdf,1,"KUVEMPUCIRCLE-BELJUNCTION,YESHVANTAPURPOLICESTATION",VAC,16:15,16:30,15.0,,30.0,,30.0,,40.0,,10.0,,125.0,,,
Bengaluru-BPT-Yeshwantpur-TPS-Signal-Timing-data-KUVEMPU_CIRCLE_BEL_JN_M_S_RAMAIAH_JN.pdf,1,"KUVEMPUCIRCLE-BELJUNCTION,YESHVANTAPURPOLICESTATION",VAC,16:30,22:00,20.0,,20.0,,40.0,,45.0,,5.0,,10.0,,140.0,
Bengaluru-BPT-Yeshwantpur-TPS-Signal-Timing-data-KUVEMPU_CIRCLE_BEL_JN_M_S_RAMAIAH_JN.pdf,1,"KUVEMPUCIRCLE-BELJUNCTION,YESHVANTAPURPOLICESTATION",VAC,22:00,23:00,15.0,,50.0,,45.0,,5.0,,10.0,,125.0,,,
Bengaluru-BPT-Yeshwantpur-TPS-Signal-Timing-data-KUVEMPU_CIRCLE_BEL_JN_M_S_RAMAIAH_JN.pdf,1,"KUVEMPUCIRCLE-BELJUNCTION,YESHVANTAPURPOLICESTATION",VAC,07:00,08:00,10.0,,,,,,,,,,,,,
Bengaluru-BPT-Yeshwantpur-TPS-Signal-Timing-data-KUVEMPU_CIRCLE_BEL_JN_M_S_RAMAIAH_JN.pdf,1,"KUVEMPUCIRCLE-BELJUNCTION,YESHVANTAPURPOLICESTATION",VAC,08:00,11:00,55.0,,70.0,,45.0,,10.0,,180.0,,,,,
Bengaluru-BPT-Yeshwantpur-TPS-Signal-Timing-data-KUVEMPU_CIRCLE_BEL_JN_M_S_RAMAIAH_JN.pdf,1,"KUVEMPUCIRCLE-BELJUNCTION,YESHVANTAPURPOLICESTATION",VAC,11:00,17:00,40.0,,70.0,,45.0,,10.0,,165.0,,,,,
Bengaluru-BPT-Yeshwantpur-TPS-Signal-Timing-data-KUVEMPU_CIRCLE_BEL_JN_M_S_RAMAIAH_JN.pdf,1,"KUVEMPUCIRCLE-BELJUNCTION,YESHVANTAPURPOLICESTATION",VAC,17:00,21:00,50.0,,80.0,,45.0,,10.0,,185.0,,,,,
Bengaluru-BPT-Yeshwantpur-TPS-Signal-Timing-data-KUVEMPU_CIRCLE_BEL_JN_M_S_RAMAIAH_JN.pdf,1,"KUVEMPUCIRCLE-BELJUNCTION,YESHVANTAPURPOLICESTATION",VAC,21:00,23:00,60.0,,50.0,,35.0,,8.0,,153.0,,,,,
Bengaluru-BPT-Yeshwantpur-TPS-Signal-Timing-data-TUMKUR_ROAD_MARAPPANA_PALYA_JN_YESWANTHPURA_FLYOVER_JN.pdf,1,"TUMKURROAD,MARAPPANAPALYAJUNCTION(METROWORK),YESHVANTAPURPOLICESTATION",FIXED,07:00,08:00,40.0,,15.0,,30.0,,15.0,,15.0,,115.0,,,
Bengaluru-BPT-Yeshwantpur-TPS-Signal-Timing-data-TUMKUR_ROAD_MARAPPANA_PALYA_JN_YESWANTHPURA_FLYOVER_JN.pdf,1,"TUMKURROAD,MARAPPANAPALYAJUNCTION(METROWORK),YESHVANTAPURPOLICESTATION",FIXED,08:00,11:00,60.0,,20.0,,40.0,,40.0,,15.0,,175.0,,,
Bengaluru-BPT-Yeshwantpur-TPS-Signal-Timing-data-TUMKUR_ROAD_MARAPPANA_PALYA_JN_YESWANTHPURA_FLYOVER_JN.pdf,1,"TUMKURROAD,MARAPPANAPALYAJUNCTION(METROWORK),YESHVANTAPURPOLICESTATION",FIXED,17:00,21:00,70.0,,20.0,,50.0,,45.0,,15.0,,200.0,,,
Bengaluru-BPT-Yeshwantpur-TPS-Signal-Timing-data-TUMKUR_ROAD_MARAPPANA_PALYA_JN_YESWANTHPURA_FLYOVER_JN.pdf,1,"TUMKURROAD,MARAPPANAPALYAJUNCTION(METROWORK),YESHVANTAPURPOLICESTATION",FIXED,21:00,23:00,35.0,,15.0,,25.0,,25.0,,10.0,,110.0,,,
Bengaluru-BPT-Yeshwantpur-TPS-Signal-Timing-data-TUMKUR_ROAD_MARAPPANA_PALYA_JN_YESWANTHPURA_FLYOVER_JN.pdf,1,"TUMKURROAD,MARAPPANAPALYAJUNCTION(METROWORK),YESHVANTAPURPOLICESTATION",FIXED,08:00,22:00,50.0,,15.0,,40.0,,35.0,,15.0,,155.0,,,
